# source_data for Suppl Fig 2 — bacterial phylogeny (114 strains) with GH-family mapping | figure-round (presentation only)
# rows=1497 | all plotted values are read back from this file by the plot stage
# provenance column gives the upstream read-only file + locator for every value
block	entity	sub	field	value	num	den	text	provenance
tips	GCF_055397865.1	0	phylum	Bacillota				official_strain_cazyme_matrix_round4.tsv
tips	GCF_055397865.1	0	genus	Bifidobacterium				official_strain_cazyme_matrix_round4.tsv
tips	GCF_055397865.1	0	gh1	1				official_strain_cazyme_matrix_round4.tsv
heatmap	GCF_055397865.1	0	GH1	1				official_strain_cazyme_matrix_round4.tsv
heatmap	GCF_055397865.1	0	GH2	3				official_strain_cazyme_matrix_round4.tsv
heatmap	GCF_055397865.1	0	GH3	3				official_strain_cazyme_matrix_round4.tsv
heatmap	GCF_055397865.1	0	GH27	0				official_strain_cazyme_matrix_round4.tsv
heatmap	GCF_055397865.1	0	GH36	4				official_strain_cazyme_matrix_round4.tsv
heatmap	GCF_055397865.1	0	GH51	0				official_strain_cazyme_matrix_round4.tsv
heatmap	GCF_055397865.1	0	GH54	0				official_strain_cazyme_matrix_round4.tsv
heatmap	GCF_055397865.1	0	GH78	0				official_strain_cazyme_matrix_round4.tsv
heatmap	GCF_055397865.1	0	GH79	0				official_strain_cazyme_matrix_round4.tsv
heatmap	GCF_055397865.1	0	GH106	0				official_strain_cazyme_matrix_round4.tsv
tips	GCF_002761235.1	1	phylum	Bacillota				official_strain_cazyme_matrix_round4.tsv
tips	GCF_002761235.1	1	genus	Bifidobacterium				official_strain_cazyme_matrix_round4.tsv
tips	GCF_002761235.1	1	gh1	1				official_strain_cazyme_matrix_round4.tsv
heatmap	GCF_002761235.1	1	GH1	1				official_strain_cazyme_matrix_round4.tsv
heatmap	GCF_002761235.1	1	GH2	2				official_strain_cazyme_matrix_round4.tsv
heatmap	GCF_002761235.1	1	GH3	2				official_strain_cazyme_matrix_round4.tsv
heatmap	GCF_002761235.1	1	GH27	0				official_strain_cazyme_matrix_round4.tsv
heatmap	GCF_002761235.1	1	GH36	3				official_strain_cazyme_matrix_round4.tsv
heatmap	GCF_002761235.1	1	GH51	0				official_strain_cazyme_matrix_round4.tsv
heatmap	GCF_002761235.1	1	GH54	0				official_strain_cazyme_matrix_round4.tsv
heatmap	GCF_002761235.1	1	GH78	0				official_strain_cazyme_matrix_round4.tsv
heatmap	GCF_002761235.1	1	GH79	0				official_strain_cazyme_matrix_round4.tsv
heatmap	GCF_002761235.1	1	GH106	0				official_strain_cazyme_matrix_round4.tsv
tips	GCF_001025215.1	2	phylum	Bacillota				official_strain_cazyme_matrix_round4.tsv
tips	GCF_001025215.1	2	genus	Bifidobacterium				official_strain_cazyme_matrix_round4.tsv
tips	GCF_001025215.1	2	gh1	0				official_strain_cazyme_matrix_round4.tsv
heatmap	GCF_001025215.1	2	GH1	0				official_strain_cazyme_matrix_round4.tsv
heatmap	GCF_001025215.1	2	GH2	4				official_strain_cazyme_matrix_round4.tsv
heatmap	GCF_001025215.1	2	GH3	5				official_strain_cazyme_matrix_round4.tsv
heatmap	GCF_001025215.1	2	GH27	0				official_strain_cazyme_matrix_round4.tsv
heatmap	GCF_001025215.1	2	GH36	2				official_strain_cazyme_matrix_round4.tsv
heatmap	GCF_001025215.1	2	GH51	3				official_strain_cazyme_matrix_round4.tsv
heatmap	GCF_001025215.1	2	GH54	0				official_strain_cazyme_matrix_round4.tsv
heatmap	GCF_001025215.1	2	GH78	0				official_strain_cazyme_matrix_round4.tsv
heatmap	GCF_001025215.1	2	GH79	0				official_strain_cazyme_matrix_round4.tsv
heatmap	GCF_001025215.1	2	GH106	0				official_strain_cazyme_matrix_round4.tsv
tips	GCF_000010425.1	3	phylum	Bacillota				official_strain_cazyme_matrix_round4.tsv
tips	GCF_000010425.1	3	genus	Bifidobacterium				official_strain_cazyme_matrix_round4.tsv
tips	GCF_000010425.1	3	gh1	2				official_strain_cazyme_matrix_round4.tsv
heatmap	GCF_000010425.1	3	GH1	2				official_strain_cazyme_matrix_round4.tsv
heatmap	GCF_000010425.1	3	GH2	3				official_strain_cazyme_matrix_round4.tsv
heatmap	GCF_000010425.1	3	GH3	6				official_strain_cazyme_matrix_round4.tsv
heatmap	GCF_000010425.1	3	GH27	1				official_strain_cazyme_matrix_round4.tsv
heatmap	GCF_000010425.1	3	GH36	2				official_strain_cazyme_matrix_round4.tsv
heatmap	GCF_000010425.1	3	GH51	2				official_strain_cazyme_matrix_round4.tsv
heatmap	GCF_000010425.1	3	GH54	0				official_strain_cazyme_matrix_round4.tsv
heatmap	GCF_000010425.1	3	GH78	0				official_strain_cazyme_matrix_round4.tsv
heatmap	GCF_000010425.1	3	GH79	0				official_strain_cazyme_matrix_round4.tsv
heatmap	GCF_000010425.1	3	GH106	0				official_strain_cazyme_matrix_round4.tsv
tips	GCF_001042595.1	4	phylum	Bacillota				official_strain_cazyme_matrix_round4.tsv
tips	GCF_001042595.1	4	genus	Bifidobacterium				official_strain_cazyme_matrix_round4.tsv
tips	GCF_001042595.1	4	gh1	2				official_strain_cazyme_matrix_round4.tsv
heatmap	GCF_001042595.1	4	GH1	2				official_strain_cazyme_matrix_round4.tsv
heatmap	GCF_001042595.1	4	GH2	6				official_strain_cazyme_matrix_round4.tsv
heatmap	GCF_001042595.1	4	GH3	11				official_strain_cazyme_matrix_round4.tsv
heatmap	GCF_001042595.1	4	GH27	1				official_strain_cazyme_matrix_round4.tsv
heatmap	GCF_001042595.1	4	GH36	5				official_strain_cazyme_matrix_round4.tsv
heatmap	GCF_001042595.1	4	GH51	2				official_strain_cazyme_matrix_round4.tsv
heatmap	GCF_001042595.1	4	GH54	0				official_strain_cazyme_matrix_round4.tsv
heatmap	GCF_001042595.1	4	GH78	1				official_strain_cazyme_matrix_round4.tsv
heatmap	GCF_001042595.1	4	GH79	0				official_strain_cazyme_matrix_round4.tsv
heatmap	GCF_001042595.1	4	GH106	0				official_strain_cazyme_matrix_round4.tsv
tips	GCF_001042635.1	5	phylum	Bacillota				official_strain_cazyme_matrix_round4.tsv
tips	GCF_001042635.1	5	genus	Bifidobacterium				official_strain_cazyme_matrix_round4.tsv
tips	GCF_001042635.1	5	gh1	1				official_strain_cazyme_matrix_round4.tsv
heatmap	GCF_001042635.1	5	GH1	1				official_strain_cazyme_matrix_round4.tsv
heatmap	GCF_001042635.1	5	GH2	7				official_strain_cazyme_matrix_round4.tsv
heatmap	GCF_001042635.1	5	GH3	9				official_strain_cazyme_matrix_round4.tsv
heatmap	GCF_001042635.1	5	GH27	1				official_strain_cazyme_matrix_round4.tsv
heatmap	GCF_001042635.1	5	GH36	7				official_strain_cazyme_matrix_round4.tsv
heatmap	GCF_001042635.1	5	GH51	6				official_strain_cazyme_matrix_round4.tsv
heatmap	GCF_001042635.1	5	GH54	0				official_strain_cazyme_matrix_round4.tsv
heatmap	GCF_001042635.1	5	GH78	2				official_strain_cazyme_matrix_round4.tsv
heatmap	GCF_001042635.1	5	GH79	0				official_strain_cazyme_matrix_round4.tsv
heatmap	GCF_001042635.1	5	GH106	0				official_strain_cazyme_matrix_round4.tsv
tips	GCF_001025135.1	6	phylum	Bacillota				official_strain_cazyme_matrix_round4.tsv
tips	GCF_001025135.1	6	genus	Bifidobacterium				official_strain_cazyme_matrix_round4.tsv
tips	GCF_001025135.1	6	gh1	1				official_strain_cazyme_matrix_round4.tsv
heatmap	GCF_001025135.1	6	GH1	1				official_strain_cazyme_matrix_round4.tsv
heatmap	GCF_001025135.1	6	GH2	3				official_strain_cazyme_matrix_round4.tsv
heatmap	GCF_001025135.1	6	GH3	1				official_strain_cazyme_matrix_round4.tsv
heatmap	GCF_001025135.1	6	GH27	0				official_strain_cazyme_matrix_round4.tsv
heatmap	GCF_001025135.1	6	GH36	1				official_strain_cazyme_matrix_round4.tsv
heatmap	GCF_001025135.1	6	GH51	1				official_strain_cazyme_matrix_round4.tsv
heatmap	GCF_001025135.1	6	GH54	0				official_strain_cazyme_matrix_round4.tsv
heatmap	GCF_001025135.1	6	GH78	0				official_strain_cazyme_matrix_round4.tsv
heatmap	GCF_001025135.1	6	GH79	0				official_strain_cazyme_matrix_round4.tsv
heatmap	GCF_001025135.1	6	GH106	0				official_strain_cazyme_matrix_round4.tsv
tips	GCF_059724925.1	7	phylum	Bacillota				official_strain_cazyme_matrix_round4.tsv
tips	GCF_059724925.1	7	genus	Bifidobacterium				official_strain_cazyme_matrix_round4.tsv
tips	GCF_059724925.1	7	gh1	1				official_strain_cazyme_matrix_round4.tsv
heatmap	GCF_059724925.1	7	GH1	1				official_strain_cazyme_matrix_round4.tsv
heatmap	GCF_059724925.1	7	GH2	10				official_strain_cazyme_matrix_round4.tsv
heatmap	GCF_059724925.1	7	GH3	3				official_strain_cazyme_matrix_round4.tsv
heatmap	GCF_059724925.1	7	GH27	1				official_strain_cazyme_matrix_round4.tsv
heatmap	GCF_059724925.1	7	GH36	4				official_strain_cazyme_matrix_round4.tsv
heatmap	GCF_059724925.1	7	GH51	3				official_strain_cazyme_matrix_round4.tsv
heatmap	GCF_059724925.1	7	GH54	0				official_strain_cazyme_matrix_round4.tsv
heatmap	GCF_059724925.1	7	GH78	3				official_strain_cazyme_matrix_round4.tsv
heatmap	GCF_059724925.1	7	GH79	0				official_strain_cazyme_matrix_round4.tsv
heatmap	GCF_059724925.1	7	GH106	0				official_strain_cazyme_matrix_round4.tsv
tips	GCF_001025175.1	8	phylum	Bacillota				official_strain_cazyme_matrix_round4.tsv
tips	GCF_001025175.1	8	genus	Bifidobacterium				official_strain_cazyme_matrix_round4.tsv
tips	GCF_001025175.1	8	gh1	1				official_strain_cazyme_matrix_round4.tsv
heatmap	GCF_001025175.1	8	GH1	1				official_strain_cazyme_matrix_round4.tsv
heatmap	GCF_001025175.1	8	GH2	2				official_strain_cazyme_matrix_round4.tsv
heatmap	GCF_001025175.1	8	GH3	3				official_strain_cazyme_matrix_round4.tsv
heatmap	GCF_001025175.1	8	GH27	0				official_strain_cazyme_matrix_round4.tsv
heatmap	GCF_001025175.1	8	GH36	1				official_strain_cazyme_matrix_round4.tsv
heatmap	GCF_001025175.1	8	GH51	0				official_strain_cazyme_matrix_round4.tsv
heatmap	GCF_001025175.1	8	GH54	0				official_strain_cazyme_matrix_round4.tsv
heatmap	GCF_001025175.1	8	GH78	0				official_strain_cazyme_matrix_round4.tsv
heatmap	GCF_001025175.1	8	GH79	0				official_strain_cazyme_matrix_round4.tsv
heatmap	GCF_001025175.1	8	GH106	0				official_strain_cazyme_matrix_round4.tsv
tips	GCF_000196555.1	9	phylum	Bacillota				official_strain_cazyme_matrix_round4.tsv
tips	GCF_000196555.1	9	genus	Bifidobacterium				official_strain_cazyme_matrix_round4.tsv
tips	GCF_000196555.1	9	gh1	0				official_strain_cazyme_matrix_round4.tsv
heatmap	GCF_000196555.1	9	GH1	0				official_strain_cazyme_matrix_round4.tsv
heatmap	GCF_000196555.1	9	GH2	1				official_strain_cazyme_matrix_round4.tsv
heatmap	GCF_000196555.1	9	GH3	2				official_strain_cazyme_matrix_round4.tsv
heatmap	GCF_000196555.1	9	GH27	1				official_strain_cazyme_matrix_round4.tsv
heatmap	GCF_000196555.1	9	GH36	1				official_strain_cazyme_matrix_round4.tsv
heatmap	GCF_000196555.1	9	GH51	4				official_strain_cazyme_matrix_round4.tsv
heatmap	GCF_000196555.1	9	GH54	0				official_strain_cazyme_matrix_round4.tsv
heatmap	GCF_000196555.1	9	GH78	0				official_strain_cazyme_matrix_round4.tsv
heatmap	GCF_000196555.1	9	GH79	0				official_strain_cazyme_matrix_round4.tsv
heatmap	GCF_000196555.1	9	GH106	0				official_strain_cazyme_matrix_round4.tsv
tips	GCF_014898175.1	10	phylum	Bacillota				official_strain_cazyme_matrix_round4.tsv
tips	GCF_014898175.1	10	genus	Bifidobacterium				official_strain_cazyme_matrix_round4.tsv
tips	GCF_014898175.1	10	gh1	3				official_strain_cazyme_matrix_round4.tsv
heatmap	GCF_014898175.1	10	GH1	3				official_strain_cazyme_matrix_round4.tsv
heatmap	GCF_014898175.1	10	GH2	5				official_strain_cazyme_matrix_round4.tsv
heatmap	GCF_014898175.1	10	GH3	26				official_strain_cazyme_matrix_round4.tsv
heatmap	GCF_014898175.1	10	GH27	1				official_strain_cazyme_matrix_round4.tsv
heatmap	GCF_014898175.1	10	GH36	3				official_strain_cazyme_matrix_round4.tsv
heatmap	GCF_014898175.1	10	GH51	5				official_strain_cazyme_matrix_round4.tsv
heatmap	GCF_014898175.1	10	GH54	0				official_strain_cazyme_matrix_round4.tsv
heatmap	GCF_014898175.1	10	GH78	1				official_strain_cazyme_matrix_round4.tsv
heatmap	GCF_014898175.1	10	GH79	0				official_strain_cazyme_matrix_round4.tsv
heatmap	GCF_014898175.1	10	GH106	0				official_strain_cazyme_matrix_round4.tsv
tips	GCF_014898155.1	11	phylum	Bacillota				official_strain_cazyme_matrix_round4.tsv
tips	GCF_014898155.1	11	genus	Bifidobacterium				official_strain_cazyme_matrix_round4.tsv
tips	GCF_014898155.1	11	gh1	2				official_strain_cazyme_matrix_round4.tsv
heatmap	GCF_014898155.1	11	GH1	2				official_strain_cazyme_matrix_round4.tsv
heatmap	GCF_014898155.1	11	GH2	6				official_strain_cazyme_matrix_round4.tsv
heatmap	GCF_014898155.1	11	GH3	19				official_strain_cazyme_matrix_round4.tsv
heatmap	GCF_014898155.1	11	GH27	1				official_strain_cazyme_matrix_round4.tsv
heatmap	GCF_014898155.1	11	GH36	3				official_strain_cazyme_matrix_round4.tsv
heatmap	GCF_014898155.1	11	GH51	5				official_strain_cazyme_matrix_round4.tsv
heatmap	GCF_014898155.1	11	GH54	0				official_strain_cazyme_matrix_round4.tsv
heatmap	GCF_014898155.1	11	GH78	2				official_strain_cazyme_matrix_round4.tsv
heatmap	GCF_014898155.1	11	GH79	0				official_strain_cazyme_matrix_round4.tsv
heatmap	GCF_014898155.1	11	GH106	0				official_strain_cazyme_matrix_round4.tsv
tips	GCF_014898195.1	12	phylum	Bacillota				official_strain_cazyme_matrix_round4.tsv
tips	GCF_014898195.1	12	genus	Bifidobacterium				official_strain_cazyme_matrix_round4.tsv
tips	GCF_014898195.1	12	gh1	1				official_strain_cazyme_matrix_round4.tsv
heatmap	GCF_014898195.1	12	GH1	1				official_strain_cazyme_matrix_round4.tsv
heatmap	GCF_014898195.1	12	GH2	0				official_strain_cazyme_matrix_round4.tsv
heatmap	GCF_014898195.1	12	GH3	4				official_strain_cazyme_matrix_round4.tsv
heatmap	GCF_014898195.1	12	GH27	0				official_strain_cazyme_matrix_round4.tsv
heatmap	GCF_014898195.1	12	GH36	1				official_strain_cazyme_matrix_round4.tsv
heatmap	GCF_014898195.1	12	GH51	0				official_strain_cazyme_matrix_round4.tsv
heatmap	GCF_014898195.1	12	GH54	0				official_strain_cazyme_matrix_round4.tsv
heatmap	GCF_014898195.1	12	GH78	0				official_strain_cazyme_matrix_round4.tsv
heatmap	GCF_014898195.1	12	GH79	0				official_strain_cazyme_matrix_round4.tsv
heatmap	GCF_014898195.1	12	GH106	0				official_strain_cazyme_matrix_round4.tsv
tips	GCF_041080835.1	13	phylum	Bacillota				official_strain_cazyme_matrix_round4.tsv
tips	GCF_041080835.1	13	genus	Bifidobacterium				official_strain_cazyme_matrix_round4.tsv
tips	GCF_041080835.1	13	gh1	3				official_strain_cazyme_matrix_round4.tsv
heatmap	GCF_041080835.1	13	GH1	3				official_strain_cazyme_matrix_round4.tsv
heatmap	GCF_041080835.1	13	GH2	1				official_strain_cazyme_matrix_round4.tsv
heatmap	GCF_041080835.1	13	GH3	5				official_strain_cazyme_matrix_round4.tsv
heatmap	GCF_041080835.1	13	GH27	0				official_strain_cazyme_matrix_round4.tsv
heatmap	GCF_041080835.1	13	GH36	3				official_strain_cazyme_matrix_round4.tsv
heatmap	GCF_041080835.1	13	GH51	0				official_strain_cazyme_matrix_round4.tsv
heatmap	GCF_041080835.1	13	GH54	0				official_strain_cazyme_matrix_round4.tsv
heatmap	GCF_041080835.1	13	GH78	1				official_strain_cazyme_matrix_round4.tsv
heatmap	GCF_041080835.1	13	GH79	0				official_strain_cazyme_matrix_round4.tsv
heatmap	GCF_041080835.1	13	GH106	0				official_strain_cazyme_matrix_round4.tsv
tips	GCF_041080795.1	14	phylum	Bacillota				official_strain_cazyme_matrix_round4.tsv
tips	GCF_041080795.1	14	genus	Bifidobacterium				official_strain_cazyme_matrix_round4.tsv
tips	GCF_041080795.1	14	gh1	1				official_strain_cazyme_matrix_round4.tsv
heatmap	GCF_041080795.1	14	GH1	1				official_strain_cazyme_matrix_round4.tsv
heatmap	GCF_041080795.1	14	GH2	0				official_strain_cazyme_matrix_round4.tsv
heatmap	GCF_041080795.1	14	GH3	3				official_strain_cazyme_matrix_round4.tsv
heatmap	GCF_041080795.1	14	GH27	0				official_strain_cazyme_matrix_round4.tsv
heatmap	GCF_041080795.1	14	GH36	2				official_strain_cazyme_matrix_round4.tsv
heatmap	GCF_041080795.1	14	GH51	0				official_strain_cazyme_matrix_round4.tsv
heatmap	GCF_041080795.1	14	GH54	0				official_strain_cazyme_matrix_round4.tsv
heatmap	GCF_041080795.1	14	GH78	0				official_strain_cazyme_matrix_round4.tsv
heatmap	GCF_041080795.1	14	GH79	0				official_strain_cazyme_matrix_round4.tsv
heatmap	GCF_041080795.1	14	GH106	0				official_strain_cazyme_matrix_round4.tsv
tips	GCF_002715865.1	15	phylum	Bacillota				official_strain_cazyme_matrix_round4.tsv
tips	GCF_002715865.1	15	genus	Bifidobacterium				official_strain_cazyme_matrix_round4.tsv
tips	GCF_002715865.1	15	gh1	0				official_strain_cazyme_matrix_round4.tsv
heatmap	GCF_002715865.1	15	GH1	0				official_strain_cazyme_matrix_round4.tsv
heatmap	GCF_002715865.1	15	GH2	3				official_strain_cazyme_matrix_round4.tsv
heatmap	GCF_002715865.1	15	GH3	4				official_strain_cazyme_matrix_round4.tsv
heatmap	GCF_002715865.1	15	GH27	1				official_strain_cazyme_matrix_round4.tsv
heatmap	GCF_002715865.1	15	GH36	1				official_strain_cazyme_matrix_round4.tsv
heatmap	GCF_002715865.1	15	GH51	2				official_strain_cazyme_matrix_round4.tsv
heatmap	GCF_002715865.1	15	GH54	0				official_strain_cazyme_matrix_round4.tsv
heatmap	GCF_002715865.1	15	GH78	1				official_strain_cazyme_matrix_round4.tsv
heatmap	GCF_002715865.1	15	GH79	0				official_strain_cazyme_matrix_round4.tsv
heatmap	GCF_002715865.1	15	GH106	0				official_strain_cazyme_matrix_round4.tsv
tips	GCF_054784135.1	16	phylum	Actinomycetota				official_strain_cazyme_matrix_round4.tsv
tips	GCF_054784135.1	16	genus	Kribbella				official_strain_cazyme_matrix_round4.tsv
tips	GCF_054784135.1	16	gh1	3				official_strain_cazyme_matrix_round4.tsv
heatmap	GCF_054784135.1	16	GH1	3				official_strain_cazyme_matrix_round4.tsv
heatmap	GCF_054784135.1	16	GH2	7				official_strain_cazyme_matrix_round4.tsv
heatmap	GCF_054784135.1	16	GH3	8				official_strain_cazyme_matrix_round4.tsv
heatmap	GCF_054784135.1	16	GH27	3				official_strain_cazyme_matrix_round4.tsv
heatmap	GCF_054784135.1	16	GH36	2				official_strain_cazyme_matrix_round4.tsv
heatmap	GCF_054784135.1	16	GH51	4				official_strain_cazyme_matrix_round4.tsv
heatmap	GCF_054784135.1	16	GH54	0				official_strain_cazyme_matrix_round4.tsv
heatmap	GCF_054784135.1	16	GH78	2				official_strain_cazyme_matrix_round4.tsv
heatmap	GCF_054784135.1	16	GH79	0				official_strain_cazyme_matrix_round4.tsv
heatmap	GCF_054784135.1	16	GH106	2				official_strain_cazyme_matrix_round4.tsv
tips	GCF_004345665.1	17	phylum	Actinomycetota				official_strain_cazyme_matrix_round4.tsv
tips	GCF_004345665.1	17	genus	Kribbella				official_strain_cazyme_matrix_round4.tsv
tips	GCF_004345665.1	17	gh1	3				official_strain_cazyme_matrix_round4.tsv
heatmap	GCF_004345665.1	17	GH1	3				official_strain_cazyme_matrix_round4.tsv
heatmap	GCF_004345665.1	17	GH2	7				official_strain_cazyme_matrix_round4.tsv
heatmap	GCF_004345665.1	17	GH3	8				official_strain_cazyme_matrix_round4.tsv
heatmap	GCF_004345665.1	17	GH27	3				official_strain_cazyme_matrix_round4.tsv
heatmap	GCF_004345665.1	17	GH36	4				official_strain_cazyme_matrix_round4.tsv
heatmap	GCF_004345665.1	17	GH51	4				official_strain_cazyme_matrix_round4.tsv
heatmap	GCF_004345665.1	17	GH54	0				official_strain_cazyme_matrix_round4.tsv
heatmap	GCF_004345665.1	17	GH78	3				official_strain_cazyme_matrix_round4.tsv
heatmap	GCF_004345665.1	17	GH79	0				official_strain_cazyme_matrix_round4.tsv
heatmap	GCF_004345665.1	17	GH106	1				official_strain_cazyme_matrix_round4.tsv
tips	GCF_045207705.1	18	phylum	Actinomycetota				official_strain_cazyme_matrix_round4.tsv
tips	GCF_045207705.1	18	genus	Kribbella				official_strain_cazyme_matrix_round4.tsv
tips	GCF_045207705.1	18	gh1	3				official_strain_cazyme_matrix_round4.tsv
heatmap	GCF_045207705.1	18	GH1	3				official_strain_cazyme_matrix_round4.tsv
heatmap	GCF_045207705.1	18	GH2	5				official_strain_cazyme_matrix_round4.tsv
heatmap	GCF_045207705.1	18	GH3	7				official_strain_cazyme_matrix_round4.tsv
heatmap	GCF_045207705.1	18	GH27	4				official_strain_cazyme_matrix_round4.tsv
heatmap	GCF_045207705.1	18	GH36	9				official_strain_cazyme_matrix_round4.tsv
heatmap	GCF_045207705.1	18	GH51	7				official_strain_cazyme_matrix_round4.tsv
heatmap	GCF_045207705.1	18	GH54	0				official_strain_cazyme_matrix_round4.tsv
heatmap	GCF_045207705.1	18	GH78	4				official_strain_cazyme_matrix_round4.tsv
heatmap	GCF_045207705.1	18	GH79	2				official_strain_cazyme_matrix_round4.tsv
heatmap	GCF_045207705.1	18	GH106	2				official_strain_cazyme_matrix_round4.tsv
tips	GCF_036097425.1	19	phylum	Actinomycetota				official_strain_cazyme_matrix_round4.tsv
tips	GCF_036097425.1	19	genus	Kribbella				official_strain_cazyme_matrix_round4.tsv
tips	GCF_036097425.1	19	gh1	3				official_strain_cazyme_matrix_round4.tsv
heatmap	GCF_036097425.1	19	GH1	3				official_strain_cazyme_matrix_round4.tsv
heatmap	GCF_036097425.1	19	GH2	5				official_strain_cazyme_matrix_round4.tsv
heatmap	GCF_036097425.1	19	GH3	8				official_strain_cazyme_matrix_round4.tsv
heatmap	GCF_036097425.1	19	GH27	3				official_strain_cazyme_matrix_round4.tsv
heatmap	GCF_036097425.1	19	GH36	5				official_strain_cazyme_matrix_round4.tsv
heatmap	GCF_036097425.1	19	GH51	3				official_strain_cazyme_matrix_round4.tsv
heatmap	GCF_036097425.1	19	GH54	0				official_strain_cazyme_matrix_round4.tsv
heatmap	GCF_036097425.1	19	GH78	3				official_strain_cazyme_matrix_round4.tsv
heatmap	GCF_036097425.1	19	GH79	0				official_strain_cazyme_matrix_round4.tsv
heatmap	GCF_036097425.1	19	GH106	1				official_strain_cazyme_matrix_round4.tsv
tips	GCF_050942355.1	20	phylum	Actinomycetota				official_strain_cazyme_matrix_round4.tsv
tips	GCF_050942355.1	20	genus	Kribbella				official_strain_cazyme_matrix_round4.tsv
tips	GCF_050942355.1	20	gh1	3				official_strain_cazyme_matrix_round4.tsv
heatmap	GCF_050942355.1	20	GH1	3				official_strain_cazyme_matrix_round4.tsv
heatmap	GCF_050942355.1	20	GH2	9				official_strain_cazyme_matrix_round4.tsv
heatmap	GCF_050942355.1	20	GH3	8				official_strain_cazyme_matrix_round4.tsv
heatmap	GCF_050942355.1	20	GH27	5				official_strain_cazyme_matrix_round4.tsv
heatmap	GCF_050942355.1	20	GH36	4				official_strain_cazyme_matrix_round4.tsv
heatmap	GCF_050942355.1	20	GH51	6				official_strain_cazyme_matrix_round4.tsv
heatmap	GCF_050942355.1	20	GH54	0				official_strain_cazyme_matrix_round4.tsv
heatmap	GCF_050942355.1	20	GH78	7				official_strain_cazyme_matrix_round4.tsv
heatmap	GCF_050942355.1	20	GH79	0				official_strain_cazyme_matrix_round4.tsv
heatmap	GCF_050942355.1	20	GH106	1				official_strain_cazyme_matrix_round4.tsv
tips	GCF_004217145.1	21	phylum	Actinomycetota				official_strain_cazyme_matrix_round4.tsv
tips	GCF_004217145.1	21	genus	Kribbella				official_strain_cazyme_matrix_round4.tsv
tips	GCF_004217145.1	21	gh1	3				official_strain_cazyme_matrix_round4.tsv
heatmap	GCF_004217145.1	21	GH1	3				official_strain_cazyme_matrix_round4.tsv
heatmap	GCF_004217145.1	21	GH2	4				official_strain_cazyme_matrix_round4.tsv
heatmap	GCF_004217145.1	21	GH3	8				official_strain_cazyme_matrix_round4.tsv
heatmap	GCF_004217145.1	21	GH27	5				official_strain_cazyme_matrix_round4.tsv
heatmap	GCF_004217145.1	21	GH36	4				official_strain_cazyme_matrix_round4.tsv
heatmap	GCF_004217145.1	21	GH51	4				official_strain_cazyme_matrix_round4.tsv
heatmap	GCF_004217145.1	21	GH54	0				official_strain_cazyme_matrix_round4.tsv
heatmap	GCF_004217145.1	21	GH78	4				official_strain_cazyme_matrix_round4.tsv
heatmap	GCF_004217145.1	21	GH79	0				official_strain_cazyme_matrix_round4.tsv
heatmap	GCF_004217145.1	21	GH106	1				official_strain_cazyme_matrix_round4.tsv
tips	GCF_005233875.1	22	phylum	Actinomycetota				official_strain_cazyme_matrix_round4.tsv
tips	GCF_005233875.1	22	genus	Kribbella				official_strain_cazyme_matrix_round4.tsv
tips	GCF_005233875.1	22	gh1	3				official_strain_cazyme_matrix_round4.tsv
heatmap	GCF_005233875.1	22	GH1	3				official_strain_cazyme_matrix_round4.tsv
heatmap	GCF_005233875.1	22	GH2	4				official_strain_cazyme_matrix_round4.tsv
heatmap	GCF_005233875.1	22	GH3	7				official_strain_cazyme_matrix_round4.tsv
heatmap	GCF_005233875.1	22	GH27	3				official_strain_cazyme_matrix_round4.tsv
heatmap	GCF_005233875.1	22	GH36	5				official_strain_cazyme_matrix_round4.tsv
heatmap	GCF_005233875.1	22	GH51	3				official_strain_cazyme_matrix_round4.tsv
heatmap	GCF_005233875.1	22	GH54	0				official_strain_cazyme_matrix_round4.tsv
heatmap	GCF_005233875.1	22	GH78	4				official_strain_cazyme_matrix_round4.tsv
heatmap	GCF_005233875.1	22	GH79	0				official_strain_cazyme_matrix_round4.tsv
heatmap	GCF_005233875.1	22	GH106	1				official_strain_cazyme_matrix_round4.tsv
tips	GCF_004365875.1	23	phylum	Actinomycetota				official_strain_cazyme_matrix_round4.tsv
tips	GCF_004365875.1	23	genus	Kribbella				official_strain_cazyme_matrix_round4.tsv
tips	GCF_004365875.1	23	gh1	3				official_strain_cazyme_matrix_round4.tsv
heatmap	GCF_004365875.1	23	GH1	3				official_strain_cazyme_matrix_round4.tsv
heatmap	GCF_004365875.1	23	GH2	4				official_strain_cazyme_matrix_round4.tsv
heatmap	GCF_004365875.1	23	GH3	8				official_strain_cazyme_matrix_round4.tsv
heatmap	GCF_004365875.1	23	GH27	3				official_strain_cazyme_matrix_round4.tsv
heatmap	GCF_004365875.1	23	GH36	4				official_strain_cazyme_matrix_round4.tsv
heatmap	GCF_004365875.1	23	GH51	3				official_strain_cazyme_matrix_round4.tsv
heatmap	GCF_004365875.1	23	GH54	0				official_strain_cazyme_matrix_round4.tsv
heatmap	GCF_004365875.1	23	GH78	3				official_strain_cazyme_matrix_round4.tsv
heatmap	GCF_004365875.1	23	GH79	0				official_strain_cazyme_matrix_round4.tsv
heatmap	GCF_004365875.1	23	GH106	2				official_strain_cazyme_matrix_round4.tsv
tips	GCF_004366075.1	24	phylum	Actinomycetota				official_strain_cazyme_matrix_round4.tsv
tips	GCF_004366075.1	24	genus	Kribbella				official_strain_cazyme_matrix_round4.tsv
tips	GCF_004366075.1	24	gh1	3				official_strain_cazyme_matrix_round4.tsv
heatmap	GCF_004366075.1	24	GH1	3				official_strain_cazyme_matrix_round4.tsv
heatmap	GCF_004366075.1	24	GH2	8				official_strain_cazyme_matrix_round4.tsv
heatmap	GCF_004366075.1	24	GH3	8				official_strain_cazyme_matrix_round4.tsv
heatmap	GCF_004366075.1	24	GH27	4				official_strain_cazyme_matrix_round4.tsv
heatmap	GCF_004366075.1	24	GH36	4				official_strain_cazyme_matrix_round4.tsv
heatmap	GCF_004366075.1	24	GH51	5				official_strain_cazyme_matrix_round4.tsv
heatmap	GCF_004366075.1	24	GH54	0				official_strain_cazyme_matrix_round4.tsv
heatmap	GCF_004366075.1	24	GH78	4				official_strain_cazyme_matrix_round4.tsv
heatmap	GCF_004366075.1	24	GH79	0				official_strain_cazyme_matrix_round4.tsv
heatmap	GCF_004366075.1	24	GH106	1				official_strain_cazyme_matrix_round4.tsv
tips	GCF_014217565.1	25	phylum	Actinomycetota				official_strain_cazyme_matrix_round4.tsv
tips	GCF_014217565.1	25	genus	Kribbella				official_strain_cazyme_matrix_round4.tsv
tips	GCF_014217565.1	25	gh1	4				official_strain_cazyme_matrix_round4.tsv
heatmap	GCF_014217565.1	25	GH1	4				official_strain_cazyme_matrix_round4.tsv
heatmap	GCF_014217565.1	25	GH2	7				official_strain_cazyme_matrix_round4.tsv
heatmap	GCF_014217565.1	25	GH3	7				official_strain_cazyme_matrix_round4.tsv
heatmap	GCF_014217565.1	25	GH27	1				official_strain_cazyme_matrix_round4.tsv
heatmap	GCF_014217565.1	25	GH36	1				official_strain_cazyme_matrix_round4.tsv
heatmap	GCF_014217565.1	25	GH51	2				official_strain_cazyme_matrix_round4.tsv
heatmap	GCF_014217565.1	25	GH54	1				official_strain_cazyme_matrix_round4.tsv
heatmap	GCF_014217565.1	25	GH78	4				official_strain_cazyme_matrix_round4.tsv
heatmap	GCF_014217565.1	25	GH79	1				official_strain_cazyme_matrix_round4.tsv
heatmap	GCF_014217565.1	25	GH106	0				official_strain_cazyme_matrix_round4.tsv
tips	GCF_004365175.1	26	phylum	Actinomycetota				official_strain_cazyme_matrix_round4.tsv
tips	GCF_004365175.1	26	genus	Kribbella				official_strain_cazyme_matrix_round4.tsv
tips	GCF_004365175.1	26	gh1	4				official_strain_cazyme_matrix_round4.tsv
heatmap	GCF_004365175.1	26	GH1	4				official_strain_cazyme_matrix_round4.tsv
heatmap	GCF_004365175.1	26	GH2	6				official_strain_cazyme_matrix_round4.tsv
heatmap	GCF_004365175.1	26	GH3	9				official_strain_cazyme_matrix_round4.tsv
heatmap	GCF_004365175.1	26	GH27	6				official_strain_cazyme_matrix_round4.tsv
heatmap	GCF_004365175.1	26	GH36	4				official_strain_cazyme_matrix_round4.tsv
heatmap	GCF_004365175.1	26	GH51	3				official_strain_cazyme_matrix_round4.tsv
heatmap	GCF_004365175.1	26	GH54	1				official_strain_cazyme_matrix_round4.tsv
heatmap	GCF_004365175.1	26	GH78	2				official_strain_cazyme_matrix_round4.tsv
heatmap	GCF_004365175.1	26	GH79	0				official_strain_cazyme_matrix_round4.tsv
heatmap	GCF_004365175.1	26	GH106	1				official_strain_cazyme_matrix_round4.tsv
tips	GCF_039537185.1	27	phylum	Actinomycetota				official_strain_cazyme_matrix_round4.tsv
tips	GCF_039537185.1	27	genus	Kribbella				official_strain_cazyme_matrix_round4.tsv
tips	GCF_039537185.1	27	gh1	4				official_strain_cazyme_matrix_round4.tsv
heatmap	GCF_039537185.1	27	GH1	4				official_strain_cazyme_matrix_round4.tsv
heatmap	GCF_039537185.1	27	GH2	8				official_strain_cazyme_matrix_round4.tsv
heatmap	GCF_039537185.1	27	GH3	9				official_strain_cazyme_matrix_round4.tsv
heatmap	GCF_039537185.1	27	GH27	9				official_strain_cazyme_matrix_round4.tsv
heatmap	GCF_039537185.1	27	GH36	5				official_strain_cazyme_matrix_round4.tsv
heatmap	GCF_039537185.1	27	GH51	2				official_strain_cazyme_matrix_round4.tsv
heatmap	GCF_039537185.1	27	GH54	0				official_strain_cazyme_matrix_round4.tsv
heatmap	GCF_039537185.1	27	GH78	5				official_strain_cazyme_matrix_round4.tsv
heatmap	GCF_039537185.1	27	GH79	1				official_strain_cazyme_matrix_round4.tsv
heatmap	GCF_039537185.1	27	GH106	0				official_strain_cazyme_matrix_round4.tsv
tips	GCF_054781295.1	28	phylum	Actinomycetota				official_strain_cazyme_matrix_round4.tsv
tips	GCF_054781295.1	28	genus	Kribbella				official_strain_cazyme_matrix_round4.tsv
tips	GCF_054781295.1	28	gh1	5				official_strain_cazyme_matrix_round4.tsv
heatmap	GCF_054781295.1	28	GH1	5				official_strain_cazyme_matrix_round4.tsv
heatmap	GCF_054781295.1	28	GH2	8				official_strain_cazyme_matrix_round4.tsv
heatmap	GCF_054781295.1	28	GH3	8				official_strain_cazyme_matrix_round4.tsv
heatmap	GCF_054781295.1	28	GH27	5				official_strain_cazyme_matrix_round4.tsv
heatmap	GCF_054781295.1	28	GH36	5				official_strain_cazyme_matrix_round4.tsv
heatmap	GCF_054781295.1	28	GH51	3				official_strain_cazyme_matrix_round4.tsv
heatmap	GCF_054781295.1	28	GH54	0				official_strain_cazyme_matrix_round4.tsv
heatmap	GCF_054781295.1	28	GH78	4				official_strain_cazyme_matrix_round4.tsv
heatmap	GCF_054781295.1	28	GH79	0				official_strain_cazyme_matrix_round4.tsv
heatmap	GCF_054781295.1	28	GH106	2				official_strain_cazyme_matrix_round4.tsv
tips	GCF_039529595.1	29	phylum	Actinomycetota				official_strain_cazyme_matrix_round4.tsv
tips	GCF_039529595.1	29	genus	Kribbella				official_strain_cazyme_matrix_round4.tsv
tips	GCF_039529595.1	29	gh1	4				official_strain_cazyme_matrix_round4.tsv
heatmap	GCF_039529595.1	29	GH1	4				official_strain_cazyme_matrix_round4.tsv
heatmap	GCF_039529595.1	29	GH2	6				official_strain_cazyme_matrix_round4.tsv
heatmap	GCF_039529595.1	29	GH3	8				official_strain_cazyme_matrix_round4.tsv
heatmap	GCF_039529595.1	29	GH27	4				official_strain_cazyme_matrix_round4.tsv
heatmap	GCF_039529595.1	29	GH36	5				official_strain_cazyme_matrix_round4.tsv
heatmap	GCF_039529595.1	29	GH51	2				official_strain_cazyme_matrix_round4.tsv
heatmap	GCF_039529595.1	29	GH54	0				official_strain_cazyme_matrix_round4.tsv
heatmap	GCF_039529595.1	29	GH78	3				official_strain_cazyme_matrix_round4.tsv
heatmap	GCF_039529595.1	29	GH79	0				official_strain_cazyme_matrix_round4.tsv
heatmap	GCF_039529595.1	29	GH106	2				official_strain_cazyme_matrix_round4.tsv
tips	GCF_000024345.1	30	phylum	Actinomycetota				official_strain_cazyme_matrix_round4.tsv
tips	GCF_000024345.1	30	genus	Kribbella				official_strain_cazyme_matrix_round4.tsv
tips	GCF_000024345.1	30	gh1	5				official_strain_cazyme_matrix_round4.tsv
heatmap	GCF_000024345.1	30	GH1	5				official_strain_cazyme_matrix_round4.tsv
heatmap	GCF_000024345.1	30	GH2	5				official_strain_cazyme_matrix_round4.tsv
heatmap	GCF_000024345.1	30	GH3	9				official_strain_cazyme_matrix_round4.tsv
heatmap	GCF_000024345.1	30	GH27	0				official_strain_cazyme_matrix_round4.tsv
heatmap	GCF_000024345.1	30	GH36	3				official_strain_cazyme_matrix_round4.tsv
heatmap	GCF_000024345.1	30	GH51	2				official_strain_cazyme_matrix_round4.tsv
heatmap	GCF_000024345.1	30	GH54	0				official_strain_cazyme_matrix_round4.tsv
heatmap	GCF_000024345.1	30	GH78	4				official_strain_cazyme_matrix_round4.tsv
heatmap	GCF_000024345.1	30	GH79	0				official_strain_cazyme_matrix_round4.tsv
heatmap	GCF_000024345.1	30	GH106	1				official_strain_cazyme_matrix_round4.tsv
tips	GCF_059427965.1	31	phylum	Bacillota				official_strain_cazyme_matrix_round4.tsv
tips	GCF_059427965.1	31	genus	Eubacterium				official_strain_cazyme_matrix_round4.tsv
tips	GCF_059427965.1	31	gh1	0				official_strain_cazyme_matrix_round4.tsv
heatmap	GCF_059427965.1	31	GH1	0				official_strain_cazyme_matrix_round4.tsv
heatmap	GCF_059427965.1	31	GH2	2				official_strain_cazyme_matrix_round4.tsv
heatmap	GCF_059427965.1	31	GH3	0				official_strain_cazyme_matrix_round4.tsv
heatmap	GCF_059427965.1	31	GH27	0				official_strain_cazyme_matrix_round4.tsv
heatmap	GCF_059427965.1	31	GH36	0				official_strain_cazyme_matrix_round4.tsv
heatmap	GCF_059427965.1	31	GH51	0				official_strain_cazyme_matrix_round4.tsv
heatmap	GCF_059427965.1	31	GH54	0				official_strain_cazyme_matrix_round4.tsv
heatmap	GCF_059427965.1	31	GH78	0				official_strain_cazyme_matrix_round4.tsv
heatmap	GCF_059427965.1	31	GH79	0				official_strain_cazyme_matrix_round4.tsv
heatmap	GCF_059427965.1	31	GH106	0				official_strain_cazyme_matrix_round4.tsv
tips	GCF_046244355.1	32	phylum	Bacillota				official_strain_cazyme_matrix_round4.tsv
tips	GCF_046244355.1	32	genus	Eubacterium				official_strain_cazyme_matrix_round4.tsv
tips	GCF_046244355.1	32	gh1	0				official_strain_cazyme_matrix_round4.tsv
heatmap	GCF_046244355.1	32	GH1	0				official_strain_cazyme_matrix_round4.tsv
heatmap	GCF_046244355.1	32	GH2	0				official_strain_cazyme_matrix_round4.tsv
heatmap	GCF_046244355.1	32	GH3	0				official_strain_cazyme_matrix_round4.tsv
heatmap	GCF_046244355.1	32	GH27	0				official_strain_cazyme_matrix_round4.tsv
heatmap	GCF_046244355.1	32	GH36	0				official_strain_cazyme_matrix_round4.tsv
heatmap	GCF_046244355.1	32	GH51	0				official_strain_cazyme_matrix_round4.tsv
heatmap	GCF_046244355.1	32	GH54	0				official_strain_cazyme_matrix_round4.tsv
heatmap	GCF_046244355.1	32	GH78	0				official_strain_cazyme_matrix_round4.tsv
heatmap	GCF_046244355.1	32	GH79	0				official_strain_cazyme_matrix_round4.tsv
heatmap	GCF_046244355.1	32	GH106	0				official_strain_cazyme_matrix_round4.tsv
tips	GCF_033947505.1	33	phylum	Bacillota				official_strain_cazyme_matrix_round4.tsv
tips	GCF_033947505.1	33	genus	Eubacterium				official_strain_cazyme_matrix_round4.tsv
tips	GCF_033947505.1	33	gh1	0				official_strain_cazyme_matrix_round4.tsv
heatmap	GCF_033947505.1	33	GH1	0				official_strain_cazyme_matrix_round4.tsv
heatmap	GCF_033947505.1	33	GH2	0				official_strain_cazyme_matrix_round4.tsv
heatmap	GCF_033947505.1	33	GH3	2				official_strain_cazyme_matrix_round4.tsv
heatmap	GCF_033947505.1	33	GH27	0				official_strain_cazyme_matrix_round4.tsv
heatmap	GCF_033947505.1	33	GH36	0				official_strain_cazyme_matrix_round4.tsv
heatmap	GCF_033947505.1	33	GH51	0				official_strain_cazyme_matrix_round4.tsv
heatmap	GCF_033947505.1	33	GH54	0				official_strain_cazyme_matrix_round4.tsv
heatmap	GCF_033947505.1	33	GH78	0				official_strain_cazyme_matrix_round4.tsv
heatmap	GCF_033947505.1	33	GH79	0				official_strain_cazyme_matrix_round4.tsv
heatmap	GCF_033947505.1	33	GH106	0				official_strain_cazyme_matrix_round4.tsv
tips	GCF_002441855.2	34	phylum	Bacillota				official_strain_cazyme_matrix_round4.tsv
tips	GCF_002441855.2	34	genus	Eubacterium				official_strain_cazyme_matrix_round4.tsv
tips	GCF_002441855.2	34	gh1	0				official_strain_cazyme_matrix_round4.tsv
heatmap	GCF_002441855.2	34	GH1	0				official_strain_cazyme_matrix_round4.tsv
heatmap	GCF_002441855.2	34	GH2	0				official_strain_cazyme_matrix_round4.tsv
heatmap	GCF_002441855.2	34	GH3	2				official_strain_cazyme_matrix_round4.tsv
heatmap	GCF_002441855.2	34	GH27	0				official_strain_cazyme_matrix_round4.tsv
heatmap	GCF_002441855.2	34	GH36	0				official_strain_cazyme_matrix_round4.tsv
heatmap	GCF_002441855.2	34	GH51	0				official_strain_cazyme_matrix_round4.tsv
heatmap	GCF_002441855.2	34	GH54	0				official_strain_cazyme_matrix_round4.tsv
heatmap	GCF_002441855.2	34	GH78	0				official_strain_cazyme_matrix_round4.tsv
heatmap	GCF_002441855.2	34	GH79	0				official_strain_cazyme_matrix_round4.tsv
heatmap	GCF_002441855.2	34	GH106	0				official_strain_cazyme_matrix_round4.tsv
tips	GCF_900683775.1	35	phylum	Bacillota				official_strain_cazyme_matrix_round4.tsv
tips	GCF_900683775.1	35	genus	Eubacterium				official_strain_cazyme_matrix_round4.tsv
tips	GCF_900683775.1	35	gh1	0				official_strain_cazyme_matrix_round4.tsv
heatmap	GCF_900683775.1	35	GH1	0				official_strain_cazyme_matrix_round4.tsv
heatmap	GCF_900683775.1	35	GH2	0				official_strain_cazyme_matrix_round4.tsv
heatmap	GCF_900683775.1	35	GH3	2				official_strain_cazyme_matrix_round4.tsv
heatmap	GCF_900683775.1	35	GH27	0				official_strain_cazyme_matrix_round4.tsv
heatmap	GCF_900683775.1	35	GH36	0				official_strain_cazyme_matrix_round4.tsv
heatmap	GCF_900683775.1	35	GH51	0				official_strain_cazyme_matrix_round4.tsv
heatmap	GCF_900683775.1	35	GH54	0				official_strain_cazyme_matrix_round4.tsv
heatmap	GCF_900683775.1	35	GH78	0				official_strain_cazyme_matrix_round4.tsv
heatmap	GCF_900683775.1	35	GH79	0				official_strain_cazyme_matrix_round4.tsv
heatmap	GCF_900683775.1	35	GH106	0				official_strain_cazyme_matrix_round4.tsv
tips	GCF_000807675.2	36	phylum	Bacillota				official_strain_cazyme_matrix_round4.tsv
tips	GCF_000807675.2	36	genus	Eubacterium				official_strain_cazyme_matrix_round4.tsv
tips	GCF_000807675.2	36	gh1	0				official_strain_cazyme_matrix_round4.tsv
heatmap	GCF_000807675.2	36	GH1	0				official_strain_cazyme_matrix_round4.tsv
heatmap	GCF_000807675.2	36	GH2	0				official_strain_cazyme_matrix_round4.tsv
heatmap	GCF_000807675.2	36	GH3	2				official_strain_cazyme_matrix_round4.tsv
heatmap	GCF_000807675.2	36	GH27	0				official_strain_cazyme_matrix_round4.tsv
heatmap	GCF_000807675.2	36	GH36	0				official_strain_cazyme_matrix_round4.tsv
heatmap	GCF_000807675.2	36	GH51	0				official_strain_cazyme_matrix_round4.tsv
heatmap	GCF_000807675.2	36	GH54	0				official_strain_cazyme_matrix_round4.tsv
heatmap	GCF_000807675.2	36	GH78	0				official_strain_cazyme_matrix_round4.tsv
heatmap	GCF_000807675.2	36	GH79	0				official_strain_cazyme_matrix_round4.tsv
heatmap	GCF_000807675.2	36	GH106	0				official_strain_cazyme_matrix_round4.tsv
tips	GCF_043289835.1	37	phylum	Bacillota				official_strain_cazyme_matrix_round4.tsv
tips	GCF_043289835.1	37	genus	Eubacterium				official_strain_cazyme_matrix_round4.tsv
tips	GCF_043289835.1	37	gh1	0				official_strain_cazyme_matrix_round4.tsv
heatmap	GCF_043289835.1	37	GH1	0				official_strain_cazyme_matrix_round4.tsv
heatmap	GCF_043289835.1	37	GH2	0				official_strain_cazyme_matrix_round4.tsv
heatmap	GCF_043289835.1	37	GH3	2				official_strain_cazyme_matrix_round4.tsv
heatmap	GCF_043289835.1	37	GH27	0				official_strain_cazyme_matrix_round4.tsv
heatmap	GCF_043289835.1	37	GH36	0				official_strain_cazyme_matrix_round4.tsv
heatmap	GCF_043289835.1	37	GH51	0				official_strain_cazyme_matrix_round4.tsv
heatmap	GCF_043289835.1	37	GH54	0				official_strain_cazyme_matrix_round4.tsv
heatmap	GCF_043289835.1	37	GH78	0				official_strain_cazyme_matrix_round4.tsv
heatmap	GCF_043289835.1	37	GH79	0				official_strain_cazyme_matrix_round4.tsv
heatmap	GCF_043289835.1	37	GH106	0				official_strain_cazyme_matrix_round4.tsv
tips	GCF_000152245.2	38	phylum	Bacillota				official_strain_cazyme_matrix_round4.tsv
tips	GCF_000152245.2	38	genus	Eubacterium				official_strain_cazyme_matrix_round4.tsv
tips	GCF_000152245.2	38	gh1	0				official_strain_cazyme_matrix_round4.tsv
heatmap	GCF_000152245.2	38	GH1	0				official_strain_cazyme_matrix_round4.tsv
heatmap	GCF_000152245.2	38	GH2	0				official_strain_cazyme_matrix_round4.tsv
heatmap	GCF_000152245.2	38	GH3	2				official_strain_cazyme_matrix_round4.tsv
heatmap	GCF_000152245.2	38	GH27	0				official_strain_cazyme_matrix_round4.tsv
heatmap	GCF_000152245.2	38	GH36	0				official_strain_cazyme_matrix_round4.tsv
heatmap	GCF_000152245.2	38	GH51	0				official_strain_cazyme_matrix_round4.tsv
heatmap	GCF_000152245.2	38	GH54	0				official_strain_cazyme_matrix_round4.tsv
heatmap	GCF_000152245.2	38	GH78	0				official_strain_cazyme_matrix_round4.tsv
heatmap	GCF_000152245.2	38	GH79	0				official_strain_cazyme_matrix_round4.tsv
heatmap	GCF_000152245.2	38	GH106	0				official_strain_cazyme_matrix_round4.tsv
tips	GCF_033947465.1	39	phylum	Bacillota				official_strain_cazyme_matrix_round4.tsv
tips	GCF_033947465.1	39	genus	Eubacterium				official_strain_cazyme_matrix_round4.tsv
tips	GCF_033947465.1	39	gh1	0				official_strain_cazyme_matrix_round4.tsv
heatmap	GCF_033947465.1	39	GH1	0				official_strain_cazyme_matrix_round4.tsv
heatmap	GCF_033947465.1	39	GH2	0				official_strain_cazyme_matrix_round4.tsv
heatmap	GCF_033947465.1	39	GH3	2				official_strain_cazyme_matrix_round4.tsv
heatmap	GCF_033947465.1	39	GH27	0				official_strain_cazyme_matrix_round4.tsv
heatmap	GCF_033947465.1	39	GH36	0				official_strain_cazyme_matrix_round4.tsv
heatmap	GCF_033947465.1	39	GH51	0				official_strain_cazyme_matrix_round4.tsv
heatmap	GCF_033947465.1	39	GH54	0				official_strain_cazyme_matrix_round4.tsv
heatmap	GCF_033947465.1	39	GH78	0				official_strain_cazyme_matrix_round4.tsv
heatmap	GCF_033947465.1	39	GH79	0				official_strain_cazyme_matrix_round4.tsv
heatmap	GCF_033947465.1	39	GH106	0				official_strain_cazyme_matrix_round4.tsv
tips	GCF_045002895.1	40	phylum	Bacillota				official_strain_cazyme_matrix_round4.tsv
tips	GCF_045002895.1	40	genus	Eubacterium				official_strain_cazyme_matrix_round4.tsv
tips	GCF_045002895.1	40	gh1	0				official_strain_cazyme_matrix_round4.tsv
heatmap	GCF_045002895.1	40	GH1	0				official_strain_cazyme_matrix_round4.tsv
heatmap	GCF_045002895.1	40	GH2	3				official_strain_cazyme_matrix_round4.tsv
heatmap	GCF_045002895.1	40	GH3	2				official_strain_cazyme_matrix_round4.tsv
heatmap	GCF_045002895.1	40	GH27	0				official_strain_cazyme_matrix_round4.tsv
heatmap	GCF_045002895.1	40	GH36	2				official_strain_cazyme_matrix_round4.tsv
heatmap	GCF_045002895.1	40	GH51	1				official_strain_cazyme_matrix_round4.tsv
heatmap	GCF_045002895.1	40	GH54	0				official_strain_cazyme_matrix_round4.tsv
heatmap	GCF_045002895.1	40	GH78	2				official_strain_cazyme_matrix_round4.tsv
heatmap	GCF_045002895.1	40	GH79	0				official_strain_cazyme_matrix_round4.tsv
heatmap	GCF_045002895.1	40	GH106	0				official_strain_cazyme_matrix_round4.tsv
tips	GCF_022453685.1	41	phylum	Bacillota				official_strain_cazyme_matrix_round4.tsv
tips	GCF_022453685.1	41	genus	Eubacterium				official_strain_cazyme_matrix_round4.tsv
tips	GCF_022453685.1	41	gh1	1				official_strain_cazyme_matrix_round4.tsv
heatmap	GCF_022453685.1	41	GH1	1				official_strain_cazyme_matrix_round4.tsv
heatmap	GCF_022453685.1	41	GH2	3				official_strain_cazyme_matrix_round4.tsv
heatmap	GCF_022453685.1	41	GH3	3				official_strain_cazyme_matrix_round4.tsv
heatmap	GCF_022453685.1	41	GH27	0				official_strain_cazyme_matrix_round4.tsv
heatmap	GCF_022453685.1	41	GH36	2				official_strain_cazyme_matrix_round4.tsv
heatmap	GCF_022453685.1	41	GH51	1				official_strain_cazyme_matrix_round4.tsv
heatmap	GCF_022453685.1	41	GH54	0				official_strain_cazyme_matrix_round4.tsv
heatmap	GCF_022453685.1	41	GH78	0				official_strain_cazyme_matrix_round4.tsv
heatmap	GCF_022453685.1	41	GH79	0				official_strain_cazyme_matrix_round4.tsv
heatmap	GCF_022453685.1	41	GH106	0				official_strain_cazyme_matrix_round4.tsv
tips	GCF_900108125.1	42	phylum	Bacillota				official_strain_cazyme_matrix_round4.tsv
tips	GCF_900108125.1	42	genus	Lachnospira				official_strain_cazyme_matrix_round4.tsv
tips	GCF_900108125.1	42	gh1	2				official_strain_cazyme_matrix_round4.tsv
heatmap	GCF_900108125.1	42	GH1	2				official_strain_cazyme_matrix_round4.tsv
heatmap	GCF_900108125.1	42	GH2	2				official_strain_cazyme_matrix_round4.tsv
heatmap	GCF_900108125.1	42	GH3	1				official_strain_cazyme_matrix_round4.tsv
heatmap	GCF_900108125.1	42	GH27	0				official_strain_cazyme_matrix_round4.tsv
heatmap	GCF_900108125.1	42	GH36	1				official_strain_cazyme_matrix_round4.tsv
heatmap	GCF_900108125.1	42	GH51	0				official_strain_cazyme_matrix_round4.tsv
heatmap	GCF_900108125.1	42	GH54	0				official_strain_cazyme_matrix_round4.tsv
heatmap	GCF_900108125.1	42	GH78	0				official_strain_cazyme_matrix_round4.tsv
heatmap	GCF_900108125.1	42	GH79	0				official_strain_cazyme_matrix_round4.tsv
heatmap	GCF_900108125.1	42	GH106	0				official_strain_cazyme_matrix_round4.tsv
tips	GCF_016290755.1	43	phylum	Bacillota				official_strain_cazyme_matrix_round4.tsv
tips	GCF_016290755.1	43	genus	Lachnospira				official_strain_cazyme_matrix_round4.tsv
tips	GCF_016290755.1	43	gh1	2				official_strain_cazyme_matrix_round4.tsv
heatmap	GCF_016290755.1	43	GH1	2				official_strain_cazyme_matrix_round4.tsv
heatmap	GCF_016290755.1	43	GH2	2				official_strain_cazyme_matrix_round4.tsv
heatmap	GCF_016290755.1	43	GH3	1				official_strain_cazyme_matrix_round4.tsv
heatmap	GCF_016290755.1	43	GH27	0				official_strain_cazyme_matrix_round4.tsv
heatmap	GCF_016290755.1	43	GH36	1				official_strain_cazyme_matrix_round4.tsv
heatmap	GCF_016290755.1	43	GH51	0				official_strain_cazyme_matrix_round4.tsv
heatmap	GCF_016290755.1	43	GH54	0				official_strain_cazyme_matrix_round4.tsv
heatmap	GCF_016290755.1	43	GH78	0				official_strain_cazyme_matrix_round4.tsv
heatmap	GCF_016290755.1	43	GH79	0				official_strain_cazyme_matrix_round4.tsv
heatmap	GCF_016290755.1	43	GH106	0				official_strain_cazyme_matrix_round4.tsv
tips	GCF_000424105.1	44	phylum	Bacillota				official_strain_cazyme_matrix_round4.tsv
tips	GCF_000424105.1	44	genus	Lachnospira				official_strain_cazyme_matrix_round4.tsv
tips	GCF_000424105.1	44	gh1	2				official_strain_cazyme_matrix_round4.tsv
heatmap	GCF_000424105.1	44	GH1	2				official_strain_cazyme_matrix_round4.tsv
heatmap	GCF_000424105.1	44	GH2	2				official_strain_cazyme_matrix_round4.tsv
heatmap	GCF_000424105.1	44	GH3	1				official_strain_cazyme_matrix_round4.tsv
heatmap	GCF_000424105.1	44	GH27	0				official_strain_cazyme_matrix_round4.tsv
heatmap	GCF_000424105.1	44	GH36	1				official_strain_cazyme_matrix_round4.tsv
heatmap	GCF_000424105.1	44	GH51	0				official_strain_cazyme_matrix_round4.tsv
heatmap	GCF_000424105.1	44	GH54	0				official_strain_cazyme_matrix_round4.tsv
heatmap	GCF_000424105.1	44	GH78	0				official_strain_cazyme_matrix_round4.tsv
heatmap	GCF_000424105.1	44	GH79	0				official_strain_cazyme_matrix_round4.tsv
heatmap	GCF_000424105.1	44	GH106	0				official_strain_cazyme_matrix_round4.tsv
tips	GCF_900103815.1	45	phylum	Bacillota				official_strain_cazyme_matrix_round4.tsv
tips	GCF_900103815.1	45	genus	Lachnospira				official_strain_cazyme_matrix_round4.tsv
tips	GCF_900103815.1	45	gh1	3				official_strain_cazyme_matrix_round4.tsv
heatmap	GCF_900103815.1	45	GH1	3				official_strain_cazyme_matrix_round4.tsv
heatmap	GCF_900103815.1	45	GH2	2				official_strain_cazyme_matrix_round4.tsv
heatmap	GCF_900103815.1	45	GH3	1				official_strain_cazyme_matrix_round4.tsv
heatmap	GCF_900103815.1	45	GH27	0				official_strain_cazyme_matrix_round4.tsv
heatmap	GCF_900103815.1	45	GH36	1				official_strain_cazyme_matrix_round4.tsv
heatmap	GCF_900103815.1	45	GH51	0				official_strain_cazyme_matrix_round4.tsv
heatmap	GCF_900103815.1	45	GH54	0				official_strain_cazyme_matrix_round4.tsv
heatmap	GCF_900103815.1	45	GH78	0				official_strain_cazyme_matrix_round4.tsv
heatmap	GCF_900103815.1	45	GH79	0				official_strain_cazyme_matrix_round4.tsv
heatmap	GCF_900103815.1	45	GH106	0				official_strain_cazyme_matrix_round4.tsv
tips	GCF_000702205.1	46	phylum	Bacillota				official_strain_cazyme_matrix_round4.tsv
tips	GCF_000702205.1	46	genus	Lachnospira				official_strain_cazyme_matrix_round4.tsv
tips	GCF_000702205.1	46	gh1	2				official_strain_cazyme_matrix_round4.tsv
heatmap	GCF_000702205.1	46	GH1	2				official_strain_cazyme_matrix_round4.tsv
heatmap	GCF_000702205.1	46	GH2	2				official_strain_cazyme_matrix_round4.tsv
heatmap	GCF_000702205.1	46	GH3	1				official_strain_cazyme_matrix_round4.tsv
heatmap	GCF_000702205.1	46	GH27	0				official_strain_cazyme_matrix_round4.tsv
heatmap	GCF_000702205.1	46	GH36	1				official_strain_cazyme_matrix_round4.tsv
heatmap	GCF_000702205.1	46	GH51	0				official_strain_cazyme_matrix_round4.tsv
heatmap	GCF_000702205.1	46	GH54	0				official_strain_cazyme_matrix_round4.tsv
heatmap	GCF_000702205.1	46	GH78	0				official_strain_cazyme_matrix_round4.tsv
heatmap	GCF_000702205.1	46	GH79	0				official_strain_cazyme_matrix_round4.tsv
heatmap	GCF_000702205.1	46	GH106	0				official_strain_cazyme_matrix_round4.tsv
tips	GCF_000146185.1	47	phylum	Bacillota				official_strain_cazyme_matrix_round4.tsv
tips	GCF_000146185.1	47	genus	Lachnospira				official_strain_cazyme_matrix_round4.tsv
tips	GCF_000146185.1	47	gh1	1				official_strain_cazyme_matrix_round4.tsv
heatmap	GCF_000146185.1	47	GH1	1				official_strain_cazyme_matrix_round4.tsv
heatmap	GCF_000146185.1	47	GH2	2				official_strain_cazyme_matrix_round4.tsv
heatmap	GCF_000146185.1	47	GH3	0				official_strain_cazyme_matrix_round4.tsv
heatmap	GCF_000146185.1	47	GH27	0				official_strain_cazyme_matrix_round4.tsv
heatmap	GCF_000146185.1	47	GH36	0				official_strain_cazyme_matrix_round4.tsv
heatmap	GCF_000146185.1	47	GH51	0				official_strain_cazyme_matrix_round4.tsv
heatmap	GCF_000146185.1	47	GH54	0				official_strain_cazyme_matrix_round4.tsv
heatmap	GCF_000146185.1	47	GH78	0				official_strain_cazyme_matrix_round4.tsv
heatmap	GCF_000146185.1	47	GH79	0				official_strain_cazyme_matrix_round4.tsv
heatmap	GCF_000146185.1	47	GH106	0				official_strain_cazyme_matrix_round4.tsv
tips	GCF_988233935.1	48	phylum	Bacillota				official_strain_cazyme_matrix_round4.tsv
tips	GCF_988233935.1	48	genus	Eubacterium				official_strain_cazyme_matrix_round4.tsv
tips	GCF_988233935.1	48	gh1	3				official_strain_cazyme_matrix_round4.tsv
heatmap	GCF_988233935.1	48	GH1	3				official_strain_cazyme_matrix_round4.tsv
heatmap	GCF_988233935.1	48	GH2	0				official_strain_cazyme_matrix_round4.tsv
heatmap	GCF_988233935.1	48	GH3	1				official_strain_cazyme_matrix_round4.tsv
heatmap	GCF_988233935.1	48	GH27	0				official_strain_cazyme_matrix_round4.tsv
heatmap	GCF_988233935.1	48	GH36	0				official_strain_cazyme_matrix_round4.tsv
heatmap	GCF_988233935.1	48	GH51	0				official_strain_cazyme_matrix_round4.tsv
heatmap	GCF_988233935.1	48	GH54	0				official_strain_cazyme_matrix_round4.tsv
heatmap	GCF_988233935.1	48	GH78	0				official_strain_cazyme_matrix_round4.tsv
heatmap	GCF_988233935.1	48	GH79	0				official_strain_cazyme_matrix_round4.tsv
heatmap	GCF_988233935.1	48	GH106	0				official_strain_cazyme_matrix_round4.tsv
tips	GCF_025150745.1	49	phylum	Bacillota				official_strain_cazyme_matrix_round4.tsv
tips	GCF_025150745.1	49	genus	Eubacterium				official_strain_cazyme_matrix_round4.tsv
tips	GCF_025150745.1	49	gh1	1				official_strain_cazyme_matrix_round4.tsv
heatmap	GCF_025150745.1	49	GH1	1				official_strain_cazyme_matrix_round4.tsv
heatmap	GCF_025150745.1	49	GH2	2				official_strain_cazyme_matrix_round4.tsv
heatmap	GCF_025150745.1	49	GH3	2				official_strain_cazyme_matrix_round4.tsv
heatmap	GCF_025150745.1	49	GH27	0				official_strain_cazyme_matrix_round4.tsv
heatmap	GCF_025150745.1	49	GH36	0				official_strain_cazyme_matrix_round4.tsv
heatmap	GCF_025150745.1	49	GH51	0				official_strain_cazyme_matrix_round4.tsv
heatmap	GCF_025150745.1	49	GH54	0				official_strain_cazyme_matrix_round4.tsv
heatmap	GCF_025150745.1	49	GH78	0				official_strain_cazyme_matrix_round4.tsv
heatmap	GCF_025150745.1	49	GH79	0				official_strain_cazyme_matrix_round4.tsv
heatmap	GCF_025150745.1	49	GH106	0				official_strain_cazyme_matrix_round4.tsv
tips	GCF_060803915.1	50	phylum	Bacillota				official_strain_cazyme_matrix_round4.tsv
tips	GCF_060803915.1	50	genus	Eubacterium				official_strain_cazyme_matrix_round4.tsv
tips	GCF_060803915.1	50	gh1	1				official_strain_cazyme_matrix_round4.tsv
heatmap	GCF_060803915.1	50	GH1	1				official_strain_cazyme_matrix_round4.tsv
heatmap	GCF_060803915.1	50	GH2	1				official_strain_cazyme_matrix_round4.tsv
heatmap	GCF_060803915.1	50	GH3	1				official_strain_cazyme_matrix_round4.tsv
heatmap	GCF_060803915.1	50	GH27	0				official_strain_cazyme_matrix_round4.tsv
heatmap	GCF_060803915.1	50	GH36	1				official_strain_cazyme_matrix_round4.tsv
heatmap	GCF_060803915.1	50	GH51	0				official_strain_cazyme_matrix_round4.tsv
heatmap	GCF_060803915.1	50	GH54	0				official_strain_cazyme_matrix_round4.tsv
heatmap	GCF_060803915.1	50	GH78	0				official_strain_cazyme_matrix_round4.tsv
heatmap	GCF_060803915.1	50	GH79	0				official_strain_cazyme_matrix_round4.tsv
heatmap	GCF_060803915.1	50	GH106	0				official_strain_cazyme_matrix_round4.tsv
tips	GCF_022174665.1	51	phylum	Bacillota				official_strain_cazyme_matrix_round4.tsv
tips	GCF_022174665.1	51	genus	Eubacterium				official_strain_cazyme_matrix_round4.tsv
tips	GCF_022174665.1	51	gh1	2				official_strain_cazyme_matrix_round4.tsv
heatmap	GCF_022174665.1	51	GH1	2				official_strain_cazyme_matrix_round4.tsv
heatmap	GCF_022174665.1	51	GH2	1				official_strain_cazyme_matrix_round4.tsv
heatmap	GCF_022174665.1	51	GH3	2				official_strain_cazyme_matrix_round4.tsv
heatmap	GCF_022174665.1	51	GH27	0				official_strain_cazyme_matrix_round4.tsv
heatmap	GCF_022174665.1	51	GH36	1				official_strain_cazyme_matrix_round4.tsv
heatmap	GCF_022174665.1	51	GH51	0				official_strain_cazyme_matrix_round4.tsv
heatmap	GCF_022174665.1	51	GH54	0				official_strain_cazyme_matrix_round4.tsv
heatmap	GCF_022174665.1	51	GH78	0				official_strain_cazyme_matrix_round4.tsv
heatmap	GCF_022174665.1	51	GH79	0				official_strain_cazyme_matrix_round4.tsv
heatmap	GCF_022174665.1	51	GH106	0				official_strain_cazyme_matrix_round4.tsv
tips	GCF_009739945.1	52	phylum	Bacillota				official_strain_cazyme_matrix_round4.tsv
tips	GCF_009739945.1	52	genus	Bacillus				official_strain_cazyme_matrix_round4.tsv
tips	GCF_009739945.1	52	gh1	1				official_strain_cazyme_matrix_round4.tsv
heatmap	GCF_009739945.1	52	GH1	1				official_strain_cazyme_matrix_round4.tsv
heatmap	GCF_009739945.1	52	GH2	0				official_strain_cazyme_matrix_round4.tsv
heatmap	GCF_009739945.1	52	GH3	0				official_strain_cazyme_matrix_round4.tsv
heatmap	GCF_009739945.1	52	GH27	0				official_strain_cazyme_matrix_round4.tsv
heatmap	GCF_009739945.1	52	GH36	0				official_strain_cazyme_matrix_round4.tsv
heatmap	GCF_009739945.1	52	GH51	0				official_strain_cazyme_matrix_round4.tsv
heatmap	GCF_009739945.1	52	GH54	0				official_strain_cazyme_matrix_round4.tsv
heatmap	GCF_009739945.1	52	GH78	0				official_strain_cazyme_matrix_round4.tsv
heatmap	GCF_009739945.1	52	GH79	0				official_strain_cazyme_matrix_round4.tsv
heatmap	GCF_009739945.1	52	GH106	0				official_strain_cazyme_matrix_round4.tsv
tips	GCF_042136375.2	53	phylum	Bacillota				official_strain_cazyme_matrix_round4.tsv
tips	GCF_042136375.2	53	genus	Bacillus				official_strain_cazyme_matrix_round4.tsv
tips	GCF_042136375.2	53	gh1	1				official_strain_cazyme_matrix_round4.tsv
heatmap	GCF_042136375.2	53	GH1	1				official_strain_cazyme_matrix_round4.tsv
heatmap	GCF_042136375.2	53	GH2	0				official_strain_cazyme_matrix_round4.tsv
heatmap	GCF_042136375.2	53	GH3	1				official_strain_cazyme_matrix_round4.tsv
heatmap	GCF_042136375.2	53	GH27	0				official_strain_cazyme_matrix_round4.tsv
heatmap	GCF_042136375.2	53	GH36	0				official_strain_cazyme_matrix_round4.tsv
heatmap	GCF_042136375.2	53	GH51	0				official_strain_cazyme_matrix_round4.tsv
heatmap	GCF_042136375.2	53	GH54	0				official_strain_cazyme_matrix_round4.tsv
heatmap	GCF_042136375.2	53	GH78	0				official_strain_cazyme_matrix_round4.tsv
heatmap	GCF_042136375.2	53	GH79	0				official_strain_cazyme_matrix_round4.tsv
heatmap	GCF_042136375.2	53	GH106	0				official_strain_cazyme_matrix_round4.tsv
tips	GCF_018739485.1	54	phylum	Bacillota				official_strain_cazyme_matrix_round4.tsv
tips	GCF_018739485.1	54	genus	Bacillus				official_strain_cazyme_matrix_round4.tsv
tips	GCF_018739485.1	54	gh1	1				official_strain_cazyme_matrix_round4.tsv
heatmap	GCF_018739485.1	54	GH1	1				official_strain_cazyme_matrix_round4.tsv
heatmap	GCF_018739485.1	54	GH2	0				official_strain_cazyme_matrix_round4.tsv
heatmap	GCF_018739485.1	54	GH3	1				official_strain_cazyme_matrix_round4.tsv
heatmap	GCF_018739485.1	54	GH27	0				official_strain_cazyme_matrix_round4.tsv
heatmap	GCF_018739485.1	54	GH36	0				official_strain_cazyme_matrix_round4.tsv
heatmap	GCF_018739485.1	54	GH51	0				official_strain_cazyme_matrix_round4.tsv
heatmap	GCF_018739485.1	54	GH54	0				official_strain_cazyme_matrix_round4.tsv
heatmap	GCF_018739485.1	54	GH78	0				official_strain_cazyme_matrix_round4.tsv
heatmap	GCF_018739485.1	54	GH79	0				official_strain_cazyme_matrix_round4.tsv
heatmap	GCF_018739485.1	54	GH106	0				official_strain_cazyme_matrix_round4.tsv
tips	GCF_056776715.1	55	phylum	Bacillota				official_strain_cazyme_matrix_round4.tsv
tips	GCF_056776715.1	55	genus	Bacillus				official_strain_cazyme_matrix_round4.tsv
tips	GCF_056776715.1	55	gh1	0				official_strain_cazyme_matrix_round4.tsv
heatmap	GCF_056776715.1	55	GH1	0				official_strain_cazyme_matrix_round4.tsv
heatmap	GCF_056776715.1	55	GH2	0				official_strain_cazyme_matrix_round4.tsv
heatmap	GCF_056776715.1	55	GH3	1				official_strain_cazyme_matrix_round4.tsv
heatmap	GCF_056776715.1	55	GH27	0				official_strain_cazyme_matrix_round4.tsv
heatmap	GCF_056776715.1	55	GH36	0				official_strain_cazyme_matrix_round4.tsv
heatmap	GCF_056776715.1	55	GH51	0				official_strain_cazyme_matrix_round4.tsv
heatmap	GCF_056776715.1	55	GH54	0				official_strain_cazyme_matrix_round4.tsv
heatmap	GCF_056776715.1	55	GH78	1				official_strain_cazyme_matrix_round4.tsv
heatmap	GCF_056776715.1	55	GH79	0				official_strain_cazyme_matrix_round4.tsv
heatmap	GCF_056776715.1	55	GH106	0				official_strain_cazyme_matrix_round4.tsv
tips	GCF_016605985.1	56	phylum	Bacillota				official_strain_cazyme_matrix_round4.tsv
tips	GCF_016605985.1	56	genus	Bacillus				official_strain_cazyme_matrix_round4.tsv
tips	GCF_016605985.1	56	gh1	2				official_strain_cazyme_matrix_round4.tsv
heatmap	GCF_016605985.1	56	GH1	2				official_strain_cazyme_matrix_round4.tsv
heatmap	GCF_016605985.1	56	GH2	0				official_strain_cazyme_matrix_round4.tsv
heatmap	GCF_016605985.1	56	GH3	1				official_strain_cazyme_matrix_round4.tsv
heatmap	GCF_016605985.1	56	GH27	0				official_strain_cazyme_matrix_round4.tsv
heatmap	GCF_016605985.1	56	GH36	0				official_strain_cazyme_matrix_round4.tsv
heatmap	GCF_016605985.1	56	GH51	0				official_strain_cazyme_matrix_round4.tsv
heatmap	GCF_016605985.1	56	GH54	0				official_strain_cazyme_matrix_round4.tsv
heatmap	GCF_016605985.1	56	GH78	0				official_strain_cazyme_matrix_round4.tsv
heatmap	GCF_016605985.1	56	GH79	0				official_strain_cazyme_matrix_round4.tsv
heatmap	GCF_016605985.1	56	GH106	0				official_strain_cazyme_matrix_round4.tsv
tips	GCF_056856795.1	57	phylum	Bacillota				official_strain_cazyme_matrix_round4.tsv
tips	GCF_056856795.1	57	genus	Bacillus				official_strain_cazyme_matrix_round4.tsv
tips	GCF_056856795.1	57	gh1	2				official_strain_cazyme_matrix_round4.tsv
heatmap	GCF_056856795.1	57	GH1	2				official_strain_cazyme_matrix_round4.tsv
heatmap	GCF_056856795.1	57	GH2	0				official_strain_cazyme_matrix_round4.tsv
heatmap	GCF_056856795.1	57	GH3	0				official_strain_cazyme_matrix_round4.tsv
heatmap	GCF_056856795.1	57	GH27	0				official_strain_cazyme_matrix_round4.tsv
heatmap	GCF_056856795.1	57	GH36	0				official_strain_cazyme_matrix_round4.tsv
heatmap	GCF_056856795.1	57	GH51	0				official_strain_cazyme_matrix_round4.tsv
heatmap	GCF_056856795.1	57	GH54	0				official_strain_cazyme_matrix_round4.tsv
heatmap	GCF_056856795.1	57	GH78	0				official_strain_cazyme_matrix_round4.tsv
heatmap	GCF_056856795.1	57	GH79	0				official_strain_cazyme_matrix_round4.tsv
heatmap	GCF_056856795.1	57	GH106	0				official_strain_cazyme_matrix_round4.tsv
tips	GCF_057198225.1	58	phylum	Bacillota				official_strain_cazyme_matrix_round4.tsv
tips	GCF_057198225.1	58	genus	Bacillus				official_strain_cazyme_matrix_round4.tsv
tips	GCF_057198225.1	58	gh1	1				official_strain_cazyme_matrix_round4.tsv
heatmap	GCF_057198225.1	58	GH1	1				official_strain_cazyme_matrix_round4.tsv
heatmap	GCF_057198225.1	58	GH2	0				official_strain_cazyme_matrix_round4.tsv
heatmap	GCF_057198225.1	58	GH3	0				official_strain_cazyme_matrix_round4.tsv
heatmap	GCF_057198225.1	58	GH27	0				official_strain_cazyme_matrix_round4.tsv
heatmap	GCF_057198225.1	58	GH36	0				official_strain_cazyme_matrix_round4.tsv
heatmap	GCF_057198225.1	58	GH51	0				official_strain_cazyme_matrix_round4.tsv
heatmap	GCF_057198225.1	58	GH54	0				official_strain_cazyme_matrix_round4.tsv
heatmap	GCF_057198225.1	58	GH78	1				official_strain_cazyme_matrix_round4.tsv
heatmap	GCF_057198225.1	58	GH79	0				official_strain_cazyme_matrix_round4.tsv
heatmap	GCF_057198225.1	58	GH106	0				official_strain_cazyme_matrix_round4.tsv
tips	GCF_038096195.1	59	phylum	Bacillota				official_strain_cazyme_matrix_round4.tsv
tips	GCF_038096195.1	59	genus	Bacillus				official_strain_cazyme_matrix_round4.tsv
tips	GCF_038096195.1	59	gh1	2				official_strain_cazyme_matrix_round4.tsv
heatmap	GCF_038096195.1	59	GH1	2				official_strain_cazyme_matrix_round4.tsv
heatmap	GCF_038096195.1	59	GH2	0				official_strain_cazyme_matrix_round4.tsv
heatmap	GCF_038096195.1	59	GH3	0				official_strain_cazyme_matrix_round4.tsv
heatmap	GCF_038096195.1	59	GH27	0				official_strain_cazyme_matrix_round4.tsv
heatmap	GCF_038096195.1	59	GH36	0				official_strain_cazyme_matrix_round4.tsv
heatmap	GCF_038096195.1	59	GH51	0				official_strain_cazyme_matrix_round4.tsv
heatmap	GCF_038096195.1	59	GH54	0				official_strain_cazyme_matrix_round4.tsv
heatmap	GCF_038096195.1	59	GH78	1				official_strain_cazyme_matrix_round4.tsv
heatmap	GCF_038096195.1	59	GH79	0				official_strain_cazyme_matrix_round4.tsv
heatmap	GCF_038096195.1	59	GH106	0				official_strain_cazyme_matrix_round4.tsv
tips	GCF_052947655.1	60	phylum	Bacillota				official_strain_cazyme_matrix_round4.tsv
tips	GCF_052947655.1	60	genus	Bacillus				official_strain_cazyme_matrix_round4.tsv
tips	GCF_052947655.1	60	gh1	2				official_strain_cazyme_matrix_round4.tsv
heatmap	GCF_052947655.1	60	GH1	2				official_strain_cazyme_matrix_round4.tsv
heatmap	GCF_052947655.1	60	GH2	0				official_strain_cazyme_matrix_round4.tsv
heatmap	GCF_052947655.1	60	GH3	0				official_strain_cazyme_matrix_round4.tsv
heatmap	GCF_052947655.1	60	GH27	0				official_strain_cazyme_matrix_round4.tsv
heatmap	GCF_052947655.1	60	GH36	0				official_strain_cazyme_matrix_round4.tsv
heatmap	GCF_052947655.1	60	GH51	0				official_strain_cazyme_matrix_round4.tsv
heatmap	GCF_052947655.1	60	GH54	0				official_strain_cazyme_matrix_round4.tsv
heatmap	GCF_052947655.1	60	GH78	1				official_strain_cazyme_matrix_round4.tsv
heatmap	GCF_052947655.1	60	GH79	0				official_strain_cazyme_matrix_round4.tsv
heatmap	GCF_052947655.1	60	GH106	0				official_strain_cazyme_matrix_round4.tsv
tips	GCF_030292135.1	61	phylum	Bacillota				official_strain_cazyme_matrix_round4.tsv
tips	GCF_030292135.1	61	genus	Bacillus				official_strain_cazyme_matrix_round4.tsv
tips	GCF_030292135.1	61	gh1	2				official_strain_cazyme_matrix_round4.tsv
heatmap	GCF_030292135.1	61	GH1	2				official_strain_cazyme_matrix_round4.tsv
heatmap	GCF_030292135.1	61	GH2	0				official_strain_cazyme_matrix_round4.tsv
heatmap	GCF_030292135.1	61	GH3	0				official_strain_cazyme_matrix_round4.tsv
heatmap	GCF_030292135.1	61	GH27	0				official_strain_cazyme_matrix_round4.tsv
heatmap	GCF_030292135.1	61	GH36	0				official_strain_cazyme_matrix_round4.tsv
heatmap	GCF_030292135.1	61	GH51	0				official_strain_cazyme_matrix_round4.tsv
heatmap	GCF_030292135.1	61	GH54	0				official_strain_cazyme_matrix_round4.tsv
heatmap	GCF_030292135.1	61	GH78	1				official_strain_cazyme_matrix_round4.tsv
heatmap	GCF_030292135.1	61	GH79	0				official_strain_cazyme_matrix_round4.tsv
heatmap	GCF_030292135.1	61	GH106	0				official_strain_cazyme_matrix_round4.tsv
tips	GCF_024296885.1	62	phylum	Bacillota				official_strain_cazyme_matrix_round4.tsv
tips	GCF_024296885.1	62	genus	Bacillus				official_strain_cazyme_matrix_round4.tsv
tips	GCF_024296885.1	62	gh1	0				official_strain_cazyme_matrix_round4.tsv
heatmap	GCF_024296885.1	62	GH1	0				official_strain_cazyme_matrix_round4.tsv
heatmap	GCF_024296885.1	62	GH2	0				official_strain_cazyme_matrix_round4.tsv
heatmap	GCF_024296885.1	62	GH3	0				official_strain_cazyme_matrix_round4.tsv
heatmap	GCF_024296885.1	62	GH27	0				official_strain_cazyme_matrix_round4.tsv
heatmap	GCF_024296885.1	62	GH36	0				official_strain_cazyme_matrix_round4.tsv
heatmap	GCF_024296885.1	62	GH51	0				official_strain_cazyme_matrix_round4.tsv
heatmap	GCF_024296885.1	62	GH54	0				official_strain_cazyme_matrix_round4.tsv
heatmap	GCF_024296885.1	62	GH78	1				official_strain_cazyme_matrix_round4.tsv
heatmap	GCF_024296885.1	62	GH79	0				official_strain_cazyme_matrix_round4.tsv
heatmap	GCF_024296885.1	62	GH106	0				official_strain_cazyme_matrix_round4.tsv
tips	GCF_020861345.1	63	phylum	Bacillota				official_strain_cazyme_matrix_round4.tsv
tips	GCF_020861345.1	63	genus	Bacillus				official_strain_cazyme_matrix_round4.tsv
tips	GCF_020861345.1	63	gh1	0				official_strain_cazyme_matrix_round4.tsv
heatmap	GCF_020861345.1	63	GH1	0				official_strain_cazyme_matrix_round4.tsv
heatmap	GCF_020861345.1	63	GH2	0				official_strain_cazyme_matrix_round4.tsv
heatmap	GCF_020861345.1	63	GH3	0				official_strain_cazyme_matrix_round4.tsv
heatmap	GCF_020861345.1	63	GH27	0				official_strain_cazyme_matrix_round4.tsv
heatmap	GCF_020861345.1	63	GH36	0				official_strain_cazyme_matrix_round4.tsv
heatmap	GCF_020861345.1	63	GH51	0				official_strain_cazyme_matrix_round4.tsv
heatmap	GCF_020861345.1	63	GH54	0				official_strain_cazyme_matrix_round4.tsv
heatmap	GCF_020861345.1	63	GH78	1				official_strain_cazyme_matrix_round4.tsv
heatmap	GCF_020861345.1	63	GH79	0				official_strain_cazyme_matrix_round4.tsv
heatmap	GCF_020861345.1	63	GH106	0				official_strain_cazyme_matrix_round4.tsv
tips	GCF_000008445.1	64	phylum	Bacillota				official_strain_cazyme_matrix_round4.tsv
tips	GCF_000008445.1	64	genus	Bacillus				official_strain_cazyme_matrix_round4.tsv
tips	GCF_000008445.1	64	gh1	0				official_strain_cazyme_matrix_round4.tsv
heatmap	GCF_000008445.1	64	GH1	0				official_strain_cazyme_matrix_round4.tsv
heatmap	GCF_000008445.1	64	GH2	0				official_strain_cazyme_matrix_round4.tsv
heatmap	GCF_000008445.1	64	GH3	0				official_strain_cazyme_matrix_round4.tsv
heatmap	GCF_000008445.1	64	GH27	0				official_strain_cazyme_matrix_round4.tsv
heatmap	GCF_000008445.1	64	GH36	0				official_strain_cazyme_matrix_round4.tsv
heatmap	GCF_000008445.1	64	GH51	0				official_strain_cazyme_matrix_round4.tsv
heatmap	GCF_000008445.1	64	GH54	0				official_strain_cazyme_matrix_round4.tsv
heatmap	GCF_000008445.1	64	GH78	0				official_strain_cazyme_matrix_round4.tsv
heatmap	GCF_000008445.1	64	GH79	0				official_strain_cazyme_matrix_round4.tsv
heatmap	GCF_000008445.1	64	GH106	0				official_strain_cazyme_matrix_round4.tsv
tips	GCF_031357045.1	65	phylum	Bacillota				official_strain_cazyme_matrix_round4.tsv
tips	GCF_031357045.1	65	genus	Bacillus				official_strain_cazyme_matrix_round4.tsv
tips	GCF_031357045.1	65	gh1	1				official_strain_cazyme_matrix_round4.tsv
heatmap	GCF_031357045.1	65	GH1	1				official_strain_cazyme_matrix_round4.tsv
heatmap	GCF_031357045.1	65	GH2	0				official_strain_cazyme_matrix_round4.tsv
heatmap	GCF_031357045.1	65	GH3	0				official_strain_cazyme_matrix_round4.tsv
heatmap	GCF_031357045.1	65	GH27	0				official_strain_cazyme_matrix_round4.tsv
heatmap	GCF_031357045.1	65	GH36	0				official_strain_cazyme_matrix_round4.tsv
heatmap	GCF_031357045.1	65	GH51	0				official_strain_cazyme_matrix_round4.tsv
heatmap	GCF_031357045.1	65	GH54	0				official_strain_cazyme_matrix_round4.tsv
heatmap	GCF_031357045.1	65	GH78	0				official_strain_cazyme_matrix_round4.tsv
heatmap	GCF_031357045.1	65	GH79	0				official_strain_cazyme_matrix_round4.tsv
heatmap	GCF_031357045.1	65	GH106	0				official_strain_cazyme_matrix_round4.tsv
tips	GCF_006094295.1	66	phylum	Bacillota				official_strain_cazyme_matrix_round4.tsv
tips	GCF_006094295.1	66	genus	Bacillus				official_strain_cazyme_matrix_round4.tsv
tips	GCF_006094295.1	66	gh1	1				official_strain_cazyme_matrix_round4.tsv
heatmap	GCF_006094295.1	66	GH1	1				official_strain_cazyme_matrix_round4.tsv
heatmap	GCF_006094295.1	66	GH2	0				official_strain_cazyme_matrix_round4.tsv
heatmap	GCF_006094295.1	66	GH3	0				official_strain_cazyme_matrix_round4.tsv
heatmap	GCF_006094295.1	66	GH27	0				official_strain_cazyme_matrix_round4.tsv
heatmap	GCF_006094295.1	66	GH36	0				official_strain_cazyme_matrix_round4.tsv
heatmap	GCF_006094295.1	66	GH51	0				official_strain_cazyme_matrix_round4.tsv
heatmap	GCF_006094295.1	66	GH54	0				official_strain_cazyme_matrix_round4.tsv
heatmap	GCF_006094295.1	66	GH78	0				official_strain_cazyme_matrix_round4.tsv
heatmap	GCF_006094295.1	66	GH79	0				official_strain_cazyme_matrix_round4.tsv
heatmap	GCF_006094295.1	66	GH106	0				official_strain_cazyme_matrix_round4.tsv
tips	GCF_034478925.1	67	phylum	Bacillota				official_strain_cazyme_matrix_round4.tsv
tips	GCF_034478925.1	67	genus	Bacillus				official_strain_cazyme_matrix_round4.tsv
tips	GCF_034478925.1	67	gh1	6				official_strain_cazyme_matrix_round4.tsv
heatmap	GCF_034478925.1	67	GH1	6				official_strain_cazyme_matrix_round4.tsv
heatmap	GCF_034478925.1	67	GH2	0				official_strain_cazyme_matrix_round4.tsv
heatmap	GCF_034478925.1	67	GH3	2				official_strain_cazyme_matrix_round4.tsv
heatmap	GCF_034478925.1	67	GH27	0				official_strain_cazyme_matrix_round4.tsv
heatmap	GCF_034478925.1	67	GH36	0				official_strain_cazyme_matrix_round4.tsv
heatmap	GCF_034478925.1	67	GH51	1				official_strain_cazyme_matrix_round4.tsv
heatmap	GCF_034478925.1	67	GH54	0				official_strain_cazyme_matrix_round4.tsv
heatmap	GCF_034478925.1	67	GH78	0				official_strain_cazyme_matrix_round4.tsv
heatmap	GCF_034478925.1	67	GH79	0				official_strain_cazyme_matrix_round4.tsv
heatmap	GCF_034478925.1	67	GH106	0				official_strain_cazyme_matrix_round4.tsv
tips	GCF_000009045.1	68	phylum	Bacillota				official_strain_cazyme_matrix_round4.tsv
tips	GCF_000009045.1	68	genus	Bacillus				official_strain_cazyme_matrix_round4.tsv
tips	GCF_000009045.1	68	gh1	4				official_strain_cazyme_matrix_round4.tsv
heatmap	GCF_000009045.1	68	GH1	4				official_strain_cazyme_matrix_round4.tsv
heatmap	GCF_000009045.1	68	GH2	0				official_strain_cazyme_matrix_round4.tsv
heatmap	GCF_000009045.1	68	GH3	1				official_strain_cazyme_matrix_round4.tsv
heatmap	GCF_000009045.1	68	GH27	0				official_strain_cazyme_matrix_round4.tsv
heatmap	GCF_000009045.1	68	GH36	0				official_strain_cazyme_matrix_round4.tsv
heatmap	GCF_000009045.1	68	GH51	2				official_strain_cazyme_matrix_round4.tsv
heatmap	GCF_000009045.1	68	GH54	0				official_strain_cazyme_matrix_round4.tsv
heatmap	GCF_000009045.1	68	GH78	0				official_strain_cazyme_matrix_round4.tsv
heatmap	GCF_000009045.1	68	GH79	0				official_strain_cazyme_matrix_round4.tsv
heatmap	GCF_000009045.1	68	GH106	0				official_strain_cazyme_matrix_round4.tsv
tips	GCF_002970935.1	69	phylum	Bacillota				official_strain_cazyme_matrix_round4.tsv
tips	GCF_002970935.1	69	genus	Lactiplantibacillus				official_strain_cazyme_matrix_round4.tsv
tips	GCF_002970935.1	69	gh1	9				official_strain_cazyme_matrix_round4.tsv
heatmap	GCF_002970935.1	69	GH1	9				official_strain_cazyme_matrix_round4.tsv
heatmap	GCF_002970935.1	69	GH2	1				official_strain_cazyme_matrix_round4.tsv
heatmap	GCF_002970935.1	69	GH3	1				official_strain_cazyme_matrix_round4.tsv
heatmap	GCF_002970935.1	69	GH27	0				official_strain_cazyme_matrix_round4.tsv
heatmap	GCF_002970935.1	69	GH36	1				official_strain_cazyme_matrix_round4.tsv
heatmap	GCF_002970935.1	69	GH51	0				official_strain_cazyme_matrix_round4.tsv
heatmap	GCF_002970935.1	69	GH54	0				official_strain_cazyme_matrix_round4.tsv
heatmap	GCF_002970935.1	69	GH78	1				official_strain_cazyme_matrix_round4.tsv
heatmap	GCF_002970935.1	69	GH79	0				official_strain_cazyme_matrix_round4.tsv
heatmap	GCF_002970935.1	69	GH106	0				official_strain_cazyme_matrix_round4.tsv
tips	GCF_002970915.1	70	phylum	Bacillota				official_strain_cazyme_matrix_round4.tsv
tips	GCF_002970915.1	70	genus	Lactiplantibacillus				official_strain_cazyme_matrix_round4.tsv
tips	GCF_002970915.1	70	gh1	8				official_strain_cazyme_matrix_round4.tsv
heatmap	GCF_002970915.1	70	GH1	8				official_strain_cazyme_matrix_round4.tsv
heatmap	GCF_002970915.1	70	GH2	1				official_strain_cazyme_matrix_round4.tsv
heatmap	GCF_002970915.1	70	GH3	0				official_strain_cazyme_matrix_round4.tsv
heatmap	GCF_002970915.1	70	GH27	0				official_strain_cazyme_matrix_round4.tsv
heatmap	GCF_002970915.1	70	GH36	1				official_strain_cazyme_matrix_round4.tsv
heatmap	GCF_002970915.1	70	GH51	0				official_strain_cazyme_matrix_round4.tsv
heatmap	GCF_002970915.1	70	GH54	0				official_strain_cazyme_matrix_round4.tsv
heatmap	GCF_002970915.1	70	GH78	0				official_strain_cazyme_matrix_round4.tsv
heatmap	GCF_002970915.1	70	GH79	0				official_strain_cazyme_matrix_round4.tsv
heatmap	GCF_002970915.1	70	GH106	0				official_strain_cazyme_matrix_round4.tsv
tips	GCF_045862825.1	71	phylum	Bacillota				official_strain_cazyme_matrix_round4.tsv
tips	GCF_045862825.1	71	genus	Lactiplantibacillus				official_strain_cazyme_matrix_round4.tsv
tips	GCF_045862825.1	71	gh1	11				official_strain_cazyme_matrix_round4.tsv
heatmap	GCF_045862825.1	71	GH1	11				official_strain_cazyme_matrix_round4.tsv
heatmap	GCF_045862825.1	71	GH2	0				official_strain_cazyme_matrix_round4.tsv
heatmap	GCF_045862825.1	71	GH3	1				official_strain_cazyme_matrix_round4.tsv
heatmap	GCF_045862825.1	71	GH27	0				official_strain_cazyme_matrix_round4.tsv
heatmap	GCF_045862825.1	71	GH36	2				official_strain_cazyme_matrix_round4.tsv
heatmap	GCF_045862825.1	71	GH51	0				official_strain_cazyme_matrix_round4.tsv
heatmap	GCF_045862825.1	71	GH54	0				official_strain_cazyme_matrix_round4.tsv
heatmap	GCF_045862825.1	71	GH78	1				official_strain_cazyme_matrix_round4.tsv
heatmap	GCF_045862825.1	71	GH79	0				official_strain_cazyme_matrix_round4.tsv
heatmap	GCF_045862825.1	71	GH106	0				official_strain_cazyme_matrix_round4.tsv
tips	GCF_963243495.1	72	phylum	Bacillota				official_strain_cazyme_matrix_round4.tsv
tips	GCF_963243495.1	72	genus	Lactiplantibacillus				official_strain_cazyme_matrix_round4.tsv
tips	GCF_963243495.1	72	gh1	7				official_strain_cazyme_matrix_round4.tsv
heatmap	GCF_963243495.1	72	GH1	7				official_strain_cazyme_matrix_round4.tsv
heatmap	GCF_963243495.1	72	GH2	1				official_strain_cazyme_matrix_round4.tsv
heatmap	GCF_963243495.1	72	GH3	1				official_strain_cazyme_matrix_round4.tsv
heatmap	GCF_963243495.1	72	GH27	0				official_strain_cazyme_matrix_round4.tsv
heatmap	GCF_963243495.1	72	GH36	0				official_strain_cazyme_matrix_round4.tsv
heatmap	GCF_963243495.1	72	GH51	0				official_strain_cazyme_matrix_round4.tsv
heatmap	GCF_963243495.1	72	GH54	0				official_strain_cazyme_matrix_round4.tsv
heatmap	GCF_963243495.1	72	GH78	1				official_strain_cazyme_matrix_round4.tsv
heatmap	GCF_963243495.1	72	GH79	0				official_strain_cazyme_matrix_round4.tsv
heatmap	GCF_963243495.1	72	GH106	0				official_strain_cazyme_matrix_round4.tsv
tips	GCF_947539765.1	73	phylum	Bacillota				official_strain_cazyme_matrix_round4.tsv
tips	GCF_947539765.1	73	genus	Lactiplantibacillus				official_strain_cazyme_matrix_round4.tsv
tips	GCF_947539765.1	73	gh1	9				official_strain_cazyme_matrix_round4.tsv
heatmap	GCF_947539765.1	73	GH1	9				official_strain_cazyme_matrix_round4.tsv
heatmap	GCF_947539765.1	73	GH2	0				official_strain_cazyme_matrix_round4.tsv
heatmap	GCF_947539765.1	73	GH3	0				official_strain_cazyme_matrix_round4.tsv
heatmap	GCF_947539765.1	73	GH27	0				official_strain_cazyme_matrix_round4.tsv
heatmap	GCF_947539765.1	73	GH36	1				official_strain_cazyme_matrix_round4.tsv
heatmap	GCF_947539765.1	73	GH51	0				official_strain_cazyme_matrix_round4.tsv
heatmap	GCF_947539765.1	73	GH54	0				official_strain_cazyme_matrix_round4.tsv
heatmap	GCF_947539765.1	73	GH78	0				official_strain_cazyme_matrix_round4.tsv
heatmap	GCF_947539765.1	73	GH79	0				official_strain_cazyme_matrix_round4.tsv
heatmap	GCF_947539765.1	73	GH106	0				official_strain_cazyme_matrix_round4.tsv
tips	GCF_009913655.1	74	phylum	Bacillota				official_strain_cazyme_matrix_round4.tsv
tips	GCF_009913655.1	74	genus	Lactiplantibacillus				official_strain_cazyme_matrix_round4.tsv
tips	GCF_009913655.1	74	gh1	10				official_strain_cazyme_matrix_round4.tsv
heatmap	GCF_009913655.1	74	GH1	10				official_strain_cazyme_matrix_round4.tsv
heatmap	GCF_009913655.1	74	GH2	1				official_strain_cazyme_matrix_round4.tsv
heatmap	GCF_009913655.1	74	GH3	0				official_strain_cazyme_matrix_round4.tsv
heatmap	GCF_009913655.1	74	GH27	0				official_strain_cazyme_matrix_round4.tsv
heatmap	GCF_009913655.1	74	GH36	2				official_strain_cazyme_matrix_round4.tsv
heatmap	GCF_009913655.1	74	GH51	0				official_strain_cazyme_matrix_round4.tsv
heatmap	GCF_009913655.1	74	GH54	0				official_strain_cazyme_matrix_round4.tsv
heatmap	GCF_009913655.1	74	GH78	2				official_strain_cazyme_matrix_round4.tsv
heatmap	GCF_009913655.1	74	GH79	0				official_strain_cazyme_matrix_round4.tsv
heatmap	GCF_009913655.1	74	GH106	0				official_strain_cazyme_matrix_round4.tsv
tips	GCF_057815115.1	75	phylum	Bacillota				official_strain_cazyme_matrix_round4.tsv
tips	GCF_057815115.1	75	genus	Lactiplantibacillus				official_strain_cazyme_matrix_round4.tsv
tips	GCF_057815115.1	75	gh1	10				official_strain_cazyme_matrix_round4.tsv
heatmap	GCF_057815115.1	75	GH1	10				official_strain_cazyme_matrix_round4.tsv
heatmap	GCF_057815115.1	75	GH2	1				official_strain_cazyme_matrix_round4.tsv
heatmap	GCF_057815115.1	75	GH3	0				official_strain_cazyme_matrix_round4.tsv
heatmap	GCF_057815115.1	75	GH27	0				official_strain_cazyme_matrix_round4.tsv
heatmap	GCF_057815115.1	75	GH36	2				official_strain_cazyme_matrix_round4.tsv
heatmap	GCF_057815115.1	75	GH51	0				official_strain_cazyme_matrix_round4.tsv
heatmap	GCF_057815115.1	75	GH54	0				official_strain_cazyme_matrix_round4.tsv
heatmap	GCF_057815115.1	75	GH78	3				official_strain_cazyme_matrix_round4.tsv
heatmap	GCF_057815115.1	75	GH79	0				official_strain_cazyme_matrix_round4.tsv
heatmap	GCF_057815115.1	75	GH106	0				official_strain_cazyme_matrix_round4.tsv
tips	GCF_037290055.1	76	phylum	Bacillota				official_strain_cazyme_matrix_round4.tsv
tips	GCF_037290055.1	76	genus	Lactiplantibacillus				official_strain_cazyme_matrix_round4.tsv
tips	GCF_037290055.1	76	gh1	8				official_strain_cazyme_matrix_round4.tsv
heatmap	GCF_037290055.1	76	GH1	8				official_strain_cazyme_matrix_round4.tsv
heatmap	GCF_037290055.1	76	GH2	1				official_strain_cazyme_matrix_round4.tsv
heatmap	GCF_037290055.1	76	GH3	0				official_strain_cazyme_matrix_round4.tsv
heatmap	GCF_037290055.1	76	GH27	0				official_strain_cazyme_matrix_round4.tsv
heatmap	GCF_037290055.1	76	GH36	2				official_strain_cazyme_matrix_round4.tsv
heatmap	GCF_037290055.1	76	GH51	0				official_strain_cazyme_matrix_round4.tsv
heatmap	GCF_037290055.1	76	GH54	0				official_strain_cazyme_matrix_round4.tsv
heatmap	GCF_037290055.1	76	GH78	0				official_strain_cazyme_matrix_round4.tsv
heatmap	GCF_037290055.1	76	GH79	0				official_strain_cazyme_matrix_round4.tsv
heatmap	GCF_037290055.1	76	GH106	0				official_strain_cazyme_matrix_round4.tsv
tips	GCF_004730965.1	77	phylum	Bacillota				official_strain_cazyme_matrix_round4.tsv
tips	GCF_004730965.1	77	genus	Lactiplantibacillus				official_strain_cazyme_matrix_round4.tsv
tips	GCF_004730965.1	77	gh1	9				official_strain_cazyme_matrix_round4.tsv
heatmap	GCF_004730965.1	77	GH1	9				official_strain_cazyme_matrix_round4.tsv
heatmap	GCF_004730965.1	77	GH2	1				official_strain_cazyme_matrix_round4.tsv
heatmap	GCF_004730965.1	77	GH3	0				official_strain_cazyme_matrix_round4.tsv
heatmap	GCF_004730965.1	77	GH27	0				official_strain_cazyme_matrix_round4.tsv
heatmap	GCF_004730965.1	77	GH36	1				official_strain_cazyme_matrix_round4.tsv
heatmap	GCF_004730965.1	77	GH51	0				official_strain_cazyme_matrix_round4.tsv
heatmap	GCF_004730965.1	77	GH54	0				official_strain_cazyme_matrix_round4.tsv
heatmap	GCF_004730965.1	77	GH78	3				official_strain_cazyme_matrix_round4.tsv
heatmap	GCF_004730965.1	77	GH79	0				official_strain_cazyme_matrix_round4.tsv
heatmap	GCF_004730965.1	77	GH106	0				official_strain_cazyme_matrix_round4.tsv
tips	GCF_038592875.1	78	phylum	Bacillota				official_strain_cazyme_matrix_round4.tsv
tips	GCF_038592875.1	78	genus	Lactiplantibacillus				official_strain_cazyme_matrix_round4.tsv
tips	GCF_038592875.1	78	gh1	9				official_strain_cazyme_matrix_round4.tsv
heatmap	GCF_038592875.1	78	GH1	9				official_strain_cazyme_matrix_round4.tsv
heatmap	GCF_038592875.1	78	GH2	1				official_strain_cazyme_matrix_round4.tsv
heatmap	GCF_038592875.1	78	GH3	0				official_strain_cazyme_matrix_round4.tsv
heatmap	GCF_038592875.1	78	GH27	0				official_strain_cazyme_matrix_round4.tsv
heatmap	GCF_038592875.1	78	GH36	2				official_strain_cazyme_matrix_round4.tsv
heatmap	GCF_038592875.1	78	GH51	0				official_strain_cazyme_matrix_round4.tsv
heatmap	GCF_038592875.1	78	GH54	0				official_strain_cazyme_matrix_round4.tsv
heatmap	GCF_038592875.1	78	GH78	0				official_strain_cazyme_matrix_round4.tsv
heatmap	GCF_038592875.1	78	GH79	0				official_strain_cazyme_matrix_round4.tsv
heatmap	GCF_038592875.1	78	GH106	0				official_strain_cazyme_matrix_round4.tsv
tips	GCF_029025825.1	79	phylum	Bacillota				official_strain_cazyme_matrix_round4.tsv
tips	GCF_029025825.1	79	genus	Lactiplantibacillus				official_strain_cazyme_matrix_round4.tsv
tips	GCF_029025825.1	79	gh1	10				official_strain_cazyme_matrix_round4.tsv
heatmap	GCF_029025825.1	79	GH1	10				official_strain_cazyme_matrix_round4.tsv
heatmap	GCF_029025825.1	79	GH2	1				official_strain_cazyme_matrix_round4.tsv
heatmap	GCF_029025825.1	79	GH3	0				official_strain_cazyme_matrix_round4.tsv
heatmap	GCF_029025825.1	79	GH27	0				official_strain_cazyme_matrix_round4.tsv
heatmap	GCF_029025825.1	79	GH36	2				official_strain_cazyme_matrix_round4.tsv
heatmap	GCF_029025825.1	79	GH51	0				official_strain_cazyme_matrix_round4.tsv
heatmap	GCF_029025825.1	79	GH54	0				official_strain_cazyme_matrix_round4.tsv
heatmap	GCF_029025825.1	79	GH78	1				official_strain_cazyme_matrix_round4.tsv
heatmap	GCF_029025825.1	79	GH79	0				official_strain_cazyme_matrix_round4.tsv
heatmap	GCF_029025825.1	79	GH106	0				official_strain_cazyme_matrix_round4.tsv
tips	GCF_051098045.1	80	phylum	Bacillota				official_strain_cazyme_matrix_round4.tsv
tips	GCF_051098045.1	80	genus	Lactiplantibacillus				official_strain_cazyme_matrix_round4.tsv
tips	GCF_051098045.1	80	gh1	10				official_strain_cazyme_matrix_round4.tsv
heatmap	GCF_051098045.1	80	GH1	10				official_strain_cazyme_matrix_round4.tsv
heatmap	GCF_051098045.1	80	GH2	1				official_strain_cazyme_matrix_round4.tsv
heatmap	GCF_051098045.1	80	GH3	0				official_strain_cazyme_matrix_round4.tsv
heatmap	GCF_051098045.1	80	GH27	0				official_strain_cazyme_matrix_round4.tsv
heatmap	GCF_051098045.1	80	GH36	3				official_strain_cazyme_matrix_round4.tsv
heatmap	GCF_051098045.1	80	GH51	0				official_strain_cazyme_matrix_round4.tsv
heatmap	GCF_051098045.1	80	GH54	0				official_strain_cazyme_matrix_round4.tsv
heatmap	GCF_051098045.1	80	GH78	3				official_strain_cazyme_matrix_round4.tsv
heatmap	GCF_051098045.1	80	GH79	0				official_strain_cazyme_matrix_round4.tsv
heatmap	GCF_051098045.1	80	GH106	0				official_strain_cazyme_matrix_round4.tsv
tips	GCF_055233895.1	81	phylum	Bacillota				official_strain_cazyme_matrix_round4.tsv
tips	GCF_055233895.1	81	genus	Lactiplantibacillus				official_strain_cazyme_matrix_round4.tsv
tips	GCF_055233895.1	81	gh1	11				official_strain_cazyme_matrix_round4.tsv
heatmap	GCF_055233895.1	81	GH1	11				official_strain_cazyme_matrix_round4.tsv
heatmap	GCF_055233895.1	81	GH2	2				official_strain_cazyme_matrix_round4.tsv
heatmap	GCF_055233895.1	81	GH3	1				official_strain_cazyme_matrix_round4.tsv
heatmap	GCF_055233895.1	81	GH27	0				official_strain_cazyme_matrix_round4.tsv
heatmap	GCF_055233895.1	81	GH36	1				official_strain_cazyme_matrix_round4.tsv
heatmap	GCF_055233895.1	81	GH51	0				official_strain_cazyme_matrix_round4.tsv
heatmap	GCF_055233895.1	81	GH54	0				official_strain_cazyme_matrix_round4.tsv
heatmap	GCF_055233895.1	81	GH78	2				official_strain_cazyme_matrix_round4.tsv
heatmap	GCF_055233895.1	81	GH79	0				official_strain_cazyme_matrix_round4.tsv
heatmap	GCF_055233895.1	81	GH106	0				official_strain_cazyme_matrix_round4.tsv
tips	GCF_003641185.1	82	phylum	Bacillota				official_strain_cazyme_matrix_round4.tsv
tips	GCF_003641185.1	82	genus	Lactiplantibacillus				official_strain_cazyme_matrix_round4.tsv
tips	GCF_003641185.1	82	gh1	7				official_strain_cazyme_matrix_round4.tsv
heatmap	GCF_003641185.1	82	GH1	7				official_strain_cazyme_matrix_round4.tsv
heatmap	GCF_003641185.1	82	GH2	2				official_strain_cazyme_matrix_round4.tsv
heatmap	GCF_003641185.1	82	GH3	1				official_strain_cazyme_matrix_round4.tsv
heatmap	GCF_003641185.1	82	GH27	0				official_strain_cazyme_matrix_round4.tsv
heatmap	GCF_003641185.1	82	GH36	1				official_strain_cazyme_matrix_round4.tsv
heatmap	GCF_003641185.1	82	GH51	0				official_strain_cazyme_matrix_round4.tsv
heatmap	GCF_003641185.1	82	GH54	0				official_strain_cazyme_matrix_round4.tsv
heatmap	GCF_003641185.1	82	GH78	3				official_strain_cazyme_matrix_round4.tsv
heatmap	GCF_003641185.1	82	GH79	0				official_strain_cazyme_matrix_round4.tsv
heatmap	GCF_003641185.1	82	GH106	0				official_strain_cazyme_matrix_round4.tsv
tips	GCF_048319815.1	83	phylum	Bacteroidota				official_strain_cazyme_matrix_round4.tsv
tips	GCF_048319815.1	83	genus	Bacteroides				official_strain_cazyme_matrix_round4.tsv
tips	GCF_048319815.1	83	gh1	0				official_strain_cazyme_matrix_round4.tsv
heatmap	GCF_048319815.1	83	GH1	0				official_strain_cazyme_matrix_round4.tsv
heatmap	GCF_048319815.1	83	GH2	38				official_strain_cazyme_matrix_round4.tsv
heatmap	GCF_048319815.1	83	GH3	22				official_strain_cazyme_matrix_round4.tsv
heatmap	GCF_048319815.1	83	GH27	2				official_strain_cazyme_matrix_round4.tsv
heatmap	GCF_048319815.1	83	GH36	3				official_strain_cazyme_matrix_round4.tsv
heatmap	GCF_048319815.1	83	GH51	6				official_strain_cazyme_matrix_round4.tsv
heatmap	GCF_048319815.1	83	GH54	0				official_strain_cazyme_matrix_round4.tsv
heatmap	GCF_048319815.1	83	GH78	7				official_strain_cazyme_matrix_round4.tsv
heatmap	GCF_048319815.1	83	GH79	0				official_strain_cazyme_matrix_round4.tsv
heatmap	GCF_048319815.1	83	GH106	4				official_strain_cazyme_matrix_round4.tsv
tips	GCF_012113595.1	84	phylum	Bacteroidota				official_strain_cazyme_matrix_round4.tsv
tips	GCF_012113595.1	84	genus	Bacteroides				official_strain_cazyme_matrix_round4.tsv
tips	GCF_012113595.1	84	gh1	0				official_strain_cazyme_matrix_round4.tsv
heatmap	GCF_012113595.1	84	GH1	0				official_strain_cazyme_matrix_round4.tsv
heatmap	GCF_012113595.1	84	GH2	26				official_strain_cazyme_matrix_round4.tsv
heatmap	GCF_012113595.1	84	GH3	22				official_strain_cazyme_matrix_round4.tsv
heatmap	GCF_012113595.1	84	GH27	1				official_strain_cazyme_matrix_round4.tsv
heatmap	GCF_012113595.1	84	GH36	1				official_strain_cazyme_matrix_round4.tsv
heatmap	GCF_012113595.1	84	GH51	3				official_strain_cazyme_matrix_round4.tsv
heatmap	GCF_012113595.1	84	GH54	0				official_strain_cazyme_matrix_round4.tsv
heatmap	GCF_012113595.1	84	GH78	4				official_strain_cazyme_matrix_round4.tsv
heatmap	GCF_012113595.1	84	GH79	0				official_strain_cazyme_matrix_round4.tsv
heatmap	GCF_012113595.1	84	GH106	1				official_strain_cazyme_matrix_round4.tsv
tips	GCF_002632415.2	85	phylum	Bacteroidota				official_strain_cazyme_matrix_round4.tsv
tips	GCF_002632415.2	85	genus	Bacteroides				official_strain_cazyme_matrix_round4.tsv
tips	GCF_002632415.2	85	gh1	0				official_strain_cazyme_matrix_round4.tsv
heatmap	GCF_002632415.2	85	GH1	0				official_strain_cazyme_matrix_round4.tsv
heatmap	GCF_002632415.2	85	GH2	28				official_strain_cazyme_matrix_round4.tsv
heatmap	GCF_002632415.2	85	GH3	23				official_strain_cazyme_matrix_round4.tsv
heatmap	GCF_002632415.2	85	GH27	1				official_strain_cazyme_matrix_round4.tsv
heatmap	GCF_002632415.2	85	GH36	3				official_strain_cazyme_matrix_round4.tsv
heatmap	GCF_002632415.2	85	GH51	4				official_strain_cazyme_matrix_round4.tsv
heatmap	GCF_002632415.2	85	GH54	0				official_strain_cazyme_matrix_round4.tsv
heatmap	GCF_002632415.2	85	GH78	7				official_strain_cazyme_matrix_round4.tsv
heatmap	GCF_002632415.2	85	GH79	0				official_strain_cazyme_matrix_round4.tsv
heatmap	GCF_002632415.2	85	GH106	2				official_strain_cazyme_matrix_round4.tsv
tips	GCF_001314995.1	86	phylum	Bacteroidota				official_strain_cazyme_matrix_round4.tsv
tips	GCF_001314995.1	86	genus	Bacteroides				official_strain_cazyme_matrix_round4.tsv
tips	GCF_001314995.1	86	gh1	0				official_strain_cazyme_matrix_round4.tsv
heatmap	GCF_001314995.1	86	GH1	0				official_strain_cazyme_matrix_round4.tsv
heatmap	GCF_001314995.1	86	GH2	37				official_strain_cazyme_matrix_round4.tsv
heatmap	GCF_001314995.1	86	GH3	20				official_strain_cazyme_matrix_round4.tsv
heatmap	GCF_001314995.1	86	GH27	3				official_strain_cazyme_matrix_round4.tsv
heatmap	GCF_001314995.1	86	GH36	3				official_strain_cazyme_matrix_round4.tsv
heatmap	GCF_001314995.1	86	GH51	4				official_strain_cazyme_matrix_round4.tsv
heatmap	GCF_001314995.1	86	GH54	0				official_strain_cazyme_matrix_round4.tsv
heatmap	GCF_001314995.1	86	GH78	8				official_strain_cazyme_matrix_round4.tsv
heatmap	GCF_001314995.1	86	GH79	0				official_strain_cazyme_matrix_round4.tsv
heatmap	GCF_001314995.1	86	GH106	4				official_strain_cazyme_matrix_round4.tsv
tips	GCF_009193295.2	87	phylum	Bacteroidota				official_strain_cazyme_matrix_round4.tsv
tips	GCF_009193295.2	87	genus	Bacteroides				official_strain_cazyme_matrix_round4.tsv
tips	GCF_009193295.2	87	gh1	0				official_strain_cazyme_matrix_round4.tsv
heatmap	GCF_009193295.2	87	GH1	0				official_strain_cazyme_matrix_round4.tsv
heatmap	GCF_009193295.2	87	GH2	29				official_strain_cazyme_matrix_round4.tsv
heatmap	GCF_009193295.2	87	GH3	21				official_strain_cazyme_matrix_round4.tsv
heatmap	GCF_009193295.2	87	GH27	2				official_strain_cazyme_matrix_round4.tsv
heatmap	GCF_009193295.2	87	GH36	2				official_strain_cazyme_matrix_round4.tsv
heatmap	GCF_009193295.2	87	GH51	1				official_strain_cazyme_matrix_round4.tsv
heatmap	GCF_009193295.2	87	GH54	0				official_strain_cazyme_matrix_round4.tsv
heatmap	GCF_009193295.2	87	GH78	11				official_strain_cazyme_matrix_round4.tsv
heatmap	GCF_009193295.2	87	GH79	0				official_strain_cazyme_matrix_round4.tsv
heatmap	GCF_009193295.2	87	GH106	2				official_strain_cazyme_matrix_round4.tsv
tips	GCF_018292205.1	88	phylum	Bacteroidota				official_strain_cazyme_matrix_round4.tsv
tips	GCF_018292205.1	88	genus	Bacteroides				official_strain_cazyme_matrix_round4.tsv
tips	GCF_018292205.1	88	gh1	0				official_strain_cazyme_matrix_round4.tsv
heatmap	GCF_018292205.1	88	GH1	0				official_strain_cazyme_matrix_round4.tsv
heatmap	GCF_018292205.1	88	GH2	18				official_strain_cazyme_matrix_round4.tsv
heatmap	GCF_018292205.1	88	GH3	6				official_strain_cazyme_matrix_round4.tsv
heatmap	GCF_018292205.1	88	GH27	2				official_strain_cazyme_matrix_round4.tsv
heatmap	GCF_018292205.1	88	GH36	5				official_strain_cazyme_matrix_round4.tsv
heatmap	GCF_018292205.1	88	GH51	2				official_strain_cazyme_matrix_round4.tsv
heatmap	GCF_018292205.1	88	GH54	0				official_strain_cazyme_matrix_round4.tsv
heatmap	GCF_018292205.1	88	GH78	0				official_strain_cazyme_matrix_round4.tsv
heatmap	GCF_018292205.1	88	GH79	0				official_strain_cazyme_matrix_round4.tsv
heatmap	GCF_018292205.1	88	GH106	1				official_strain_cazyme_matrix_round4.tsv
tips	GCF_020091505.1	89	phylum	Bacteroidota				official_strain_cazyme_matrix_round4.tsv
tips	GCF_020091505.1	89	genus	Bacteroides				official_strain_cazyme_matrix_round4.tsv
tips	GCF_020091505.1	89	gh1	0				official_strain_cazyme_matrix_round4.tsv
heatmap	GCF_020091505.1	89	GH1	0				official_strain_cazyme_matrix_round4.tsv
heatmap	GCF_020091505.1	89	GH2	26				official_strain_cazyme_matrix_round4.tsv
heatmap	GCF_020091505.1	89	GH3	10				official_strain_cazyme_matrix_round4.tsv
heatmap	GCF_020091505.1	89	GH27	4				official_strain_cazyme_matrix_round4.tsv
heatmap	GCF_020091505.1	89	GH36	2				official_strain_cazyme_matrix_round4.tsv
heatmap	GCF_020091505.1	89	GH51	3				official_strain_cazyme_matrix_round4.tsv
heatmap	GCF_020091505.1	89	GH54	0				official_strain_cazyme_matrix_round4.tsv
heatmap	GCF_020091505.1	89	GH78	9				official_strain_cazyme_matrix_round4.tsv
heatmap	GCF_020091505.1	89	GH79	0				official_strain_cazyme_matrix_round4.tsv
heatmap	GCF_020091505.1	89	GH106	2				official_strain_cazyme_matrix_round4.tsv
tips	GCF_014131755.1	90	phylum	Bacteroidota				official_strain_cazyme_matrix_round4.tsv
tips	GCF_014131755.1	90	genus	Bacteroides				official_strain_cazyme_matrix_round4.tsv
tips	GCF_014131755.1	90	gh1	0				official_strain_cazyme_matrix_round4.tsv
heatmap	GCF_014131755.1	90	GH1	0				official_strain_cazyme_matrix_round4.tsv
heatmap	GCF_014131755.1	90	GH2	31				official_strain_cazyme_matrix_round4.tsv
heatmap	GCF_014131755.1	90	GH3	10				official_strain_cazyme_matrix_round4.tsv
heatmap	GCF_014131755.1	90	GH27	5				official_strain_cazyme_matrix_round4.tsv
heatmap	GCF_014131755.1	90	GH36	2				official_strain_cazyme_matrix_round4.tsv
heatmap	GCF_014131755.1	90	GH51	4				official_strain_cazyme_matrix_round4.tsv
heatmap	GCF_014131755.1	90	GH54	0				official_strain_cazyme_matrix_round4.tsv
heatmap	GCF_014131755.1	90	GH78	6				official_strain_cazyme_matrix_round4.tsv
heatmap	GCF_014131755.1	90	GH79	0				official_strain_cazyme_matrix_round4.tsv
heatmap	GCF_014131755.1	90	GH106	3				official_strain_cazyme_matrix_round4.tsv
tips	GCF_055398035.1	91	phylum	Bacteroidota				official_strain_cazyme_matrix_round4.tsv
tips	GCF_055398035.1	91	genus	Bacteroides				official_strain_cazyme_matrix_round4.tsv
tips	GCF_055398035.1	91	gh1	0				official_strain_cazyme_matrix_round4.tsv
heatmap	GCF_055398035.1	91	GH1	0				official_strain_cazyme_matrix_round4.tsv
heatmap	GCF_055398035.1	91	GH2	25				official_strain_cazyme_matrix_round4.tsv
heatmap	GCF_055398035.1	91	GH3	14				official_strain_cazyme_matrix_round4.tsv
heatmap	GCF_055398035.1	91	GH27	0				official_strain_cazyme_matrix_round4.tsv
heatmap	GCF_055398035.1	91	GH36	2				official_strain_cazyme_matrix_round4.tsv
heatmap	GCF_055398035.1	91	GH51	4				official_strain_cazyme_matrix_round4.tsv
heatmap	GCF_055398035.1	91	GH54	0				official_strain_cazyme_matrix_round4.tsv
heatmap	GCF_055398035.1	91	GH78	7				official_strain_cazyme_matrix_round4.tsv
heatmap	GCF_055398035.1	91	GH79	0				official_strain_cazyme_matrix_round4.tsv
heatmap	GCF_055398035.1	91	GH106	3				official_strain_cazyme_matrix_round4.tsv
tips	GCF_034654355.2	92	phylum	Bacteroidota				official_strain_cazyme_matrix_round4.tsv
tips	GCF_034654355.2	92	genus	Bacteroides				official_strain_cazyme_matrix_round4.tsv
tips	GCF_034654355.2	92	gh1	0				official_strain_cazyme_matrix_round4.tsv
heatmap	GCF_034654355.2	92	GH1	0				official_strain_cazyme_matrix_round4.tsv
heatmap	GCF_034654355.2	92	GH2	33				official_strain_cazyme_matrix_round4.tsv
heatmap	GCF_034654355.2	92	GH3	22				official_strain_cazyme_matrix_round4.tsv
heatmap	GCF_034654355.2	92	GH27	2				official_strain_cazyme_matrix_round4.tsv
heatmap	GCF_034654355.2	92	GH36	4				official_strain_cazyme_matrix_round4.tsv
heatmap	GCF_034654355.2	92	GH51	1				official_strain_cazyme_matrix_round4.tsv
heatmap	GCF_034654355.2	92	GH54	0				official_strain_cazyme_matrix_round4.tsv
heatmap	GCF_034654355.2	92	GH78	8				official_strain_cazyme_matrix_round4.tsv
heatmap	GCF_034654355.2	92	GH79	0				official_strain_cazyme_matrix_round4.tsv
heatmap	GCF_034654355.2	92	GH106	3				official_strain_cazyme_matrix_round4.tsv
tips	GCF_019930665.1	93	phylum	Bacteroidota				official_strain_cazyme_matrix_round4.tsv
tips	GCF_019930665.1	93	genus	Bacteroides				official_strain_cazyme_matrix_round4.tsv
tips	GCF_019930665.1	93	gh1	0				official_strain_cazyme_matrix_round4.tsv
heatmap	GCF_019930665.1	93	GH1	0				official_strain_cazyme_matrix_round4.tsv
heatmap	GCF_019930665.1	93	GH2	18				official_strain_cazyme_matrix_round4.tsv
heatmap	GCF_019930665.1	93	GH3	17				official_strain_cazyme_matrix_round4.tsv
heatmap	GCF_019930665.1	93	GH27	3				official_strain_cazyme_matrix_round4.tsv
heatmap	GCF_019930665.1	93	GH36	4				official_strain_cazyme_matrix_round4.tsv
heatmap	GCF_019930665.1	93	GH51	0				official_strain_cazyme_matrix_round4.tsv
heatmap	GCF_019930665.1	93	GH54	0				official_strain_cazyme_matrix_round4.tsv
heatmap	GCF_019930665.1	93	GH78	1				official_strain_cazyme_matrix_round4.tsv
heatmap	GCF_019930665.1	93	GH79	0				official_strain_cazyme_matrix_round4.tsv
heatmap	GCF_019930665.1	93	GH106	2				official_strain_cazyme_matrix_round4.tsv
tips	GCF_031172035.1	94	phylum	Bacteroidota				official_strain_cazyme_matrix_round4.tsv
tips	GCF_031172035.1	94	genus	Bacteroides				official_strain_cazyme_matrix_round4.tsv
tips	GCF_031172035.1	94	gh1	0				official_strain_cazyme_matrix_round4.tsv
heatmap	GCF_031172035.1	94	GH1	0				official_strain_cazyme_matrix_round4.tsv
heatmap	GCF_031172035.1	94	GH2	30				official_strain_cazyme_matrix_round4.tsv
heatmap	GCF_031172035.1	94	GH3	14				official_strain_cazyme_matrix_round4.tsv
heatmap	GCF_031172035.1	94	GH27	0				official_strain_cazyme_matrix_round4.tsv
heatmap	GCF_031172035.1	94	GH36	2				official_strain_cazyme_matrix_round4.tsv
heatmap	GCF_031172035.1	94	GH51	7				official_strain_cazyme_matrix_round4.tsv
heatmap	GCF_031172035.1	94	GH54	0				official_strain_cazyme_matrix_round4.tsv
heatmap	GCF_031172035.1	94	GH78	7				official_strain_cazyme_matrix_round4.tsv
heatmap	GCF_031172035.1	94	GH79	0				official_strain_cazyme_matrix_round4.tsv
heatmap	GCF_031172035.1	94	GH106	3				official_strain_cazyme_matrix_round4.tsv
tips	GCF_033042785.2	95	phylum	Bacteroidota				official_strain_cazyme_matrix_round4.tsv
tips	GCF_033042785.2	95	genus	Bacteroides				official_strain_cazyme_matrix_round4.tsv
tips	GCF_033042785.2	95	gh1	0				official_strain_cazyme_matrix_round4.tsv
heatmap	GCF_033042785.2	95	GH1	0				official_strain_cazyme_matrix_round4.tsv
heatmap	GCF_033042785.2	95	GH2	19				official_strain_cazyme_matrix_round4.tsv
heatmap	GCF_033042785.2	95	GH3	8				official_strain_cazyme_matrix_round4.tsv
heatmap	GCF_033042785.2	95	GH27	1				official_strain_cazyme_matrix_round4.tsv
heatmap	GCF_033042785.2	95	GH36	1				official_strain_cazyme_matrix_round4.tsv
heatmap	GCF_033042785.2	95	GH51	1				official_strain_cazyme_matrix_round4.tsv
heatmap	GCF_033042785.2	95	GH54	0				official_strain_cazyme_matrix_round4.tsv
heatmap	GCF_033042785.2	95	GH78	0				official_strain_cazyme_matrix_round4.tsv
heatmap	GCF_033042785.2	95	GH79	0				official_strain_cazyme_matrix_round4.tsv
heatmap	GCF_033042785.2	95	GH106	0				official_strain_cazyme_matrix_round4.tsv
tips	GCF_000025985.1	96	phylum	Bacteroidota				official_strain_cazyme_matrix_round4.tsv
tips	GCF_000025985.1	96	genus	Bacteroides				official_strain_cazyme_matrix_round4.tsv
tips	GCF_000025985.1	96	gh1	0				official_strain_cazyme_matrix_round4.tsv
heatmap	GCF_000025985.1	96	GH1	0				official_strain_cazyme_matrix_round4.tsv
heatmap	GCF_000025985.1	96	GH2	15				official_strain_cazyme_matrix_round4.tsv
heatmap	GCF_000025985.1	96	GH3	10				official_strain_cazyme_matrix_round4.tsv
heatmap	GCF_000025985.1	96	GH27	3				official_strain_cazyme_matrix_round4.tsv
heatmap	GCF_000025985.1	96	GH36	2				official_strain_cazyme_matrix_round4.tsv
heatmap	GCF_000025985.1	96	GH51	2				official_strain_cazyme_matrix_round4.tsv
heatmap	GCF_000025985.1	96	GH54	0				official_strain_cazyme_matrix_round4.tsv
heatmap	GCF_000025985.1	96	GH78	2				official_strain_cazyme_matrix_round4.tsv
heatmap	GCF_000025985.1	96	GH79	0				official_strain_cazyme_matrix_round4.tsv
heatmap	GCF_000025985.1	96	GH106	0				official_strain_cazyme_matrix_round4.tsv
tips	GCF_036416795.1	97	phylum	Bacteroidota				official_strain_cazyme_matrix_round4.tsv
tips	GCF_036416795.1	97	genus	Bacteroides				official_strain_cazyme_matrix_round4.tsv
tips	GCF_036416795.1	97	gh1	0				official_strain_cazyme_matrix_round4.tsv
heatmap	GCF_036416795.1	97	GH1	0				official_strain_cazyme_matrix_round4.tsv
heatmap	GCF_036416795.1	97	GH2	27				official_strain_cazyme_matrix_round4.tsv
heatmap	GCF_036416795.1	97	GH3	19				official_strain_cazyme_matrix_round4.tsv
heatmap	GCF_036416795.1	97	GH27	3				official_strain_cazyme_matrix_round4.tsv
heatmap	GCF_036416795.1	97	GH36	3				official_strain_cazyme_matrix_round4.tsv
heatmap	GCF_036416795.1	97	GH51	8				official_strain_cazyme_matrix_round4.tsv
heatmap	GCF_036416795.1	97	GH54	0				official_strain_cazyme_matrix_round4.tsv
heatmap	GCF_036416795.1	97	GH78	2				official_strain_cazyme_matrix_round4.tsv
heatmap	GCF_036416795.1	97	GH79	0				official_strain_cazyme_matrix_round4.tsv
heatmap	GCF_036416795.1	97	GH106	1				official_strain_cazyme_matrix_round4.tsv
tips	GCF_018292125.1	98	phylum	Bacteroidota				official_strain_cazyme_matrix_round4.tsv
tips	GCF_018292125.1	98	genus	Bacteroides				official_strain_cazyme_matrix_round4.tsv
tips	GCF_018292125.1	98	gh1	0				official_strain_cazyme_matrix_round4.tsv
heatmap	GCF_018292125.1	98	GH1	0				official_strain_cazyme_matrix_round4.tsv
heatmap	GCF_018292125.1	98	GH2	45				official_strain_cazyme_matrix_round4.tsv
heatmap	GCF_018292125.1	98	GH3	29				official_strain_cazyme_matrix_round4.tsv
heatmap	GCF_018292125.1	98	GH27	3				official_strain_cazyme_matrix_round4.tsv
heatmap	GCF_018292125.1	98	GH36	4				official_strain_cazyme_matrix_round4.tsv
heatmap	GCF_018292125.1	98	GH51	8				official_strain_cazyme_matrix_round4.tsv
heatmap	GCF_018292125.1	98	GH54	0				official_strain_cazyme_matrix_round4.tsv
heatmap	GCF_018292125.1	98	GH78	9				official_strain_cazyme_matrix_round4.tsv
heatmap	GCF_018292125.1	98	GH79	1				official_strain_cazyme_matrix_round4.tsv
heatmap	GCF_018292125.1	98	GH106	7				official_strain_cazyme_matrix_round4.tsv
tips	GCF_000172175.1	99	phylum	Bacteroidota				official_strain_cazyme_matrix_round4.tsv
tips	GCF_000172175.1	99	genus	Bacteroides				official_strain_cazyme_matrix_round4.tsv
tips	GCF_000172175.1	99	gh1	0				official_strain_cazyme_matrix_round4.tsv
heatmap	GCF_000172175.1	99	GH1	0				official_strain_cazyme_matrix_round4.tsv
heatmap	GCF_000172175.1	99	GH2	36				official_strain_cazyme_matrix_round4.tsv
heatmap	GCF_000172175.1	99	GH3	21				official_strain_cazyme_matrix_round4.tsv
heatmap	GCF_000172175.1	99	GH27	3				official_strain_cazyme_matrix_round4.tsv
heatmap	GCF_000172175.1	99	GH36	2				official_strain_cazyme_matrix_round4.tsv
heatmap	GCF_000172175.1	99	GH51	5				official_strain_cazyme_matrix_round4.tsv
heatmap	GCF_000172175.1	99	GH54	0				official_strain_cazyme_matrix_round4.tsv
heatmap	GCF_000172175.1	99	GH78	6				official_strain_cazyme_matrix_round4.tsv
heatmap	GCF_000172175.1	99	GH79	0				official_strain_cazyme_matrix_round4.tsv
heatmap	GCF_000172175.1	99	GH106	3				official_strain_cazyme_matrix_round4.tsv
tips	GCF_988228595.1	100	phylum	Bacteroidota				official_strain_cazyme_matrix_round4.tsv
tips	GCF_988228595.1	100	genus	Parabacteroides				official_strain_cazyme_matrix_round4.tsv
tips	GCF_988228595.1	100	gh1	0				official_strain_cazyme_matrix_round4.tsv
heatmap	GCF_988228595.1	100	GH1	0				official_strain_cazyme_matrix_round4.tsv
heatmap	GCF_988228595.1	100	GH2	21				official_strain_cazyme_matrix_round4.tsv
heatmap	GCF_988228595.1	100	GH3	3				official_strain_cazyme_matrix_round4.tsv
heatmap	GCF_988228595.1	100	GH27	0				official_strain_cazyme_matrix_round4.tsv
heatmap	GCF_988228595.1	100	GH36	1				official_strain_cazyme_matrix_round4.tsv
heatmap	GCF_988228595.1	100	GH51	3				official_strain_cazyme_matrix_round4.tsv
heatmap	GCF_988228595.1	100	GH54	0				official_strain_cazyme_matrix_round4.tsv
heatmap	GCF_988228595.1	100	GH78	9				official_strain_cazyme_matrix_round4.tsv
heatmap	GCF_988228595.1	100	GH79	0				official_strain_cazyme_matrix_round4.tsv
heatmap	GCF_988228595.1	100	GH106	4				official_strain_cazyme_matrix_round4.tsv
tips	GCF_900445495.1	101	phylum	Bacteroidota				official_strain_cazyme_matrix_round4.tsv
tips	GCF_900445495.1	101	genus	Parabacteroides				official_strain_cazyme_matrix_round4.tsv
tips	GCF_900445495.1	101	gh1	0				official_strain_cazyme_matrix_round4.tsv
heatmap	GCF_900445495.1	101	GH1	0				official_strain_cazyme_matrix_round4.tsv
heatmap	GCF_900445495.1	101	GH2	18				official_strain_cazyme_matrix_round4.tsv
heatmap	GCF_900445495.1	101	GH3	3				official_strain_cazyme_matrix_round4.tsv
heatmap	GCF_900445495.1	101	GH27	0				official_strain_cazyme_matrix_round4.tsv
heatmap	GCF_900445495.1	101	GH36	1				official_strain_cazyme_matrix_round4.tsv
heatmap	GCF_900445495.1	101	GH51	3				official_strain_cazyme_matrix_round4.tsv
heatmap	GCF_900445495.1	101	GH54	0				official_strain_cazyme_matrix_round4.tsv
heatmap	GCF_900445495.1	101	GH78	8				official_strain_cazyme_matrix_round4.tsv
heatmap	GCF_900445495.1	101	GH79	0				official_strain_cazyme_matrix_round4.tsv
heatmap	GCF_900445495.1	101	GH106	3				official_strain_cazyme_matrix_round4.tsv
tips	GCF_025151045.1	102	phylum	Bacteroidota				official_strain_cazyme_matrix_round4.tsv
tips	GCF_025151045.1	102	genus	Parabacteroides				official_strain_cazyme_matrix_round4.tsv
tips	GCF_025151045.1	102	gh1	0				official_strain_cazyme_matrix_round4.tsv
heatmap	GCF_025151045.1	102	GH1	0				official_strain_cazyme_matrix_round4.tsv
heatmap	GCF_025151045.1	102	GH2	24				official_strain_cazyme_matrix_round4.tsv
heatmap	GCF_025151045.1	102	GH3	3				official_strain_cazyme_matrix_round4.tsv
heatmap	GCF_025151045.1	102	GH27	0				official_strain_cazyme_matrix_round4.tsv
heatmap	GCF_025151045.1	102	GH36	1				official_strain_cazyme_matrix_round4.tsv
heatmap	GCF_025151045.1	102	GH51	3				official_strain_cazyme_matrix_round4.tsv
heatmap	GCF_025151045.1	102	GH54	0				official_strain_cazyme_matrix_round4.tsv
heatmap	GCF_025151045.1	102	GH78	9				official_strain_cazyme_matrix_round4.tsv
heatmap	GCF_025151045.1	102	GH79	0				official_strain_cazyme_matrix_round4.tsv
heatmap	GCF_025151045.1	102	GH106	6				official_strain_cazyme_matrix_round4.tsv
tips	GCF_049860805.1	103	phylum	Bacteroidota				official_strain_cazyme_matrix_round4.tsv
tips	GCF_049860805.1	103	genus	Parabacteroides				official_strain_cazyme_matrix_round4.tsv
tips	GCF_049860805.1	103	gh1	0				official_strain_cazyme_matrix_round4.tsv
heatmap	GCF_049860805.1	103	GH1	0				official_strain_cazyme_matrix_round4.tsv
heatmap	GCF_049860805.1	103	GH2	27				official_strain_cazyme_matrix_round4.tsv
heatmap	GCF_049860805.1	103	GH3	5				official_strain_cazyme_matrix_round4.tsv
heatmap	GCF_049860805.1	103	GH27	0				official_strain_cazyme_matrix_round4.tsv
heatmap	GCF_049860805.1	103	GH36	2				official_strain_cazyme_matrix_round4.tsv
heatmap	GCF_049860805.1	103	GH51	4				official_strain_cazyme_matrix_round4.tsv
heatmap	GCF_049860805.1	103	GH54	0				official_strain_cazyme_matrix_round4.tsv
heatmap	GCF_049860805.1	103	GH78	10				official_strain_cazyme_matrix_round4.tsv
heatmap	GCF_049860805.1	103	GH79	0				official_strain_cazyme_matrix_round4.tsv
heatmap	GCF_049860805.1	103	GH106	7				official_strain_cazyme_matrix_round4.tsv
tips	GCF_020091425.1	104	phylum	Bacteroidota				official_strain_cazyme_matrix_round4.tsv
tips	GCF_020091425.1	104	genus	Parabacteroides				official_strain_cazyme_matrix_round4.tsv
tips	GCF_020091425.1	104	gh1	0				official_strain_cazyme_matrix_round4.tsv
heatmap	GCF_020091425.1	104	GH1	0				official_strain_cazyme_matrix_round4.tsv
heatmap	GCF_020091425.1	104	GH2	22				official_strain_cazyme_matrix_round4.tsv
heatmap	GCF_020091425.1	104	GH3	8				official_strain_cazyme_matrix_round4.tsv
heatmap	GCF_020091425.1	104	GH27	1				official_strain_cazyme_matrix_round4.tsv
heatmap	GCF_020091425.1	104	GH36	3				official_strain_cazyme_matrix_round4.tsv
heatmap	GCF_020091425.1	104	GH51	2				official_strain_cazyme_matrix_round4.tsv
heatmap	GCF_020091425.1	104	GH54	0				official_strain_cazyme_matrix_round4.tsv
heatmap	GCF_020091425.1	104	GH78	13				official_strain_cazyme_matrix_round4.tsv
heatmap	GCF_020091425.1	104	GH79	0				official_strain_cazyme_matrix_round4.tsv
heatmap	GCF_020091425.1	104	GH106	9				official_strain_cazyme_matrix_round4.tsv
tips	GCF_017873595.1	105	phylum	Bacteroidota				official_strain_cazyme_matrix_round4.tsv
tips	GCF_017873595.1	105	genus	Parabacteroides				official_strain_cazyme_matrix_round4.tsv
tips	GCF_017873595.1	105	gh1	0				official_strain_cazyme_matrix_round4.tsv
heatmap	GCF_017873595.1	105	GH1	0				official_strain_cazyme_matrix_round4.tsv
heatmap	GCF_017873595.1	105	GH2	24				official_strain_cazyme_matrix_round4.tsv
heatmap	GCF_017873595.1	105	GH3	9				official_strain_cazyme_matrix_round4.tsv
heatmap	GCF_017873595.1	105	GH27	1				official_strain_cazyme_matrix_round4.tsv
heatmap	GCF_017873595.1	105	GH36	3				official_strain_cazyme_matrix_round4.tsv
heatmap	GCF_017873595.1	105	GH51	2				official_strain_cazyme_matrix_round4.tsv
heatmap	GCF_017873595.1	105	GH54	0				official_strain_cazyme_matrix_round4.tsv
heatmap	GCF_017873595.1	105	GH78	10				official_strain_cazyme_matrix_round4.tsv
heatmap	GCF_017873595.1	105	GH79	0				official_strain_cazyme_matrix_round4.tsv
heatmap	GCF_017873595.1	105	GH106	12				official_strain_cazyme_matrix_round4.tsv
tips	GCF_988238815.1	106	phylum	Bacteroidota				official_strain_cazyme_matrix_round4.tsv
tips	GCF_988238815.1	106	genus	Parabacteroides				official_strain_cazyme_matrix_round4.tsv
tips	GCF_988238815.1	106	gh1	0				official_strain_cazyme_matrix_round4.tsv
heatmap	GCF_988238815.1	106	GH1	0				official_strain_cazyme_matrix_round4.tsv
heatmap	GCF_988238815.1	106	GH2	28				official_strain_cazyme_matrix_round4.tsv
heatmap	GCF_988238815.1	106	GH3	11				official_strain_cazyme_matrix_round4.tsv
heatmap	GCF_988238815.1	106	GH27	1				official_strain_cazyme_matrix_round4.tsv
heatmap	GCF_988238815.1	106	GH36	5				official_strain_cazyme_matrix_round4.tsv
heatmap	GCF_988238815.1	106	GH51	2				official_strain_cazyme_matrix_round4.tsv
heatmap	GCF_988238815.1	106	GH54	0				official_strain_cazyme_matrix_round4.tsv
heatmap	GCF_988238815.1	106	GH78	14				official_strain_cazyme_matrix_round4.tsv
heatmap	GCF_988238815.1	106	GH79	0				official_strain_cazyme_matrix_round4.tsv
heatmap	GCF_988238815.1	106	GH106	13				official_strain_cazyme_matrix_round4.tsv
tips	GCF_024759285.1	107	phylum	Bacteroidota				official_strain_cazyme_matrix_round4.tsv
tips	GCF_024759285.1	107	genus	Parabacteroides				official_strain_cazyme_matrix_round4.tsv
tips	GCF_024759285.1	107	gh1	0				official_strain_cazyme_matrix_round4.tsv
heatmap	GCF_024759285.1	107	GH1	0				official_strain_cazyme_matrix_round4.tsv
heatmap	GCF_024759285.1	107	GH2	33				official_strain_cazyme_matrix_round4.tsv
heatmap	GCF_024759285.1	107	GH3	7				official_strain_cazyme_matrix_round4.tsv
heatmap	GCF_024759285.1	107	GH27	2				official_strain_cazyme_matrix_round4.tsv
heatmap	GCF_024759285.1	107	GH36	5				official_strain_cazyme_matrix_round4.tsv
heatmap	GCF_024759285.1	107	GH51	3				official_strain_cazyme_matrix_round4.tsv
heatmap	GCF_024759285.1	107	GH54	0				official_strain_cazyme_matrix_round4.tsv
heatmap	GCF_024759285.1	107	GH78	19				official_strain_cazyme_matrix_round4.tsv
heatmap	GCF_024759285.1	107	GH79	0				official_strain_cazyme_matrix_round4.tsv
heatmap	GCF_024759285.1	107	GH106	21				official_strain_cazyme_matrix_round4.tsv
tips	GCF_054506995.1	108	phylum	Bacteroidota				official_strain_cazyme_matrix_round4.tsv
tips	GCF_054506995.1	108	genus	Parabacteroides				official_strain_cazyme_matrix_round4.tsv
tips	GCF_054506995.1	108	gh1	0				official_strain_cazyme_matrix_round4.tsv
heatmap	GCF_054506995.1	108	GH1	0				official_strain_cazyme_matrix_round4.tsv
heatmap	GCF_054506995.1	108	GH2	16				official_strain_cazyme_matrix_round4.tsv
heatmap	GCF_054506995.1	108	GH3	3				official_strain_cazyme_matrix_round4.tsv
heatmap	GCF_054506995.1	108	GH27	0				official_strain_cazyme_matrix_round4.tsv
heatmap	GCF_054506995.1	108	GH36	1				official_strain_cazyme_matrix_round4.tsv
heatmap	GCF_054506995.1	108	GH51	2				official_strain_cazyme_matrix_round4.tsv
heatmap	GCF_054506995.1	108	GH54	0				official_strain_cazyme_matrix_round4.tsv
heatmap	GCF_054506995.1	108	GH78	12				official_strain_cazyme_matrix_round4.tsv
heatmap	GCF_054506995.1	108	GH79	0				official_strain_cazyme_matrix_round4.tsv
heatmap	GCF_054506995.1	108	GH106	8				official_strain_cazyme_matrix_round4.tsv
tips	GCF_029369685.1	109	phylum	Bacteroidota				official_strain_cazyme_matrix_round4.tsv
tips	GCF_029369685.1	109	genus	Parabacteroides				official_strain_cazyme_matrix_round4.tsv
tips	GCF_029369685.1	109	gh1	0				official_strain_cazyme_matrix_round4.tsv
heatmap	GCF_029369685.1	109	GH1	0				official_strain_cazyme_matrix_round4.tsv
heatmap	GCF_029369685.1	109	GH2	13				official_strain_cazyme_matrix_round4.tsv
heatmap	GCF_029369685.1	109	GH3	8				official_strain_cazyme_matrix_round4.tsv
heatmap	GCF_029369685.1	109	GH27	1				official_strain_cazyme_matrix_round4.tsv
heatmap	GCF_029369685.1	109	GH36	2				official_strain_cazyme_matrix_round4.tsv
heatmap	GCF_029369685.1	109	GH51	3				official_strain_cazyme_matrix_round4.tsv
heatmap	GCF_029369685.1	109	GH54	0				official_strain_cazyme_matrix_round4.tsv
heatmap	GCF_029369685.1	109	GH78	9				official_strain_cazyme_matrix_round4.tsv
heatmap	GCF_029369685.1	109	GH79	0				official_strain_cazyme_matrix_round4.tsv
heatmap	GCF_029369685.1	109	GH106	2				official_strain_cazyme_matrix_round4.tsv
tips	GCF_018279895.1	110	phylum	Bacteroidota				official_strain_cazyme_matrix_round4.tsv
tips	GCF_018279895.1	110	genus	Parabacteroides				official_strain_cazyme_matrix_round4.tsv
tips	GCF_018279895.1	110	gh1	0				official_strain_cazyme_matrix_round4.tsv
heatmap	GCF_018279895.1	110	GH1	0				official_strain_cazyme_matrix_round4.tsv
heatmap	GCF_018279895.1	110	GH2	10				official_strain_cazyme_matrix_round4.tsv
heatmap	GCF_018279895.1	110	GH3	7				official_strain_cazyme_matrix_round4.tsv
heatmap	GCF_018279895.1	110	GH27	1				official_strain_cazyme_matrix_round4.tsv
heatmap	GCF_018279895.1	110	GH36	2				official_strain_cazyme_matrix_round4.tsv
heatmap	GCF_018279895.1	110	GH51	3				official_strain_cazyme_matrix_round4.tsv
heatmap	GCF_018279895.1	110	GH54	0				official_strain_cazyme_matrix_round4.tsv
heatmap	GCF_018279895.1	110	GH78	7				official_strain_cazyme_matrix_round4.tsv
heatmap	GCF_018279895.1	110	GH79	0				official_strain_cazyme_matrix_round4.tsv
heatmap	GCF_018279895.1	110	GH106	0				official_strain_cazyme_matrix_round4.tsv
tips	GCF_002257605.1	111	phylum	Bacteroidota				official_strain_cazyme_matrix_round4.tsv
tips	GCF_002257605.1	111	genus	Parabacteroides				official_strain_cazyme_matrix_round4.tsv
tips	GCF_002257605.1	111	gh1	0				official_strain_cazyme_matrix_round4.tsv
heatmap	GCF_002257605.1	111	GH1	0				official_strain_cazyme_matrix_round4.tsv
heatmap	GCF_002257605.1	111	GH2	9				official_strain_cazyme_matrix_round4.tsv
heatmap	GCF_002257605.1	111	GH3	7				official_strain_cazyme_matrix_round4.tsv
heatmap	GCF_002257605.1	111	GH27	1				official_strain_cazyme_matrix_round4.tsv
heatmap	GCF_002257605.1	111	GH36	2				official_strain_cazyme_matrix_round4.tsv
heatmap	GCF_002257605.1	111	GH51	3				official_strain_cazyme_matrix_round4.tsv
heatmap	GCF_002257605.1	111	GH54	0				official_strain_cazyme_matrix_round4.tsv
heatmap	GCF_002257605.1	111	GH78	7				official_strain_cazyme_matrix_round4.tsv
heatmap	GCF_002257605.1	111	GH79	0				official_strain_cazyme_matrix_round4.tsv
heatmap	GCF_002257605.1	111	GH106	0				official_strain_cazyme_matrix_round4.tsv
tips	GCF_020091445.1	112	phylum	Bacteroidota				official_strain_cazyme_matrix_round4.tsv
tips	GCF_020091445.1	112	genus	Parabacteroides				official_strain_cazyme_matrix_round4.tsv
tips	GCF_020091445.1	112	gh1	0				official_strain_cazyme_matrix_round4.tsv
heatmap	GCF_020091445.1	112	GH1	0				official_strain_cazyme_matrix_round4.tsv
heatmap	GCF_020091445.1	112	GH2	10				official_strain_cazyme_matrix_round4.tsv
heatmap	GCF_020091445.1	112	GH3	7				official_strain_cazyme_matrix_round4.tsv
heatmap	GCF_020091445.1	112	GH27	0				official_strain_cazyme_matrix_round4.tsv
heatmap	GCF_020091445.1	112	GH36	3				official_strain_cazyme_matrix_round4.tsv
heatmap	GCF_020091445.1	112	GH51	3				official_strain_cazyme_matrix_round4.tsv
heatmap	GCF_020091445.1	112	GH54	0				official_strain_cazyme_matrix_round4.tsv
heatmap	GCF_020091445.1	112	GH78	8				official_strain_cazyme_matrix_round4.tsv
heatmap	GCF_020091445.1	112	GH79	0				official_strain_cazyme_matrix_round4.tsv
heatmap	GCF_020091445.1	112	GH106	2				official_strain_cazyme_matrix_round4.tsv
tips	GCF_023744375.2	113	phylum	Bacteroidota				official_strain_cazyme_matrix_round4.tsv
tips	GCF_023744375.2	113	genus	Parabacteroides				official_strain_cazyme_matrix_round4.tsv
tips	GCF_023744375.2	113	gh1	0				official_strain_cazyme_matrix_round4.tsv
heatmap	GCF_023744375.2	113	GH1	0				official_strain_cazyme_matrix_round4.tsv
heatmap	GCF_023744375.2	113	GH2	6				official_strain_cazyme_matrix_round4.tsv
heatmap	GCF_023744375.2	113	GH3	3				official_strain_cazyme_matrix_round4.tsv
heatmap	GCF_023744375.2	113	GH27	1				official_strain_cazyme_matrix_round4.tsv
heatmap	GCF_023744375.2	113	GH36	1				official_strain_cazyme_matrix_round4.tsv
heatmap	GCF_023744375.2	113	GH51	3				official_strain_cazyme_matrix_round4.tsv
heatmap	GCF_023744375.2	113	GH54	0				official_strain_cazyme_matrix_round4.tsv
heatmap	GCF_023744375.2	113	GH78	8				official_strain_cazyme_matrix_round4.tsv
heatmap	GCF_023744375.2	113	GH79	0				official_strain_cazyme_matrix_round4.tsv
heatmap	GCF_023744375.2	113	GH106	4				official_strain_cazyme_matrix_round4.tsv
meta	n_tips		value	114				outputs_round8/stats/bacteria_midpoint.nwk
meta	n_not_in_tree		value	55			round7 45 + sentinel 10 newly sampled strains — no sequences available	handoff §4 / round8 B5
meta	D		value	0.0200968621702545				outputs_round8/tables/t3b_D_statistic.tsv
meta	lambda_GH2		value	0.9304837571419377				t3b_continuous_signal.tsv
meta	lambda_GH3		value	0.9929224203624644				t3b_continuous_signal.tsv
meta	family_order	0	name				GH1	10-family panel
meta	family_order	1	name				GH2	10-family panel
meta	family_order	2	name				GH3	10-family panel
meta	family_order	3	name				GH27	10-family panel
meta	family_order	4	name				GH36	10-family panel
meta	family_order	5	name				GH51	10-family panel
meta	family_order	6	name				GH54	10-family panel
meta	family_order	7	name				GH78	10-family panel
meta	family_order	8	name				GH79	10-family panel
meta	family_order	9	name				GH106	10-family panel
