# source_data for Fig 4 — CAZy family multifunctionality and statistical power | figure-round (presentation only)
# rows=9781 | all plotted values are read back from this file by the plot stage
# provenance column gives the upstream read-only file + locator for every value
block	entity	sub	field	value	num	den	text	provenance
A_activities	GH1	core	activities	35.0				绘图轮全景任务表.MD
A_activities	GH1	core	characterized	395.0				绘图轮全景任务表.MD
A_activities	GH1	core	has_ec32121	1			✅ (H15)	绘图轮全景任务表.MD
A_activities	GH2	secondary	activities	18.0				绘图轮全景任务表.MD
A_activities	GH2	secondary	characterized	253.0				绘图轮全景任务表.MD
A_activities	GH2	secondary	has_ec32121	1			✅ (H15)	绘图轮全景任务表.MD
A_activities	GH3	core	activities	36.0				绘图轮全景任务表.MD
A_activities	GH3	core	characterized	427.0				绘图轮全景任务表.MD
A_activities	GH3	core	has_ec32121	1			✅ (H15)	绘图轮全景任务表.MD
A_activities	GH27	sidechain	activities	9.0				绘图轮全景任务表.MD
A_activities	GH27	sidechain	characterized	81.0				绘图轮全景任务表.MD
A_activities	GH27	sidechain	has_ec32121	0			❌	绘图轮全景任务表.MD
A_activities	GH36	sidechain	activities	11.0				绘图轮全景任务表.MD
A_activities	GH36	sidechain	characterized	99.0				绘图轮全景任务表.MD
A_activities	GH36	sidechain	has_ec32121	0			❌	绘图轮全景任务表.MD
A_activities	GH51	sidechain	activities	9.0				绘图轮全景任务表.MD
A_activities	GH51	sidechain	characterized	121.0				绘图轮全景任务表.MD
A_activities	GH51	sidechain	has_ec32121	0			❌	绘图轮全景任务表.MD
A_activities	GH78	sidechain	activities	4.0				绘图轮全景任务表.MD
A_activities	GH78	sidechain	characterized	52.0				绘图轮全景任务表.MD
A_activities	GH78	sidechain	has_ec32121	0			❌	绘图轮全景任务表.MD
A_activities	GH106	sidechain	activities	4.0				绘图轮全景任务表.MD
A_activities	GH106	sidechain	characterized	12.0				绘图轮全景任务表.MD
A_activities	GH106	sidechain	has_ec32121	0			❌	绘图轮全景任务表.MD
B_power	Se0.6_Sp0.6		kappa	0.0				outputs_round8/figures/fig3_source_data.tsv
B_power_n	Se0.6_Sp0.6	0	kappa	0.0				outputs_round8/figures/fig3_source_data.tsv
B_power	Se0.6_Sp0.6		kappa	0.0051704904036352				outputs_round8/figures/fig3_source_data.tsv
B_power_n	Se0.6_Sp0.6	5	kappa	0.0051704904036352				outputs_round8/figures/fig3_source_data.tsv
B_power	Se0.6_Sp0.6		kappa	0.0101822102241372				outputs_round8/figures/fig3_source_data.tsv
B_power_n	Se0.6_Sp0.6	10	kappa	0.0101822102241372				outputs_round8/figures/fig3_source_data.tsv
B_power	Se0.6_Sp0.6		kappa	0.0150415697163064				outputs_round8/figures/fig3_source_data.tsv
B_power_n	Se0.6_Sp0.6	15	kappa	0.0150415697163064				outputs_round8/figures/fig3_source_data.tsv
B_power	Se0.6_Sp0.6		kappa	0.0197546440013945				outputs_round8/figures/fig3_source_data.tsv
B_power_n	Se0.6_Sp0.6	20	kappa	0.0197546440013945				outputs_round8/figures/fig3_source_data.tsv
B_power	Se0.6_Sp0.6		kappa	0.0243271946349335				outputs_round8/figures/fig3_source_data.tsv
B_power_n	Se0.6_Sp0.6	25	kappa	0.0243271946349335				outputs_round8/figures/fig3_source_data.tsv
B_power	Se0.6_Sp0.6		kappa	0.0287646895307005				outputs_round8/figures/fig3_source_data.tsv
B_power_n	Se0.6_Sp0.6	30	kappa	0.0287646895307005				outputs_round8/figures/fig3_source_data.tsv
B_power	Se0.6_Sp0.6		kappa	0.0330723213851465				outputs_round8/figures/fig3_source_data.tsv
B_power_n	Se0.6_Sp0.6	35	kappa	0.0330723213851465				outputs_round8/figures/fig3_source_data.tsv
B_power	Se0.6_Sp0.6		kappa	0.0372550247323274				outputs_round8/figures/fig3_source_data.tsv
B_power_n	Se0.6_Sp0.6	40	kappa	0.0372550247323274				outputs_round8/figures/fig3_source_data.tsv
B_power	Se0.6_Sp0.6		kappa	0.0413174917466285				outputs_round8/figures/fig3_source_data.tsv
B_power_n	Se0.6_Sp0.6	45	kappa	0.0413174917466285				outputs_round8/figures/fig3_source_data.tsv
B_power	Se0.6_Sp0.6		kappa	0.0452641868992511				outputs_round8/figures/fig3_source_data.tsv
B_power_n	Se0.6_Sp0.6	50	kappa	0.0452641868992511				outputs_round8/figures/fig3_source_data.tsv
B_power	Se0.6_Sp0.6		kappa	0.0490993605642861				outputs_round8/figures/fig3_source_data.tsv
B_power_n	Se0.6_Sp0.6	55	kappa	0.0490993605642861				outputs_round8/figures/fig3_source_data.tsv
B_power	Se0.6_Sp0.6		kappa	0.052827061661167				outputs_round8/figures/fig3_source_data.tsv
B_power_n	Se0.6_Sp0.6	60	kappa	0.052827061661167				outputs_round8/figures/fig3_source_data.tsv
B_power	Se0.6_Sp0.6		kappa	0.0564511494121804				outputs_round8/figures/fig3_source_data.tsv
B_power_n	Se0.6_Sp0.6	65	kappa	0.0564511494121804				outputs_round8/figures/fig3_source_data.tsv
B_power	Se0.6_Sp0.6		kappa	0.0599753042864702				outputs_round8/figures/fig3_source_data.tsv
B_power_n	Se0.6_Sp0.6	70	kappa	0.0599753042864702				outputs_round8/figures/fig3_source_data.tsv
B_power	Se0.6_Sp0.6		kappa	0.0634030381954467				outputs_round8/figures/fig3_source_data.tsv
B_power_n	Se0.6_Sp0.6	75	kappa	0.0634030381954467				outputs_round8/figures/fig3_source_data.tsv
B_power	Se0.6_Sp0.6		kappa	0.0667377039986543				outputs_round8/figures/fig3_source_data.tsv
B_power_n	Se0.6_Sp0.6	80	kappa	0.0667377039986543				outputs_round8/figures/fig3_source_data.tsv
B_power	Se0.6_Sp0.6		kappa	0.0699825043739064				outputs_round8/figures/fig3_source_data.tsv
B_power_n	Se0.6_Sp0.6	85	kappa	0.0699825043739064				outputs_round8/figures/fig3_source_data.tsv
B_power	Se0.6_Sp0.6		kappa	0.0731405001007303				outputs_round8/figures/fig3_source_data.tsv
B_power_n	Se0.6_Sp0.6	90	kappa	0.0731405001007303				outputs_round8/figures/fig3_source_data.tsv
B_power	Se0.6_Sp0.6		kappa	0.0762146178018943				outputs_round8/figures/fig3_source_data.tsv
B_power_n	Se0.6_Sp0.6	95	kappa	0.0762146178018943				outputs_round8/figures/fig3_source_data.tsv
B_power	Se0.6_Sp0.6		kappa	0.079207657183935				outputs_round8/figures/fig3_source_data.tsv
B_power_n	Se0.6_Sp0.6	100	kappa	0.079207657183935				outputs_round8/figures/fig3_source_data.tsv
B_power	Se0.6_Sp0.6		kappa	0.0821222978140977				outputs_round8/figures/fig3_source_data.tsv
B_power_n	Se0.6_Sp0.6	105	kappa	0.0821222978140977				outputs_round8/figures/fig3_source_data.tsv
B_power	Se0.6_Sp0.6		kappa	0.0849611054679514				outputs_round8/figures/fig3_source_data.tsv
B_power_n	Se0.6_Sp0.6	110	kappa	0.0849611054679514				outputs_round8/figures/fig3_source_data.tsv
B_power	Se0.6_Sp0.6		kappa	0.0877265380790708				outputs_round8/figures/fig3_source_data.tsv
B_power_n	Se0.6_Sp0.6	115	kappa	0.0877265380790708				outputs_round8/figures/fig3_source_data.tsv
B_power	Se0.6_Sp0.6		kappa	0.0904209513195886				outputs_round8/figures/fig3_source_data.tsv
B_power_n	Se0.6_Sp0.6	120	kappa	0.0904209513195886				outputs_round8/figures/fig3_source_data.tsv
B_power	Se0.6_Sp0.6		kappa	0.0930466038380551				outputs_round8/figures/fig3_source_data.tsv
B_power_n	Se0.6_Sp0.6	125	kappa	0.0930466038380551				outputs_round8/figures/fig3_source_data.tsv
B_power	Se0.6_Sp0.6		kappa	0.0956056621789065				outputs_round8/figures/fig3_source_data.tsv
B_power_n	Se0.6_Sp0.6	130	kappa	0.0956056621789065				outputs_round8/figures/fig3_source_data.tsv
B_power	Se0.6_Sp0.6		kappa	0.0981002054058921				outputs_round8/figures/fig3_source_data.tsv
B_power_n	Se0.6_Sp0.6	135	kappa	0.0981002054058921				outputs_round8/figures/fig3_source_data.tsv
B_power	Se0.6_Sp0.6		kappa	0.1005322294500295				outputs_round8/figures/fig3_source_data.tsv
B_power_n	Se0.6_Sp0.6	140	kappa	0.1005322294500295				outputs_round8/figures/fig3_source_data.tsv
B_power	Se0.6_Sp0.6		kappa	0.1029036512010519				outputs_round8/figures/fig3_source_data.tsv
B_power_n	Se0.6_Sp0.6	145	kappa	0.1029036512010519				outputs_round8/figures/fig3_source_data.tsv
B_power	Se0.6_Sp0.6		kappa	0.1052163123598222				outputs_round8/figures/fig3_source_data.tsv
B_power_n	Se0.6_Sp0.6	150	kappa	0.1052163123598222				outputs_round8/figures/fig3_source_data.tsv
B_power	Se0.6_Sp0.6		kappa	0.1074719830678458				outputs_round8/figures/fig3_source_data.tsv
B_power_n	Se0.6_Sp0.6	155	kappa	0.1074719830678458				outputs_round8/figures/fig3_source_data.tsv
B_power	Se0.6_Sp0.6		kappa	0.1096723653287869				outputs_round8/figures/fig3_source_data.tsv
B_power_n	Se0.6_Sp0.6	160	kappa	0.1096723653287869				outputs_round8/figures/fig3_source_data.tsv
B_power	Se0.6_Sp0.6		kappa	0.1118190962357511				outputs_round8/figures/fig3_source_data.tsv
B_power_n	Se0.6_Sp0.6	165	kappa	0.1118190962357511				outputs_round8/figures/fig3_source_data.tsv
B_power	Se0.6_Sp0.6		kappa	0.1139137510170871				outputs_round8/figures/fig3_source_data.tsv
B_power_n	Se0.6_Sp0.6	170	kappa	0.1139137510170871				outputs_round8/figures/fig3_source_data.tsv
B_power	Se0.6_Sp0.6		kappa	0.115957845912486				outputs_round8/figures/fig3_source_data.tsv
B_power_n	Se0.6_Sp0.6	175	kappa	0.115957845912486				outputs_round8/figures/fig3_source_data.tsv
B_power	Se0.6_Sp0.6		kappa	0.1179528408903183				outputs_round8/figures/fig3_source_data.tsv
B_power_n	Se0.6_Sp0.6	180	kappa	0.1179528408903183				outputs_round8/figures/fig3_source_data.tsv
B_power	Se0.6_Sp0.6		kappa	0.119900142216328				outputs_round8/figures/fig3_source_data.tsv
B_power_n	Se0.6_Sp0.6	185	kappa	0.119900142216328				outputs_round8/figures/fig3_source_data.tsv
B_power	Se0.6_Sp0.6		kappa	0.1218011048830875				outputs_round8/figures/fig3_source_data.tsv
B_power_n	Se0.6_Sp0.6	190	kappa	0.1218011048830875				outputs_round8/figures/fig3_source_data.tsv
B_power	Se0.6_Sp0.6		kappa	0.1236570349089326				outputs_round8/figures/fig3_source_data.tsv
B_power_n	Se0.6_Sp0.6	195	kappa	0.1236570349089326				outputs_round8/figures/fig3_source_data.tsv
B_power	Se0.6_Sp0.6		kappa	0.125469191514487				outputs_round8/figures/fig3_source_data.tsv
B_power_n	Se0.6_Sp0.6	200	kappa	0.125469191514487				outputs_round8/figures/fig3_source_data.tsv
B_power	Se0.6_Sp0.6		kappa	0.141430612240047				outputs_round8/figures/fig3_source_data.tsv
B_power_n	Se0.6_Sp0.6	250	kappa	0.141430612240047				outputs_round8/figures/fig3_source_data.tsv
B_power	Se0.6_Sp0.6		kappa	0.1541197903625485				outputs_round8/figures/fig3_source_data.tsv
B_power_n	Se0.6_Sp0.6	300	kappa	0.1541197903625485				outputs_round8/figures/fig3_source_data.tsv
B_power	Se0.6_Sp0.6		kappa	0.1642670789448256				outputs_round8/figures/fig3_source_data.tsv
B_power_n	Se0.6_Sp0.6	350	kappa	0.1642670789448256				outputs_round8/figures/fig3_source_data.tsv
B_power	Se0.6_Sp0.6		kappa	0.1724087971950972				outputs_round8/figures/fig3_source_data.tsv
B_power_n	Se0.6_Sp0.6	400	kappa	0.1724087971950972				outputs_round8/figures/fig3_source_data.tsv
B_power	Se0.6_Sp0.6		kappa	0.1789470694284555				outputs_round8/figures/fig3_source_data.tsv
B_power_n	Se0.6_Sp0.6	450	kappa	0.1789470694284555				outputs_round8/figures/fig3_source_data.tsv
B_power	Se0.6_Sp0.6		kappa	0.1841888570384908				outputs_round8/figures/fig3_source_data.tsv
B_power_n	Se0.6_Sp0.6	500	kappa	0.1841888570384908				outputs_round8/figures/fig3_source_data.tsv
B_power	Se0.6_Sp0.6		kappa	0.1883721566093588				outputs_round8/figures/fig3_source_data.tsv
B_power_n	Se0.6_Sp0.6	550	kappa	0.1883721566093588				outputs_round8/figures/fig3_source_data.tsv
B_power	Se0.6_Sp0.6		kappa	0.1916840274049096				outputs_round8/figures/fig3_source_data.tsv
B_power_n	Se0.6_Sp0.6	600	kappa	0.1916840274049096				outputs_round8/figures/fig3_source_data.tsv
B_power	Se0.6_Sp0.6		kappa	0.1942732710369572				outputs_round8/figures/fig3_source_data.tsv
B_power_n	Se0.6_Sp0.6	650	kappa	0.1942732710369572				outputs_round8/figures/fig3_source_data.tsv
B_power	Se0.6_Sp0.6		kappa	0.1962595243592704				outputs_round8/figures/fig3_source_data.tsv
B_power_n	Se0.6_Sp0.6	700	kappa	0.1962595243592704				outputs_round8/figures/fig3_source_data.tsv
B_power	Se0.6_Sp0.6		kappa	0.1977398939405185				outputs_round8/figures/fig3_source_data.tsv
B_power_n	Se0.6_Sp0.6	750	kappa	0.1977398939405185				outputs_round8/figures/fig3_source_data.tsv
B_power	Se0.6_Sp0.6		kappa	0.1987938724712248				outputs_round8/figures/fig3_source_data.tsv
B_power_n	Se0.6_Sp0.6	800	kappa	0.1987938724712248				outputs_round8/figures/fig3_source_data.tsv
B_power	Se0.6_Sp0.6		kappa	0.1994870333428325				outputs_round8/figures/fig3_source_data.tsv
B_power_n	Se0.6_Sp0.6	850	kappa	0.1994870333428325				outputs_round8/figures/fig3_source_data.tsv
B_power	Se0.6_Sp0.6		kappa	0.1998738424673126				outputs_round8/figures/fig3_source_data.tsv
B_power_n	Se0.6_Sp0.6	900	kappa	0.1998738424673126				outputs_round8/figures/fig3_source_data.tsv
B_power	Se0.6_Sp0.6		kappa	0.1999998230872858				outputs_round8/figures/fig3_source_data.tsv
B_power_n	Se0.6_Sp0.6	950	kappa	0.1999998230872858				outputs_round8/figures/fig3_source_data.tsv
B_power	Se0.6_Sp0.6		kappa	0.1999032401123488				outputs_round8/figures/fig3_source_data.tsv
B_power_n	Se0.6_Sp0.6	1000	kappa	0.1999032401123488				outputs_round8/figures/fig3_source_data.tsv
B_power	Se0.6_Sp0.6		kappa	0.1996164233433791				outputs_round8/figures/fig3_source_data.tsv
B_power_n	Se0.6_Sp0.6	1050	kappa	0.1996164233433791				outputs_round8/figures/fig3_source_data.tsv
B_power	Se0.6_Sp0.6		kappa	0.1991668162826858				outputs_round8/figures/fig3_source_data.tsv
B_power_n	Se0.6_Sp0.6	1100	kappa	0.1991668162826858				outputs_round8/figures/fig3_source_data.tsv
B_power	Se0.6_Sp0.6		kappa	0.1985778142800446				outputs_round8/figures/fig3_source_data.tsv
B_power_n	Se0.6_Sp0.6	1150	kappa	0.1985778142800446				outputs_round8/figures/fig3_source_data.tsv
B_power	Se0.6_Sp0.6		kappa	0.197869439425347				outputs_round8/figures/fig3_source_data.tsv
B_power_n	Se0.6_Sp0.6	1200	kappa	0.197869439425347				outputs_round8/figures/fig3_source_data.tsv
B_power	Se0.6_Sp0.6		kappa	0.1970588878195084				outputs_round8/figures/fig3_source_data.tsv
B_power_n	Se0.6_Sp0.6	1250	kappa	0.1970588878195084				outputs_round8/figures/fig3_source_data.tsv
B_power	Se0.6_Sp0.6		kappa	0.1961609762654093				outputs_round8/figures/fig3_source_data.tsv
B_power_n	Se0.6_Sp0.6	1300	kappa	0.1961609762654093				outputs_round8/figures/fig3_source_data.tsv
B_power	Se0.6_Sp0.6		kappa	0.1951885090890534				outputs_round8/figures/fig3_source_data.tsv
B_power_n	Se0.6_Sp0.6	1350	kappa	0.1951885090890534				outputs_round8/figures/fig3_source_data.tsv
B_power	Se0.6_Sp0.6		kappa	0.1941525810872544				outputs_round8/figures/fig3_source_data.tsv
B_power_n	Se0.6_Sp0.6	1400	kappa	0.1941525810872544				outputs_round8/figures/fig3_source_data.tsv
B_power	Se0.6_Sp0.6		kappa	0.1930628290557599				outputs_round8/figures/fig3_source_data.tsv
B_power_n	Se0.6_Sp0.6	1450	kappa	0.1930628290557599				outputs_round8/figures/fig3_source_data.tsv
B_power	Se0.6_Sp0.6		kappa	0.1919276416662545				outputs_round8/figures/fig3_source_data.tsv
B_power_n	Se0.6_Sp0.6	1500	kappa	0.1919276416662545				outputs_round8/figures/fig3_source_data.tsv
B_power	Se0.6_Sp0.6		kappa	0.1907543354080691				outputs_round8/figures/fig3_source_data.tsv
B_power_n	Se0.6_Sp0.6	1550	kappa	0.1907543354080691				outputs_round8/figures/fig3_source_data.tsv
B_power	Se0.6_Sp0.6		kappa	0.1895493027293506				outputs_round8/figures/fig3_source_data.tsv
B_power_n	Se0.6_Sp0.6	1600	kappa	0.1895493027293506				outputs_round8/figures/fig3_source_data.tsv
B_power	Se0.6_Sp0.6		kappa	0.1883181372856963				outputs_round8/figures/fig3_source_data.tsv
B_power_n	Se0.6_Sp0.6	1650	kappa	0.1883181372856963				outputs_round8/figures/fig3_source_data.tsv
B_power	Se0.6_Sp0.6		kappa	0.1870657402458578				outputs_round8/figures/fig3_source_data.tsv
B_power_n	Se0.6_Sp0.6	1700	kappa	0.1870657402458578				outputs_round8/figures/fig3_source_data.tsv
B_power	Se0.6_Sp0.6		kappa	0.1857964108505105				outputs_round8/figures/fig3_source_data.tsv
B_power_n	Se0.6_Sp0.6	1750	kappa	0.1857964108505105				outputs_round8/figures/fig3_source_data.tsv
B_power	Se0.6_Sp0.6		kappa	0.1845139238238313				outputs_round8/figures/fig3_source_data.tsv
B_power_n	Se0.6_Sp0.6	1800	kappa	0.1845139238238313				outputs_round8/figures/fig3_source_data.tsv
B_power	Se0.6_Sp0.6		kappa	0.183221595763141				outputs_round8/figures/fig3_source_data.tsv
B_power_n	Se0.6_Sp0.6	1850	kappa	0.183221595763141				outputs_round8/figures/fig3_source_data.tsv
B_power	Se0.6_Sp0.6		kappa	0.181922342252168				outputs_round8/figures/fig3_source_data.tsv
B_power_n	Se0.6_Sp0.6	1900	kappa	0.181922342252168				outputs_round8/figures/fig3_source_data.tsv
B_power	Se0.6_Sp0.6		kappa	0.1806187271380707				outputs_round8/figures/fig3_source_data.tsv
B_power_n	Se0.6_Sp0.6	1950	kappa	0.1806187271380707				outputs_round8/figures/fig3_source_data.tsv
B_power	Se0.6_Sp0.6		kappa	0.1793130051654201				outputs_round8/figures/fig3_source_data.tsv
B_power_n	Se0.6_Sp0.6	2000	kappa	0.1793130051654201				outputs_round8/figures/fig3_source_data.tsv
B_power	Se0.6_Sp0.6		kappa	0.166476594230229				outputs_round8/figures/fig3_source_data.tsv
B_power_n	Se0.6_Sp0.6	2500	kappa	0.166476594230229				outputs_round8/figures/fig3_source_data.tsv
B_power	Se0.6_Sp0.6		kappa	0.1545931040216724				outputs_round8/figures/fig3_source_data.tsv
B_power_n	Se0.6_Sp0.6	3000	kappa	0.1545931040216724				outputs_round8/figures/fig3_source_data.tsv
B_power	Se0.6_Sp0.6		kappa	0.1439165622566116				outputs_round8/figures/fig3_source_data.tsv
B_power_n	Se0.6_Sp0.6	3500	kappa	0.1439165622566116				outputs_round8/figures/fig3_source_data.tsv
B_power	Se0.6_Sp0.6		kappa	0.1344143712683068				outputs_round8/figures/fig3_source_data.tsv
B_power_n	Se0.6_Sp0.6	4000	kappa	0.1344143712683068				outputs_round8/figures/fig3_source_data.tsv
B_power	Se0.6_Sp0.6		kappa	0.1259692338671165				outputs_round8/figures/fig3_source_data.tsv
B_power_n	Se0.6_Sp0.6	4500	kappa	0.1259692338671165				outputs_round8/figures/fig3_source_data.tsv
B_power	Se0.6_Sp0.6		kappa	0.1184483151274621				outputs_round8/figures/fig3_source_data.tsv
B_power_n	Se0.6_Sp0.6	5000	kappa	0.1184483151274621				outputs_round8/figures/fig3_source_data.tsv
B_power	Se0.6_Sp0.6		kappa	0.1117268273097577				outputs_round8/figures/fig3_source_data.tsv
B_power_n	Se0.6_Sp0.6	5500	kappa	0.1117268273097577				outputs_round8/figures/fig3_source_data.tsv
B_power	Se0.6_Sp0.6		kappa	0.1056949755510053				outputs_round8/figures/fig3_source_data.tsv
B_power_n	Se0.6_Sp0.6	6000	kappa	0.1056949755510053				outputs_round8/figures/fig3_source_data.tsv
B_power	Se0.6_Sp0.6		kappa	0.100258741434585				outputs_round8/figures/fig3_source_data.tsv
B_power_n	Se0.6_Sp0.6	6500	kappa	0.100258741434585				outputs_round8/figures/fig3_source_data.tsv
B_power	Se0.6_Sp0.6		kappa	0.0953385077841084				outputs_round8/figures/fig3_source_data.tsv
B_power_n	Se0.6_Sp0.6	7000	kappa	0.0953385077841084				outputs_round8/figures/fig3_source_data.tsv
B_power	Se0.6_Sp0.6		kappa	0.0908670888872551				outputs_round8/figures/fig3_source_data.tsv
B_power_n	Se0.6_Sp0.6	7500	kappa	0.0908670888872551				outputs_round8/figures/fig3_source_data.tsv
B_power	Se0.6_Sp0.6		kappa	0.0867877659880935				outputs_round8/figures/fig3_source_data.tsv
B_power_n	Se0.6_Sp0.6	8000	kappa	0.0867877659880935				outputs_round8/figures/fig3_source_data.tsv
B_power	Se0.6_Sp0.6		kappa	0.0830525366617625				outputs_round8/figures/fig3_source_data.tsv
B_power_n	Se0.6_Sp0.6	8500	kappa	0.0830525366617625				outputs_round8/figures/fig3_source_data.tsv
B_power	Se0.6_Sp0.6		kappa	0.0796206281509992				outputs_round8/figures/fig3_source_data.tsv
B_power_n	Se0.6_Sp0.6	9000	kappa	0.0796206281509992				outputs_round8/figures/fig3_source_data.tsv
B_power	Se0.6_Sp0.6		kappa	0.0764572632641682				outputs_round8/figures/fig3_source_data.tsv
B_power_n	Se0.6_Sp0.6	9500	kappa	0.0764572632641682				outputs_round8/figures/fig3_source_data.tsv
B_power	Se0.6_Sp0.6		kappa	0.0735326467649834				outputs_round8/figures/fig3_source_data.tsv
B_power_n	Se0.6_Sp0.6	10000	kappa	0.0735326467649834				outputs_round8/figures/fig3_source_data.tsv
B_power	Se0.6_Sp0.6		kappa	0.070821136359849				outputs_round8/figures/fig3_source_data.tsv
B_power_n	Se0.6_Sp0.6	10500	kappa	0.070821136359849				outputs_round8/figures/fig3_source_data.tsv
B_power	Se0.6_Sp0.6		kappa	0.0683005650632538				outputs_round8/figures/fig3_source_data.tsv
B_power_n	Se0.6_Sp0.6	11000	kappa	0.0683005650632538				outputs_round8/figures/fig3_source_data.tsv
B_power	Se0.6_Sp0.6		kappa	0.0659516864499235				outputs_round8/figures/fig3_source_data.tsv
B_power_n	Se0.6_Sp0.6	11500	kappa	0.0659516864499235				outputs_round8/figures/fig3_source_data.tsv
B_power	Se0.6_Sp0.6		kappa	0.0637577192381504				outputs_round8/figures/fig3_source_data.tsv
B_power_n	Se0.6_Sp0.6	12000	kappa	0.0637577192381504				outputs_round8/figures/fig3_source_data.tsv
B_power	Se0.6_Sp0.6		kappa	0.0617039720931288				outputs_round8/figures/fig3_source_data.tsv
B_power_n	Se0.6_Sp0.6	12500	kappa	0.0617039720931288				outputs_round8/figures/fig3_source_data.tsv
B_power	Se0.6_Sp0.6		kappa	0.0597775332922609				outputs_round8/figures/fig3_source_data.tsv
B_power_n	Se0.6_Sp0.6	13000	kappa	0.0597775332922609				outputs_round8/figures/fig3_source_data.tsv
B_power	Se0.6_Sp0.6		kappa	0.0579670129628893				outputs_round8/figures/fig3_source_data.tsv
B_power_n	Se0.6_Sp0.6	13500	kappa	0.0579670129628893				outputs_round8/figures/fig3_source_data.tsv
B_power	Se0.6_Sp0.6		kappa	0.056262328068945				outputs_round8/figures/fig3_source_data.tsv
B_power_n	Se0.6_Sp0.6	14000	kappa	0.056262328068945				outputs_round8/figures/fig3_source_data.tsv
B_power	Se0.6_Sp0.6		kappa	0.0546545222871674				outputs_round8/figures/fig3_source_data.tsv
B_power_n	Se0.6_Sp0.6	14500	kappa	0.0546545222871674				outputs_round8/figures/fig3_source_data.tsv
B_power	Se0.6_Sp0.6		kappa	0.0531356144715579				outputs_round8/figures/fig3_source_data.tsv
B_power_n	Se0.6_Sp0.6	15000	kappa	0.0531356144715579				outputs_round8/figures/fig3_source_data.tsv
B_power	Se0.6_Sp0.6		kappa	0.0516984706389969				outputs_round8/figures/fig3_source_data.tsv
B_power_n	Se0.6_Sp0.6	15500	kappa	0.0516984706389969				outputs_round8/figures/fig3_source_data.tsv
B_power	Se0.6_Sp0.6		kappa	0.050336695387488				outputs_round8/figures/fig3_source_data.tsv
B_power_n	Se0.6_Sp0.6	16000	kappa	0.050336695387488				outputs_round8/figures/fig3_source_data.tsv
B_power	Se0.6_Sp0.6		kappa	0.0490445394356815				outputs_round8/figures/fig3_source_data.tsv
B_power_n	Se0.6_Sp0.6	16500	kappa	0.0490445394356815				outputs_round8/figures/fig3_source_data.tsv
B_power	Se0.6_Sp0.6		kappa	0.0478168205912891				outputs_round8/figures/fig3_source_data.tsv
B_power_n	Se0.6_Sp0.6	17000	kappa	0.0478168205912891				outputs_round8/figures/fig3_source_data.tsv
B_power	Se0.6_Sp0.6		kappa	0.0466488559505286				outputs_round8/figures/fig3_source_data.tsv
B_power_n	Se0.6_Sp0.6	17500	kappa	0.0466488559505286				outputs_round8/figures/fig3_source_data.tsv
B_power	Se0.6_Sp0.6		kappa	0.0455364035271968				outputs_round8/figures/fig3_source_data.tsv
B_power_n	Se0.6_Sp0.6	18000	kappa	0.0455364035271968				outputs_round8/figures/fig3_source_data.tsv
B_power	Se0.6_Sp0.6		kappa	0.0444756118290624				outputs_round8/figures/fig3_source_data.tsv
B_power_n	Se0.6_Sp0.6	18500	kappa	0.0444756118290624				outputs_round8/figures/fig3_source_data.tsv
B_power	Se0.6_Sp0.6		kappa	0.0434629761569921				outputs_round8/figures/fig3_source_data.tsv
B_power_n	Se0.6_Sp0.6	19000	kappa	0.0434629761569921				outputs_round8/figures/fig3_source_data.tsv
B_power	Se0.6_Sp0.6		kappa	0.0424953006112625				outputs_round8/figures/fig3_source_data.tsv
B_power_n	Se0.6_Sp0.6	19500	kappa	0.0424953006112625				outputs_round8/figures/fig3_source_data.tsv
B_power	Se0.6_Sp0.6		kappa	0.0415696649596789				outputs_round8/figures/fig3_source_data.tsv
B_power_n	Se0.6_Sp0.6	20000	kappa	0.0415696649596789				outputs_round8/figures/fig3_source_data.tsv
B_power	Se0.6_Sp0.7		kappa	0.0				outputs_round8/figures/fig3_source_data.tsv
B_power_n	Se0.6_Sp0.7	0	kappa	0.0				outputs_round8/figures/fig3_source_data.tsv
B_power	Se0.6_Sp0.7		kappa	0.0077457758265077				outputs_round8/figures/fig3_source_data.tsv
B_power_n	Se0.6_Sp0.7	5	kappa	0.0077457758265077				outputs_round8/figures/fig3_source_data.tsv
B_power	Se0.6_Sp0.7		kappa	0.0152349413593451				outputs_round8/figures/fig3_source_data.tsv
B_power_n	Se0.6_Sp0.7	10	kappa	0.0152349413593451				outputs_round8/figures/fig3_source_data.tsv
B_power	Se0.6_Sp0.7		kappa	0.0224791560136859				outputs_round8/figures/fig3_source_data.tsv
B_power_n	Se0.6_Sp0.7	15	kappa	0.0224791560136859				outputs_round8/figures/fig3_source_data.tsv
B_power	Se0.6_Sp0.7		kappa	0.0294893875376362				outputs_round8/figures/fig3_source_data.tsv
B_power_n	Se0.6_Sp0.7	20	kappa	0.0294893875376362				outputs_round8/figures/fig3_source_data.tsv
B_power	Se0.6_Sp0.7		kappa	0.0362759625260159				outputs_round8/figures/fig3_source_data.tsv
B_power_n	Se0.6_Sp0.7	25	kappa	0.0362759625260159				outputs_round8/figures/fig3_source_data.tsv
B_power	Se0.6_Sp0.7		kappa	0.0428486125711265				outputs_round8/figures/fig3_source_data.tsv
B_power_n	Se0.6_Sp0.7	30	kappa	0.0428486125711265				outputs_round8/figures/fig3_source_data.tsv
B_power	Se0.6_Sp0.7		kappa	0.0492165164839143				outputs_round8/figures/fig3_source_data.tsv
B_power_n	Se0.6_Sp0.7	35	kappa	0.0492165164839143				outputs_round8/figures/fig3_source_data.tsv
B_power	Se0.6_Sp0.7		kappa	0.0553883389704287				outputs_round8/figures/fig3_source_data.tsv
B_power_n	Se0.6_Sp0.7	40	kappa	0.0553883389704287				outputs_round8/figures/fig3_source_data.tsv
B_power	Se0.6_Sp0.7		kappa	0.0613722661059817				outputs_round8/figures/fig3_source_data.tsv
B_power_n	Se0.6_Sp0.7	45	kappa	0.0613722661059817				outputs_round8/figures/fig3_source_data.tsv
B_power	Se0.6_Sp0.7		kappa	0.0671760379121234				outputs_round8/figures/fig3_source_data.tsv
B_power_n	Se0.6_Sp0.7	50	kappa	0.0671760379121234				outputs_round8/figures/fig3_source_data.tsv
B_power	Se0.6_Sp0.7		kappa	0.0728069783087764				outputs_round8/figures/fig3_source_data.tsv
B_power_n	Se0.6_Sp0.7	55	kappa	0.0728069783087764				outputs_round8/figures/fig3_source_data.tsv
B_power	Se0.6_Sp0.7		kappa	0.0782720226850005				outputs_round8/figures/fig3_source_data.tsv
B_power_n	Se0.6_Sp0.7	60	kappa	0.0782720226850005				outputs_round8/figures/fig3_source_data.tsv
B_power	Se0.6_Sp0.7		kappa	0.0835777433063857				outputs_round8/figures/fig3_source_data.tsv
B_power_n	Se0.6_Sp0.7	65	kappa	0.0835777433063857				outputs_round8/figures/fig3_source_data.tsv
B_power	Se0.6_Sp0.7		kappa	0.0887303727545559				outputs_round8/figures/fig3_source_data.tsv
B_power_n	Se0.6_Sp0.7	70	kappa	0.0887303727545559				outputs_round8/figures/fig3_source_data.tsv
B_power	Se0.6_Sp0.7		kappa	0.0937358255743451				outputs_round8/figures/fig3_source_data.tsv
B_power_n	Se0.6_Sp0.7	75	kappa	0.0937358255743451				outputs_round8/figures/fig3_source_data.tsv
B_power	Se0.6_Sp0.7		kappa	0.0985997182865188				outputs_round8/figures/fig3_source_data.tsv
B_power_n	Se0.6_Sp0.7	80	kappa	0.0985997182865188				outputs_round8/figures/fig3_source_data.tsv
B_power	Se0.6_Sp0.7		kappa	0.1033273879082352				outputs_round8/figures/fig3_source_data.tsv
B_power_n	Se0.6_Sp0.7	85	kappa	0.1033273879082352				outputs_round8/figures/fig3_source_data.tsv
B_power	Se0.6_Sp0.7		kappa	0.1079239091094594				outputs_round8/figures/fig3_source_data.tsv
B_power_n	Se0.6_Sp0.7	90	kappa	0.1079239091094594				outputs_round8/figures/fig3_source_data.tsv
B_power	Se0.6_Sp0.7		kappa	0.1123941101211243				outputs_round8/figures/fig3_source_data.tsv
B_power_n	Se0.6_Sp0.7	95	kappa	0.1123941101211243				outputs_round8/figures/fig3_source_data.tsv
B_power	Se0.6_Sp0.7		kappa	0.1167425874997138				outputs_round8/figures/fig3_source_data.tsv
B_power_n	Se0.6_Sp0.7	100	kappa	0.1167425874997138				outputs_round8/figures/fig3_source_data.tsv
B_power	Se0.6_Sp0.7		kappa	0.1209737198430504				outputs_round8/figures/fig3_source_data.tsv
B_power_n	Se0.6_Sp0.7	105	kappa	0.1209737198430504				outputs_round8/figures/fig3_source_data.tsv
B_power	Se0.6_Sp0.7		kappa	0.1250916805431789				outputs_round8/figures/fig3_source_data.tsv
B_power_n	Se0.6_Sp0.7	110	kappa	0.1250916805431789				outputs_round8/figures/fig3_source_data.tsv
B_power	Se0.6_Sp0.7		kappa	0.1291004496543036				outputs_round8/figures/fig3_source_data.tsv
B_power_n	Se0.6_Sp0.7	115	kappa	0.1291004496543036				outputs_round8/figures/fig3_source_data.tsv
B_power	Se0.6_Sp0.7		kappa	0.1330038249465995				outputs_round8/figures/fig3_source_data.tsv
B_power_n	Se0.6_Sp0.7	120	kappa	0.1330038249465995				outputs_round8/figures/fig3_source_data.tsv
B_power	Se0.6_Sp0.7		kappa	0.1368054322103216				outputs_round8/figures/fig3_source_data.tsv
B_power_n	Se0.6_Sp0.7	125	kappa	0.1368054322103216				outputs_round8/figures/fig3_source_data.tsv
B_power	Se0.6_Sp0.7		kappa	0.1405087348688577				outputs_round8/figures/fig3_source_data.tsv
B_power_n	Se0.6_Sp0.7	130	kappa	0.1405087348688577				outputs_round8/figures/fig3_source_data.tsv
B_power	Se0.6_Sp0.7		kappa	0.1441170429542126				outputs_round8/figures/fig3_source_data.tsv
B_power_n	Se0.6_Sp0.7	135	kappa	0.1441170429542126				outputs_round8/figures/fig3_source_data.tsv
B_power	Se0.6_Sp0.7		kappa	0.1476335214937038				outputs_round8/figures/fig3_source_data.tsv
B_power_n	Se0.6_Sp0.7	140	kappa	0.1476335214937038				outputs_round8/figures/fig3_source_data.tsv
B_power	Se0.6_Sp0.7		kappa	0.1510611983524507				outputs_round8/figures/fig3_source_data.tsv
B_power_n	Se0.6_Sp0.7	145	kappa	0.1510611983524507				outputs_round8/figures/fig3_source_data.tsv
B_power	Se0.6_Sp0.7		kappa	0.154402971572409				outputs_round8/figures/fig3_source_data.tsv
B_power_n	Se0.6_Sp0.7	150	kappa	0.154402971572409				outputs_round8/figures/fig3_source_data.tsv
B_power	Se0.6_Sp0.7		kappa	0.1576616162452579				outputs_round8/figures/fig3_source_data.tsv
B_power_n	Se0.6_Sp0.7	155	kappa	0.1576616162452579				outputs_round8/figures/fig3_source_data.tsv
B_power	Se0.6_Sp0.7		kappa	0.1608397909533247				outputs_round8/figures/fig3_source_data.tsv
B_power_n	Se0.6_Sp0.7	160	kappa	0.1608397909533247				outputs_round8/figures/fig3_source_data.tsv
B_power	Se0.6_Sp0.7		kappa	0.163940043809884				outputs_round8/figures/fig3_source_data.tsv
B_power_n	Se0.6_Sp0.7	165	kappa	0.163940043809884				outputs_round8/figures/fig3_source_data.tsv
B_power	Se0.6_Sp0.7		kappa	0.1669648181276088				outputs_round8/figures/fig3_source_data.tsv
B_power_n	Se0.6_Sp0.7	170	kappa	0.1669648181276088				outputs_round8/figures/fig3_source_data.tsv
B_power	Se0.6_Sp0.7		kappa	0.1699164577416104				outputs_round8/figures/fig3_source_data.tsv
B_power_n	Se0.6_Sp0.7	175	kappa	0.1699164577416104				outputs_round8/figures/fig3_source_data.tsv
B_power	Se0.6_Sp0.7		kappa	0.1727972120113694				outputs_round8/figures/fig3_source_data.tsv
B_power_n	Se0.6_Sp0.7	180	kappa	0.1727972120113694				outputs_round8/figures/fig3_source_data.tsv
B_power	Se0.6_Sp0.7		kappa	0.175609240523936				outputs_round8/figures/fig3_source_data.tsv
B_power_n	Se0.6_Sp0.7	185	kappa	0.175609240523936				outputs_round8/figures/fig3_source_data.tsv
B_power	Se0.6_Sp0.7		kappa	0.178354617519009				outputs_round8/figures/fig3_source_data.tsv
B_power_n	Se0.6_Sp0.7	190	kappa	0.178354617519009				outputs_round8/figures/fig3_source_data.tsv
B_power	Se0.6_Sp0.7		kappa	0.1810353360548878				outputs_round8/figures/fig3_source_data.tsv
B_power_n	Se0.6_Sp0.7	195	kappa	0.1810353360548878				outputs_round8/figures/fig3_source_data.tsv
B_power	Se0.6_Sp0.7		kappa	0.1836533119328353				outputs_round8/figures/fig3_source_data.tsv
B_power_n	Se0.6_Sp0.7	200	kappa	0.1836533119328353				outputs_round8/figures/fig3_source_data.tsv
B_power	Se0.6_Sp0.7		kappa	0.2067552799333286				outputs_round8/figures/fig3_source_data.tsv
B_power_n	Se0.6_Sp0.7	250	kappa	0.2067552799333286				outputs_round8/figures/fig3_source_data.tsv
B_power	Se0.6_Sp0.7		kappa	0.2252361193772461				outputs_round8/figures/fig3_source_data.tsv
B_power_n	Se0.6_Sp0.7	300	kappa	0.2252361193772461				outputs_round8/figures/fig3_source_data.tsv
B_power	Se0.6_Sp0.7		kappa	0.2401638765275129				outputs_round8/figures/fig3_source_data.tsv
B_power_n	Se0.6_Sp0.7	350	kappa	0.2401638765275129				outputs_round8/figures/fig3_source_data.tsv
B_power	Se0.6_Sp0.7		kappa	0.2523075183400002				outputs_round8/figures/fig3_source_data.tsv
B_power_n	Se0.6_Sp0.7	400	kappa	0.2523075183400002				outputs_round8/figures/fig3_source_data.tsv
B_power	Se0.6_Sp0.7		kappa	0.2622344447758988				outputs_round8/figures/fig3_source_data.tsv
B_power_n	Se0.6_Sp0.7	450	kappa	0.2622344447758988				outputs_round8/figures/fig3_source_data.tsv
B_power	Se0.6_Sp0.7		kappa	0.2703722048285294				outputs_round8/figures/fig3_source_data.tsv
B_power_n	Se0.6_Sp0.7	500	kappa	0.2703722048285294				outputs_round8/figures/fig3_source_data.tsv
B_power	Se0.6_Sp0.7		kappa	0.2770488616974482				outputs_round8/figures/fig3_source_data.tsv
B_power_n	Se0.6_Sp0.7	550	kappa	0.2770488616974482				outputs_round8/figures/fig3_source_data.tsv
B_power	Se0.6_Sp0.7		kappa	0.2825201536318742				outputs_round8/figures/fig3_source_data.tsv
B_power_n	Se0.6_Sp0.7	600	kappa	0.2825201536318742				outputs_round8/figures/fig3_source_data.tsv
B_power	Se0.6_Sp0.7		kappa	0.2869882282882828				outputs_round8/figures/fig3_source_data.tsv
B_power_n	Se0.6_Sp0.7	650	kappa	0.2869882282882828				outputs_round8/figures/fig3_source_data.tsv
B_power	Se0.6_Sp0.7		kappa	0.290614849848994				outputs_round8/figures/fig3_source_data.tsv
B_power_n	Se0.6_Sp0.7	700	kappa	0.290614849848994				outputs_round8/figures/fig3_source_data.tsv
B_power	Se0.6_Sp0.7		kappa	0.2935308915911757				outputs_round8/figures/fig3_source_data.tsv
B_power_n	Se0.6_Sp0.7	750	kappa	0.2935308915911757				outputs_round8/figures/fig3_source_data.tsv
B_power	Se0.6_Sp0.7		kappa	0.2958432776451867				outputs_round8/figures/fig3_source_data.tsv
B_power_n	Se0.6_Sp0.7	800	kappa	0.2958432776451867				outputs_round8/figures/fig3_source_data.tsv
B_power	Se0.6_Sp0.7		kappa	0.2976401388987312				outputs_round8/figures/fig3_source_data.tsv
B_power_n	Se0.6_Sp0.7	850	kappa	0.2976401388987312				outputs_round8/figures/fig3_source_data.tsv
B_power	Se0.6_Sp0.7		kappa	0.2989946966362397				outputs_round8/figures/fig3_source_data.tsv
B_power_n	Se0.6_Sp0.7	900	kappa	0.2989946966362397				outputs_round8/figures/fig3_source_data.tsv
B_power	Se0.6_Sp0.7		kappa	0.2999682253914278				outputs_round8/figures/fig3_source_data.tsv
B_power_n	Se0.6_Sp0.7	950	kappa	0.2999682253914278				outputs_round8/figures/fig3_source_data.tsv
B_power	Se0.6_Sp0.7		kappa	0.3006123397576237				outputs_round8/figures/fig3_source_data.tsv
B_power_n	Se0.6_Sp0.7	1000	kappa	0.3006123397576237				outputs_round8/figures/fig3_source_data.tsv
B_power	Se0.6_Sp0.7		kappa	0.3009707782946954				outputs_round8/figures/fig3_source_data.tsv
B_power_n	Se0.6_Sp0.7	1050	kappa	0.3009707782946954				outputs_round8/figures/fig3_source_data.tsv
B_power	Se0.6_Sp0.7		kappa	0.3010808088010359				outputs_round8/figures/fig3_source_data.tsv
B_power_n	Se0.6_Sp0.7	1100	kappa	0.3010808088010359				outputs_round8/figures/fig3_source_data.tsv
B_power	Se0.6_Sp0.7		kappa	0.3009743453368127				outputs_round8/figures/fig3_source_data.tsv
B_power_n	Se0.6_Sp0.7	1150	kappa	0.3009743453368127				outputs_round8/figures/fig3_source_data.tsv
B_power	Se0.6_Sp0.7		kappa	0.3006788435515476				outputs_round8/figures/fig3_source_data.tsv
B_power_n	Se0.6_Sp0.7	1200	kappa	0.3006788435515476				outputs_round8/figures/fig3_source_data.tsv
B_power	Se0.6_Sp0.7		kappa	0.3002180238791899				outputs_round8/figures/fig3_source_data.tsv
B_power_n	Se0.6_Sp0.7	1250	kappa	0.3002180238791899				outputs_round8/figures/fig3_source_data.tsv
B_power	Se0.6_Sp0.7		kappa	0.2996124599015751				outputs_round8/figures/fig3_source_data.tsv
B_power_n	Se0.6_Sp0.7	1300	kappa	0.2996124599015751				outputs_round8/figures/fig3_source_data.tsv
B_power	Se0.6_Sp0.7		kappa	0.2988800602287194				outputs_round8/figures/fig3_source_data.tsv
B_power_n	Se0.6_Sp0.7	1350	kappa	0.2988800602287194				outputs_round8/figures/fig3_source_data.tsv
B_power	Se0.6_Sp0.7		kappa	0.2980364656381483				outputs_round8/figures/fig3_source_data.tsv
B_power_n	Se0.6_Sp0.7	1400	kappa	0.2980364656381483				outputs_round8/figures/fig3_source_data.tsv
B_power	Se0.6_Sp0.7		kappa	0.2970953782915478				outputs_round8/figures/fig3_source_data.tsv
B_power_n	Se0.6_Sp0.7	1450	kappa	0.2970953782915478				outputs_round8/figures/fig3_source_data.tsv
B_power	Se0.6_Sp0.7		kappa	0.2960688361426237				outputs_round8/figures/fig3_source_data.tsv
B_power_n	Se0.6_Sp0.7	1500	kappa	0.2960688361426237				outputs_round8/figures/fig3_source_data.tsv
B_power	Se0.6_Sp0.7		kappa	0.2949674428385636				outputs_round8/figures/fig3_source_data.tsv
B_power_n	Se0.6_Sp0.7	1550	kappa	0.2949674428385636				outputs_round8/figures/fig3_source_data.tsv
B_power	Se0.6_Sp0.7		kappa	0.2938005612660581				outputs_round8/figures/fig3_source_data.tsv
B_power_n	Se0.6_Sp0.7	1600	kappa	0.2938005612660581				outputs_round8/figures/fig3_source_data.tsv
B_power	Se0.6_Sp0.7		kappa	0.2925764772336832				outputs_round8/figures/fig3_source_data.tsv
B_power_n	Se0.6_Sp0.7	1650	kappa	0.2925764772336832				outputs_round8/figures/fig3_source_data.tsv
B_power	Se0.6_Sp0.7		kappa	0.2913025384935496				outputs_round8/figures/fig3_source_data.tsv
B_power_n	Se0.6_Sp0.7	1700	kappa	0.2913025384935496				outputs_round8/figures/fig3_source_data.tsv
B_power	Se0.6_Sp0.7		kappa	0.2899852732969051				outputs_round8/figures/fig3_source_data.tsv
B_power_n	Se0.6_Sp0.7	1750	kappa	0.2899852732969051				outputs_round8/figures/fig3_source_data.tsv
B_power	Se0.6_Sp0.7		kappa	0.2886304918845692				outputs_round8/figures/fig3_source_data.tsv
B_power_n	Se0.6_Sp0.7	1800	kappa	0.2886304918845692				outputs_round8/figures/fig3_source_data.tsv
B_power	Se0.6_Sp0.7		kappa	0.2872433736841882				outputs_round8/figures/fig3_source_data.tsv
B_power_n	Se0.6_Sp0.7	1850	kappa	0.2872433736841882				outputs_round8/figures/fig3_source_data.tsv
B_power	Se0.6_Sp0.7		kappa	0.2858285424851281				outputs_round8/figures/fig3_source_data.tsv
B_power_n	Se0.6_Sp0.7	1900	kappa	0.2858285424851281				outputs_round8/figures/fig3_source_data.tsv
B_power	Se0.6_Sp0.7		kappa	0.2843901314602215				outputs_round8/figures/fig3_source_data.tsv
B_power_n	Se0.6_Sp0.7	1950	kappa	0.2843901314602215				outputs_round8/figures/fig3_source_data.tsv
B_power	Se0.6_Sp0.7		kappa	0.2829318395800244				outputs_round8/figures/fig3_source_data.tsv
B_power_n	Se0.6_Sp0.7	2000	kappa	0.2829318395800244				outputs_round8/figures/fig3_source_data.tsv
B_power	Se0.6_Sp0.7		kappa	0.2678409855828021				outputs_round8/figures/fig3_source_data.tsv
B_power_n	Se0.6_Sp0.7	2500	kappa	0.2678409855828021				outputs_round8/figures/fig3_source_data.tsv
B_power	Se0.6_Sp0.7		kappa	0.2529178836322691				outputs_round8/figures/fig3_source_data.tsv
B_power_n	Se0.6_Sp0.7	3000	kappa	0.2529178836322691				outputs_round8/figures/fig3_source_data.tsv
B_power	Se0.6_Sp0.7		kappa	0.2388781159542475				outputs_round8/figures/fig3_source_data.tsv
B_power_n	Se0.6_Sp0.7	3500	kappa	0.2388781159542475				outputs_round8/figures/fig3_source_data.tsv
B_power	Se0.6_Sp0.7		kappa	0.2259287761115442				outputs_round8/figures/fig3_source_data.tsv
B_power_n	Se0.6_Sp0.7	4000	kappa	0.2259287761115442				outputs_round8/figures/fig3_source_data.tsv
B_power	Se0.6_Sp0.7		kappa	0.2140800866074879				outputs_round8/figures/fig3_source_data.tsv
B_power_n	Se0.6_Sp0.7	4500	kappa	0.2140800866074879				outputs_round8/figures/fig3_source_data.tsv
B_power	Se0.6_Sp0.7		kappa	0.2032664751748431				outputs_round8/figures/fig3_source_data.tsv
B_power_n	Se0.6_Sp0.7	5000	kappa	0.2032664751748431				outputs_round8/figures/fig3_source_data.tsv
B_power	Se0.6_Sp0.7		kappa	0.1933968113509894				outputs_round8/figures/fig3_source_data.tsv
B_power_n	Se0.6_Sp0.7	5500	kappa	0.1933968113509894				outputs_round8/figures/fig3_source_data.tsv
B_power	Se0.6_Sp0.7		kappa	0.1843758112707848				outputs_round8/figures/fig3_source_data.tsv
B_power_n	Se0.6_Sp0.7	6000	kappa	0.1843758112707848				outputs_round8/figures/fig3_source_data.tsv
B_power	Se0.6_Sp0.7		kappa	0.1761129782400856				outputs_round8/figures/fig3_source_data.tsv
B_power_n	Se0.6_Sp0.7	6500	kappa	0.1761129782400856				outputs_round8/figures/fig3_source_data.tsv
B_power	Se0.6_Sp0.7		kappa	0.1685259596066404				outputs_round8/figures/fig3_source_data.tsv
B_power_n	Se0.6_Sp0.7	7000	kappa	0.1685259596066404				outputs_round8/figures/fig3_source_data.tsv
B_power	Se0.6_Sp0.7		kappa	0.1615413756181783				outputs_round8/figures/fig3_source_data.tsv
B_power_n	Se0.6_Sp0.7	7500	kappa	0.1615413756181783				outputs_round8/figures/fig3_source_data.tsv
B_power	Se0.6_Sp0.7		kappa	0.1550945294640503				outputs_round8/figures/fig3_source_data.tsv
B_power_n	Se0.6_Sp0.7	8000	kappa	0.1550945294640503				outputs_round8/figures/fig3_source_data.tsv
B_power	Se0.6_Sp0.7		kappa	0.149128662528938				outputs_round8/figures/fig3_source_data.tsv
B_power_n	Se0.6_Sp0.7	8500	kappa	0.149128662528938				outputs_round8/figures/fig3_source_data.tsv
B_power	Se0.6_Sp0.7		kappa	0.1435940688186079				outputs_round8/figures/fig3_source_data.tsv
B_power_n	Se0.6_Sp0.7	9000	kappa	0.1435940688186079				outputs_round8/figures/fig3_source_data.tsv
B_power	Se0.6_Sp0.7		kappa	0.1384472137697234				outputs_round8/figures/fig3_source_data.tsv
B_power_n	Se0.6_Sp0.7	9500	kappa	0.1384472137697234				outputs_round8/figures/fig3_source_data.tsv
B_power	Se0.6_Sp0.7		kappa	0.1336499201694427				outputs_round8/figures/fig3_source_data.tsv
B_power_n	Se0.6_Sp0.7	10000	kappa	0.1336499201694427				outputs_round8/figures/fig3_source_data.tsv
B_power	Se0.6_Sp0.7		kappa	0.1291686435941639				outputs_round8/figures/fig3_source_data.tsv
B_power_n	Se0.6_Sp0.7	10500	kappa	0.1291686435941639				outputs_round8/figures/fig3_source_data.tsv
B_power	Se0.6_Sp0.7		kappa	0.1249738404642569				outputs_round8/figures/fig3_source_data.tsv
B_power_n	Se0.6_Sp0.7	11000	kappa	0.1249738404642569				outputs_round8/figures/fig3_source_data.tsv
B_power	Se0.6_Sp0.7		kappa	0.1210394230604526				outputs_round8/figures/fig3_source_data.tsv
B_power_n	Se0.6_Sp0.7	11500	kappa	0.1210394230604526				outputs_round8/figures/fig3_source_data.tsv
B_power	Se0.6_Sp0.7		kappa	0.1173422923972712				outputs_round8/figures/fig3_source_data.tsv
B_power_n	Se0.6_Sp0.7	12000	kappa	0.1173422923972712				outputs_round8/figures/fig3_source_data.tsv
B_power	Se0.6_Sp0.7		kappa	0.1138619390117949				outputs_round8/figures/fig3_source_data.tsv
B_power_n	Se0.6_Sp0.7	12500	kappa	0.1138619390117949				outputs_round8/figures/fig3_source_data.tsv
B_power	Se0.6_Sp0.7		kappa	0.1105801021196885				outputs_round8/figures/fig3_source_data.tsv
B_power_n	Se0.6_Sp0.7	13000	kappa	0.1105801021196885				outputs_round8/figures/fig3_source_data.tsv
B_power	Se0.6_Sp0.7		kappa	0.1074804785054543				outputs_round8/figures/fig3_source_data.tsv
B_power_n	Se0.6_Sp0.7	13500	kappa	0.1074804785054543				outputs_round8/figures/fig3_source_data.tsv
B_power	Se0.6_Sp0.7		kappa	0.1045484735922861				outputs_round8/figures/fig3_source_data.tsv
B_power_n	Se0.6_Sp0.7	14000	kappa	0.1045484735922861				outputs_round8/figures/fig3_source_data.tsv
B_power	Se0.6_Sp0.7		kappa	0.1017709882044547				outputs_round8/figures/fig3_source_data.tsv
B_power_n	Se0.6_Sp0.7	14500	kappa	0.1017709882044547				outputs_round8/figures/fig3_source_data.tsv
B_power	Se0.6_Sp0.7		kappa	0.0991362355140766				outputs_round8/figures/fig3_source_data.tsv
B_power_n	Se0.6_Sp0.7	15000	kappa	0.0991362355140766				outputs_round8/figures/fig3_source_data.tsv
B_power	Se0.6_Sp0.7		kappa	0.0966335835258627				outputs_round8/figures/fig3_source_data.tsv
B_power_n	Se0.6_Sp0.7	15500	kappa	0.0966335835258627				outputs_round8/figures/fig3_source_data.tsv
B_power	Se0.6_Sp0.7		kappa	0.0942534191945905				outputs_round8/figures/fig3_source_data.tsv
B_power_n	Se0.6_Sp0.7	16000	kappa	0.0942534191945905				outputs_round8/figures/fig3_source_data.tsv
B_power	Se0.6_Sp0.7		kappa	0.0919870308983508				outputs_round8/figures/fig3_source_data.tsv
B_power_n	Se0.6_Sp0.7	16500	kappa	0.0919870308983508				outputs_round8/figures/fig3_source_data.tsv
B_power	Se0.6_Sp0.7		kappa	0.0898265065188381				outputs_round8/figures/fig3_source_data.tsv
B_power_n	Se0.6_Sp0.7	17000	kappa	0.0898265065188381				outputs_round8/figures/fig3_source_data.tsv
B_power	Se0.6_Sp0.7		kappa	0.0877646448216454				outputs_round8/figures/fig3_source_data.tsv
B_power_n	Se0.6_Sp0.7	17500	kappa	0.0877646448216454				outputs_round8/figures/fig3_source_data.tsv
B_power	Se0.6_Sp0.7		kappa	0.0857948781979757				outputs_round8/figures/fig3_source_data.tsv
B_power_n	Se0.6_Sp0.7	18000	kappa	0.0857948781979757				outputs_round8/figures/fig3_source_data.tsv
B_power	Se0.6_Sp0.7		kappa	0.0839112051360446				outputs_round8/figures/fig3_source_data.tsv
B_power_n	Se0.6_Sp0.7	18500	kappa	0.0839112051360446				outputs_round8/figures/fig3_source_data.tsv
B_power	Se0.6_Sp0.7		kappa	0.082108131046078				outputs_round8/figures/fig3_source_data.tsv
B_power_n	Se0.6_Sp0.7	19000	kappa	0.082108131046078				outputs_round8/figures/fig3_source_data.tsv
B_power	Se0.6_Sp0.7		kappa	0.0803806162758703				outputs_round8/figures/fig3_source_data.tsv
B_power_n	Se0.6_Sp0.7	19500	kappa	0.0803806162758703				outputs_round8/figures/fig3_source_data.tsv
B_power	Se0.6_Sp0.7		kappa	0.0787240303316415				outputs_round8/figures/fig3_source_data.tsv
B_power_n	Se0.6_Sp0.7	20000	kappa	0.0787240303316415				outputs_round8/figures/fig3_source_data.tsv
B_power	Se0.6_Sp0.8		kappa	0.0				outputs_round8/figures/fig3_source_data.tsv
B_power_n	Se0.6_Sp0.8	0	kappa	0.0				outputs_round8/figures/fig3_source_data.tsv
B_power	Se0.6_Sp0.8		kappa	0.0103144554601337				outputs_round8/figures/fig3_source_data.tsv
B_power_n	Se0.6_Sp0.8	5	kappa	0.0103144554601337				outputs_round8/figures/fig3_source_data.tsv
B_power	Se0.6_Sp0.8		kappa	0.0202623463030793				outputs_round8/figures/fig3_source_data.tsv
B_power_n	Se0.6_Sp0.8	10	kappa	0.0202623463030793				outputs_round8/figures/fig3_source_data.tsv
B_power	Se0.6_Sp0.8		kappa	0.0298620917161452				outputs_round8/figures/fig3_source_data.tsv
B_power_n	Se0.6_Sp0.8	15	kappa	0.0298620917161452				outputs_round8/figures/fig3_source_data.tsv
B_power	Se0.6_Sp0.8		kappa	0.0391308994352327				outputs_round8/figures/fig3_source_data.tsv
B_power_n	Se0.6_Sp0.8	20	kappa	0.0391308994352327				outputs_round8/figures/fig3_source_data.tsv
B_power	Se0.6_Sp0.8		kappa	0.0480848637233543				outputs_round8/figures/fig3_source_data.tsv
B_power_n	Se0.6_Sp0.8	25	kappa	0.0480848637233543				outputs_round8/figures/fig3_source_data.tsv
B_power	Se0.6_Sp0.8		kappa	0.0567390539915012				outputs_round8/figures/fig3_source_data.tsv
B_power_n	Se0.6_Sp0.8	30	kappa	0.0567390539915012				outputs_round8/figures/fig3_source_data.tsv
B_power	Se0.6_Sp0.8		kappa	0.0651075950882065				outputs_round8/figures/fig3_source_data.tsv
B_power_n	Se0.6_Sp0.8	35	kappa	0.0651075950882065				outputs_round8/figures/fig3_source_data.tsv
B_power	Se0.6_Sp0.8		kappa	0.0732037401574803				outputs_round8/figures/fig3_source_data.tsv
B_power_n	Se0.6_Sp0.8	40	kappa	0.0732037401574803				outputs_round8/figures/fig3_source_data.tsv
B_power	Se0.6_Sp0.8		kappa	0.0810399368554368				outputs_round8/figures/fig3_source_data.tsv
B_power_n	Se0.6_Sp0.8	45	kappa	0.0810399368554368				outputs_round8/figures/fig3_source_data.tsv
B_power	Se0.6_Sp0.8		kappa	0.0886278876213279				outputs_round8/figures/fig3_source_data.tsv
B_power_n	Se0.6_Sp0.8	50	kappa	0.0886278876213279				outputs_round8/figures/fig3_source_data.tsv
B_power	Se0.6_Sp0.8		kappa	0.095978604616633				outputs_round8/figures/fig3_source_data.tsv
B_power_n	Se0.6_Sp0.8	55	kappa	0.095978604616633				outputs_round8/figures/fig3_source_data.tsv
B_power	Se0.6_Sp0.8		kappa	0.1031024598745153				outputs_round8/figures/fig3_source_data.tsv
B_power_n	Se0.6_Sp0.8	60	kappa	0.1031024598745153				outputs_round8/figures/fig3_source_data.tsv
B_power	Se0.6_Sp0.8		kappa	0.11000923113983				outputs_round8/figures/fig3_source_data.tsv
B_power_n	Se0.6_Sp0.8	65	kappa	0.11000923113983				outputs_round8/figures/fig3_source_data.tsv
B_power	Se0.6_Sp0.8		kappa	0.1167081438256244				outputs_round8/figures/fig3_source_data.tsv
B_power_n	Se0.6_Sp0.8	70	kappa	0.1167081438256244				outputs_round8/figures/fig3_source_data.tsv
B_power	Se0.6_Sp0.8		kappa	0.1232079094646193				outputs_round8/figures/fig3_source_data.tsv
B_power_n	Se0.6_Sp0.8	75	kappa	0.1232079094646193				outputs_round8/figures/fig3_source_data.tsv
B_power	Se0.6_Sp0.8		kappa	0.1295167609925988				outputs_round8/figures/fig3_source_data.tsv
B_power_n	Se0.6_Sp0.8	80	kappa	0.1295167609925988				outputs_round8/figures/fig3_source_data.tsv
B_power	Se0.6_Sp0.8		kappa	0.1356424851641031				outputs_round8/figures/fig3_source_data.tsv
B_power_n	Se0.6_Sp0.8	85	kappa	0.1356424851641031				outputs_round8/figures/fig3_source_data.tsv
B_power	Se0.6_Sp0.8		kappa	0.1415924523687155				outputs_round8/figures/fig3_source_data.tsv
B_power_n	Se0.6_Sp0.8	90	kappa	0.1415924523687155				outputs_round8/figures/fig3_source_data.tsv
B_power	Se0.6_Sp0.8		kappa	0.147373644087924				outputs_round8/figures/fig3_source_data.tsv
B_power_n	Se0.6_Sp0.8	95	kappa	0.147373644087924				outputs_round8/figures/fig3_source_data.tsv
B_power	Se0.6_Sp0.8		kappa	0.152992678207543				outputs_round8/figures/fig3_source_data.tsv
B_power_n	Se0.6_Sp0.8	100	kappa	0.152992678207543				outputs_round8/figures/fig3_source_data.tsv
B_power	Se0.6_Sp0.8		kappa	0.158455832378585				outputs_round8/figures/fig3_source_data.tsv
B_power_n	Se0.6_Sp0.8	105	kappa	0.158455832378585				outputs_round8/figures/fig3_source_data.tsv
B_power	Se0.6_Sp0.8		kappa	0.1637690655998949				outputs_round8/figures/fig3_source_data.tsv
B_power_n	Se0.6_Sp0.8	110	kappa	0.1637690655998949				outputs_round8/figures/fig3_source_data.tsv
B_power	Se0.6_Sp0.8		kappa	0.1689380381784843				outputs_round8/figures/fig3_source_data.tsv
B_power_n	Se0.6_Sp0.8	115	kappa	0.1689380381784843				outputs_round8/figures/fig3_source_data.tsv
B_power	Se0.6_Sp0.8		kappa	0.1739681302080796				outputs_round8/figures/fig3_source_data.tsv
B_power_n	Se0.6_Sp0.8	120	kappa	0.1739681302080796				outputs_round8/figures/fig3_source_data.tsv
B_power	Se0.6_Sp0.8		kappa	0.1788644586926435				outputs_round8/figures/fig3_source_data.tsv
B_power_n	Se0.6_Sp0.8	125	kappa	0.1788644586926435				outputs_round8/figures/fig3_source_data.tsv
B_power	Se0.6_Sp0.8		kappa	0.1836318934294027				outputs_round8/figures/fig3_source_data.tsv
B_power_n	Se0.6_Sp0.8	130	kappa	0.1836318934294027				outputs_round8/figures/fig3_source_data.tsv
B_power	Se0.6_Sp0.8		kappa	0.1882750717549669				outputs_round8/figures/fig3_source_data.tsv
B_power_n	Se0.6_Sp0.8	135	kappa	0.1882750717549669				outputs_round8/figures/fig3_source_data.tsv
B_power	Se0.6_Sp0.8		kappa	0.1927984122483695				outputs_round8/figures/fig3_source_data.tsv
B_power_n	Se0.6_Sp0.8	140	kappa	0.1927984122483695				outputs_round8/figures/fig3_source_data.tsv
B_power	Se0.6_Sp0.8		kappa	0.1972061274761037				outputs_round8/figures/fig3_source_data.tsv
B_power_n	Se0.6_Sp0.8	145	kappa	0.1972061274761037				outputs_round8/figures/fig3_source_data.tsv
B_power	Se0.6_Sp0.8		kappa	0.2015022358563915				outputs_round8/figures/fig3_source_data.tsv
B_power_n	Se0.6_Sp0.8	150	kappa	0.2015022358563915				outputs_round8/figures/fig3_source_data.tsv
B_power	Se0.6_Sp0.8		kappa	0.2056905727128928				outputs_round8/figures/fig3_source_data.tsv
B_power_n	Se0.6_Sp0.8	155	kappa	0.2056905727128928				outputs_round8/figures/fig3_source_data.tsv
B_power	Se0.6_Sp0.8		kappa	0.2097748005817283				outputs_round8/figures/fig3_source_data.tsv
B_power_n	Se0.6_Sp0.8	160	kappa	0.2097748005817283				outputs_round8/figures/fig3_source_data.tsv
B_power	Se0.6_Sp0.8		kappa	0.2137584188300102				outputs_round8/figures/fig3_source_data.tsv
B_power_n	Se0.6_Sp0.8	165	kappa	0.2137584188300102				outputs_round8/figures/fig3_source_data.tsv
B_power	Se0.6_Sp0.8		kappa	0.2176447726389428				outputs_round8/figures/fig3_source_data.tsv
B_power_n	Se0.6_Sp0.8	170	kappa	0.2176447726389428				outputs_round8/figures/fig3_source_data.tsv
B_power	Se0.6_Sp0.8		kappa	0.221437061399938				outputs_round8/figures/fig3_source_data.tsv
B_power_n	Se0.6_Sp0.8	175	kappa	0.221437061399938				outputs_round8/figures/fig3_source_data.tsv
B_power	Se0.6_Sp0.8		kappa	0.2251383465680066				outputs_round8/figures/fig3_source_data.tsv
B_power_n	Se0.6_Sp0.8	180	kappa	0.2251383465680066				outputs_round8/figures/fig3_source_data.tsv
B_power	Se0.6_Sp0.8		kappa	0.2287515590129212				outputs_round8/figures/fig3_source_data.tsv
B_power_n	Se0.6_Sp0.8	185	kappa	0.2287515590129212				outputs_round8/figures/fig3_source_data.tsv
B_power	Se0.6_Sp0.8		kappa	0.2322795059052262				outputs_round8/figures/fig3_source_data.tsv
B_power_n	Se0.6_Sp0.8	190	kappa	0.2322795059052262				outputs_round8/figures/fig3_source_data.tsv
B_power	Se0.6_Sp0.8		kappa	0.2357248771710728				outputs_round8/figures/fig3_source_data.tsv
B_power_n	Se0.6_Sp0.8	195	kappa	0.2357248771710728				outputs_round8/figures/fig3_source_data.tsv
B_power	Se0.6_Sp0.8		kappa	0.2390902515470546				outputs_round8/figures/fig3_source_data.tsv
B_power_n	Se0.6_Sp0.8	200	kappa	0.2390902515470546				outputs_round8/figures/fig3_source_data.tsv
B_power	Se0.6_Sp0.8		kappa	0.2688424075176469				outputs_round8/figures/fig3_source_data.tsv
B_power_n	Se0.6_Sp0.8	250	kappa	0.2688424075176469				outputs_round8/figures/fig3_source_data.tsv
B_power	Se0.6_Sp0.8		kappa	0.2927873437134784				outputs_round8/figures/fig3_source_data.tsv
B_power_n	Se0.6_Sp0.8	300	kappa	0.2927873437134784				outputs_round8/figures/fig3_source_data.tsv
B_power	Se0.6_Sp0.8		kappa	0.3123134156983418				outputs_round8/figures/fig3_source_data.tsv
B_power_n	Se0.6_Sp0.8	350	kappa	0.3123134156983418				outputs_round8/figures/fig3_source_data.tsv
B_power	Se0.6_Sp0.8		kappa	0.3284026934540236				outputs_round8/figures/fig3_source_data.tsv
B_power_n	Se0.6_Sp0.8	400	kappa	0.3284026934540236				outputs_round8/figures/fig3_source_data.tsv
B_power	Se0.6_Sp0.8		kappa	0.341769334419379				outputs_round8/figures/fig3_source_data.tsv
B_power_n	Se0.6_Sp0.8	450	kappa	0.341769334419379				outputs_round8/figures/fig3_source_data.tsv
B_power	Se0.6_Sp0.8		kappa	0.3529450147258153				outputs_round8/figures/fig3_source_data.tsv
B_power_n	Se0.6_Sp0.8	500	kappa	0.3529450147258153				outputs_round8/figures/fig3_source_data.tsv
B_power	Se0.6_Sp0.8		kappa	0.3623336334326821				outputs_round8/figures/fig3_source_data.tsv
B_power_n	Se0.6_Sp0.8	550	kappa	0.3623336334326821				outputs_round8/figures/fig3_source_data.tsv
B_power	Se0.6_Sp0.8		kappa	0.3702474539005619				outputs_round8/figures/fig3_source_data.tsv
B_power_n	Se0.6_Sp0.8	600	kappa	0.3702474539005619				outputs_round8/figures/fig3_source_data.tsv
B_power	Se0.6_Sp0.8		kappa	0.3769316375876617				outputs_round8/figures/fig3_source_data.tsv
B_power_n	Se0.6_Sp0.8	650	kappa	0.3769316375876617				outputs_round8/figures/fig3_source_data.tsv
B_power	Se0.6_Sp0.8		kappa	0.3825812985259365				outputs_round8/figures/fig3_source_data.tsv
B_power_n	Se0.6_Sp0.8	700	kappa	0.3825812985259365				outputs_round8/figures/fig3_source_data.tsv
B_power	Se0.6_Sp0.8		kappa	0.3873536099023639				outputs_round8/figures/fig3_source_data.tsv
B_power_n	Se0.6_Sp0.8	750	kappa	0.3873536099023639				outputs_round8/figures/fig3_source_data.tsv
B_power	Se0.6_Sp0.8		kappa	0.3913765601618126				outputs_round8/figures/fig3_source_data.tsv
B_power_n	Se0.6_Sp0.8	800	kappa	0.3913765601618126				outputs_round8/figures/fig3_source_data.tsv
B_power	Se0.6_Sp0.8		kappa	0.3947553926406313				outputs_round8/figures/fig3_source_data.tsv
B_power_n	Se0.6_Sp0.8	850	kappa	0.3947553926406313				outputs_round8/figures/fig3_source_data.tsv
B_power	Se0.6_Sp0.8		kappa	0.3975774134452439				outputs_round8/figures/fig3_source_data.tsv
B_power_n	Se0.6_Sp0.8	900	kappa	0.3975774134452439				outputs_round8/figures/fig3_source_data.tsv
B_power	Se0.6_Sp0.8		kappa	0.3999156303601582				outputs_round8/figures/fig3_source_data.tsv
B_power_n	Se0.6_Sp0.8	950	kappa	0.3999156303601582				outputs_round8/figures/fig3_source_data.tsv
B_power	Se0.6_Sp0.8		kappa	0.4018315414122859				outputs_round8/figures/fig3_source_data.tsv
B_power_n	Se0.6_Sp0.8	1000	kappa	0.4018315414122859				outputs_round8/figures/fig3_source_data.tsv
B_power	Se0.6_Sp0.8		kappa	0.4033772961857116				outputs_round8/figures/fig3_source_data.tsv
B_power_n	Se0.6_Sp0.8	1050	kappa	0.4033772961857116				outputs_round8/figures/fig3_source_data.tsv
B_power	Se0.6_Sp0.8		kappa	0.404597388507765				outputs_round8/figures/fig3_source_data.tsv
B_power_n	Se0.6_Sp0.8	1100	kappa	0.404597388507765				outputs_round8/figures/fig3_source_data.tsv
B_power	Se0.6_Sp0.8		kappa	0.4055299948845731				outputs_round8/figures/fig3_source_data.tsv
B_power_n	Se0.6_Sp0.8	1150	kappa	0.4055299948845731				outputs_round8/figures/fig3_source_data.tsv
B_power	Se0.6_Sp0.8		kappa	0.4062080422365335				outputs_round8/figures/fig3_source_data.tsv
B_power_n	Se0.6_Sp0.8	1200	kappa	0.4062080422365335				outputs_round8/figures/fig3_source_data.tsv
B_power	Se0.6_Sp0.8		kappa	0.4066600666990853				outputs_round8/figures/fig3_source_data.tsv
B_power_n	Se0.6_Sp0.8	1250	kappa	0.4066600666990853				outputs_round8/figures/fig3_source_data.tsv
B_power	Se0.6_Sp0.8		kappa	0.4069109096576239				outputs_round8/figures/fig3_source_data.tsv
B_power_n	Se0.6_Sp0.8	1300	kappa	0.4069109096576239				outputs_round8/figures/fig3_source_data.tsv
B_power	Se0.6_Sp0.8		kappa	0.4069822858838389				outputs_round8/figures/fig3_source_data.tsv
B_power_n	Se0.6_Sp0.8	1350	kappa	0.4069822858838389				outputs_round8/figures/fig3_source_data.tsv
B_power	Se0.6_Sp0.8		kappa	0.4068932503590232				outputs_round8/figures/fig3_source_data.tsv
B_power_n	Se0.6_Sp0.8	1400	kappa	0.4068932503590232				outputs_round8/figures/fig3_source_data.tsv
B_power	Se0.6_Sp0.8		kappa	0.406660584237277				outputs_round8/figures/fig3_source_data.tsv
B_power_n	Se0.6_Sp0.8	1450	kappa	0.406660584237277				outputs_round8/figures/fig3_source_data.tsv
B_power	Se0.6_Sp0.8		kappa	0.4062991158157336				outputs_round8/figures/fig3_source_data.tsv
B_power_n	Se0.6_Sp0.8	1500	kappa	0.4062991158157336				outputs_round8/figures/fig3_source_data.tsv
B_power	Se0.6_Sp0.8		kappa	0.4058219889182763				outputs_round8/figures/fig3_source_data.tsv
B_power_n	Se0.6_Sp0.8	1550	kappa	0.4058219889182763				outputs_round8/figures/fig3_source_data.tsv
B_power	Se0.6_Sp0.8		kappa	0.4052408884651074				outputs_round8/figures/fig3_source_data.tsv
B_power_n	Se0.6_Sp0.8	1600	kappa	0.4052408884651074				outputs_round8/figures/fig3_source_data.tsv
B_power	Se0.6_Sp0.8		kappa	0.4045662309792959				outputs_round8/figures/fig3_source_data.tsv
B_power_n	Se0.6_Sp0.8	1650	kappa	0.4045662309792959				outputs_round8/figures/fig3_source_data.tsv
B_power	Se0.6_Sp0.8		kappa	0.4038073262186327				outputs_round8/figures/fig3_source_data.tsv
B_power_n	Se0.6_Sp0.8	1700	kappa	0.4038073262186327				outputs_round8/figures/fig3_source_data.tsv
B_power	Se0.6_Sp0.8		kappa	0.4029725149040567				outputs_round8/figures/fig3_source_data.tsv
B_power_n	Se0.6_Sp0.8	1750	kappa	0.4029725149040567				outputs_round8/figures/fig3_source_data.tsv
B_power	Se0.6_Sp0.8		kappa	0.4020692865616506				outputs_round8/figures/fig3_source_data.tsv
B_power_n	Se0.6_Sp0.8	1800	kappa	0.4020692865616506				outputs_round8/figures/fig3_source_data.tsv
B_power	Se0.6_Sp0.8		kappa	0.4011043807421613				outputs_round8/figures/fig3_source_data.tsv
B_power_n	Se0.6_Sp0.8	1850	kappa	0.4011043807421613				outputs_round8/figures/fig3_source_data.tsv
B_power	Se0.6_Sp0.8		kappa	0.4000838742841268				outputs_round8/figures/fig3_source_data.tsv
B_power_n	Se0.6_Sp0.8	1900	kappa	0.4000838742841268				outputs_round8/figures/fig3_source_data.tsv
B_power	Se0.6_Sp0.8		kappa	0.3990132568092222				outputs_round8/figures/fig3_source_data.tsv
B_power_n	Se0.6_Sp0.8	1950	kappa	0.3990132568092222				outputs_round8/figures/fig3_source_data.tsv
B_power	Se0.6_Sp0.8		kappa	0.3978974962550822				outputs_round8/figures/fig3_source_data.tsv
B_power_n	Se0.6_Sp0.8	2000	kappa	0.3978974962550822				outputs_round8/figures/fig3_source_data.tsv
B_power	Se0.6_Sp0.8		kappa	0.3850726428215014				outputs_round8/figures/fig3_source_data.tsv
B_power_n	Se0.6_Sp0.8	2500	kappa	0.3850726428215014				outputs_round8/figures/fig3_source_data.tsv
B_power	Se0.6_Sp0.8		kappa	0.3708536073564057				outputs_round8/figures/fig3_source_data.tsv
B_power_n	Se0.6_Sp0.8	3000	kappa	0.3708536073564057				outputs_round8/figures/fig3_source_data.tsv
B_power	Se0.6_Sp0.8		kappa	0.3564912869335454				outputs_round8/figures/fig3_source_data.tsv
B_power_n	Se0.6_Sp0.8	3500	kappa	0.3564912869335454				outputs_round8/figures/fig3_source_data.tsv
B_power	Se0.6_Sp0.8		kappa	0.3425337712392525				outputs_round8/figures/fig3_source_data.tsv
B_power_n	Se0.6_Sp0.8	4000	kappa	0.3425337712392525				outputs_round8/figures/fig3_source_data.tsv
B_power	Se0.6_Sp0.8		kappa	0.3292180563961903				outputs_round8/figures/fig3_source_data.tsv
B_power_n	Se0.6_Sp0.8	4500	kappa	0.3292180563961903				outputs_round8/figures/fig3_source_data.tsv
B_power	Se0.6_Sp0.8		kappa	0.3166335310119925				outputs_round8/figures/fig3_source_data.tsv
B_power_n	Se0.6_Sp0.8	5000	kappa	0.3166335310119925				outputs_round8/figures/fig3_source_data.tsv
B_power	Se0.6_Sp0.8		kappa	0.3047969072311375				outputs_round8/figures/fig3_source_data.tsv
B_power_n	Se0.6_Sp0.8	5500	kappa	0.3047969072311375				outputs_round8/figures/fig3_source_data.tsv
B_power	Se0.6_Sp0.8		kappa	0.2936888970789056				outputs_round8/figures/fig3_source_data.tsv
B_power_n	Se0.6_Sp0.8	6000	kappa	0.2936888970789056				outputs_round8/figures/fig3_source_data.tsv
B_power	Se0.6_Sp0.8		kappa	0.2832729951477368				outputs_round8/figures/fig3_source_data.tsv
B_power_n	Se0.6_Sp0.8	6500	kappa	0.2832729951477368				outputs_round8/figures/fig3_source_data.tsv
B_power	Se0.6_Sp0.8		kappa	0.2735053735761629				outputs_round8/figures/fig3_source_data.tsv
B_power_n	Se0.6_Sp0.8	7000	kappa	0.2735053735761629				outputs_round8/figures/fig3_source_data.tsv
B_power	Se0.6_Sp0.8		kappa	0.2643401573571787				outputs_round8/figures/fig3_source_data.tsv
B_power_n	Se0.6_Sp0.8	7500	kappa	0.2643401573571787				outputs_round8/figures/fig3_source_data.tsv
B_power	Se0.6_Sp0.8		kappa	0.2557322161345537				outputs_round8/figures/fig3_source_data.tsv
B_power_n	Se0.6_Sp0.8	8000	kappa	0.2557322161345537				outputs_round8/figures/fig3_source_data.tsv
B_power	Se0.6_Sp0.8		kappa	0.2476385891675804				outputs_round8/figures/fig3_source_data.tsv
B_power_n	Se0.6_Sp0.8	8500	kappa	0.2476385891675804				outputs_round8/figures/fig3_source_data.tsv
B_power	Se0.6_Sp0.8		kappa	0.2400191477460162				outputs_round8/figures/fig3_source_data.tsv
B_power_n	Se0.6_Sp0.8	9000	kappa	0.2400191477460162				outputs_round8/figures/fig3_source_data.tsv
B_power	Se0.6_Sp0.8		kappa	0.2328368310176141				outputs_round8/figures/fig3_source_data.tsv
B_power_n	Se0.6_Sp0.8	9500	kappa	0.2328368310176141				outputs_round8/figures/fig3_source_data.tsv
B_power	Se0.6_Sp0.8		kappa	0.2260576458394757				outputs_round8/figures/fig3_source_data.tsv
B_power_n	Se0.6_Sp0.8	10000	kappa	0.2260576458394757				outputs_round8/figures/fig3_source_data.tsv
B_power	Se0.6_Sp0.8		kappa	0.2196505402972611				outputs_round8/figures/fig3_source_data.tsv
B_power_n	Se0.6_Sp0.8	10500	kappa	0.2196505402972611				outputs_round8/figures/fig3_source_data.tsv
B_power	Se0.6_Sp0.8		kappa	0.2135872143984869				outputs_round8/figures/fig3_source_data.tsv
B_power_n	Se0.6_Sp0.8	11000	kappa	0.2135872143984869				outputs_round8/figures/fig3_source_data.tsv
B_power	Se0.6_Sp0.8		kappa	0.2078419046793135				outputs_round8/figures/fig3_source_data.tsv
B_power_n	Se0.6_Sp0.8	11500	kappa	0.2078419046793135				outputs_round8/figures/fig3_source_data.tsv
B_power	Se0.6_Sp0.8		kappa	0.2023911637265149				outputs_round8/figures/fig3_source_data.tsv
B_power_n	Se0.6_Sp0.8	12000	kappa	0.2023911637265149				outputs_round8/figures/fig3_source_data.tsv
B_power	Se0.6_Sp0.8		kappa	0.1972136462827753				outputs_round8/figures/fig3_source_data.tsv
B_power_n	Se0.6_Sp0.8	12500	kappa	0.1972136462827753				outputs_round8/figures/fig3_source_data.tsv
B_power	Se0.6_Sp0.8		kappa	0.1922899080488806				outputs_round8/figures/fig3_source_data.tsv
B_power_n	Se0.6_Sp0.8	13000	kappa	0.1922899080488806				outputs_round8/figures/fig3_source_data.tsv
B_power	Se0.6_Sp0.8		kappa	0.1876022200004757				outputs_round8/figures/fig3_source_data.tsv
B_power_n	Se0.6_Sp0.8	13500	kappa	0.1876022200004757				outputs_round8/figures/fig3_source_data.tsv
B_power	Se0.6_Sp0.8		kappa	0.1831343991037192				outputs_round8/figures/fig3_source_data.tsv
B_power_n	Se0.6_Sp0.8	14000	kappa	0.1831343991037192				outputs_round8/figures/fig3_source_data.tsv
B_power	Se0.6_Sp0.8		kappa	0.1788716552075993				outputs_round8/figures/fig3_source_data.tsv
B_power_n	Se0.6_Sp0.8	14500	kappa	0.1788716552075993				outputs_round8/figures/fig3_source_data.tsv
B_power	Se0.6_Sp0.8		kappa	0.174800453286464				outputs_round8/figures/fig3_source_data.tsv
B_power_n	Se0.6_Sp0.8	15000	kappa	0.174800453286464				outputs_round8/figures/fig3_source_data.tsv
B_power	Se0.6_Sp0.8		kappa	0.1709083899062962				outputs_round8/figures/fig3_source_data.tsv
B_power_n	Se0.6_Sp0.8	15500	kappa	0.1709083899062962				outputs_round8/figures/fig3_source_data.tsv
B_power	Se0.6_Sp0.8		kappa	0.1671840826704217				outputs_round8/figures/fig3_source_data.tsv
B_power_n	Se0.6_Sp0.8	16000	kappa	0.1671840826704217				outputs_round8/figures/fig3_source_data.tsv
B_power	Se0.6_Sp0.8		kappa	0.1636170713894157				outputs_round8/figures/fig3_source_data.tsv
B_power_n	Se0.6_Sp0.8	16500	kappa	0.1636170713894157				outputs_round8/figures/fig3_source_data.tsv
B_power	Se0.6_Sp0.8		kappa	0.1601977297693155				outputs_round8/figures/fig3_source_data.tsv
B_power_n	Se0.6_Sp0.8	17000	kappa	0.1601977297693155				outputs_round8/figures/fig3_source_data.tsv
B_power	Se0.6_Sp0.8		kappa	0.1569171864933073				outputs_round8/figures/fig3_source_data.tsv
B_power_n	Se0.6_Sp0.8	17500	kappa	0.1569171864933073				outputs_round8/figures/fig3_source_data.tsv
B_power	Se0.6_Sp0.8		kappa	0.1537672546672887				outputs_round8/figures/fig3_source_data.tsv
B_power_n	Se0.6_Sp0.8	18000	kappa	0.1537672546672887				outputs_round8/figures/fig3_source_data.tsv
B_power	Se0.6_Sp0.8		kappa	0.1507403686986858				outputs_round8/figures/fig3_source_data.tsv
B_power_n	Se0.6_Sp0.8	18500	kappa	0.1507403686986858				outputs_round8/figures/fig3_source_data.tsv
B_power	Se0.6_Sp0.8		kappa	0.1478295277745595				outputs_round8/figures/fig3_source_data.tsv
B_power_n	Se0.6_Sp0.8	19000	kappa	0.1478295277745595				outputs_round8/figures/fig3_source_data.tsv
B_power	Se0.6_Sp0.8		kappa	0.1450282451960456				outputs_round8/figures/fig3_source_data.tsv
B_power_n	Se0.6_Sp0.8	19500	kappa	0.1450282451960456				outputs_round8/figures/fig3_source_data.tsv
B_power	Se0.6_Sp0.8		kappa	0.1423305029098813				outputs_round8/figures/fig3_source_data.tsv
B_power_n	Se0.6_Sp0.8	20000	kappa	0.1423305029098813				outputs_round8/figures/fig3_source_data.tsv
B_power	Se0.6_Sp0.9		kappa	0.0				outputs_round8/figures/fig3_source_data.tsv
B_power_n	Se0.6_Sp0.9	0	kappa	0.0				outputs_round8/figures/fig3_source_data.tsv
B_power	Se0.6_Sp0.9		kappa	0.0128765546884317				outputs_round8/figures/fig3_source_data.tsv
B_power_n	Se0.6_Sp0.9	5	kappa	0.0128765546884317				outputs_round8/figures/fig3_source_data.tsv
B_power	Se0.6_Sp0.9		kappa	0.0252646149959287				outputs_round8/figures/fig3_source_data.tsv
B_power_n	Se0.6_Sp0.9	10	kappa	0.0252646149959287				outputs_round8/figures/fig3_source_data.tsv
B_power	Se0.6_Sp0.9		kappa	0.0371909769689408				outputs_round8/figures/fig3_source_data.tsv
B_power_n	Se0.6_Sp0.9	15	kappa	0.0371909769689408				outputs_round8/figures/fig3_source_data.tsv
B_power	Se0.6_Sp0.9		kappa	0.0486805126589783				outputs_round8/figures/fig3_source_data.tsv
B_power_n	Se0.6_Sp0.9	20	kappa	0.0486805126589783				outputs_round8/figures/fig3_source_data.tsv
B_power	Se0.6_Sp0.9		kappa	0.0597563397584789				outputs_round8/figures/fig3_source_data.tsv
B_power_n	Se0.6_Sp0.9	25	kappa	0.0597563397584789				outputs_round8/figures/fig3_source_data.tsv
B_power	Se0.6_Sp0.9		kappa	0.0704399735998086				outputs_round8/figures/fig3_source_data.tsv
B_power_n	Se0.6_Sp0.9	30	kappa	0.0704399735998086				outputs_round8/figures/fig3_source_data.tsv
B_power	Se0.6_Sp0.9		kappa	0.0807514636202782				outputs_round8/figures/fig3_source_data.tsv
B_power_n	Se0.6_Sp0.9	35	kappa	0.0807514636202782				outputs_round8/figures/fig3_source_data.tsv
B_power	Se0.6_Sp0.9		kappa	0.0907095161142787				outputs_round8/figures/fig3_source_data.tsv
B_power_n	Se0.6_Sp0.9	40	kappa	0.0907095161142787				outputs_round8/figures/fig3_source_data.tsv
B_power	Se0.6_Sp0.9		kappa	0.1003316048536702				outputs_round8/figures/fig3_source_data.tsv
B_power_n	Se0.6_Sp0.9	45	kappa	0.1003316048536702				outputs_round8/figures/fig3_source_data.tsv
B_power	Se0.6_Sp0.9		kappa	0.1096340709525912				outputs_round8/figures/fig3_source_data.tsv
B_power_n	Se0.6_Sp0.9	50	kappa	0.1096340709525912				outputs_round8/figures/fig3_source_data.tsv
B_power	Se0.6_Sp0.9		kappa	0.1186322131772839				outputs_round8/figures/fig3_source_data.tsv
B_power_n	Se0.6_Sp0.9	55	kappa	0.1186322131772839				outputs_round8/figures/fig3_source_data.tsv
B_power	Se0.6_Sp0.9		kappa	0.1273403697507765				outputs_round8/figures/fig3_source_data.tsv
B_power_n	Se0.6_Sp0.9	60	kappa	0.1273403697507765				outputs_round8/figures/fig3_source_data.tsv
B_power	Se0.6_Sp0.9		kappa	0.1357719925724735				outputs_round8/figures/fig3_source_data.tsv
B_power_n	Se0.6_Sp0.9	65	kappa	0.1357719925724735				outputs_round8/figures/fig3_source_data.tsv
B_power	Se0.6_Sp0.9		kappa	0.1439397146606833				outputs_round8/figures/fig3_source_data.tsv
B_power_n	Se0.6_Sp0.9	70	kappa	0.1439397146606833				outputs_round8/figures/fig3_source_data.tsv
B_power	Se0.6_Sp0.9		kappa	0.1518554115292285				outputs_round8/figures/fig3_source_data.tsv
B_power_n	Se0.6_Sp0.9	75	kappa	0.1518554115292285				outputs_round8/figures/fig3_source_data.tsv
B_power	Se0.6_Sp0.9		kappa	0.1595302571252379				outputs_round8/figures/fig3_source_data.tsv
B_power_n	Se0.6_Sp0.9	80	kappa	0.1595302571252379				outputs_round8/figures/fig3_source_data.tsv
B_power	Se0.6_Sp0.9		kappa	0.1669747748822231				outputs_round8/figures/fig3_source_data.tsv
B_power_n	Se0.6_Sp0.9	85	kappa	0.1669747748822231				outputs_round8/figures/fig3_source_data.tsv
B_power	Se0.6_Sp0.9		kappa	0.1741988843789468				outputs_round8/figures/fig3_source_data.tsv
B_power_n	Se0.6_Sp0.9	90	kappa	0.1741988843789468				outputs_round8/figures/fig3_source_data.tsv
B_power	Se0.6_Sp0.9		kappa	0.1812119440390907				outputs_round8/figures/fig3_source_data.tsv
B_power_n	Se0.6_Sp0.9	95	kappa	0.1812119440390907				outputs_round8/figures/fig3_source_data.tsv
B_power	Se0.6_Sp0.9		kappa	0.1880227902582076				outputs_round8/figures/fig3_source_data.tsv
B_power_n	Se0.6_Sp0.9	100	kappa	0.1880227902582076				outputs_round8/figures/fig3_source_data.tsv
B_power	Se0.6_Sp0.9		kappa	0.1946397733019109				outputs_round8/figures/fig3_source_data.tsv
B_power_n	Se0.6_Sp0.9	105	kappa	0.1946397733019109				outputs_round8/figures/fig3_source_data.tsv
B_power	Se0.6_Sp0.9		kappa	0.2010707902819369				outputs_round8/figures/fig3_source_data.tsv
B_power_n	Se0.6_Sp0.9	110	kappa	0.2010707902819369				outputs_round8/figures/fig3_source_data.tsv
B_power	Se0.6_Sp0.9		kappa	0.2073233154838587				outputs_round8/figures/fig3_source_data.tsv
B_power_n	Se0.6_Sp0.9	115	kappa	0.2073233154838587				outputs_round8/figures/fig3_source_data.tsv
B_power	Se0.6_Sp0.9		kappa	0.2134044282913297				outputs_round8/figures/fig3_source_data.tsv
B_power_n	Se0.6_Sp0.9	120	kappa	0.2134044282913297				outputs_round8/figures/fig3_source_data.tsv
B_power	Se0.6_Sp0.9		kappa	0.2193208389261682				outputs_round8/figures/fig3_source_data.tsv
B_power_n	Se0.6_Sp0.9	125	kappa	0.2193208389261682				outputs_round8/figures/fig3_source_data.tsv
B_power	Se0.6_Sp0.9		kappa	0.2250789122010375				outputs_round8/figures/fig3_source_data.tsv
B_power_n	Se0.6_Sp0.9	130	kappa	0.2250789122010375				outputs_round8/figures/fig3_source_data.tsv
B_power	Se0.6_Sp0.9		kappa	0.2306846894614681				outputs_round8/figures/fig3_source_data.tsv
B_power_n	Se0.6_Sp0.9	135	kappa	0.2306846894614681				outputs_round8/figures/fig3_source_data.tsv
B_power	Se0.6_Sp0.9		kappa	0.2361439088762327				outputs_round8/figures/fig3_source_data.tsv
B_power_n	Se0.6_Sp0.9	140	kappa	0.2361439088762327				outputs_round8/figures/fig3_source_data.tsv
B_power	Se0.6_Sp0.9		kappa	0.2414620242193198				outputs_round8/figures/fig3_source_data.tsv
B_power_n	Se0.6_Sp0.9	145	kappa	0.2414620242193198				outputs_round8/figures/fig3_source_data.tsv
B_power	Se0.6_Sp0.9		kappa	0.2466442222727331				outputs_round8/figures/fig3_source_data.tsv
B_power_n	Se0.6_Sp0.9	150	kappa	0.2466442222727331				outputs_round8/figures/fig3_source_data.tsv
B_power	Se0.6_Sp0.9		kappa	0.2516954389668409				outputs_round8/figures/fig3_source_data.tsv
B_power_n	Se0.6_Sp0.9	155	kappa	0.2516954389668409				outputs_round8/figures/fig3_source_data.tsv
B_power	Se0.6_Sp0.9		kappa	0.2566203743638403				outputs_round8/figures/fig3_source_data.tsv
B_power_n	Se0.6_Sp0.9	160	kappa	0.2566203743638403				outputs_round8/figures/fig3_source_data.tsv
B_power	Se0.6_Sp0.9		kappa	0.2614235065799404				outputs_round8/figures/fig3_source_data.tsv
B_power_n	Se0.6_Sp0.9	165	kappa	0.2614235065799404				outputs_round8/figures/fig3_source_data.tsv
B_power	Se0.6_Sp0.9		kappa	0.2661091047329405				outputs_round8/figures/fig3_source_data.tsv
B_power_n	Se0.6_Sp0.9	170	kappa	0.2661091047329405				outputs_round8/figures/fig3_source_data.tsv
B_power	Se0.6_Sp0.9		kappa	0.2706812409938777				outputs_round8/figures/fig3_source_data.tsv
B_power_n	Se0.6_Sp0.9	175	kappa	0.2706812409938777				outputs_round8/figures/fig3_source_data.tsv
B_power	Se0.6_Sp0.9		kappa	0.2751438018142536				outputs_round8/figures/fig3_source_data.tsv
B_power_n	Se0.6_Sp0.9	180	kappa	0.2751438018142536				outputs_round8/figures/fig3_source_data.tsv
B_power	Se0.6_Sp0.9		kappa	0.2795004983938878				outputs_round8/figures/fig3_source_data.tsv
B_power_n	Se0.6_Sp0.9	185	kappa	0.2795004983938878				outputs_round8/figures/fig3_source_data.tsv
B_power	Se0.6_Sp0.9		kappa	0.283754876448659				outputs_round8/figures/fig3_source_data.tsv
B_power_n	Se0.6_Sp0.9	190	kappa	0.283754876448659				outputs_round8/figures/fig3_source_data.tsv
B_power	Se0.6_Sp0.9		kappa	0.2879103253321538				outputs_round8/figures/fig3_source_data.tsv
B_power_n	Se0.6_Sp0.9	195	kappa	0.2879103253321538				outputs_round8/figures/fig3_source_data.tsv
B_power	Se0.6_Sp0.9		kappa	0.2919700865605431				outputs_round8/figures/fig3_source_data.tsv
B_power_n	Se0.6_Sp0.9	200	kappa	0.2919700865605431				outputs_round8/figures/fig3_source_data.tsv
B_power	Se0.6_Sp0.9		kappa	0.3279268574300785				outputs_round8/figures/fig3_source_data.tsv
B_power_n	Se0.6_Sp0.9	250	kappa	0.3279268574300785				outputs_round8/figures/fig3_source_data.tsv
B_power	Se0.6_Sp0.9		kappa	0.357034989428964				outputs_round8/figures/fig3_source_data.tsv
B_power_n	Se0.6_Sp0.9	300	kappa	0.357034989428964				outputs_round8/figures/fig3_source_data.tsv
B_power	Se0.6_Sp0.9		kappa	0.3809865310055801				outputs_round8/figures/fig3_source_data.tsv
B_power_n	Se0.6_Sp0.9	350	kappa	0.3809865310055801				outputs_round8/figures/fig3_source_data.tsv
B_power	Se0.6_Sp0.9		kappa	0.4009596075313018				outputs_round8/figures/fig3_source_data.tsv
B_power_n	Se0.6_Sp0.9	400	kappa	0.4009596075313018				outputs_round8/figures/fig3_source_data.tsv
B_power	Se0.6_Sp0.9		kappa	0.4177997518168047				outputs_round8/figures/fig3_source_data.tsv
B_power_n	Se0.6_Sp0.9	450	kappa	0.4177997518168047				outputs_round8/figures/fig3_source_data.tsv
B_power	Se0.6_Sp0.9		kappa	0.4321295197479559				outputs_round8/figures/fig3_source_data.tsv
B_power_n	Se0.6_Sp0.9	500	kappa	0.4321295197479559				outputs_round8/figures/fig3_source_data.tsv
B_power	Se0.6_Sp0.9		kappa	0.4444174346079975				outputs_round8/figures/fig3_source_data.tsv
B_power_n	Se0.6_Sp0.9	550	kappa	0.4444174346079975				outputs_round8/figures/fig3_source_data.tsv
B_power	Se0.6_Sp0.9		kappa	0.4550228403621827				outputs_round8/figures/fig3_source_data.tsv
B_power_n	Se0.6_Sp0.9	600	kappa	0.4550228403621827				outputs_round8/figures/fig3_source_data.tsv
B_power	Se0.6_Sp0.9		kappa	0.4642259444987423				outputs_round8/figures/fig3_source_data.tsv
B_power_n	Se0.6_Sp0.9	650	kappa	0.4642259444987423				outputs_round8/figures/fig3_source_data.tsv
B_power	Se0.6_Sp0.9		kappa	0.4722484582476802				outputs_round8/figures/fig3_source_data.tsv
B_power_n	Se0.6_Sp0.9	700	kappa	0.4722484582476802				outputs_round8/figures/fig3_source_data.tsv
B_power	Se0.6_Sp0.9		kappa	0.4792680972036248				outputs_round8/figures/fig3_source_data.tsv
B_power_n	Se0.6_Sp0.9	750	kappa	0.4792680972036248				outputs_round8/figures/fig3_source_data.tsv
B_power	Se0.6_Sp0.9		kappa	0.485428972359103				outputs_round8/figures/fig3_source_data.tsv
B_power_n	Se0.6_Sp0.9	800	kappa	0.485428972359103				outputs_round8/figures/fig3_source_data.tsv
B_power	Se0.6_Sp0.9		kappa	0.490849169062478				outputs_round8/figures/fig3_source_data.tsv
B_power_n	Se0.6_Sp0.9	850	kappa	0.490849169062478				outputs_round8/figures/fig3_source_data.tsv
B_power	Se0.6_Sp0.9		kappa	0.4956263634352689				outputs_round8/figures/fig3_source_data.tsv
B_power_n	Se0.6_Sp0.9	900	kappa	0.4956263634352689				outputs_round8/figures/fig3_source_data.tsv
B_power	Se0.6_Sp0.9		kappa	0.4998420446081942				outputs_round8/figures/fig3_source_data.tsv
B_power_n	Se0.6_Sp0.9	950	kappa	0.4998420446081942				outputs_round8/figures/fig3_source_data.tsv
B_power	Se0.6_Sp0.9		kappa	0.5035647304955415				outputs_round8/figures/fig3_source_data.tsv
B_power_n	Se0.6_Sp0.9	1000	kappa	0.5035647304955415				outputs_round8/figures/fig3_source_data.tsv
B_power	Se0.6_Sp0.9		kappa	0.5068524463084244				outputs_round8/figures/fig3_source_data.tsv
B_power_n	Se0.6_Sp0.9	1050	kappa	0.5068524463084244				outputs_round8/figures/fig3_source_data.tsv
B_power	Se0.6_Sp0.9		kappa	0.5097546557462082				outputs_round8/figures/fig3_source_data.tsv
B_power_n	Se0.6_Sp0.9	1100	kappa	0.5097546557462082				outputs_round8/figures/fig3_source_data.tsv
B_power	Se0.6_Sp0.9		kappa	0.5123137808663435				outputs_round8/figures/fig3_source_data.tsv
B_power_n	Se0.6_Sp0.9	1150	kappa	0.5123137808663435				outputs_round8/figures/fig3_source_data.tsv
B_power	Se0.6_Sp0.9		kappa	0.5145664093354165				outputs_round8/figures/fig3_source_data.tsv
B_power_n	Se0.6_Sp0.9	1200	kappa	0.5145664093354165				outputs_round8/figures/fig3_source_data.tsv
B_power	Se0.6_Sp0.9		kappa	0.5165442615925986				outputs_round8/figures/fig3_source_data.tsv
B_power_n	Se0.6_Sp0.9	1250	kappa	0.5165442615925986				outputs_round8/figures/fig3_source_data.tsv
B_power	Se0.6_Sp0.9		kappa	0.5182749718416215				outputs_round8/figures/fig3_source_data.tsv
B_power_n	Se0.6_Sp0.9	1300	kappa	0.5182749718416215				outputs_round8/figures/fig3_source_data.tsv
B_power	Se0.6_Sp0.9		kappa	0.5197827233799821				outputs_round8/figures/fig3_source_data.tsv
B_power_n	Se0.6_Sp0.9	1350	kappa	0.5197827233799821				outputs_round8/figures/fig3_source_data.tsv
B_power	Se0.6_Sp0.9		kappa	0.5210887690044138				outputs_round8/figures/fig3_source_data.tsv
B_power_n	Se0.6_Sp0.9	1400	kappa	0.5210887690044138				outputs_round8/figures/fig3_source_data.tsv
B_power	Se0.6_Sp0.9		kappa	0.5222118600351157				outputs_round8/figures/fig3_source_data.tsv
B_power_n	Se0.6_Sp0.9	1450	kappa	0.5222118600351157				outputs_round8/figures/fig3_source_data.tsv
B_power	Se0.6_Sp0.9		kappa	0.5231686021462514				outputs_round8/figures/fig3_source_data.tsv
B_power_n	Se0.6_Sp0.9	1500	kappa	0.5231686021462514				outputs_round8/figures/fig3_source_data.tsv
B_power	Se0.6_Sp0.9		kappa	0.523973752167659				outputs_round8/figures/fig3_source_data.tsv
B_power_n	Se0.6_Sp0.9	1550	kappa	0.523973752167659				outputs_round8/figures/fig3_source_data.tsv
B_power	Se0.6_Sp0.9		kappa	0.5246404669741029				outputs_round8/figures/fig3_source_data.tsv
B_power_n	Se0.6_Sp0.9	1600	kappa	0.5246404669741029				outputs_round8/figures/fig3_source_data.tsv
B_power	Se0.6_Sp0.9		kappa	0.5251805132486044				outputs_round8/figures/fig3_source_data.tsv
B_power_n	Se0.6_Sp0.9	1650	kappa	0.5251805132486044				outputs_round8/figures/fig3_source_data.tsv
B_power	Se0.6_Sp0.9		kappa	0.5256044451118786				outputs_round8/figures/fig3_source_data.tsv
B_power_n	Se0.6_Sp0.9	1700	kappa	0.5256044451118786				outputs_round8/figures/fig3_source_data.tsv
B_power	Se0.6_Sp0.9		kappa	0.525921755217453				outputs_round8/figures/fig3_source_data.tsv
B_power_n	Se0.6_Sp0.9	1750	kappa	0.525921755217453				outputs_round8/figures/fig3_source_data.tsv
B_power	Se0.6_Sp0.9		kappa	0.5261410038239788				outputs_round8/figures/fig3_source_data.tsv
B_power_n	Se0.6_Sp0.9	1800	kappa	0.5261410038239788				outputs_round8/figures/fig3_source_data.tsv
B_power	Se0.6_Sp0.9		kappa	0.5262699295003878				outputs_round8/figures/fig3_source_data.tsv
B_power_n	Se0.6_Sp0.9	1850	kappa	0.5262699295003878				outputs_round8/figures/fig3_source_data.tsv
B_power	Se0.6_Sp0.9		kappa	0.5263155444421217				outputs_round8/figures/fig3_source_data.tsv
B_power_n	Se0.6_Sp0.9	1900	kappa	0.5263155444421217				outputs_round8/figures/fig3_source_data.tsv
B_power	Se0.6_Sp0.9		kappa	0.5262842168372619				outputs_round8/figures/fig3_source_data.tsv
B_power_n	Se0.6_Sp0.9	1950	kappa	0.5262842168372619				outputs_round8/figures/fig3_source_data.tsv
B_power	Se0.6_Sp0.9		kappa	0.5261817422894477				outputs_round8/figures/fig3_source_data.tsv
B_power_n	Se0.6_Sp0.9	2000	kappa	0.5261817422894477				outputs_round8/figures/fig3_source_data.tsv
B_power	Se0.6_Sp0.9		kappa	0.5222136522622293				outputs_round8/figures/fig3_source_data.tsv
B_power_n	Se0.6_Sp0.9	2500	kappa	0.5222136522622293				outputs_round8/figures/fig3_source_data.tsv
B_power	Se0.6_Sp0.9		kappa	0.5149173132220377				outputs_round8/figures/fig3_source_data.tsv
B_power_n	Se0.6_Sp0.9	3000	kappa	0.5149173132220377				outputs_round8/figures/fig3_source_data.tsv
B_power	Se0.6_Sp0.9		kappa	0.5059584042667171				outputs_round8/figures/fig3_source_data.tsv
B_power_n	Se0.6_Sp0.9	3500	kappa	0.5059584042667171				outputs_round8/figures/fig3_source_data.tsv
B_power	Se0.6_Sp0.9		kappa	0.4961872802599188				outputs_round8/figures/fig3_source_data.tsv
B_power_n	Se0.6_Sp0.9	4000	kappa	0.4961872802599188				outputs_round8/figures/fig3_source_data.tsv
B_power	Se0.6_Sp0.9		kappa	0.4860713111544425				outputs_round8/figures/fig3_source_data.tsv
B_power_n	Se0.6_Sp0.9	4500	kappa	0.4860713111544425				outputs_round8/figures/fig3_source_data.tsv
B_power	Se0.6_Sp0.9		kappa	0.4758800020986703				outputs_round8/figures/fig3_source_data.tsv
B_power_n	Se0.6_Sp0.9	5000	kappa	0.4758800020986703				outputs_round8/figures/fig3_source_data.tsv
B_power	Se0.6_Sp0.9		kappa	0.4657732455008578				outputs_round8/figures/fig3_source_data.tsv
B_power_n	Se0.6_Sp0.9	5500	kappa	0.4657732455008578				outputs_round8/figures/fig3_source_data.tsv
B_power	Se0.6_Sp0.9		kappa	0.4558469457488501				outputs_round8/figures/fig3_source_data.tsv
B_power_n	Se0.6_Sp0.9	6000	kappa	0.4558469457488501				outputs_round8/figures/fig3_source_data.tsv
B_power	Se0.6_Sp0.9		kappa	0.4461581429023482				outputs_round8/figures/fig3_source_data.tsv
B_power_n	Se0.6_Sp0.9	6500	kappa	0.4461581429023482				outputs_round8/figures/fig3_source_data.tsv
B_power	Se0.6_Sp0.9		kappa	0.4367395593554751				outputs_round8/figures/fig3_source_data.tsv
B_power_n	Se0.6_Sp0.9	7000	kappa	0.4367395593554751				outputs_round8/figures/fig3_source_data.tsv
B_power	Se0.6_Sp0.9		kappa	0.427608370334433				outputs_round8/figures/fig3_source_data.tsv
B_power_n	Se0.6_Sp0.9	7500	kappa	0.427608370334433				outputs_round8/figures/fig3_source_data.tsv
B_power	Se0.6_Sp0.9		kappa	0.4187716687945426				outputs_round8/figures/fig3_source_data.tsv
B_power_n	Se0.6_Sp0.9	8000	kappa	0.4187716687945426				outputs_round8/figures/fig3_source_data.tsv
B_power	Se0.6_Sp0.9		kappa	0.4102299631965122				outputs_round8/figures/fig3_source_data.tsv
B_power_n	Se0.6_Sp0.9	8500	kappa	0.4102299631965122				outputs_round8/figures/fig3_source_data.tsv
B_power	Se0.6_Sp0.9		kappa	0.401979465492672				outputs_round8/figures/fig3_source_data.tsv
B_power_n	Se0.6_Sp0.9	9000	kappa	0.401979465492672				outputs_round8/figures/fig3_source_data.tsv
B_power	Se0.6_Sp0.9		kappa	0.394013614015551				outputs_round8/figures/fig3_source_data.tsv
B_power_n	Se0.6_Sp0.9	9500	kappa	0.394013614015551				outputs_round8/figures/fig3_source_data.tsv
B_power	Se0.6_Sp0.9		kappa	0.3863241008582503				outputs_round8/figures/fig3_source_data.tsv
B_power_n	Se0.6_Sp0.9	10000	kappa	0.3863241008582503				outputs_round8/figures/fig3_source_data.tsv
B_power	Se0.6_Sp0.9		kappa	0.3789015717728737				outputs_round8/figures/fig3_source_data.tsv
B_power_n	Se0.6_Sp0.9	10500	kappa	0.3789015717728737				outputs_round8/figures/fig3_source_data.tsv
B_power	Se0.6_Sp0.9		kappa	0.3717361058731699				outputs_round8/figures/fig3_source_data.tsv
B_power_n	Se0.6_Sp0.9	11000	kappa	0.3717361058731699				outputs_round8/figures/fig3_source_data.tsv
B_power	Se0.6_Sp0.9		kappa	0.3648175451087505				outputs_round8/figures/fig3_source_data.tsv
B_power_n	Se0.6_Sp0.9	11500	kappa	0.3648175451087505				outputs_round8/figures/fig3_source_data.tsv
B_power	Se0.6_Sp0.9		kappa	0.3581357199952494				outputs_round8/figures/fig3_source_data.tsv
B_power_n	Se0.6_Sp0.9	12000	kappa	0.3581357199952494				outputs_round8/figures/fig3_source_data.tsv
B_power	Se0.6_Sp0.9		kappa	0.3516806029907349				outputs_round8/figures/fig3_source_data.tsv
B_power_n	Se0.6_Sp0.9	12500	kappa	0.3516806029907349				outputs_round8/figures/fig3_source_data.tsv
B_power	Se0.6_Sp0.9		kappa	0.3454424110210025				outputs_round8/figures/fig3_source_data.tsv
B_power_n	Se0.6_Sp0.9	13000	kappa	0.3454424110210025				outputs_round8/figures/fig3_source_data.tsv
B_power	Se0.6_Sp0.9		kappa	0.3394116720684504				outputs_round8/figures/fig3_source_data.tsv
B_power_n	Se0.6_Sp0.9	13500	kappa	0.3394116720684504				outputs_round8/figures/fig3_source_data.tsv
B_power	Se0.6_Sp0.9		kappa	0.3335792662825926				outputs_round8/figures/fig3_source_data.tsv
B_power_n	Se0.6_Sp0.9	14000	kappa	0.3335792662825926				outputs_round8/figures/fig3_source_data.tsv
B_power	Se0.6_Sp0.9		kappa	0.3279364490140457				outputs_round8/figures/fig3_source_data.tsv
B_power_n	Se0.6_Sp0.9	14500	kappa	0.3279364490140457				outputs_round8/figures/fig3_source_data.tsv
B_power	Se0.6_Sp0.9		kappa	0.3224748610521773				outputs_round8/figures/fig3_source_data.tsv
B_power_n	Se0.6_Sp0.9	15000	kappa	0.3224748610521773				outputs_round8/figures/fig3_source_data.tsv
B_power	Se0.6_Sp0.9		kappa	0.3171865298576135				outputs_round8/figures/fig3_source_data.tsv
B_power_n	Se0.6_Sp0.9	15500	kappa	0.3171865298576135				outputs_round8/figures/fig3_source_data.tsv
B_power	Se0.6_Sp0.9		kappa	0.3120638645254722				outputs_round8/figures/fig3_source_data.tsv
B_power_n	Se0.6_Sp0.9	16000	kappa	0.3120638645254722				outputs_round8/figures/fig3_source_data.tsv
B_power	Se0.6_Sp0.9		kappa	0.307099646460819				outputs_round8/figures/fig3_source_data.tsv
B_power_n	Se0.6_Sp0.9	16500	kappa	0.307099646460819				outputs_round8/figures/fig3_source_data.tsv
B_power	Se0.6_Sp0.9		kappa	0.30228701720445				outputs_round8/figures/fig3_source_data.tsv
B_power_n	Se0.6_Sp0.9	17000	kappa	0.30228701720445				outputs_round8/figures/fig3_source_data.tsv
B_power	Se0.6_Sp0.9		kappa	0.2976194644530316				outputs_round8/figures/fig3_source_data.tsv
B_power_n	Se0.6_Sp0.9	17500	kappa	0.2976194644530316				outputs_round8/figures/fig3_source_data.tsv
B_power	Se0.6_Sp0.9		kappa	0.2930908070303269				outputs_round8/figures/fig3_source_data.tsv
B_power_n	Se0.6_Sp0.9	18000	kappa	0.2930908070303269				outputs_round8/figures/fig3_source_data.tsv
B_power	Se0.6_Sp0.9		kappa	0.2886951793556998				outputs_round8/figures/fig3_source_data.tsv
B_power_n	Se0.6_Sp0.9	18500	kappa	0.2886951793556998				outputs_round8/figures/fig3_source_data.tsv
B_power	Se0.6_Sp0.9		kappa	0.2844270158013114				outputs_round8/figures/fig3_source_data.tsv
B_power_n	Se0.6_Sp0.9	19000	kappa	0.2844270158013114				outputs_round8/figures/fig3_source_data.tsv
B_power	Se0.6_Sp0.9		kappa	0.2802810352152565				outputs_round8/figures/fig3_source_data.tsv
B_power_n	Se0.6_Sp0.9	19500	kappa	0.2802810352152565				outputs_round8/figures/fig3_source_data.tsv
B_power	Se0.6_Sp0.9		kappa	0.2762522258036484				outputs_round8/figures/fig3_source_data.tsv
B_power_n	Se0.6_Sp0.9	20000	kappa	0.2762522258036484				outputs_round8/figures/fig3_source_data.tsv
B_power	Se0.6_Sp0.95		kappa	0.0				outputs_round8/figures/fig3_source_data.tsv
B_power_n	Se0.6_Sp0.95	0	kappa	0.0				outputs_round8/figures/fig3_source_data.tsv
B_power	Se0.6_Sp0.95		kappa	0.0141551445475185				outputs_round8/figures/fig3_source_data.tsv
B_power_n	Se0.6_Sp0.95	5	kappa	0.0141551445475185				outputs_round8/figures/fig3_source_data.tsv
B_power	Se0.6_Sp0.95		kappa	0.0277563820860009				outputs_round8/figures/fig3_source_data.tsv
B_power_n	Se0.6_Sp0.95	10	kappa	0.0277563820860009				outputs_round8/figures/fig3_source_data.tsv
B_power	Se0.6_Sp0.95		kappa	0.0408353358237133				outputs_round8/figures/fig3_source_data.tsv
B_power_n	Se0.6_Sp0.95	15	kappa	0.0408353358237133				outputs_round8/figures/fig3_source_data.tsv
B_power	Se0.6_Sp0.95		kappa	0.0534212668879969				outputs_round8/figures/fig3_source_data.tsv
B_power_n	Se0.6_Sp0.95	20	kappa	0.0534212668879969				outputs_round8/figures/fig3_source_data.tsv
B_power	Se0.6_Sp0.95		kappa	0.0655412908254582				outputs_round8/figures/fig3_source_data.tsv
B_power_n	Se0.6_Sp0.95	25	kappa	0.0655412908254582				outputs_round8/figures/fig3_source_data.tsv
B_power	Se0.6_Sp0.95		kappa	0.0772205707184196				outputs_round8/figures/fig3_source_data.tsv
B_power_n	Se0.6_Sp0.95	30	kappa	0.0772205707184196				outputs_round8/figures/fig3_source_data.tsv
B_power	Se0.6_Sp0.95		kappa	0.0884824898120928				outputs_round8/figures/fig3_source_data.tsv
B_power_n	Se0.6_Sp0.95	35	kappa	0.0884824898120928				outputs_round8/figures/fig3_source_data.tsv
B_power	Se0.6_Sp0.95		kappa	0.0993488061445983				outputs_round8/figures/fig3_source_data.tsv
B_power_n	Se0.6_Sp0.95	40	kappa	0.0993488061445983				outputs_round8/figures/fig3_source_data.tsv
B_power	Se0.6_Sp0.95		kappa	0.1098397913314346				outputs_round8/figures/fig3_source_data.tsv
B_power_n	Se0.6_Sp0.95	45	kappa	0.1098397913314346				outputs_round8/figures/fig3_source_data.tsv
B_power	Se0.6_Sp0.95		kappa	0.1199743553669735				outputs_round8/figures/fig3_source_data.tsv
B_power_n	Se0.6_Sp0.95	50	kappa	0.1199743553669735				outputs_round8/figures/fig3_source_data.tsv
B_power	Se0.6_Sp0.95		kappa	0.1297701590594706				outputs_round8/figures/fig3_source_data.tsv
B_power_n	Se0.6_Sp0.95	55	kappa	0.1297701590594706				outputs_round8/figures/fig3_source_data.tsv
B_power	Se0.6_Sp0.95		kappa	0.1392437155059772				outputs_round8/figures/fig3_source_data.tsv
B_power_n	Se0.6_Sp0.95	60	kappa	0.1392437155059772				outputs_round8/figures/fig3_source_data.tsv
B_power	Se0.6_Sp0.95		kappa	0.1484104818336809				outputs_round8/figures/fig3_source_data.tsv
B_power_n	Se0.6_Sp0.95	65	kappa	0.1484104818336809				outputs_round8/figures/fig3_source_data.tsv
B_power	Se0.6_Sp0.95		kappa	0.1572849422797908				outputs_round8/figures/fig3_source_data.tsv
B_power_n	Se0.6_Sp0.95	70	kappa	0.1572849422797908				outputs_round8/figures/fig3_source_data.tsv
B_power	Se0.6_Sp0.95		kappa	0.1658806835492257				outputs_round8/figures/fig3_source_data.tsv
B_power_n	Se0.6_Sp0.95	75	kappa	0.1658806835492257				outputs_round8/figures/fig3_source_data.tsv
B_power	Se0.6_Sp0.95		kappa	0.1742104632747307				outputs_round8/figures/fig3_source_data.tsv
B_power_n	Se0.6_Sp0.95	80	kappa	0.1742104632747307				outputs_round8/figures/fig3_source_data.tsv
B_power	Se0.6_Sp0.95		kappa	0.1822862723049151				outputs_round8/figures/fig3_source_data.tsv
B_power_n	Se0.6_Sp0.95	85	kappa	0.1822862723049151				outputs_round8/figures/fig3_source_data.tsv
B_power	Se0.6_Sp0.95		kappa	0.1901193914597969				outputs_round8/figures/fig3_source_data.tsv
B_power_n	Se0.6_Sp0.95	90	kappa	0.1901193914597969				outputs_round8/figures/fig3_source_data.tsv
B_power	Se0.6_Sp0.95		kappa	0.1977204433187913				outputs_round8/figures/fig3_source_data.tsv
B_power_n	Se0.6_Sp0.95	95	kappa	0.1977204433187913				outputs_round8/figures/fig3_source_data.tsv
B_power	Se0.6_Sp0.95		kappa	0.2050994395411036				outputs_round8/figures/fig3_source_data.tsv
B_power_n	Se0.6_Sp0.95	100	kappa	0.2050994395411036				outputs_round8/figures/fig3_source_data.tsv
B_power	Se0.6_Sp0.95		kappa	0.2122658241617912				outputs_round8/figures/fig3_source_data.tsv
B_power_n	Se0.6_Sp0.95	105	kappa	0.2122658241617912				outputs_round8/figures/fig3_source_data.tsv
B_power	Se0.6_Sp0.95		kappa	0.2192285132572044				outputs_round8/figures/fig3_source_data.tsv
B_power_n	Se0.6_Sp0.95	110	kappa	0.2192285132572044				outputs_round8/figures/fig3_source_data.tsv
B_power	Se0.6_Sp0.95		kappa	0.2259959313301				outputs_round8/figures/fig3_source_data.tsv
B_power_n	Se0.6_Sp0.95	115	kappa	0.2259959313301				outputs_round8/figures/fig3_source_data.tsv
B_power	Se0.6_Sp0.95		kappa	0.2325760447266179				outputs_round8/figures/fig3_source_data.tsv
B_power_n	Se0.6_Sp0.95	120	kappa	0.2325760447266179				outputs_round8/figures/fig3_source_data.tsv
B_power	Se0.6_Sp0.95		kappa	0.2389763923638188				outputs_round8/figures/fig3_source_data.tsv
B_power_n	Se0.6_Sp0.95	125	kappa	0.2389763923638188				outputs_round8/figures/fig3_source_data.tsv
B_power	Se0.6_Sp0.95		kappa	0.2452041140169588				outputs_round8/figures/fig3_source_data.tsv
B_power_n	Se0.6_Sp0.95	130	kappa	0.2452041140169588				outputs_round8/figures/fig3_source_data.tsv
B_power	Se0.6_Sp0.95		kappa	0.2512659763896502				outputs_round8/figures/fig3_source_data.tsv
B_power_n	Se0.6_Sp0.95	135	kappa	0.2512659763896502				outputs_round8/figures/fig3_source_data.tsv
B_power	Se0.6_Sp0.95		kappa	0.2571683971670219				outputs_round8/figures/fig3_source_data.tsv
B_power_n	Se0.6_Sp0.95	140	kappa	0.2571683971670219				outputs_round8/figures/fig3_source_data.tsv
B_power	Se0.6_Sp0.95		kappa	0.2629174672316309				outputs_round8/figures/fig3_source_data.tsv
B_power_n	Se0.6_Sp0.95	145	kappa	0.2629174672316309				outputs_round8/figures/fig3_source_data.tsv
B_power	Se0.6_Sp0.95		kappa	0.2685189712037849				outputs_round8/figures/fig3_source_data.tsv
B_power_n	Se0.6_Sp0.95	150	kappa	0.2685189712037849				outputs_round8/figures/fig3_source_data.tsv
B_power	Se0.6_Sp0.95		kappa	0.2739784064518845				outputs_round8/figures/fig3_source_data.tsv
B_power_n	Se0.6_Sp0.95	155	kappa	0.2739784064518845				outputs_round8/figures/fig3_source_data.tsv
B_power	Se0.6_Sp0.95		kappa	0.27930100070412				outputs_round8/figures/fig3_source_data.tsv
B_power_n	Se0.6_Sp0.95	160	kappa	0.27930100070412				outputs_round8/figures/fig3_source_data.tsv
B_power	Se0.6_Sp0.95		kappa	0.2844917283801113				outputs_round8/figures/fig3_source_data.tsv
B_power_n	Se0.6_Sp0.95	165	kappa	0.2844917283801113				outputs_round8/figures/fig3_source_data.tsv
B_power	Se0.6_Sp0.95		kappa	0.2895553257497414				outputs_round8/figures/fig3_source_data.tsv
B_power_n	Se0.6_Sp0.95	170	kappa	0.2895553257497414				outputs_round8/figures/fig3_source_data.tsv
B_power	Se0.6_Sp0.95		kappa	0.2944963050162798				outputs_round8/figures/fig3_source_data.tsv
B_power_n	Se0.6_Sp0.95	175	kappa	0.2944963050162798				outputs_round8/figures/fig3_source_data.tsv
B_power	Se0.6_Sp0.95		kappa	0.2993189674118093				outputs_round8/figures/fig3_source_data.tsv
B_power_n	Se0.6_Sp0.95	180	kappa	0.2993189674118093				outputs_round8/figures/fig3_source_data.tsv
B_power	Se0.6_Sp0.95		kappa	0.3040274153848398				outputs_round8/figures/fig3_source_data.tsv
B_power_n	Se0.6_Sp0.95	185	kappa	0.3040274153848398				outputs_round8/figures/fig3_source_data.tsv
B_power	Se0.6_Sp0.95		kappa	0.3086255639526931				outputs_round8/figures/fig3_source_data.tsv
B_power_n	Se0.6_Sp0.95	190	kappa	0.3086255639526931				outputs_round8/figures/fig3_source_data.tsv
B_power	Se0.6_Sp0.95		kappa	0.313117151284679				outputs_round8/figures/fig3_source_data.tsv
B_power_n	Se0.6_Sp0.95	195	kappa	0.313117151284679				outputs_round8/figures/fig3_source_data.tsv
B_power	Se0.6_Sp0.95		kappa	0.3175057485761965				outputs_round8/figures/fig3_source_data.tsv
B_power_n	Se0.6_Sp0.95	200	kappa	0.3175057485761965				outputs_round8/figures/fig3_source_data.tsv
B_power	Se0.6_Sp0.95		kappa	0.3564103353007147				outputs_round8/figures/fig3_source_data.tsv
B_power_n	Se0.6_Sp0.95	250	kappa	0.3564103353007147				outputs_round8/figures/fig3_source_data.tsv
B_power	Se0.6_Sp0.95		kappa	0.3879947872154382				outputs_round8/figures/fig3_source_data.tsv
B_power_n	Se0.6_Sp0.95	300	kappa	0.3879947872154382				outputs_round8/figures/fig3_source_data.tsv
B_power	Se0.6_Sp0.95		kappa	0.4140970138512128				outputs_round8/figures/fig3_source_data.tsv
B_power_n	Se0.6_Sp0.95	350	kappa	0.4140970138512128				outputs_round8/figures/fig3_source_data.tsv
B_power	Se0.6_Sp0.95		kappa	0.4359874499563678				outputs_round8/figures/fig3_source_data.tsv
B_power_n	Se0.6_Sp0.95	400	kappa	0.4359874499563678				outputs_round8/figures/fig3_source_data.tsv
B_power	Se0.6_Sp0.95		kappa	0.4545723764998312				outputs_round8/figures/fig3_source_data.tsv
B_power_n	Se0.6_Sp0.95	450	kappa	0.4545723764998312				outputs_round8/figures/fig3_source_data.tsv
B_power	Se0.6_Sp0.95		kappa	0.4705156693579634				outputs_round8/figures/fig3_source_data.tsv
B_power_n	Se0.6_Sp0.95	500	kappa	0.4705156693579634				outputs_round8/figures/fig3_source_data.tsv
B_power	Se0.6_Sp0.95		kappa	0.4843147638978137				outputs_round8/figures/fig3_source_data.tsv
B_power_n	Se0.6_Sp0.95	550	kappa	0.4843147638978137				outputs_round8/figures/fig3_source_data.tsv
B_power	Se0.6_Sp0.95		kappa	0.4963497376057915				outputs_round8/figures/fig3_source_data.tsv
B_power_n	Se0.6_Sp0.95	600	kappa	0.4963497376057915				outputs_round8/figures/fig3_source_data.tsv
B_power	Se0.6_Sp0.95		kappa	0.5069159909698234				outputs_round8/figures/fig3_source_data.tsv
B_power_n	Se0.6_Sp0.95	650	kappa	0.5069159909698234				outputs_round8/figures/fig3_source_data.tsv
B_power	Se0.6_Sp0.95		kappa	0.5162465836623138				outputs_round8/figures/fig3_source_data.tsv
B_power_n	Se0.6_Sp0.95	700	kappa	0.5162465836623138				outputs_round8/figures/fig3_source_data.tsv
B_power	Se0.6_Sp0.95		kappa	0.5245278548066291				outputs_round8/figures/fig3_source_data.tsv
B_power_n	Se0.6_Sp0.95	750	kappa	0.5245278548066291				outputs_round8/figures/fig3_source_data.tsv
B_power	Se0.6_Sp0.95		kappa	0.5319105707575154				outputs_round8/figures/fig3_source_data.tsv
B_power_n	Se0.6_Sp0.95	800	kappa	0.5319105707575154				outputs_round8/figures/fig3_source_data.tsv
B_power	Se0.6_Sp0.95		kappa	0.5385180263664019				outputs_round8/figures/fig3_source_data.tsv
B_power_n	Se0.6_Sp0.95	850	kappa	0.5385180263664019				outputs_round8/figures/fig3_source_data.tsv
B_power	Se0.6_Sp0.95		kappa	0.5444520287435177				outputs_round8/figures/fig3_source_data.tsv
B_power_n	Se0.6_Sp0.95	900	kappa	0.5444520287435177				outputs_round8/figures/fig3_source_data.tsv
B_power	Se0.6_Sp0.95		kappa	0.5497973822782911				outputs_round8/figures/fig3_source_data.tsv
B_power_n	Se0.6_Sp0.95	950	kappa	0.5497973822782911				outputs_round8/figures/fig3_source_data.tsv
B_power	Se0.6_Sp0.95		kappa	0.5546252953199622				outputs_round8/figures/fig3_source_data.tsv
B_power_n	Se0.6_Sp0.95	1000	kappa	0.5546252953199622				outputs_round8/figures/fig3_source_data.tsv
B_power	Se0.6_Sp0.95		kappa	0.5589959993423576				outputs_round8/figures/fig3_source_data.tsv
B_power_n	Se0.6_Sp0.95	1050	kappa	0.5589959993423576				outputs_round8/figures/fig3_source_data.tsv
B_power	Se0.6_Sp0.95		kappa	0.5629607851033357				outputs_round8/figures/fig3_source_data.tsv
B_power_n	Se0.6_Sp0.95	1100	kappa	0.5629607851033357				outputs_round8/figures/fig3_source_data.tsv
B_power	Se0.6_Sp0.95		kappa	0.5665636017840908				outputs_round8/figures/fig3_source_data.tsv
B_power_n	Se0.6_Sp0.95	1150	kappa	0.5665636017840908				outputs_round8/figures/fig3_source_data.tsv
B_power	Se0.6_Sp0.95		kappa	0.5698423247593367				outputs_round8/figures/fig3_source_data.tsv
B_power_n	Se0.6_Sp0.95	1200	kappa	0.5698423247593367				outputs_round8/figures/fig3_source_data.tsv
B_power	Se0.6_Sp0.95		kappa	0.5728297694336109				outputs_round8/figures/fig3_source_data.tsv
B_power_n	Se0.6_Sp0.95	1250	kappa	0.5728297694336109				outputs_round8/figures/fig3_source_data.tsv
B_power	Se0.6_Sp0.95		kappa	0.5755545085666876				outputs_round8/figures/fig3_source_data.tsv
B_power_n	Se0.6_Sp0.95	1300	kappa	0.5755545085666876				outputs_round8/figures/fig3_source_data.tsv
B_power	Se0.6_Sp0.95		kappa	0.578041536135201				outputs_round8/figures/fig3_source_data.tsv
B_power_n	Se0.6_Sp0.95	1350	kappa	0.578041536135201				outputs_round8/figures/fig3_source_data.tsv
B_power	Se0.6_Sp0.95		kappa	0.5803128103277059				outputs_round8/figures/fig3_source_data.tsv
B_power_n	Se0.6_Sp0.95	1400	kappa	0.5803128103277059				outputs_round8/figures/fig3_source_data.tsv
B_power	Se0.6_Sp0.95		kappa	0.5823877005903423				outputs_round8/figures/fig3_source_data.tsv
B_power_n	Se0.6_Sp0.95	1450	kappa	0.5823877005903423				outputs_round8/figures/fig3_source_data.tsv
B_power	Se0.6_Sp0.95		kappa	0.584283357937609				outputs_round8/figures/fig3_source_data.tsv
B_power_n	Se0.6_Sp0.95	1500	kappa	0.584283357937609				outputs_round8/figures/fig3_source_data.tsv
B_power	Se0.6_Sp0.95		kappa	0.5860150234675338				outputs_round8/figures/fig3_source_data.tsv
B_power_n	Se0.6_Sp0.95	1550	kappa	0.5860150234675338				outputs_round8/figures/fig3_source_data.tsv
B_power	Se0.6_Sp0.95		kappa	0.58759628678649				outputs_round8/figures/fig3_source_data.tsv
B_power_n	Se0.6_Sp0.95	1600	kappa	0.58759628678649				outputs_round8/figures/fig3_source_data.tsv
B_power	Se0.6_Sp0.95		kappa	0.5890393035817371				outputs_round8/figures/fig3_source_data.tsv
B_power_n	Se0.6_Sp0.95	1650	kappa	0.5890393035817371				outputs_round8/figures/fig3_source_data.tsv
B_power	Se0.6_Sp0.95		kappa	0.5903549796825882				outputs_round8/figures/fig3_source_data.tsv
B_power_n	Se0.6_Sp0.95	1700	kappa	0.5903549796825882				outputs_round8/figures/fig3_source_data.tsv
B_power	Se0.6_Sp0.95		kappa	0.5915531274812805				outputs_round8/figures/fig3_source_data.tsv
B_power_n	Se0.6_Sp0.95	1750	kappa	0.5915531274812805				outputs_round8/figures/fig3_source_data.tsv
B_power	Se0.6_Sp0.95		kappa	0.5926425994377916				outputs_round8/figures/fig3_source_data.tsv
B_power_n	Se0.6_Sp0.95	1800	kappa	0.5926425994377916				outputs_round8/figures/fig3_source_data.tsv
B_power	Se0.6_Sp0.95		kappa	0.5936314024920307				outputs_round8/figures/fig3_source_data.tsv
B_power_n	Se0.6_Sp0.95	1850	kappa	0.5936314024920307				outputs_round8/figures/fig3_source_data.tsv
B_power	Se0.6_Sp0.95		kappa	0.5945267964947516				outputs_round8/figures/fig3_source_data.tsv
B_power_n	Se0.6_Sp0.95	1900	kappa	0.5945267964947516				outputs_round8/figures/fig3_source_data.tsv
B_power	Se0.6_Sp0.95		kappa	0.5953353792022581				outputs_round8/figures/fig3_source_data.tsv
B_power_n	Se0.6_Sp0.95	1950	kappa	0.5953353792022581				outputs_round8/figures/fig3_source_data.tsv
B_power	Se0.6_Sp0.95		kappa	0.5960631599270699				outputs_round8/figures/fig3_source_data.tsv
B_power_n	Se0.6_Sp0.95	2000	kappa	0.5960631599270699				outputs_round8/figures/fig3_source_data.tsv
B_power	Se0.6_Sp0.95		kappa	0.5999053716874362				outputs_round8/figures/fig3_source_data.tsv
B_power_n	Se0.6_Sp0.95	2500	kappa	0.5999053716874362				outputs_round8/figures/fig3_source_data.tsv
B_power	Se0.6_Sp0.95		kappa	0.5996196148753303				outputs_round8/figures/fig3_source_data.tsv
B_power_n	Se0.6_Sp0.95	3000	kappa	0.5996196148753303				outputs_round8/figures/fig3_source_data.tsv
B_power	Se0.6_Sp0.95		kappa	0.5969749015151029				outputs_round8/figures/fig3_source_data.tsv
B_power_n	Se0.6_Sp0.95	3500	kappa	0.5969749015151029				outputs_round8/figures/fig3_source_data.tsv
B_power	Se0.6_Sp0.95		kappa	0.5929011299998005				outputs_round8/figures/fig3_source_data.tsv
B_power_n	Se0.6_Sp0.95	4000	kappa	0.5929011299998005				outputs_round8/figures/fig3_source_data.tsv
B_power	Se0.6_Sp0.95		kappa	0.5879313430336096				outputs_round8/figures/fig3_source_data.tsv
B_power_n	Se0.6_Sp0.95	4500	kappa	0.5879313430336096				outputs_round8/figures/fig3_source_data.tsv
B_power	Se0.6_Sp0.95		kappa	0.5823911262278707				outputs_round8/figures/fig3_source_data.tsv
B_power_n	Se0.6_Sp0.95	5000	kappa	0.5823911262278707				outputs_round8/figures/fig3_source_data.tsv
B_power	Se0.6_Sp0.95		kappa	0.5764891247782864				outputs_round8/figures/fig3_source_data.tsv
B_power_n	Se0.6_Sp0.95	5500	kappa	0.5764891247782864				outputs_round8/figures/fig3_source_data.tsv
B_power	Se0.6_Sp0.95		kappa	0.5703640744125408				outputs_round8/figures/fig3_source_data.tsv
B_power_n	Se0.6_Sp0.95	6000	kappa	0.5703640744125408				outputs_round8/figures/fig3_source_data.tsv
B_power	Se0.6_Sp0.95		kappa	0.564110904263448				outputs_round8/figures/fig3_source_data.tsv
B_power_n	Se0.6_Sp0.95	6500	kappa	0.564110904263448				outputs_round8/figures/fig3_source_data.tsv
B_power	Se0.6_Sp0.95		kappa	0.557796019663055				outputs_round8/figures/fig3_source_data.tsv
B_power_n	Se0.6_Sp0.95	7000	kappa	0.557796019663055				outputs_round8/figures/fig3_source_data.tsv
B_power	Se0.6_Sp0.95		kappa	0.5514666541440999				outputs_round8/figures/fig3_source_data.tsv
B_power_n	Se0.6_Sp0.95	7500	kappa	0.5514666541440999				outputs_round8/figures/fig3_source_data.tsv
B_power	Se0.6_Sp0.95		kappa	0.5451568085879059				outputs_round8/figures/fig3_source_data.tsv
B_power_n	Se0.6_Sp0.95	8000	kappa	0.5451568085879059				outputs_round8/figures/fig3_source_data.tsv
B_power	Se0.6_Sp0.95		kappa	0.5388911439889152				outputs_round8/figures/fig3_source_data.tsv
B_power_n	Se0.6_Sp0.95	8500	kappa	0.5388911439889152				outputs_round8/figures/fig3_source_data.tsv
B_power	Se0.6_Sp0.95		kappa	0.5326876031598996				outputs_round8/figures/fig3_source_data.tsv
B_power_n	Se0.6_Sp0.95	9000	kappa	0.5326876031598996				outputs_round8/figures/fig3_source_data.tsv
B_power	Se0.6_Sp0.95		kappa	0.5265592184659499				outputs_round8/figures/fig3_source_data.tsv
B_power_n	Se0.6_Sp0.95	9500	kappa	0.5265592184659499				outputs_round8/figures/fig3_source_data.tsv
B_power	Se0.6_Sp0.95		kappa	0.5205153841920472				outputs_round8/figures/fig3_source_data.tsv
B_power_n	Se0.6_Sp0.95	10000	kappa	0.5205153841920472				outputs_round8/figures/fig3_source_data.tsv
B_power	Se0.6_Sp0.95		kappa	0.5145627684027276				outputs_round8/figures/fig3_source_data.tsv
B_power_n	Se0.6_Sp0.95	10500	kappa	0.5145627684027276				outputs_round8/figures/fig3_source_data.tsv
B_power	Se0.6_Sp0.95		kappa	0.5087059769189729				outputs_round8/figures/fig3_source_data.tsv
B_power_n	Se0.6_Sp0.95	11000	kappa	0.5087059769189729				outputs_round8/figures/fig3_source_data.tsv
B_power	Se0.6_Sp0.95		kappa	0.5029480436478789				outputs_round8/figures/fig3_source_data.tsv
B_power_n	Se0.6_Sp0.95	11500	kappa	0.5029480436478789				outputs_round8/figures/fig3_source_data.tsv
B_power	Se0.6_Sp0.95		kappa	0.4972907972203389				outputs_round8/figures/fig3_source_data.tsv
B_power_n	Se0.6_Sp0.95	12000	kappa	0.4972907972203389				outputs_round8/figures/fig3_source_data.tsv
B_power	Se0.6_Sp0.95		kappa	0.4917351381863646				outputs_round8/figures/fig3_source_data.tsv
B_power_n	Se0.6_Sp0.95	12500	kappa	0.4917351381863646				outputs_round8/figures/fig3_source_data.tsv
B_power	Se0.6_Sp0.95		kappa	0.4862812506501096				outputs_round8/figures/fig3_source_data.tsv
B_power_n	Se0.6_Sp0.95	13000	kappa	0.4862812506501096				outputs_round8/figures/fig3_source_data.tsv
B_power	Se0.6_Sp0.95		kappa	0.4809287652552999				outputs_round8/figures/fig3_source_data.tsv
B_power_n	Se0.6_Sp0.95	13500	kappa	0.4809287652552999				outputs_round8/figures/fig3_source_data.tsv
B_power	Se0.6_Sp0.95		kappa	0.4756768856645741				outputs_round8/figures/fig3_source_data.tsv
B_power_n	Se0.6_Sp0.95	14000	kappa	0.4756768856645741				outputs_round8/figures/fig3_source_data.tsv
B_power	Se0.6_Sp0.95		kappa	0.4705244873655481				outputs_round8/figures/fig3_source_data.tsv
B_power_n	Se0.6_Sp0.95	14500	kappa	0.4705244873655481				outputs_round8/figures/fig3_source_data.tsv
B_power	Se0.6_Sp0.95		kappa	0.4654701953045144				outputs_round8/figures/fig3_source_data.tsv
B_power_n	Se0.6_Sp0.95	15000	kappa	0.4654701953045144				outputs_round8/figures/fig3_source_data.tsv
B_power	Se0.6_Sp0.95		kappa	0.4605124451845617				outputs_round8/figures/fig3_source_data.tsv
B_power_n	Se0.6_Sp0.95	15500	kappa	0.4605124451845617				outputs_round8/figures/fig3_source_data.tsv
B_power	Se0.6_Sp0.95		kappa	0.4556495320628985				outputs_round8/figures/fig3_source_data.tsv
B_power_n	Se0.6_Sp0.95	16000	kappa	0.4556495320628985				outputs_round8/figures/fig3_source_data.tsv
B_power	Se0.6_Sp0.95		kappa	0.4508796490042271				outputs_round8/figures/fig3_source_data.tsv
B_power_n	Se0.6_Sp0.95	16500	kappa	0.4508796490042271				outputs_round8/figures/fig3_source_data.tsv
B_power	Se0.6_Sp0.95		kappa	0.4462009178990319				outputs_round8/figures/fig3_source_data.tsv
B_power_n	Se0.6_Sp0.95	17000	kappa	0.4462009178990319				outputs_round8/figures/fig3_source_data.tsv
B_power	Se0.6_Sp0.95		kappa	0.4416114140728103				outputs_round8/figures/fig3_source_data.tsv
B_power_n	Se0.6_Sp0.95	17500	kappa	0.4416114140728103				outputs_round8/figures/fig3_source_data.tsv
B_power	Se0.6_Sp0.95		kappa	0.4371091859491646				outputs_round8/figures/fig3_source_data.tsv
B_power_n	Se0.6_Sp0.95	18000	kappa	0.4371091859491646				outputs_round8/figures/fig3_source_data.tsv
B_power	Se0.6_Sp0.95		kappa	0.4326922707543489				outputs_round8/figures/fig3_source_data.tsv
B_power_n	Se0.6_Sp0.95	18500	kappa	0.4326922707543489				outputs_round8/figures/fig3_source_data.tsv
B_power	Se0.6_Sp0.95		kappa	0.4283587070404666				outputs_round8/figures/fig3_source_data.tsv
B_power_n	Se0.6_Sp0.95	19000	kappa	0.4283587070404666				outputs_round8/figures/fig3_source_data.tsv
B_power	Se0.6_Sp0.95		kappa	0.424106544642458				outputs_round8/figures/fig3_source_data.tsv
B_power_n	Se0.6_Sp0.95	19500	kappa	0.424106544642458				outputs_round8/figures/fig3_source_data.tsv
B_power	Se0.6_Sp0.95		kappa	0.4199338525584974				outputs_round8/figures/fig3_source_data.tsv
B_power_n	Se0.6_Sp0.95	20000	kappa	0.4199338525584974				outputs_round8/figures/fig3_source_data.tsv
B_power	Se0.6_Sp0.99		kappa	0.0				outputs_round8/figures/fig3_source_data.tsv
B_power_n	Se0.6_Sp0.99	0	kappa	0.0				outputs_round8/figures/fig3_source_data.tsv
B_power	Se0.6_Sp0.99		kappa	0.0151768386224716				outputs_round8/figures/fig3_source_data.tsv
B_power_n	Se0.6_Sp0.99	5	kappa	0.0151768386224716				outputs_round8/figures/fig3_source_data.tsv
B_power	Se0.6_Sp0.99		kappa	0.0297453207837537				outputs_round8/figures/fig3_source_data.tsv
B_power_n	Se0.6_Sp0.99	10	kappa	0.0297453207837537				outputs_round8/figures/fig3_source_data.tsv
B_power	Se0.6_Sp0.99		kappa	0.0437412495241467				outputs_round8/figures/fig3_source_data.tsv
B_power_n	Se0.6_Sp0.99	15	kappa	0.0437412495241467				outputs_round8/figures/fig3_source_data.tsv
B_power	Se0.6_Sp0.99		kappa	0.0571976725003511				outputs_round8/figures/fig3_source_data.tsv
B_power_n	Se0.6_Sp0.99	20	kappa	0.0571976725003511				outputs_round8/figures/fig3_source_data.tsv
B_power	Se0.6_Sp0.99		kappa	0.0701451420480337				outputs_round8/figures/fig3_source_data.tsv
B_power_n	Se0.6_Sp0.99	25	kappa	0.0701451420480337				outputs_round8/figures/fig3_source_data.tsv
B_power	Se0.6_Sp0.99		kappa	0.0826119463353774				outputs_round8/figures/fig3_source_data.tsv
B_power_n	Se0.6_Sp0.99	30	kappa	0.0826119463353774				outputs_round8/figures/fig3_source_data.tsv
B_power	Se0.6_Sp0.99		kappa	0.0946243152885959				outputs_round8/figures/fig3_source_data.tsv
B_power_n	Se0.6_Sp0.99	35	kappa	0.0946243152885959				outputs_round8/figures/fig3_source_data.tsv
B_power	Se0.6_Sp0.99		kappa	0.1062066044443101				outputs_round8/figures/fig3_source_data.tsv
B_power_n	Se0.6_Sp0.99	40	kappa	0.1062066044443101				outputs_round8/figures/fig3_source_data.tsv
B_power	Se0.6_Sp0.99		kappa	0.117381459440676				outputs_round8/figures/fig3_source_data.tsv
B_power_n	Se0.6_Sp0.99	45	kappa	0.117381459440676				outputs_round8/figures/fig3_source_data.tsv
B_power	Se0.6_Sp0.99		kappa	0.1281699634849779				outputs_round8/figures/fig3_source_data.tsv
B_power_n	Se0.6_Sp0.99	50	kappa	0.1281699634849779				outputs_round8/figures/fig3_source_data.tsv
B_power	Se0.6_Sp0.99		kappa	0.1385917698182554				outputs_round8/figures/fig3_source_data.tsv
B_power_n	Se0.6_Sp0.99	55	kappa	0.1385917698182554				outputs_round8/figures/fig3_source_data.tsv
B_power	Se0.6_Sp0.99		kappa	0.1486652209280372				outputs_round8/figures/fig3_source_data.tsv
B_power_n	Se0.6_Sp0.99	60	kappa	0.1486652209280372				outputs_round8/figures/fig3_source_data.tsv
B_power	Se0.6_Sp0.99		kappa	0.1584074560305004				outputs_round8/figures/fig3_source_data.tsv
B_power_n	Se0.6_Sp0.99	65	kappa	0.1584074560305004				outputs_round8/figures/fig3_source_data.tsv
B_power	Se0.6_Sp0.99		kappa	0.1678345081470013				outputs_round8/figures/fig3_source_data.tsv
B_power_n	Se0.6_Sp0.99	70	kappa	0.1678345081470013				outputs_round8/figures/fig3_source_data.tsv
B_power	Se0.6_Sp0.99		kappa	0.1769613919316132				outputs_round8/figures/fig3_source_data.tsv
B_power_n	Se0.6_Sp0.99	75	kappa	0.1769613919316132				outputs_round8/figures/fig3_source_data.tsv
B_power	Se0.6_Sp0.99		kappa	0.1858021832616606				outputs_round8/figures/fig3_source_data.tsv
B_power_n	Se0.6_Sp0.99	80	kappa	0.1858021832616606				outputs_round8/figures/fig3_source_data.tsv
B_power	Se0.6_Sp0.99		kappa	0.1943700914786597				outputs_round8/figures/fig3_source_data.tsv
B_power_n	Se0.6_Sp0.99	85	kappa	0.1943700914786597				outputs_round8/figures/fig3_source_data.tsv
B_power	Se0.6_Sp0.99		kappa	0.2026775250594486				outputs_round8/figures/fig3_source_data.tsv
B_power_n	Se0.6_Sp0.99	90	kappa	0.2026775250594486				outputs_round8/figures/fig3_source_data.tsv
B_power	Se0.6_Sp0.99		kappa	0.2107361514041594				outputs_round8/figures/fig3_source_data.tsv
B_power_n	Se0.6_Sp0.99	95	kappa	0.2107361514041594				outputs_round8/figures/fig3_source_data.tsv
B_power	Se0.6_Sp0.99		kappa	0.2185569513468753				outputs_round8/figures/fig3_source_data.tsv
B_power_n	Se0.6_Sp0.99	100	kappa	0.2185569513468753				outputs_round8/figures/fig3_source_data.tsv
B_power	Se0.6_Sp0.99		kappa	0.2261502689245368				outputs_round8/figures/fig3_source_data.tsv
B_power_n	Se0.6_Sp0.99	105	kappa	0.2261502689245368				outputs_round8/figures/fig3_source_data.tsv
B_power	Se0.6_Sp0.99		kappa	0.2335258568784422				outputs_round8/figures/fig3_source_data.tsv
B_power_n	Se0.6_Sp0.99	110	kappa	0.2335258568784422				outputs_round8/figures/fig3_source_data.tsv
B_power	Se0.6_Sp0.99		kappa	0.2406929183092226				outputs_round8/figures/fig3_source_data.tsv
B_power_n	Se0.6_Sp0.99	115	kappa	0.2406929183092226				outputs_round8/figures/fig3_source_data.tsv
B_power	Se0.6_Sp0.99		kappa	0.2476601448593734				outputs_round8/figures/fig3_source_data.tsv
B_power_n	Se0.6_Sp0.99	120	kappa	0.2476601448593734				outputs_round8/figures/fig3_source_data.tsv
B_power	Se0.6_Sp0.99		kappa	0.2544357517564483				outputs_round8/figures/fig3_source_data.tsv
B_power_n	Se0.6_Sp0.99	125	kappa	0.2544357517564483				outputs_round8/figures/fig3_source_data.tsv
B_power	Se0.6_Sp0.99		kappa	0.2610275100139596				outputs_round8/figures/fig3_source_data.tsv
B_power_n	Se0.6_Sp0.99	130	kappa	0.2610275100139596				outputs_round8/figures/fig3_source_data.tsv
B_power	Se0.6_Sp0.99		kappa	0.2674427760553663				outputs_round8/figures/fig3_source_data.tsv
B_power_n	Se0.6_Sp0.99	135	kappa	0.2674427760553663				outputs_round8/figures/fig3_source_data.tsv
B_power	Se0.6_Sp0.99		kappa	0.2736885189985674				outputs_round8/figures/fig3_source_data.tsv
B_power_n	Se0.6_Sp0.99	140	kappa	0.2736885189985674				outputs_round8/figures/fig3_source_data.tsv
B_power	Se0.6_Sp0.99		kappa	0.2797713458136502				outputs_round8/figures/fig3_source_data.tsv
B_power_n	Se0.6_Sp0.99	145	kappa	0.2797713458136502				outputs_round8/figures/fig3_source_data.tsv
B_power	Se0.6_Sp0.99		kappa	0.285697524544819				outputs_round8/figures/fig3_source_data.tsv
B_power_n	Se0.6_Sp0.99	150	kappa	0.285697524544819				outputs_round8/figures/fig3_source_data.tsv
B_power	Se0.6_Sp0.99		kappa	0.2914730057680822				outputs_round8/figures/fig3_source_data.tsv
B_power_n	Se0.6_Sp0.99	155	kappa	0.2914730057680822				outputs_round8/figures/fig3_source_data.tsv
B_power	Se0.6_Sp0.99		kappa	0.2971034424391172				outputs_round8/figures/fig3_source_data.tsv
B_power_n	Se0.6_Sp0.99	160	kappa	0.2971034424391172				outputs_round8/figures/fig3_source_data.tsv
B_power	Se0.6_Sp0.99		kappa	0.3025942082704781				outputs_round8/figures/fig3_source_data.tsv
B_power_n	Se0.6_Sp0.99	165	kappa	0.3025942082704781				outputs_round8/figures/fig3_source_data.tsv
B_power	Se0.6_Sp0.99		kappa	0.3079504147637245				outputs_round8/figures/fig3_source_data.tsv
B_power_n	Se0.6_Sp0.99	170	kappa	0.3079504147637245				outputs_round8/figures/fig3_source_data.tsv
B_power	Se0.6_Sp0.99		kappa	0.3131769270099486				outputs_round8/figures/fig3_source_data.tsv
B_power_n	Se0.6_Sp0.99	175	kappa	0.3131769270099486				outputs_round8/figures/fig3_source_data.tsv
B_power	Se0.6_Sp0.99		kappa	0.3182783783613617				outputs_round8/figures/fig3_source_data.tsv
B_power_n	Se0.6_Sp0.99	180	kappa	0.3182783783613617				outputs_round8/figures/fig3_source_data.tsv
B_power	Se0.6_Sp0.99		kappa	0.3232591840669382				outputs_round8/figures/fig3_source_data.tsv
B_power_n	Se0.6_Sp0.99	185	kappa	0.3232591840669382				outputs_round8/figures/fig3_source_data.tsv
B_power	Se0.6_Sp0.99		kappa	0.3281235539564675				outputs_round8/figures/fig3_source_data.tsv
B_power_n	Se0.6_Sp0.99	190	kappa	0.3281235539564675				outputs_round8/figures/fig3_source_data.tsv
B_power	Se0.6_Sp0.99		kappa	0.3328755042495895				outputs_round8/figures/fig3_source_data.tsv
B_power_n	Se0.6_Sp0.99	195	kappa	0.3328755042495895				outputs_round8/figures/fig3_source_data.tsv
B_power	Se0.6_Sp0.99		kappa	0.3375188685594514				outputs_round8/figures/fig3_source_data.tsv
B_power_n	Se0.6_Sp0.99	200	kappa	0.3375188685594514				outputs_round8/figures/fig3_source_data.tsv
B_power	Se0.6_Sp0.99		kappa	0.3787117704599964				outputs_round8/figures/fig3_source_data.tsv
B_power_n	Se0.6_Sp0.99	250	kappa	0.3787117704599964				outputs_round8/figures/fig3_source_data.tsv
B_power	Se0.6_Sp0.99		kappa	0.4122292928808589				outputs_round8/figures/fig3_source_data.tsv
B_power_n	Se0.6_Sp0.99	300	kappa	0.4122292928808589				outputs_round8/figures/fig3_source_data.tsv
B_power	Se0.6_Sp0.99		kappa	0.4400232514778947				outputs_round8/figures/fig3_source_data.tsv
B_power_n	Se0.6_Sp0.99	350	kappa	0.4400232514778947				outputs_round8/figures/fig3_source_data.tsv
B_power	Se0.6_Sp0.99		kappa	0.4634354022138758				outputs_round8/figures/fig3_source_data.tsv
B_power_n	Se0.6_Sp0.99	400	kappa	0.4634354022138758				outputs_round8/figures/fig3_source_data.tsv
B_power	Se0.6_Sp0.99		kappa	0.4834185168899838				outputs_round8/figures/fig3_source_data.tsv
B_power_n	Se0.6_Sp0.99	450	kappa	0.4834185168899838				outputs_round8/figures/fig3_source_data.tsv
B_power	Se0.6_Sp0.99		kappa	0.5006678185615765				outputs_round8/figures/fig3_source_data.tsv
B_power_n	Se0.6_Sp0.99	500	kappa	0.5006678185615765				outputs_round8/figures/fig3_source_data.tsv
B_power	Se0.6_Sp0.99		kappa	0.5157024969980899				outputs_round8/figures/fig3_source_data.tsv
B_power_n	Se0.6_Sp0.99	550	kappa	0.5157024969980899				outputs_round8/figures/fig3_source_data.tsv
B_power	Se0.6_Sp0.99		kappa	0.528918107214962				outputs_round8/figures/fig3_source_data.tsv
B_power_n	Se0.6_Sp0.99	600	kappa	0.528918107214962				outputs_round8/figures/fig3_source_data.tsv
B_power	Se0.6_Sp0.99		kappa	0.5406213031376415				outputs_round8/figures/fig3_source_data.tsv
B_power_n	Se0.6_Sp0.99	650	kappa	0.5406213031376415				outputs_round8/figures/fig3_source_data.tsv
B_power	Se0.6_Sp0.99		kappa	0.5510534846029171				outputs_round8/figures/fig3_source_data.tsv
B_power_n	Se0.6_Sp0.99	700	kappa	0.5510534846029171				outputs_round8/figures/fig3_source_data.tsv
B_power	Se0.6_Sp0.99		kappa	0.5604072777118311				outputs_round8/figures/fig3_source_data.tsv
B_power_n	Se0.6_Sp0.99	750	kappa	0.5604072777118311				outputs_round8/figures/fig3_source_data.tsv
B_power	Se0.6_Sp0.99		kappa	0.5688382606723001				outputs_round8/figures/fig3_source_data.tsv
B_power_n	Se0.6_Sp0.99	800	kappa	0.5688382606723001				outputs_round8/figures/fig3_source_data.tsv
B_power	Se0.6_Sp0.99		kappa	0.5764734619813656				outputs_round8/figures/fig3_source_data.tsv
B_power_n	Se0.6_Sp0.99	850	kappa	0.5764734619813656				outputs_round8/figures/fig3_source_data.tsv
B_power	Se0.6_Sp0.99		kappa	0.5834176220023664				outputs_round8/figures/fig3_source_data.tsv
B_power_n	Se0.6_Sp0.99	900	kappa	0.5834176220023664				outputs_round8/figures/fig3_source_data.tsv
B_power	Se0.6_Sp0.99		kappa	0.5897578758300577				outputs_round8/figures/fig3_source_data.tsv
B_power_n	Se0.6_Sp0.99	950	kappa	0.5897578758300577				outputs_round8/figures/fig3_source_data.tsv
B_power	Se0.6_Sp0.99		kappa	0.5955673030920978				outputs_round8/figures/fig3_source_data.tsv
B_power_n	Se0.6_Sp0.99	1000	kappa	0.5955673030920978				outputs_round8/figures/fig3_source_data.tsv
B_power	Se0.6_Sp0.99		kappa	0.600907652136577				outputs_round8/figures/fig3_source_data.tsv
B_power_n	Se0.6_Sp0.99	1050	kappa	0.600907652136577				outputs_round8/figures/fig3_source_data.tsv
B_power	Se0.6_Sp0.99		kappa	0.6058314542708287				outputs_round8/figures/fig3_source_data.tsv
B_power_n	Se0.6_Sp0.99	1100	kappa	0.6058314542708287				outputs_round8/figures/fig3_source_data.tsv
B_power	Se0.6_Sp0.99		kappa	0.6103836816493204				outputs_round8/figures/fig3_source_data.tsv
B_power_n	Se0.6_Sp0.99	1150	kappa	0.6103836816493204				outputs_round8/figures/fig3_source_data.tsv
B_power	Se0.6_Sp0.99		kappa	0.6146030597387286				outputs_round8/figures/fig3_source_data.tsv
B_power_n	Se0.6_Sp0.99	1200	kappa	0.6146030597387286				outputs_round8/figures/fig3_source_data.tsv
B_power	Se0.6_Sp0.99		kappa	0.6185231155064826				outputs_round8/figures/fig3_source_data.tsv
B_power_n	Se0.6_Sp0.99	1250	kappa	0.6185231155064826				outputs_round8/figures/fig3_source_data.tsv
B_power	Se0.6_Sp0.99		kappa	0.622173021400426				outputs_round8/figures/fig3_source_data.tsv
B_power_n	Se0.6_Sp0.99	1300	kappa	0.622173021400426				outputs_round8/figures/fig3_source_data.tsv
B_power	Se0.6_Sp0.99		kappa	0.6255782800747093				outputs_round8/figures/fig3_source_data.tsv
B_power_n	Se0.6_Sp0.99	1350	kappa	0.6255782800747093				outputs_round8/figures/fig3_source_data.tsv
B_power	Se0.6_Sp0.99		kappa	0.6287612838515545				outputs_round8/figures/fig3_source_data.tsv
B_power_n	Se0.6_Sp0.99	1400	kappa	0.6287612838515545				outputs_round8/figures/fig3_source_data.tsv
B_power	Se0.6_Sp0.99		kappa	0.6317417748630477				outputs_round8/figures/fig3_source_data.tsv
B_power_n	Se0.6_Sp0.99	1450	kappa	0.6317417748630477				outputs_round8/figures/fig3_source_data.tsv
B_power	Se0.6_Sp0.99		kappa	0.6345372258525341				outputs_round8/figures/fig3_source_data.tsv
B_power_n	Se0.6_Sp0.99	1500	kappa	0.6345372258525341				outputs_round8/figures/fig3_source_data.tsv
B_power	Se0.6_Sp0.99		kappa	0.637163157150162				outputs_round8/figures/fig3_source_data.tsv
B_power_n	Se0.6_Sp0.99	1550	kappa	0.637163157150162				outputs_round8/figures/fig3_source_data.tsv
B_power	Se0.6_Sp0.99		kappa	0.6396334019641782				outputs_round8/figures/fig3_source_data.tsv
B_power_n	Se0.6_Sp0.99	1600	kappa	0.6396334019641782				outputs_round8/figures/fig3_source_data.tsv
B_power	Se0.6_Sp0.99		kappa	0.6419603295597512				outputs_round8/figures/fig3_source_data.tsv
B_power_n	Se0.6_Sp0.99	1650	kappa	0.6419603295597512				outputs_round8/figures/fig3_source_data.tsv
B_power	Se0.6_Sp0.99		kappa	0.6441550339234188				outputs_round8/figures/fig3_source_data.tsv
B_power_n	Se0.6_Sp0.99	1700	kappa	0.6441550339234188				outputs_round8/figures/fig3_source_data.tsv
B_power	Se0.6_Sp0.99		kappa	0.646227493983899				outputs_round8/figures/fig3_source_data.tsv
B_power_n	Se0.6_Sp0.99	1750	kappa	0.646227493983899				outputs_round8/figures/fig3_source_data.tsv
B_power	Se0.6_Sp0.99		kappa	0.648186710269598				outputs_round8/figures/fig3_source_data.tsv
B_power_n	Se0.6_Sp0.99	1800	kappa	0.648186710269598				outputs_round8/figures/fig3_source_data.tsv
B_power	Se0.6_Sp0.99		kappa	0.6500408219490524				outputs_round8/figures/fig3_source_data.tsv
B_power_n	Se0.6_Sp0.99	1850	kappa	0.6500408219490524				outputs_round8/figures/fig3_source_data.tsv
B_power	Se0.6_Sp0.99		kappa	0.6517972074628896				outputs_round8/figures/fig3_source_data.tsv
B_power_n	Se0.6_Sp0.99	1900	kappa	0.6517972074628896				outputs_round8/figures/fig3_source_data.tsv
B_power	Se0.6_Sp0.99		kappa	0.6534625713698128				outputs_round8/figures/fig3_source_data.tsv
B_power_n	Se0.6_Sp0.99	1950	kappa	0.6534625713698128				outputs_round8/figures/fig3_source_data.tsv
B_power	Se0.6_Sp0.99		kappa	0.6550430195607916				outputs_round8/figures/fig3_source_data.tsv
B_power_n	Se0.6_Sp0.99	2000	kappa	0.6550430195607916				outputs_round8/figures/fig3_source_data.tsv
B_power	Se0.6_Sp0.99		kappa	0.6672017458049723				outputs_round8/figures/fig3_source_data.tsv
B_power_n	Se0.6_Sp0.99	2500	kappa	0.6672017458049723				outputs_round8/figures/fig3_source_data.tsv
B_power	Se0.6_Sp0.99		kappa	0.6748850359631088				outputs_round8/figures/fig3_source_data.tsv
B_power_n	Se0.6_Sp0.99	3000	kappa	0.6748850359631088				outputs_round8/figures/fig3_source_data.tsv
B_power	Se0.6_Sp0.99		kappa	0.6798939826332163				outputs_round8/figures/fig3_source_data.tsv
B_power_n	Se0.6_Sp0.99	3500	kappa	0.6798939826332163				outputs_round8/figures/fig3_source_data.tsv
B_power	Se0.6_Sp0.99		kappa	0.683180012727524				outputs_round8/figures/fig3_source_data.tsv
B_power_n	Se0.6_Sp0.99	4000	kappa	0.683180012727524				outputs_round8/figures/fig3_source_data.tsv
B_power	Se0.6_Sp0.99		kappa	0.6852930360046445				outputs_round8/figures/fig3_source_data.tsv
B_power_n	Se0.6_Sp0.99	4500	kappa	0.6852930360046445				outputs_round8/figures/fig3_source_data.tsv
B_power	Se0.6_Sp0.99		kappa	0.6865730139743667				outputs_round8/figures/fig3_source_data.tsv
B_power_n	Se0.6_Sp0.99	5000	kappa	0.6865730139743667				outputs_round8/figures/fig3_source_data.tsv
B_power	Se0.6_Sp0.99		kappa	0.6872414035204493				outputs_round8/figures/fig3_source_data.tsv
B_power_n	Se0.6_Sp0.99	5500	kappa	0.6872414035204493				outputs_round8/figures/fig3_source_data.tsv
B_power	Se0.6_Sp0.99		kappa	0.6874486363627459				outputs_round8/figures/fig3_source_data.tsv
B_power_n	Se0.6_Sp0.99	6000	kappa	0.6874486363627459				outputs_round8/figures/fig3_source_data.tsv
B_power	Se0.6_Sp0.99		kappa	0.6873004648293621				outputs_round8/figures/fig3_source_data.tsv
B_power_n	Se0.6_Sp0.99	6500	kappa	0.6873004648293621				outputs_round8/figures/fig3_source_data.tsv
B_power	Se0.6_Sp0.99		kappa	0.6868733906755053				outputs_round8/figures/fig3_source_data.tsv
B_power_n	Se0.6_Sp0.99	7000	kappa	0.6868733906755053				outputs_round8/figures/fig3_source_data.tsv
B_power	Se0.6_Sp0.99		kappa	0.6862241136345166				outputs_round8/figures/fig3_source_data.tsv
B_power_n	Se0.6_Sp0.99	7500	kappa	0.6862241136345166				outputs_round8/figures/fig3_source_data.tsv
B_power	Se0.6_Sp0.99		kappa	0.6853955399015211				outputs_round8/figures/fig3_source_data.tsv
B_power_n	Se0.6_Sp0.99	8000	kappa	0.6853955399015211				outputs_round8/figures/fig3_source_data.tsv
B_power	Se0.6_Sp0.99		kappa	0.6844207281706257				outputs_round8/figures/fig3_source_data.tsv
B_power_n	Se0.6_Sp0.99	8500	kappa	0.6844207281706257				outputs_round8/figures/fig3_source_data.tsv
B_power	Se0.6_Sp0.99		kappa	0.6833255544659856				outputs_round8/figures/fig3_source_data.tsv
B_power_n	Se0.6_Sp0.99	9000	kappa	0.6833255544659856				outputs_round8/figures/fig3_source_data.tsv
B_power	Se0.6_Sp0.99		kappa	0.6821305561650521				outputs_round8/figures/fig3_source_data.tsv
B_power_n	Se0.6_Sp0.99	9500	kappa	0.6821305561650521				outputs_round8/figures/fig3_source_data.tsv
B_power	Se0.6_Sp0.99		kappa	0.6808522357670763				outputs_round8/figures/fig3_source_data.tsv
B_power_n	Se0.6_Sp0.99	10000	kappa	0.6808522357670763				outputs_round8/figures/fig3_source_data.tsv
B_power	Se0.6_Sp0.99		kappa	0.6795040004697144				outputs_round8/figures/fig3_source_data.tsv
B_power_n	Se0.6_Sp0.99	10500	kappa	0.6795040004697144				outputs_round8/figures/fig3_source_data.tsv
B_power	Se0.6_Sp0.99		kappa	0.6780968509600539				outputs_round8/figures/fig3_source_data.tsv
B_power_n	Se0.6_Sp0.99	11000	kappa	0.6780968509600539				outputs_round8/figures/fig3_source_data.tsv
B_power	Se0.6_Sp0.99		kappa	0.676639894186683				outputs_round8/figures/fig3_source_data.tsv
B_power_n	Se0.6_Sp0.99	11500	kappa	0.676639894186683				outputs_round8/figures/fig3_source_data.tsv
B_power	Se0.6_Sp0.99		kappa	0.6751407304456647				outputs_round8/figures/fig3_source_data.tsv
B_power_n	Se0.6_Sp0.99	12000	kappa	0.6751407304456647				outputs_round8/figures/fig3_source_data.tsv
B_power	Se0.6_Sp0.99		kappa	0.6736057493099792				outputs_round8/figures/fig3_source_data.tsv
B_power_n	Se0.6_Sp0.99	12500	kappa	0.6736057493099792				outputs_round8/figures/fig3_source_data.tsv
B_power	Se0.6_Sp0.99		kappa	0.6720403585000639				outputs_round8/figures/fig3_source_data.tsv
B_power_n	Se0.6_Sp0.99	13000	kappa	0.6720403585000639				outputs_round8/figures/fig3_source_data.tsv
B_power	Se0.6_Sp0.99		kappa	0.6704491627776389				outputs_round8/figures/fig3_source_data.tsv
B_power_n	Se0.6_Sp0.99	13500	kappa	0.6704491627776389				outputs_round8/figures/fig3_source_data.tsv
B_power	Se0.6_Sp0.99		kappa	0.6688361051466383				outputs_round8/figures/fig3_source_data.tsv
B_power_n	Se0.6_Sp0.99	14000	kappa	0.6688361051466383				outputs_round8/figures/fig3_source_data.tsv
B_power	Se0.6_Sp0.99		kappa	0.6672045793115372				outputs_round8/figures/fig3_source_data.tsv
B_power_n	Se0.6_Sp0.99	14500	kappa	0.6672045793115372				outputs_round8/figures/fig3_source_data.tsv
B_power	Se0.6_Sp0.99		kappa	0.6655575199942168				outputs_round8/figures/fig3_source_data.tsv
B_power_n	Se0.6_Sp0.99	15000	kappa	0.6655575199942168				outputs_round8/figures/fig3_source_data.tsv
B_power	Se0.6_Sp0.99		kappa	0.6638974760329236				outputs_round8/figures/fig3_source_data.tsv
B_power_n	Se0.6_Sp0.99	15500	kappa	0.6638974760329236				outputs_round8/figures/fig3_source_data.tsv
B_power	Se0.6_Sp0.99		kappa	0.6622266699741857				outputs_round8/figures/fig3_source_data.tsv
B_power_n	Se0.6_Sp0.99	16000	kappa	0.6622266699741857				outputs_round8/figures/fig3_source_data.tsv
B_power	Se0.6_Sp0.99		kappa	0.6605470469818234				outputs_round8/figures/fig3_source_data.tsv
B_power_n	Se0.6_Sp0.99	16500	kappa	0.6605470469818234				outputs_round8/figures/fig3_source_data.tsv
B_power	Se0.6_Sp0.99		kappa	0.6588603152319573				outputs_round8/figures/fig3_source_data.tsv
B_power_n	Se0.6_Sp0.99	17000	kappa	0.6588603152319573				outputs_round8/figures/fig3_source_data.tsv
B_power	Se0.6_Sp0.99		kappa	0.6571679794738216				outputs_round8/figures/fig3_source_data.tsv
B_power_n	Se0.6_Sp0.99	17500	kappa	0.6571679794738216				outputs_round8/figures/fig3_source_data.tsv
B_power	Se0.6_Sp0.99		kappa	0.6554713690678591				outputs_round8/figures/fig3_source_data.tsv
B_power_n	Se0.6_Sp0.99	18000	kappa	0.6554713690678591				outputs_round8/figures/fig3_source_data.tsv
B_power	Se0.6_Sp0.99		kappa	0.6537716615326288				outputs_round8/figures/fig3_source_data.tsv
B_power_n	Se0.6_Sp0.99	18500	kappa	0.6537716615326288				outputs_round8/figures/fig3_source_data.tsv
B_power	Se0.6_Sp0.99		kappa	0.6520699024175459				outputs_round8/figures/fig3_source_data.tsv
B_power_n	Se0.6_Sp0.99	19000	kappa	0.6520699024175459				outputs_round8/figures/fig3_source_data.tsv
B_power	Se0.6_Sp0.99		kappa	0.6503670221530095				outputs_round8/figures/fig3_source_data.tsv
B_power_n	Se0.6_Sp0.99	19500	kappa	0.6503670221530095				outputs_round8/figures/fig3_source_data.tsv
B_power	Se0.6_Sp0.99		kappa	0.648663850400618				outputs_round8/figures/fig3_source_data.tsv
B_power_n	Se0.6_Sp0.99	20000	kappa	0.648663850400618				outputs_round8/figures/fig3_source_data.tsv
B_power	Se0.6_Sp0.5		kappa	0.0				outputs_round8/figures/fig3_source_data.tsv
B_power_n	Se0.6_Sp0.5	0	kappa	0.0				outputs_round8/figures/fig3_source_data.tsv
B_power	Se0.6_Sp0.5		kappa	0.0025885736768705				outputs_round8/figures/fig3_source_data.tsv
B_power_n	Se0.6_Sp0.5	5	kappa	0.0025885736768705				outputs_round8/figures/fig3_source_data.tsv
B_power	Se0.6_Sp0.5		kappa	0.0051039610383341				outputs_round8/figures/fig3_source_data.tsv
B_power_n	Se0.6_Sp0.5	10	kappa	0.0051039610383341				outputs_round8/figures/fig3_source_data.tsv
B_power	Se0.6_Sp0.5		kappa	0.0075487237608502				outputs_round8/figures/fig3_source_data.tsv
B_power_n	Se0.6_Sp0.5	15	kappa	0.0075487237608502				outputs_round8/figures/fig3_source_data.tsv
B_power	Se0.6_Sp0.5		kappa	0.0099253099574212				outputs_round8/figures/fig3_source_data.tsv
B_power_n	Se0.6_Sp0.5	20	kappa	0.0099253099574212				outputs_round8/figures/fig3_source_data.tsv
B_power	Se0.6_Sp0.5		kappa	0.0122360603381729				outputs_round8/figures/fig3_source_data.tsv
B_power_n	Se0.6_Sp0.5	25	kappa	0.0122360603381729				outputs_round8/figures/fig3_source_data.tsv
B_power	Se0.6_Sp0.5		kappa	0.0144832139752871				outputs_round8/figures/fig3_source_data.tsv
B_power_n	Se0.6_Sp0.5	30	kappa	0.0144832139752871				outputs_round8/figures/fig3_source_data.tsv
B_power	Se0.6_Sp0.5		kappa	0.0166689137016019				outputs_round8/figures/fig3_source_data.tsv
B_power_n	Se0.6_Sp0.5	35	kappa	0.0166689137016019				outputs_round8/figures/fig3_source_data.tsv
B_power	Se0.6_Sp0.5		kappa	0.0187952111697252				outputs_round8/figures/fig3_source_data.tsv
B_power_n	Se0.6_Sp0.5	40	kappa	0.0187952111697252				outputs_round8/figures/fig3_source_data.tsv
B_power	Se0.6_Sp0.5		kappa	0.0208640715962988				outputs_round8/figures/fig3_source_data.tsv
B_power_n	Se0.6_Sp0.5	45	kappa	0.0208640715962988				outputs_round8/figures/fig3_source_data.tsv
B_power	Se0.6_Sp0.5		kappa	0.0228773782140073				outputs_round8/figures/fig3_source_data.tsv
B_power_n	Se0.6_Sp0.5	50	kappa	0.0228773782140073				outputs_round8/figures/fig3_source_data.tsv
B_power	Se0.6_Sp0.5		kappa	0.0248369364521176				outputs_round8/figures/fig3_source_data.tsv
B_power_n	Se0.6_Sp0.5	55	kappa	0.0248369364521176				outputs_round8/figures/fig3_source_data.tsv
B_power	Se0.6_Sp0.5		kappa	0.0267444778646367				outputs_round8/figures/fig3_source_data.tsv
B_power_n	Se0.6_Sp0.5	60	kappa	0.0267444778646367				outputs_round8/figures/fig3_source_data.tsv
B_power	Se0.6_Sp0.5		kappa	0.0286016638236792				outputs_round8/figures/fig3_source_data.tsv
B_power_n	Se0.6_Sp0.5	65	kappa	0.0286016638236792				outputs_round8/figures/fig3_source_data.tsv
B_power	Se0.6_Sp0.5		kappa	0.0304100889942311				outputs_round8/figures/fig3_source_data.tsv
B_power_n	Se0.6_Sp0.5	70	kappa	0.0304100889942311				outputs_round8/figures/fig3_source_data.tsv
B_power	Se0.6_Sp0.5		kappa	0.0321712846052516				outputs_round8/figures/fig3_source_data.tsv
B_power_n	Se0.6_Sp0.5	75	kappa	0.0321712846052516				outputs_round8/figures/fig3_source_data.tsv
B_power	Se0.6_Sp0.5		kappa	0.0338867215308826				outputs_round8/figures/fig3_source_data.tsv
B_power_n	Se0.6_Sp0.5	80	kappa	0.0338867215308826				outputs_round8/figures/fig3_source_data.tsv
B_power	Se0.6_Sp0.5		kappa	0.0355578131944886				outputs_round8/figures/fig3_source_data.tsv
B_power_n	Se0.6_Sp0.5	85	kappa	0.0355578131944886				outputs_round8/figures/fig3_source_data.tsv
B_power	Se0.6_Sp0.5		kappa	0.0371859183072941				outputs_round8/figures/fig3_source_data.tsv
B_power_n	Se0.6_Sp0.5	90	kappa	0.0371859183072941				outputs_round8/figures/fig3_source_data.tsv
B_power	Se0.6_Sp0.5		kappa	0.0387723434524832				outputs_round8/figures/fig3_source_data.tsv
B_power_n	Se0.6_Sp0.5	95	kappa	0.0387723434524832				outputs_round8/figures/fig3_source_data.tsv
B_power	Se0.6_Sp0.5		kappa	0.0403183455248329				outputs_round8/figures/fig3_source_data.tsv
B_power_n	Se0.6_Sp0.5	100	kappa	0.0403183455248329				outputs_round8/figures/fig3_source_data.tsv
B_power	Se0.6_Sp0.5		kappa	0.0418251340352028				outputs_round8/figures/fig3_source_data.tsv
B_power_n	Se0.6_Sp0.5	105	kappa	0.0418251340352028				outputs_round8/figures/fig3_source_data.tsv
B_power	Se0.6_Sp0.5		kappa	0.0432938732885233				outputs_round8/figures/fig3_source_data.tsv
B_power_n	Se0.6_Sp0.5	110	kappa	0.0432938732885233				outputs_round8/figures/fig3_source_data.tsv
B_power	Se0.6_Sp0.5		kappa	0.0447256844433015				outputs_round8/figures/fig3_source_data.tsv
B_power_n	Se0.6_Sp0.5	115	kappa	0.0447256844433015				outputs_round8/figures/fig3_source_data.tsv
B_power	Se0.6_Sp0.5		kappa	0.0461216474600791				outputs_round8/figures/fig3_source_data.tsv
B_power_n	Se0.6_Sp0.5	120	kappa	0.0461216474600791				outputs_round8/figures/fig3_source_data.tsv
B_power	Se0.6_Sp0.5		kappa	0.0474828029457691				outputs_round8/figures/fig3_source_data.tsv
B_power_n	Se0.6_Sp0.5	125	kappa	0.0474828029457691				outputs_round8/figures/fig3_source_data.tsv
B_power	Se0.6_Sp0.5		kappa	0.0488101539002767				outputs_round8/figures/fig3_source_data.tsv
B_power_n	Se0.6_Sp0.5	130	kappa	0.0488101539002767				outputs_round8/figures/fig3_source_data.tsv
B_power	Se0.6_Sp0.5		kappa	0.0501046673714014				outputs_round8/figures/fig3_source_data.tsv
B_power_n	Se0.6_Sp0.5	135	kappa	0.0501046673714014				outputs_round8/figures/fig3_source_data.tsv
B_power	Se0.6_Sp0.5		kappa	0.0513672760235683				outputs_round8/figures/fig3_source_data.tsv
B_power_n	Se0.6_Sp0.5	140	kappa	0.0513672760235683				outputs_round8/figures/fig3_source_data.tsv
B_power	Se0.6_Sp0.5		kappa	0.052598879625574				outputs_round8/figures/fig3_source_data.tsv
B_power_n	Se0.6_Sp0.5	145	kappa	0.052598879625574				outputs_round8/figures/fig3_source_data.tsv
B_power	Se0.6_Sp0.5		kappa	0.0538003464621753				outputs_round8/figures/fig3_source_data.tsv
B_power_n	Se0.6_Sp0.5	150	kappa	0.0538003464621753				outputs_round8/figures/fig3_source_data.tsv
B_power	Se0.6_Sp0.5		kappa	0.0549725146740213				outputs_round8/figures/fig3_source_data.tsv
B_power_n	Se0.6_Sp0.5	155	kappa	0.0549725146740213				outputs_round8/figures/fig3_source_data.tsv
B_power	Se0.6_Sp0.5		kappa	0.056116193530133				outputs_round8/figures/fig3_source_data.tsv
B_power_n	Se0.6_Sp0.5	160	kappa	0.056116193530133				outputs_round8/figures/fig3_source_data.tsv
B_power	Se0.6_Sp0.5		kappa	0.0572321646368399				outputs_round8/figures/fig3_source_data.tsv
B_power_n	Se0.6_Sp0.5	165	kappa	0.0572321646368399				outputs_round8/figures/fig3_source_data.tsv
B_power	Se0.6_Sp0.5		kappa	0.058321183086857				outputs_round8/figures/fig3_source_data.tsv
B_power_n	Se0.6_Sp0.5	170	kappa	0.058321183086857				outputs_round8/figures/fig3_source_data.tsv
B_power	Se0.6_Sp0.5		kappa	0.0593839785519041				outputs_round8/figures/fig3_source_data.tsv
B_power_n	Se0.6_Sp0.5	175	kappa	0.0593839785519041				outputs_round8/figures/fig3_source_data.tsv
B_power	Se0.6_Sp0.5		kappa	0.0604212563220888				outputs_round8/figures/fig3_source_data.tsv
B_power_n	Se0.6_Sp0.5	180	kappa	0.0604212563220888				outputs_round8/figures/fig3_source_data.tsv
B_power	Se0.6_Sp0.5		kappa	0.0614336982950334				outputs_round8/figures/fig3_source_data.tsv
B_power_n	Se0.6_Sp0.5	185	kappa	0.0614336982950334				outputs_round8/figures/fig3_source_data.tsv
B_power	Se0.6_Sp0.5		kappa	0.0624219639175648				outputs_round8/figures/fig3_source_data.tsv
B_power_n	Se0.6_Sp0.5	190	kappa	0.0624219639175648				outputs_round8/figures/fig3_source_data.tsv
B_power	Se0.6_Sp0.5		kappa	0.0633866910825845				outputs_round8/figures/fig3_source_data.tsv
B_power_n	Se0.6_Sp0.5	195	kappa	0.0633866910825845				outputs_round8/figures/fig3_source_data.tsv
B_power	Se0.6_Sp0.5		kappa	0.0643284969835882				outputs_round8/figures/fig3_source_data.tsv
B_power_n	Se0.6_Sp0.5	200	kappa	0.0643284969835882				outputs_round8/figures/fig3_source_data.tsv
B_power	Se0.6_Sp0.5		kappa	0.072608392431887				outputs_round8/figures/fig3_source_data.tsv
B_power_n	Se0.6_Sp0.5	250	kappa	0.072608392431887				outputs_round8/figures/fig3_source_data.tsv
B_power	Se0.6_Sp0.5		kappa	0.0791484776666052				outputs_round8/figures/fig3_source_data.tsv
B_power_n	Se0.6_Sp0.5	300	kappa	0.0791484776666052				outputs_round8/figures/fig3_source_data.tsv
B_power	Se0.6_Sp0.5		kappa	0.0843233054735745				outputs_round8/figures/fig3_source_data.tsv
B_power_n	Se0.6_Sp0.5	350	kappa	0.0843233054735745				outputs_round8/figures/fig3_source_data.tsv
B_power	Se0.6_Sp0.5		kappa	0.0884140452026092				outputs_round8/figures/fig3_source_data.tsv
B_power_n	Se0.6_Sp0.5	400	kappa	0.0884140452026092				outputs_round8/figures/fig3_source_data.tsv
B_power	Se0.6_Sp0.5		kappa	0.0916352267715179				outputs_round8/figures/fig3_source_data.tsv
B_power_n	Se0.6_Sp0.5	450	kappa	0.0916352267715179				outputs_round8/figures/fig3_source_data.tsv
B_power	Se0.6_Sp0.5		kappa	0.0941528694471564				outputs_round8/figures/fig3_source_data.tsv
B_power_n	Se0.6_Sp0.5	500	kappa	0.0941528694471564				outputs_round8/figures/fig3_source_data.tsv
B_power	Se0.6_Sp0.5		kappa	0.0960970572937412				outputs_round8/figures/fig3_source_data.tsv
B_power_n	Se0.6_Sp0.5	550	kappa	0.0960970572937412				outputs_round8/figures/fig3_source_data.tsv
B_power	Se0.6_Sp0.5		kappa	0.0975708413503585				outputs_round8/figures/fig3_source_data.tsv
B_power_n	Se0.6_Sp0.5	600	kappa	0.0975708413503585				outputs_round8/figures/fig3_source_data.tsv
B_power	Se0.6_Sp0.5		kappa	0.0986566560240347				outputs_round8/figures/fig3_source_data.tsv
B_power_n	Se0.6_Sp0.5	650	kappa	0.0986566560240347				outputs_round8/figures/fig3_source_data.tsv
B_power	Se0.6_Sp0.5		kappa	0.0994210187730277				outputs_round8/figures/fig3_source_data.tsv
B_power_n	Se0.6_Sp0.5	700	kappa	0.0994210187730277				outputs_round8/figures/fig3_source_data.tsv
B_power	Se0.6_Sp0.5		kappa	0.0999180224404122				outputs_round8/figures/fig3_source_data.tsv
B_power_n	Se0.6_Sp0.5	750	kappa	0.0999180224404122				outputs_round8/figures/fig3_source_data.tsv
B_power	Se0.6_Sp0.5		kappa	0.1001919644360624				outputs_round8/figures/fig3_source_data.tsv
B_power_n	Se0.6_Sp0.5	800	kappa	0.1001919644360624				outputs_round8/figures/fig3_source_data.tsv
B_power	Se0.6_Sp0.5		kappa	0.1002793496167895				outputs_round8/figures/fig3_source_data.tsv
B_power_n	Se0.6_Sp0.5	850	kappa	0.1002793496167895				outputs_round8/figures/fig3_source_data.tsv
B_power	Se0.6_Sp0.5		kappa	0.1002104325516421				outputs_round8/figures/fig3_source_data.tsv
B_power_n	Se0.6_Sp0.5	900	kappa	0.1002104325516421				outputs_round8/figures/fig3_source_data.tsv
B_power	Se0.6_Sp0.5		kappa	0.1000104168302358				outputs_round8/figures/fig3_source_data.tsv
B_power_n	Se0.6_Sp0.5	950	kappa	0.1000104168302358				outputs_round8/figures/fig3_source_data.tsv
B_power	Se0.6_Sp0.5		kappa	0.0997003961205653				outputs_round8/figures/fig3_source_data.tsv
B_power_n	Se0.6_Sp0.5	1000	kappa	0.0997003961205653				outputs_round8/figures/fig3_source_data.tsv
B_power	Se0.6_Sp0.5		kappa	0.0992980987334624				outputs_round8/figures/fig3_source_data.tsv
B_power_n	Se0.6_Sp0.5	1050	kappa	0.0992980987334624				outputs_round8/figures/fig3_source_data.tsv
B_power	Se0.6_Sp0.5		kappa	0.0988184812452486				outputs_round8/figures/fig3_source_data.tsv
B_power_n	Se0.6_Sp0.5	1100	kappa	0.0988184812452486				outputs_round8/figures/fig3_source_data.tsv
B_power	Se0.6_Sp0.5		kappa	0.0982742051395936				outputs_round8/figures/fig3_source_data.tsv
B_power_n	Se0.6_Sp0.5	1150	kappa	0.0982742051395936				outputs_round8/figures/fig3_source_data.tsv
B_power	Se0.6_Sp0.5		kappa	0.0976760220414013				outputs_round8/figures/fig3_source_data.tsv
B_power_n	Se0.6_Sp0.5	1200	kappa	0.0976760220414013				outputs_round8/figures/fig3_source_data.tsv
B_power	Se0.6_Sp0.5		kappa	0.0970330869780129				outputs_round8/figures/fig3_source_data.tsv
B_power_n	Se0.6_Sp0.5	1250	kappa	0.0970330869780129				outputs_round8/figures/fig3_source_data.tsv
B_power	Se0.6_Sp0.5		kappa	0.0963532145662141				outputs_round8/figures/fig3_source_data.tsv
B_power_n	Se0.6_Sp0.5	1300	kappa	0.0963532145662141				outputs_round8/figures/fig3_source_data.tsv
B_power	Se0.6_Sp0.5		kappa	0.095643089637936				outputs_round8/figures/fig3_source_data.tsv
B_power_n	Se0.6_Sp0.5	1350	kappa	0.095643089637936				outputs_round8/figures/fig3_source_data.tsv
B_power	Se0.6_Sp0.5		kappa	0.0949084412684234				outputs_round8/figures/fig3_source_data.tsv
B_power_n	Se0.6_Sp0.5	1400	kappa	0.0949084412684234				outputs_round8/figures/fig3_source_data.tsv
B_power	Se0.6_Sp0.5		kappa	0.0941541872353277				outputs_round8/figures/fig3_source_data.tsv
B_power_n	Se0.6_Sp0.5	1450	kappa	0.0941541872353277				outputs_round8/figures/fig3_source_data.tsv
B_power	Se0.6_Sp0.5		kappa	0.0933845544562743				outputs_round8/figures/fig3_source_data.tsv
B_power_n	Se0.6_Sp0.5	1500	kappa	0.0933845544562743				outputs_round8/figures/fig3_source_data.tsv
B_power	Se0.6_Sp0.5		kappa	0.0926031798109504				outputs_round8/figures/fig3_source_data.tsv
B_power_n	Se0.6_Sp0.5	1550	kappa	0.0926031798109504				outputs_round8/figures/fig3_source_data.tsv
B_power	Se0.6_Sp0.5		kappa	0.0918131948677195				outputs_round8/figures/fig3_source_data.tsv
B_power_n	Se0.6_Sp0.5	1600	kappa	0.0918131948677195				outputs_round8/figures/fig3_source_data.tsv
B_power	Se0.6_Sp0.5		kappa	0.0910172973425243				outputs_round8/figures/fig3_source_data.tsv
B_power_n	Se0.6_Sp0.5	1650	kappa	0.0910172973425243				outputs_round8/figures/fig3_source_data.tsv
B_power	Se0.6_Sp0.5		kappa	0.0902178115736563				outputs_round8/figures/fig3_source_data.tsv
B_power_n	Se0.6_Sp0.5	1700	kappa	0.0902178115736563				outputs_round8/figures/fig3_source_data.tsv
B_power	Se0.6_Sp0.5		kappa	0.0894167398656646				outputs_round8/figures/fig3_source_data.tsv
B_power_n	Se0.6_Sp0.5	1750	kappa	0.0894167398656646				outputs_round8/figures/fig3_source_data.tsv
B_power	Se0.6_Sp0.5		kappa	0.0886158062135318				outputs_round8/figures/fig3_source_data.tsv
B_power_n	Se0.6_Sp0.5	1800	kappa	0.0886158062135318				outputs_round8/figures/fig3_source_data.tsv
B_power	Se0.6_Sp0.5		kappa	0.0878164936447722				outputs_round8/figures/fig3_source_data.tsv
B_power_n	Se0.6_Sp0.5	1850	kappa	0.0878164936447722				outputs_round8/figures/fig3_source_data.tsv
B_power	Se0.6_Sp0.5		kappa	0.087020076197411				outputs_round8/figures/fig3_source_data.tsv
B_power_n	Se0.6_Sp0.5	1900	kappa	0.087020076197411				outputs_round8/figures/fig3_source_data.tsv
B_power	Se0.6_Sp0.5		kappa	0.0862276463744952				outputs_round8/figures/fig3_source_data.tsv
B_power_n	Se0.6_Sp0.5	1950	kappa	0.0862276463744952				outputs_round8/figures/fig3_source_data.tsv
B_power	Se0.6_Sp0.5		kappa	0.0854401387720169				outputs_round8/figures/fig3_source_data.tsv
B_power_n	Se0.6_Sp0.5	2000	kappa	0.0854401387720169				outputs_round8/figures/fig3_source_data.tsv
B_power	Se0.6_Sp0.5		kappa	0.0779622170200821				outputs_round8/figures/fig3_source_data.tsv
B_power_n	Se0.6_Sp0.5	2500	kappa	0.0779622170200821				outputs_round8/figures/fig3_source_data.tsv
B_power	Se0.6_Sp0.5		kappa	0.0713632336620172				outputs_round8/figures/fig3_source_data.tsv
B_power_n	Se0.6_Sp0.5	3000	kappa	0.0713632336620172				outputs_round8/figures/fig3_source_data.tsv
B_power	Se0.6_Sp0.5		kappa	0.0656375724909071				outputs_round8/figures/fig3_source_data.tsv
B_power_n	Se0.6_Sp0.5	3500	kappa	0.0656375724909071				outputs_round8/figures/fig3_source_data.tsv
B_power	Se0.6_Sp0.5		kappa	0.0606788690682581				outputs_round8/figures/fig3_source_data.tsv
B_power_n	Se0.6_Sp0.5	4000	kappa	0.0606788690682581				outputs_round8/figures/fig3_source_data.tsv
B_power	Se0.6_Sp0.5		kappa	0.0563687117965133				outputs_round8/figures/fig3_source_data.tsv
B_power_n	Se0.6_Sp0.5	4500	kappa	0.0563687117965133				outputs_round8/figures/fig3_source_data.tsv
B_power	Se0.6_Sp0.5		kappa	0.0526009815077932				outputs_round8/figures/fig3_source_data.tsv
B_power_n	Se0.6_Sp0.5	5000	kappa	0.0526009815077932				outputs_round8/figures/fig3_source_data.tsv
B_power	Se0.6_Sp0.5		kappa	0.0492866760832206				outputs_round8/figures/fig3_source_data.tsv
B_power_n	Se0.6_Sp0.5	5500	kappa	0.0492866760832206				outputs_round8/figures/fig3_source_data.tsv
B_power	Se0.6_Sp0.5		kappa	0.0463528728653656				outputs_round8/figures/fig3_source_data.tsv
B_power_n	Se0.6_Sp0.5	6000	kappa	0.0463528728653656				outputs_round8/figures/fig3_source_data.tsv
B_power	Se0.6_Sp0.5		kappa	0.0437402252471744				outputs_round8/figures/fig3_source_data.tsv
B_power_n	Se0.6_Sp0.5	6500	kappa	0.0437402252471744				outputs_round8/figures/fig3_source_data.tsv
B_power	Se0.6_Sp0.5		kappa	0.0414004052369076				outputs_round8/figures/fig3_source_data.tsv
B_power_n	Se0.6_Sp0.5	7000	kappa	0.0414004052369076				outputs_round8/figures/fig3_source_data.tsv
B_power	Se0.6_Sp0.5		kappa	0.039293896819114				outputs_round8/figures/fig3_source_data.tsv
B_power_n	Se0.6_Sp0.5	7500	kappa	0.039293896819114				outputs_round8/figures/fig3_source_data.tsv
B_power	Se0.6_Sp0.5		kappa	0.0373882045555799				outputs_round8/figures/fig3_source_data.tsv
B_power_n	Se0.6_Sp0.5	8000	kappa	0.0373882045555799				outputs_round8/figures/fig3_source_data.tsv
B_power	Se0.6_Sp0.5		kappa	0.0356564349677562				outputs_round8/figures/fig3_source_data.tsv
B_power_n	Se0.6_Sp0.5	8500	kappa	0.0356564349677562				outputs_round8/figures/fig3_source_data.tsv
B_power	Se0.6_Sp0.5		kappa	0.0340761835285337				outputs_round8/figures/fig3_source_data.tsv
B_power_n	Se0.6_Sp0.5	9000	kappa	0.0340761835285337				outputs_round8/figures/fig3_source_data.tsv
B_power	Se0.6_Sp0.5		kappa	0.0326286629281904				outputs_round8/figures/fig3_source_data.tsv
B_power_n	Se0.6_Sp0.5	9500	kappa	0.0326286629281904				outputs_round8/figures/fig3_source_data.tsv
B_power	Se0.6_Sp0.5		kappa	0.0312980187880689				outputs_round8/figures/fig3_source_data.tsv
B_power_n	Se0.6_Sp0.5	10000	kappa	0.0312980187880689				outputs_round8/figures/fig3_source_data.tsv
B_power	Se0.6_Sp0.5		kappa	0.0300707901778186				outputs_round8/figures/fig3_source_data.tsv
B_power_n	Se0.6_Sp0.5	10500	kappa	0.0300707901778186				outputs_round8/figures/fig3_source_data.tsv
B_power	Se0.6_Sp0.5		kappa	0.0289354819656567				outputs_round8/figures/fig3_source_data.tsv
B_power_n	Se0.6_Sp0.5	11000	kappa	0.0289354819656567				outputs_round8/figures/fig3_source_data.tsv
B_power	Se0.6_Sp0.5		kappa	0.0278822237753321				outputs_round8/figures/fig3_source_data.tsv
B_power_n	Se0.6_Sp0.5	11500	kappa	0.0278822237753321				outputs_round8/figures/fig3_source_data.tsv
B_power	Se0.6_Sp0.5		kappa	0.0269024963105147				outputs_round8/figures/fig3_source_data.tsv
B_power_n	Se0.6_Sp0.5	12000	kappa	0.0269024963105147				outputs_round8/figures/fig3_source_data.tsv
B_power	Se0.6_Sp0.5		kappa	0.0259889103616011				outputs_round8/figures/fig3_source_data.tsv
B_power_n	Se0.6_Sp0.5	12500	kappa	0.0259889103616011				outputs_round8/figures/fig3_source_data.tsv
B_power	Se0.6_Sp0.5		kappa	0.0251350272511137				outputs_round8/figures/fig3_source_data.tsv
B_power_n	Se0.6_Sp0.5	13000	kappa	0.0251350272511137				outputs_round8/figures/fig3_source_data.tsv
B_power	Se0.6_Sp0.5		kappa	0.0243352120702773				outputs_round8/figures/fig3_source_data.tsv
B_power_n	Se0.6_Sp0.5	13500	kappa	0.0243352120702773				outputs_round8/figures/fig3_source_data.tsv
B_power	Se0.6_Sp0.5		kappa	0.0235845130214257				outputs_round8/figures/fig3_source_data.tsv
B_power_n	Se0.6_Sp0.5	14000	kappa	0.0235845130214257				outputs_round8/figures/fig3_source_data.tsv
B_power	Se0.6_Sp0.5		kappa	0.0228785616686491				outputs_round8/figures/fig3_source_data.tsv
B_power_n	Se0.6_Sp0.5	14500	kappa	0.0228785616686491				outputs_round8/figures/fig3_source_data.tsv
B_power	Se0.6_Sp0.5		kappa	0.0222134900322284				outputs_round8/figures/fig3_source_data.tsv
B_power_n	Se0.6_Sp0.5	15000	kappa	0.0222134900322284				outputs_round8/figures/fig3_source_data.tsv
B_power	Se0.6_Sp0.5		kappa	0.0215858613298757				outputs_round8/figures/fig3_source_data.tsv
B_power_n	Se0.6_Sp0.5	15500	kappa	0.0215858613298757				outputs_round8/figures/fig3_source_data.tsv
B_power	Se0.6_Sp0.5		kappa	0.0209926118354936				outputs_round8/figures/fig3_source_data.tsv
B_power_n	Se0.6_Sp0.5	16000	kappa	0.0209926118354936				outputs_round8/figures/fig3_source_data.tsv
B_power	Se0.6_Sp0.5		kappa	0.020431001842994				outputs_round8/figures/fig3_source_data.tsv
B_power_n	Se0.6_Sp0.5	16500	kappa	0.020431001842994				outputs_round8/figures/fig3_source_data.tsv
B_power	Se0.6_Sp0.5		kappa	0.0198985741250314				outputs_round8/figures/fig3_source_data.tsv
B_power_n	Se0.6_Sp0.5	17000	kappa	0.0198985741250314				outputs_round8/figures/fig3_source_data.tsv
B_power	Se0.6_Sp0.5		kappa	0.0193931185914301				outputs_round8/figures/fig3_source_data.tsv
B_power_n	Se0.6_Sp0.5	17500	kappa	0.0193931185914301				outputs_round8/figures/fig3_source_data.tsv
B_power	Se0.6_Sp0.5		kappa	0.0189126420999864				outputs_round8/figures/fig3_source_data.tsv
B_power_n	Se0.6_Sp0.5	18000	kappa	0.0189126420999864				outputs_round8/figures/fig3_source_data.tsv
B_power	Se0.6_Sp0.5		kappa	0.0184553425685046				outputs_round8/figures/fig3_source_data.tsv
B_power_n	Se0.6_Sp0.5	18500	kappa	0.0184553425685046				outputs_round8/figures/fig3_source_data.tsv
B_power	Se0.6_Sp0.5		kappa	0.0180195866930049				outputs_round8/figures/fig3_source_data.tsv
B_power_n	Se0.6_Sp0.5	19000	kappa	0.0180195866930049				outputs_round8/figures/fig3_source_data.tsv
B_power	Se0.6_Sp0.5		kappa	0.0176038907018465				outputs_round8/figures/fig3_source_data.tsv
B_power_n	Se0.6_Sp0.5	19500	kappa	0.0176038907018465				outputs_round8/figures/fig3_source_data.tsv
B_power	Se0.6_Sp0.5		kappa	0.0172069036758111				outputs_round8/figures/fig3_source_data.tsv
B_power_n	Se0.6_Sp0.5	20000	kappa	0.0172069036758111				outputs_round8/figures/fig3_source_data.tsv
B_power	Se0.7_Sp0.6		kappa	0.0				outputs_round8/figures/fig3_source_data.tsv
B_power_n	Se0.7_Sp0.6	0	kappa	0.0				outputs_round8/figures/fig3_source_data.tsv
B_power	Se0.7_Sp0.6		kappa	0.0102700860011824				outputs_round8/figures/fig3_source_data.tsv
B_power_n	Se0.7_Sp0.6	5	kappa	0.0102700860011824				outputs_round8/figures/fig3_source_data.tsv
B_power	Se0.7_Sp0.6		kappa	0.0200909438804223				outputs_round8/figures/fig3_source_data.tsv
B_power_n	Se0.7_Sp0.6	10	kappa	0.0200909438804223				outputs_round8/figures/fig3_source_data.tsv
B_power	Se0.7_Sp0.6		kappa	0.0294893875376359				outputs_round8/figures/fig3_source_data.tsv
B_power_n	Se0.7_Sp0.6	15	kappa	0.0294893875376359				outputs_round8/figures/fig3_source_data.tsv
B_power	Se0.7_Sp0.6		kappa	0.0384901510495845				outputs_round8/figures/fig3_source_data.tsv
B_power_n	Se0.7_Sp0.6	20	kappa	0.0384901510495845				outputs_round8/figures/fig3_source_data.tsv
B_power	Se0.7_Sp0.6		kappa	0.0471160863821313				outputs_round8/figures/fig3_source_data.tsv
B_power_n	Se0.7_Sp0.6	25	kappa	0.0471160863821313				outputs_round8/figures/fig3_source_data.tsv
B_power	Se0.7_Sp0.6		kappa	0.0553883389704289				outputs_round8/figures/fig3_source_data.tsv
B_power_n	Se0.7_Sp0.6	30	kappa	0.0553883389704289				outputs_round8/figures/fig3_source_data.tsv
B_power	Se0.7_Sp0.6		kappa	0.06332650400447				outputs_round8/figures/fig3_source_data.tsv
B_power_n	Se0.7_Sp0.6	35	kappa	0.06332650400447				outputs_round8/figures/fig3_source_data.tsv
B_power	Se0.7_Sp0.6		kappa	0.070948765849199				outputs_round8/figures/fig3_source_data.tsv
B_power_n	Se0.7_Sp0.6	40	kappa	0.070948765849199				outputs_round8/figures/fig3_source_data.tsv
B_power	Se0.7_Sp0.6		kappa	0.0782720226850007				outputs_round8/figures/fig3_source_data.tsv
B_power_n	Se0.7_Sp0.6	45	kappa	0.0782720226850007				outputs_round8/figures/fig3_source_data.tsv
B_power	Se0.7_Sp0.6		kappa	0.0853119981647162				outputs_round8/figures/fig3_source_data.tsv
B_power_n	Se0.7_Sp0.6	50	kappa	0.0853119981647162				outputs_round8/figures/fig3_source_data.tsv
B_power	Se0.7_Sp0.6		kappa	0.0920833416381078				outputs_round8/figures/fig3_source_data.tsv
B_power_n	Se0.7_Sp0.6	55	kappa	0.0920833416381078				outputs_round8/figures/fig3_source_data.tsv
B_power	Se0.7_Sp0.6		kappa	0.0985997182865191				outputs_round8/figures/fig3_source_data.tsv
B_power_n	Se0.7_Sp0.6	60	kappa	0.0985997182865191				outputs_round8/figures/fig3_source_data.tsv
B_power	Se0.7_Sp0.6		kappa	0.1048738903332305				outputs_round8/figures/fig3_source_data.tsv
B_power_n	Se0.7_Sp0.6	65	kappa	0.1048738903332305				outputs_round8/figures/fig3_source_data.tsv
B_power	Se0.7_Sp0.6		kappa	0.1109177903436277				outputs_round8/figures/fig3_source_data.tsv
B_power_n	Se0.7_Sp0.6	70	kappa	0.1109177903436277				outputs_round8/figures/fig3_source_data.tsv
B_power	Se0.7_Sp0.6		kappa	0.1167425874997137				outputs_round8/figures/fig3_source_data.tsv
B_power_n	Se0.7_Sp0.6	75	kappa	0.1167425874997137				outputs_round8/figures/fig3_source_data.tsv
B_power	Se0.7_Sp0.6		kappa	0.1223587476222298				outputs_round8/figures/fig3_source_data.tsv
B_power_n	Se0.7_Sp0.6	80	kappa	0.1223587476222298				outputs_round8/figures/fig3_source_data.tsv
B_power	Se0.7_Sp0.6		kappa	0.1277760876178881				outputs_round8/figures/fig3_source_data.tsv
B_power_n	Se0.7_Sp0.6	85	kappa	0.1277760876178881				outputs_round8/figures/fig3_source_data.tsv
B_power	Se0.7_Sp0.6		kappa	0.1330038249465993				outputs_round8/figures/fig3_source_data.tsv
B_power_n	Se0.7_Sp0.6	90	kappa	0.1330038249465993				outputs_round8/figures/fig3_source_data.tsv
B_power	Se0.7_Sp0.6		kappa	0.1380506226321203				outputs_round8/figures/fig3_source_data.tsv
B_power_n	Se0.7_Sp0.6	95	kappa	0.1380506226321203				outputs_round8/figures/fig3_source_data.tsv
B_power	Se0.7_Sp0.6		kappa	0.1429246302776018				outputs_round8/figures/fig3_source_data.tsv
B_power_n	Se0.7_Sp0.6	100	kappa	0.1429246302776018				outputs_round8/figures/fig3_source_data.tsv
B_power	Se0.7_Sp0.6		kappa	0.1476335214937039				outputs_round8/figures/fig3_source_data.tsv
B_power_n	Se0.7_Sp0.6	105	kappa	0.1476335214937039				outputs_round8/figures/fig3_source_data.tsv
B_power	Se0.7_Sp0.6		kappa	0.1521845281000767				outputs_round8/figures/fig3_source_data.tsv
B_power_n	Se0.7_Sp0.6	110	kappa	0.1521845281000767				outputs_round8/figures/fig3_source_data.tsv
B_power	Se0.7_Sp0.6		kappa	0.1565844714201395				outputs_round8/figures/fig3_source_data.tsv
B_power_n	Se0.7_Sp0.6	115	kappa	0.1565844714201395				outputs_round8/figures/fig3_source_data.tsv
B_power	Se0.7_Sp0.6		kappa	0.1608397909533249				outputs_round8/figures/fig3_source_data.tsv
B_power_n	Se0.7_Sp0.6	120	kappa	0.1608397909533249				outputs_round8/figures/fig3_source_data.tsv
B_power	Se0.7_Sp0.6		kappa	0.1649565706776528				outputs_round8/figures/fig3_source_data.tsv
B_power_n	Se0.7_Sp0.6	125	kappa	0.1649565706776528				outputs_round8/figures/fig3_source_data.tsv
B_power	Se0.7_Sp0.6		kappa	0.1689405632080142				outputs_round8/figures/fig3_source_data.tsv
B_power_n	Se0.7_Sp0.6	130	kappa	0.1689405632080142				outputs_round8/figures/fig3_source_data.tsv
B_power	Se0.7_Sp0.6		kappa	0.1727972120113691				outputs_round8/figures/fig3_source_data.tsv
B_power_n	Se0.7_Sp0.6	135	kappa	0.1727972120113691				outputs_round8/figures/fig3_source_data.tsv
B_power	Se0.7_Sp0.6		kappa	0.1765316718587747				outputs_round8/figures/fig3_source_data.tsv
B_power_n	Se0.7_Sp0.6	140	kappa	0.1765316718587747				outputs_round8/figures/fig3_source_data.tsv
B_power	Se0.7_Sp0.6		kappa	0.1801488276753699				outputs_round8/figures/fig3_source_data.tsv
B_power_n	Se0.7_Sp0.6	145	kappa	0.1801488276753699				outputs_round8/figures/fig3_source_data.tsv
B_power	Se0.7_Sp0.6		kappa	0.1836533119328351				outputs_round8/figures/fig3_source_data.tsv
B_power_n	Se0.7_Sp0.6	150	kappa	0.1836533119328351				outputs_round8/figures/fig3_source_data.tsv
B_power	Se0.7_Sp0.6		kappa	0.1870495207141244				outputs_round8/figures/fig3_source_data.tsv
B_power_n	Se0.7_Sp0.6	155	kappa	0.1870495207141244				outputs_round8/figures/fig3_source_data.tsv
B_power	Se0.7_Sp0.6		kappa	0.1903416285672394				outputs_round8/figures/fig3_source_data.tsv
B_power_n	Se0.7_Sp0.6	160	kappa	0.1903416285672394				outputs_round8/figures/fig3_source_data.tsv
B_power	Se0.7_Sp0.6		kappa	0.1935336022532102				outputs_round8/figures/fig3_source_data.tsv
B_power_n	Se0.7_Sp0.6	165	kappa	0.1935336022532102				outputs_round8/figures/fig3_source_data.tsv
B_power	Se0.7_Sp0.6		kappa	0.196629213483146				outputs_round8/figures/fig3_source_data.tsv
B_power_n	Se0.7_Sp0.6	170	kappa	0.196629213483146				outputs_round8/figures/fig3_source_data.tsv
B_power	Se0.7_Sp0.6		kappa	0.199632050730027				outputs_round8/figures/fig3_source_data.tsv
B_power_n	Se0.7_Sp0.6	175	kappa	0.199632050730027				outputs_round8/figures/fig3_source_data.tsv
B_power	Se0.7_Sp0.6		kappa	0.2025455301927113				outputs_round8/figures/fig3_source_data.tsv
B_power_n	Se0.7_Sp0.6	180	kappa	0.2025455301927113				outputs_round8/figures/fig3_source_data.tsv
B_power	Se0.7_Sp0.6		kappa	0.2053729059823079				outputs_round8/figures/fig3_source_data.tsv
B_power_n	Se0.7_Sp0.6	185	kappa	0.2053729059823079				outputs_round8/figures/fig3_source_data.tsv
B_power	Se0.7_Sp0.6		kappa	0.2081172795945041				outputs_round8/figures/fig3_source_data.tsv
B_power_n	Se0.7_Sp0.6	190	kappa	0.2081172795945041				outputs_round8/figures/fig3_source_data.tsv
B_power	Se0.7_Sp0.6		kappa	0.2107816087255682				outputs_round8/figures/fig3_source_data.tsv
B_power_n	Se0.7_Sp0.6	195	kappa	0.2107816087255682				outputs_round8/figures/fig3_source_data.tsv
B_power	Se0.7_Sp0.6		kappa	0.2133687154844725				outputs_round8/figures/fig3_source_data.tsv
B_power_n	Se0.7_Sp0.6	200	kappa	0.2133687154844725				outputs_round8/figures/fig3_source_data.tsv
B_power	Se0.7_Sp0.6		kappa	0.2355303853989636				outputs_round8/figures/fig3_source_data.tsv
B_power_n	Se0.7_Sp0.6	250	kappa	0.2355303853989636				outputs_round8/figures/fig3_source_data.tsv
B_power	Se0.7_Sp0.6		kappa	0.2523075183400003				outputs_round8/figures/fig3_source_data.tsv
B_power_n	Se0.7_Sp0.6	300	kappa	0.2523075183400003				outputs_round8/figures/fig3_source_data.tsv
B_power	Se0.7_Sp0.6		kappa	0.2651278852152215				outputs_round8/figures/fig3_source_data.tsv
B_power_n	Se0.7_Sp0.6	350	kappa	0.2651278852152215				outputs_round8/figures/fig3_source_data.tsv
B_power	Se0.7_Sp0.6		kappa	0.2749686135266072				outputs_round8/figures/fig3_source_data.tsv
B_power_n	Se0.7_Sp0.6	400	kappa	0.2749686135266072				outputs_round8/figures/fig3_source_data.tsv
B_power	Se0.7_Sp0.6		kappa	0.2825201536318744				outputs_round8/figures/fig3_source_data.tsv
B_power_n	Se0.7_Sp0.6	450	kappa	0.2825201536318744				outputs_round8/figures/fig3_source_data.tsv
B_power	Se0.7_Sp0.6		kappa	0.2882835741349071				outputs_round8/figures/fig3_source_data.tsv
B_power_n	Se0.7_Sp0.6	500	kappa	0.2882835741349071				outputs_round8/figures/fig3_source_data.tsv
B_power	Se0.7_Sp0.6		kappa	0.2926308008262516				outputs_round8/figures/fig3_source_data.tsv
B_power_n	Se0.7_Sp0.6	550	kappa	0.2926308008262516				outputs_round8/figures/fig3_source_data.tsv
B_power	Se0.7_Sp0.6		kappa	0.2958432776451871				outputs_round8/figures/fig3_source_data.tsv
B_power_n	Se0.7_Sp0.6	600	kappa	0.2958432776451871				outputs_round8/figures/fig3_source_data.tsv
B_power	Se0.7_Sp0.6		kappa	0.298137555696027				outputs_round8/figures/fig3_source_data.tsv
B_power_n	Se0.7_Sp0.6	650	kappa	0.298137555696027				outputs_round8/figures/fig3_source_data.tsv
B_power	Se0.7_Sp0.6		kappa	0.2996826889176168				outputs_round8/figures/fig3_source_data.tsv
B_power_n	Se0.7_Sp0.6	700	kappa	0.2996826889176168				outputs_round8/figures/fig3_source_data.tsv
B_power	Se0.7_Sp0.6		kappa	0.3006123397576241				outputs_round8/figures/fig3_source_data.tsv
B_power_n	Se0.7_Sp0.6	750	kappa	0.3006123397576241				outputs_round8/figures/fig3_source_data.tsv
B_power	Se0.7_Sp0.6		kappa	0.3010333792894094				outputs_round8/figures/fig3_source_data.tsv
B_power_n	Se0.7_Sp0.6	800	kappa	0.3010333792894094				outputs_round8/figures/fig3_source_data.tsv
B_power	Se0.7_Sp0.6		kappa	0.3010321100917433				outputs_round8/figures/fig3_source_data.tsv
B_power_n	Se0.7_Sp0.6	850	kappa	0.3010321100917433				outputs_round8/figures/fig3_source_data.tsv
B_power	Se0.7_Sp0.6		kappa	0.3006788435515478				outputs_round8/figures/fig3_source_data.tsv
B_power_n	Se0.7_Sp0.6	900	kappa	0.3006788435515478				outputs_round8/figures/fig3_source_data.tsv
B_power	Se0.7_Sp0.6		kappa	0.3000313168468712				outputs_round8/figures/fig3_source_data.tsv
B_power_n	Se0.7_Sp0.6	950	kappa	0.3000313168468712				outputs_round8/figures/fig3_source_data.tsv
B_power	Se0.7_Sp0.6		kappa	0.2991372780351122				outputs_round8/figures/fig3_source_data.tsv
B_power_n	Se0.7_Sp0.6	1000	kappa	0.2991372780351122				outputs_round8/figures/fig3_source_data.tsv
B_power	Se0.7_Sp0.6		kappa	0.2980364656381487				outputs_round8/figures/fig3_source_data.tsv
B_power_n	Se0.7_Sp0.6	1050	kappa	0.2980364656381487				outputs_round8/figures/fig3_source_data.tsv
B_power	Se0.7_Sp0.6		kappa	0.2967621414029664				outputs_round8/figures/fig3_source_data.tsv
B_power_n	Se0.7_Sp0.6	1100	kappa	0.2967621414029664				outputs_round8/figures/fig3_source_data.tsv
B_power	Se0.7_Sp0.6		kappa	0.2953422891599199				outputs_round8/figures/fig3_source_data.tsv
B_power_n	Se0.7_Sp0.6	1150	kappa	0.2953422891599199				outputs_round8/figures/fig3_source_data.tsv
B_power	Se0.7_Sp0.6		kappa	0.2938005612660582				outputs_round8/figures/fig3_source_data.tsv
B_power_n	Se0.7_Sp0.6	1200	kappa	0.2938005612660582				outputs_round8/figures/fig3_source_data.tsv
B_power	Se0.7_Sp0.6		kappa	0.2921570321952141				outputs_round8/figures/fig3_source_data.tsv
B_power_n	Se0.7_Sp0.6	1250	kappa	0.2921570321952141				outputs_round8/figures/fig3_source_data.tsv
B_power	Se0.7_Sp0.6		kappa	0.2904288033281976				outputs_round8/figures/fig3_source_data.tsv
B_power_n	Se0.7_Sp0.6	1300	kappa	0.2904288033281976				outputs_round8/figures/fig3_source_data.tsv
B_power	Se0.7_Sp0.6		kappa	0.2886304918845694				outputs_round8/figures/fig3_source_data.tsv
B_power_n	Se0.7_Sp0.6	1350	kappa	0.2886304918845694				outputs_round8/figures/fig3_source_data.tsv
B_power	Se0.7_Sp0.6		kappa	0.2867746288798922				outputs_round8/figures/fig3_source_data.tsv
B_power_n	Se0.7_Sp0.6	1400	kappa	0.2867746288798922				outputs_round8/figures/fig3_source_data.tsv
B_power	Se0.7_Sp0.6		kappa	0.2848719850841876				outputs_round8/figures/fig3_source_data.tsv
B_power_n	Se0.7_Sp0.6	1450	kappa	0.2848719850841876				outputs_round8/figures/fig3_source_data.tsv
B_power	Se0.7_Sp0.6		kappa	0.2829318395800246				outputs_round8/figures/fig3_source_data.tsv
B_power_n	Se0.7_Sp0.6	1500	kappa	0.2829318395800246				outputs_round8/figures/fig3_source_data.tsv
B_power	Se0.7_Sp0.6		kappa	0.280962202244042				outputs_round8/figures/fig3_source_data.tsv
B_power_n	Se0.7_Sp0.6	1550	kappa	0.280962202244042				outputs_round8/figures/fig3_source_data.tsv
B_power	Se0.7_Sp0.6		kappa	0.2789699990036787				outputs_round8/figures/fig3_source_data.tsv
B_power_n	Se0.7_Sp0.6	1600	kappa	0.2789699990036787				outputs_round8/figures/fig3_source_data.tsv
B_power	Se0.7_Sp0.6		kappa	0.2769612268387913				outputs_round8/figures/fig3_source_data.tsv
B_power_n	Se0.7_Sp0.6	1650	kappa	0.2769612268387913				outputs_round8/figures/fig3_source_data.tsv
B_power	Se0.7_Sp0.6		kappa	0.2749410840534172				outputs_round8/figures/fig3_source_data.tsv
B_power_n	Se0.7_Sp0.6	1700	kappa	0.2749410840534172				outputs_round8/figures/fig3_source_data.tsv
B_power	Se0.7_Sp0.6		kappa	0.2729140802260372				outputs_round8/figures/fig3_source_data.tsv
B_power_n	Se0.7_Sp0.6	1750	kappa	0.2729140802260372				outputs_round8/figures/fig3_source_data.tsv
B_power	Se0.7_Sp0.6		kappa	0.2708841293768907				outputs_round8/figures/fig3_source_data.tsv
B_power_n	Se0.7_Sp0.6	1800	kappa	0.2708841293768907				outputs_round8/figures/fig3_source_data.tsv
B_power	Se0.7_Sp0.6		kappa	0.2688546292089827				outputs_round8/figures/fig3_source_data.tsv
B_power_n	Se0.7_Sp0.6	1850	kappa	0.2688546292089827				outputs_round8/figures/fig3_source_data.tsv
B_power	Se0.7_Sp0.6		kappa	0.266828528741402				outputs_round8/figures/fig3_source_data.tsv
B_power_n	Se0.7_Sp0.6	1900	kappa	0.266828528741402				outputs_round8/figures/fig3_source_data.tsv
B_power	Se0.7_Sp0.6		kappa	0.2648083862265404				outputs_round8/figures/fig3_source_data.tsv
B_power_n	Se0.7_Sp0.6	1950	kappa	0.2648083862265404				outputs_round8/figures/fig3_source_data.tsv
B_power	Se0.7_Sp0.6		kappa	0.2627964189019085				outputs_round8/figures/fig3_source_data.tsv
B_power_n	Se0.7_Sp0.6	2000	kappa	0.2627964189019085				outputs_round8/figures/fig3_source_data.tsv
B_power	Se0.7_Sp0.6		kappa	0.2434412694187031				outputs_round8/figures/fig3_source_data.tsv
B_power_n	Se0.7_Sp0.6	2500	kappa	0.2434412694187031				outputs_round8/figures/fig3_source_data.tsv
B_power	Se0.7_Sp0.6		kappa	0.2259287761115443				outputs_round8/figures/fig3_source_data.tsv
B_power_n	Se0.7_Sp0.6	3000	kappa	0.2259287761115443				outputs_round8/figures/fig3_source_data.tsv
B_power	Se0.7_Sp0.6		kappa	0.2103647973073305				outputs_round8/figures/fig3_source_data.tsv
B_power_n	Se0.7_Sp0.6	3500	kappa	0.2103647973073305				outputs_round8/figures/fig3_source_data.tsv
B_power	Se0.7_Sp0.6		kappa	0.1965877433874655				outputs_round8/figures/fig3_source_data.tsv
B_power_n	Se0.7_Sp0.6	4000	kappa	0.1965877433874655				outputs_round8/figures/fig3_source_data.tsv
B_power	Se0.7_Sp0.6		kappa	0.184375811270785				outputs_round8/figures/fig3_source_data.tsv
B_power_n	Se0.7_Sp0.6	4500	kappa	0.184375811270785				outputs_round8/figures/fig3_source_data.tsv
B_power	Se0.7_Sp0.6		kappa	0.1735126900474287				outputs_round8/figures/fig3_source_data.tsv
B_power_n	Se0.7_Sp0.6	5000	kappa	0.1735126900474287				outputs_round8/figures/fig3_source_data.tsv
B_power	Se0.7_Sp0.6		kappa	0.1638067982449187				outputs_round8/figures/fig3_source_data.tsv
B_power_n	Se0.7_Sp0.6	5500	kappa	0.1638067982449187				outputs_round8/figures/fig3_source_data.tsv
B_power	Se0.7_Sp0.6		kappa	0.1550945294640505				outputs_round8/figures/fig3_source_data.tsv
B_power_n	Se0.7_Sp0.6	6000	kappa	0.1550945294640505				outputs_round8/figures/fig3_source_data.tsv
B_power	Se0.7_Sp0.6		kappa	0.147238147376724				outputs_round8/figures/fig3_source_data.tsv
B_power_n	Se0.7_Sp0.6	6500	kappa	0.147238147376724				outputs_round8/figures/fig3_source_data.tsv
B_power	Se0.7_Sp0.6		kappa	0.1401222085458061				outputs_round8/figures/fig3_source_data.tsv
B_power_n	Se0.7_Sp0.6	7000	kappa	0.1401222085458061				outputs_round8/figures/fig3_source_data.tsv
B_power	Se0.7_Sp0.6		kappa	0.1336499201694426				outputs_round8/figures/fig3_source_data.tsv
B_power_n	Se0.7_Sp0.6	7500	kappa	0.1336499201694426				outputs_round8/figures/fig3_source_data.tsv
B_power	Se0.7_Sp0.6		kappa	0.1277399000945165				outputs_round8/figures/fig3_source_data.tsv
B_power_n	Se0.7_Sp0.6	8000	kappa	0.1277399000945165				outputs_round8/figures/fig3_source_data.tsv
B_power	Se0.7_Sp0.6		kappa	0.1223234464922295				outputs_round8/figures/fig3_source_data.tsv
B_power_n	Se0.7_Sp0.6	8500	kappa	0.1223234464922295				outputs_round8/figures/fig3_source_data.tsv
B_power	Se0.7_Sp0.6		kappa	0.1173422923972714				outputs_round8/figures/fig3_source_data.tsv
B_power_n	Se0.7_Sp0.6	9000	kappa	0.1173422923972714				outputs_round8/figures/fig3_source_data.tsv
B_power	Se0.7_Sp0.6		kappa	0.1127467788130598				outputs_round8/figures/fig3_source_data.tsv
B_power_n	Se0.7_Sp0.6	9500	kappa	0.1127467788130598				outputs_round8/figures/fig3_source_data.tsv
B_power	Se0.7_Sp0.6		kappa	0.1084943740348707				outputs_round8/figures/fig3_source_data.tsv
B_power_n	Se0.7_Sp0.6	10000	kappa	0.1084943740348707				outputs_round8/figures/fig3_source_data.tsv
B_power	Se0.7_Sp0.6		kappa	0.1045484735922856				outputs_round8/figures/fig3_source_data.tsv
B_power_n	Se0.7_Sp0.6	10500	kappa	0.1045484735922856				outputs_round8/figures/fig3_source_data.tsv
B_power	Se0.7_Sp0.6		kappa	0.1008774255279529				outputs_round8/figures/fig3_source_data.tsv
B_power_n	Se0.7_Sp0.6	11000	kappa	0.1008774255279529				outputs_round8/figures/fig3_source_data.tsv
B_power	Se0.7_Sp0.6		kappa	0.0974537360018998				outputs_round8/figures/fig3_source_data.tsv
B_power_n	Se0.7_Sp0.6	11500	kappa	0.0974537360018998				outputs_round8/figures/fig3_source_data.tsv
B_power	Se0.7_Sp0.6		kappa	0.0942534191945899				outputs_round8/figures/fig3_source_data.tsv
B_power_n	Se0.7_Sp0.6	12000	kappa	0.0942534191945899				outputs_round8/figures/fig3_source_data.tsv
B_power	Se0.7_Sp0.6		kappa	0.0912554629047615				outputs_round8/figures/fig3_source_data.tsv
B_power_n	Se0.7_Sp0.6	12500	kappa	0.0912554629047615				outputs_round8/figures/fig3_source_data.tsv
B_power	Se0.7_Sp0.6		kappa	0.0884413872000137				outputs_round8/figures/fig3_source_data.tsv
B_power_n	Se0.7_Sp0.6	13000	kappa	0.0884413872000137				outputs_round8/figures/fig3_source_data.tsv
B_power	Se0.7_Sp0.6		kappa	0.0857948781979754				outputs_round8/figures/fig3_source_data.tsv
B_power_n	Se0.7_Sp0.6	13500	kappa	0.0857948781979754				outputs_round8/figures/fig3_source_data.tsv
B_power	Se0.7_Sp0.6		kappa	0.0833014827663929				outputs_round8/figures/fig3_source_data.tsv
B_power_n	Se0.7_Sp0.6	14000	kappa	0.0833014827663929				outputs_round8/figures/fig3_source_data.tsv
B_power	Se0.7_Sp0.6		kappa	0.0809483528398037				outputs_round8/figures/fig3_source_data.tsv
B_power_n	Se0.7_Sp0.6	14500	kappa	0.0809483528398037				outputs_round8/figures/fig3_source_data.tsv
B_power	Se0.7_Sp0.6		kappa	0.0787240303316412				outputs_round8/figures/fig3_source_data.tsv
B_power_n	Se0.7_Sp0.6	15000	kappa	0.0787240303316412				outputs_round8/figures/fig3_source_data.tsv
B_power	Se0.7_Sp0.6		kappa	0.0766182654123171				outputs_round8/figures/fig3_source_data.tsv
B_power_n	Se0.7_Sp0.6	15500	kappa	0.0766182654123171				outputs_round8/figures/fig3_source_data.tsv
B_power	Se0.7_Sp0.6		kappa	0.0746218623348918				outputs_round8/figures/fig3_source_data.tsv
B_power_n	Se0.7_Sp0.6	16000	kappa	0.0746218623348918				outputs_round8/figures/fig3_source_data.tsv
B_power	Se0.7_Sp0.6		kappa	0.0727265481050463				outputs_round8/figures/fig3_source_data.tsv
B_power_n	Se0.7_Sp0.6	16500	kappa	0.0727265481050463				outputs_round8/figures/fig3_source_data.tsv
B_power	Se0.7_Sp0.6		kappa	0.0709248601767039				outputs_round8/figures/fig3_source_data.tsv
B_power_n	Se0.7_Sp0.6	17000	kappa	0.0709248601767039				outputs_round8/figures/fig3_source_data.tsv
B_power	Se0.7_Sp0.6		kappa	0.0692100500592221				outputs_round8/figures/fig3_source_data.tsv
B_power_n	Se0.7_Sp0.6	17500	kappa	0.0692100500592221				outputs_round8/figures/fig3_source_data.tsv
B_power	Se0.7_Sp0.6		kappa	0.0675760002856994				outputs_round8/figures/fig3_source_data.tsv
B_power_n	Se0.7_Sp0.6	18000	kappa	0.0675760002856994				outputs_round8/figures/fig3_source_data.tsv
B_power	Se0.7_Sp0.6		kappa	0.066017152644671				outputs_round8/figures/fig3_source_data.tsv
B_power_n	Se0.7_Sp0.6	18500	kappa	0.066017152644671				outputs_round8/figures/fig3_source_data.tsv
B_power	Se0.7_Sp0.6		kappa	0.0645284459426856				outputs_round8/figures/fig3_source_data.tsv
B_power_n	Se0.7_Sp0.6	19000	kappa	0.0645284459426856				outputs_round8/figures/fig3_source_data.tsv
B_power	Se0.7_Sp0.6		kappa	0.0631052618611375				outputs_round8/figures/fig3_source_data.tsv
B_power_n	Se0.7_Sp0.6	19500	kappa	0.0631052618611375				outputs_round8/figures/fig3_source_data.tsv
B_power	Se0.7_Sp0.6		kappa	0.0617433777114293				outputs_round8/figures/fig3_source_data.tsv
B_power_n	Se0.7_Sp0.6	20000	kappa	0.0617433777114293				outputs_round8/figures/fig3_source_data.tsv
B_power	Se0.7_Sp0.7		kappa	0.0				outputs_round8/figures/fig3_source_data.tsv
B_power_n	Se0.7_Sp0.7	0	kappa	0.0				outputs_round8/figures/fig3_source_data.tsv
B_power	Se0.7_Sp0.7		kappa	0.013670171921797				outputs_round8/figures/fig3_source_data.tsv
B_power_n	Se0.7_Sp0.7	5	kappa	0.013670171921797				outputs_round8/figures/fig3_source_data.tsv
B_power	Se0.7_Sp0.7		kappa	0.0266994613832392				outputs_round8/figures/fig3_source_data.tsv
B_power_n	Se0.7_Sp0.7	10	kappa	0.0266994613832392				outputs_round8/figures/fig3_source_data.tsv
B_power	Se0.7_Sp0.7		kappa	0.0391298941910401				outputs_round8/figures/fig3_source_data.tsv
B_power_n	Se0.7_Sp0.7	15	kappa	0.0391298941910401				outputs_round8/figures/fig3_source_data.tsv
B_power	Se0.7_Sp0.7		kappa	0.0509999089287342				outputs_round8/figures/fig3_source_data.tsv
B_power_n	Se0.7_Sp0.7	20	kappa	0.0509999089287342				outputs_round8/figures/fig3_source_data.tsv
B_power	Se0.7_Sp0.7		kappa	0.0623447316573382				outputs_round8/figures/fig3_source_data.tsv
B_power_n	Se0.7_Sp0.7	25	kappa	0.0623447316573382				outputs_round8/figures/fig3_source_data.tsv
B_power	Se0.7_Sp0.7		kappa	0.0731967046105465				outputs_round8/figures/fig3_source_data.tsv
B_power_n	Se0.7_Sp0.7	30	kappa	0.0731967046105465				outputs_round8/figures/fig3_source_data.tsv
B_power	Se0.7_Sp0.7		kappa	0.0835855753422551				outputs_round8/figures/fig3_source_data.tsv
B_power_n	Se0.7_Sp0.7	35	kappa	0.0835855753422551				outputs_round8/figures/fig3_source_data.tsv
B_power	Se0.7_Sp0.7		kappa	0.0935387517685898				outputs_round8/figures/fig3_source_data.tsv
B_power_n	Se0.7_Sp0.7	40	kappa	0.0935387517685898				outputs_round8/figures/fig3_source_data.tsv
B_power	Se0.7_Sp0.7		kappa	0.1030815277072211				outputs_round8/figures/fig3_source_data.tsv
B_power_n	Se0.7_Sp0.7	45	kappa	0.1030815277072211				outputs_round8/figures/fig3_source_data.tsv
B_power	Se0.7_Sp0.7		kappa	0.1122372828202684				outputs_round8/figures/fig3_source_data.tsv
B_power_n	Se0.7_Sp0.7	50	kappa	0.1122372828202684				outputs_round8/figures/fig3_source_data.tsv
B_power	Se0.7_Sp0.7		kappa	0.1210276602869612				outputs_round8/figures/fig3_source_data.tsv
B_power_n	Se0.7_Sp0.7	55	kappa	0.1210276602869612				outputs_round8/figures/fig3_source_data.tsv
B_power	Se0.7_Sp0.7		kappa	0.1294727250472603				outputs_round8/figures/fig3_source_data.tsv
B_power_n	Se0.7_Sp0.7	60	kappa	0.1294727250472603				outputs_round8/figures/fig3_source_data.tsv
B_power	Se0.7_Sp0.7		kappa	0.1375911050507974				outputs_round8/figures/fig3_source_data.tsv
B_power_n	Se0.7_Sp0.7	65	kappa	0.1375911050507974				outputs_round8/figures/fig3_source_data.tsv
B_power	Se0.7_Sp0.7		kappa	0.1454001176030364				outputs_round8/figures/fig3_source_data.tsv
B_power_n	Se0.7_Sp0.7	70	kappa	0.1454001176030364				outputs_round8/figures/fig3_source_data.tsv
B_power	Se0.7_Sp0.7		kappa	0.1529158826113596				outputs_round8/figures/fig3_source_data.tsv
B_power_n	Se0.7_Sp0.7	75	kappa	0.1529158826113596				outputs_round8/figures/fig3_source_data.tsv
B_power	Se0.7_Sp0.7		kappa	0.1601534242888145				outputs_round8/figures/fig3_source_data.tsv
B_power_n	Se0.7_Sp0.7	80	kappa	0.1601534242888145				outputs_round8/figures/fig3_source_data.tsv
B_power	Se0.7_Sp0.7		kappa	0.1671267626650749				outputs_round8/figures/fig3_source_data.tsv
B_power_n	Se0.7_Sp0.7	85	kappa	0.1671267626650749				outputs_round8/figures/fig3_source_data.tsv
B_power	Se0.7_Sp0.7		kappa	0.1738489960768318				outputs_round8/figures/fig3_source_data.tsv
B_power_n	Se0.7_Sp0.7	90	kappa	0.1738489960768318				outputs_round8/figures/fig3_source_data.tsv
B_power	Se0.7_Sp0.7		kappa	0.1803323756582198				outputs_round8/figures/fig3_source_data.tsv
B_power_n	Se0.7_Sp0.7	95	kappa	0.1803323756582198				outputs_round8/figures/fig3_source_data.tsv
B_power	Se0.7_Sp0.7		kappa	0.1865883727220344				outputs_round8/figures/fig3_source_data.tsv
B_power_n	Se0.7_Sp0.7	100	kappa	0.1865883727220344				outputs_round8/figures/fig3_source_data.tsv
B_power	Se0.7_Sp0.7		kappa	0.192627739810913				outputs_round8/figures/fig3_source_data.tsv
B_power_n	Se0.7_Sp0.7	105	kappa	0.192627739810913				outputs_round8/figures/fig3_source_data.tsv
B_power	Se0.7_Sp0.7		kappa	0.198460566101563				outputs_round8/figures/fig3_source_data.tsv
B_power_n	Se0.7_Sp0.7	110	kappa	0.198460566101563				outputs_round8/figures/fig3_source_data.tsv
B_power	Se0.7_Sp0.7		kappa	0.2040963277621479				outputs_round8/figures/fig3_source_data.tsv
B_power_n	Se0.7_Sp0.7	115	kappa	0.2040963277621479				outputs_round8/figures/fig3_source_data.tsv
B_power	Se0.7_Sp0.7		kappa	0.2095439337911603				outputs_round8/figures/fig3_source_data.tsv
B_power_n	Se0.7_Sp0.7	120	kappa	0.2095439337911603				outputs_round8/figures/fig3_source_data.tsv
B_power	Se0.7_Sp0.7		kappa	0.2148117678038227				outputs_round8/figures/fig3_source_data.tsv
B_power_n	Se0.7_Sp0.7	125	kappa	0.2148117678038227				outputs_round8/figures/fig3_source_data.tsv
B_power	Se0.7_Sp0.7		kappa	0.2199077261779216				outputs_round8/figures/fig3_source_data.tsv
B_power_n	Se0.7_Sp0.7	130	kappa	0.2199077261779216				outputs_round8/figures/fig3_source_data.tsv
B_power	Se0.7_Sp0.7		kappa	0.2248392529238224				outputs_round8/figures/fig3_source_data.tsv
B_power_n	Se0.7_Sp0.7	135	kappa	0.2248392529238224				outputs_round8/figures/fig3_source_data.tsv
B_power	Se0.7_Sp0.7		kappa	0.2296133716022284				outputs_round8/figures/fig3_source_data.tsv
B_power_n	Se0.7_Sp0.7	140	kappa	0.2296133716022284				outputs_round8/figures/fig3_source_data.tsv
B_power	Se0.7_Sp0.7		kappa	0.2342367145772434				outputs_round8/figures/fig3_source_data.tsv
B_power_n	Se0.7_Sp0.7	145	kappa	0.2342367145772434				outputs_round8/figures/fig3_source_data.tsv
B_power	Se0.7_Sp0.7		kappa	0.2387155498607074				outputs_round8/figures/fig3_source_data.tsv
B_power_n	Se0.7_Sp0.7	150	kappa	0.2387155498607074				outputs_round8/figures/fig3_source_data.tsv
B_power	Se0.7_Sp0.7		kappa	0.2430558057760754				outputs_round8/figures/fig3_source_data.tsv
B_power_n	Se0.7_Sp0.7	155	kappa	0.2430558057760754				outputs_round8/figures/fig3_source_data.tsv
B_power	Se0.7_Sp0.7		kappa	0.2472630936457018				outputs_round8/figures/fig3_source_data.tsv
B_power_n	Se0.7_Sp0.7	160	kappa	0.2472630936457018				outputs_round8/figures/fig3_source_data.tsv
B_power	Se0.7_Sp0.7		kappa	0.251342728683901				outputs_round8/figures/fig3_source_data.tsv
B_power_n	Se0.7_Sp0.7	165	kappa	0.251342728683901				outputs_round8/figures/fig3_source_data.tsv
B_power	Se0.7_Sp0.7		kappa	0.2552997492591747				outputs_round8/figures/fig3_source_data.tsv
B_power_n	Se0.7_Sp0.7	170	kappa	0.2552997492591747				outputs_round8/figures/fig3_source_data.tsv
B_power	Se0.7_Sp0.7		kappa	0.2591389346722176				outputs_round8/figures/fig3_source_data.tsv
B_power_n	Se0.7_Sp0.7	175	kappa	0.2591389346722176				outputs_round8/figures/fig3_source_data.tsv
B_power	Se0.7_Sp0.7		kappa	0.2628648215814226				outputs_round8/figures/fig3_source_data.tsv
B_power_n	Se0.7_Sp0.7	180	kappa	0.2628648215814226				outputs_round8/figures/fig3_source_data.tsv
B_power	Se0.7_Sp0.7		kappa	0.2664817191944341				outputs_round8/figures/fig3_source_data.tsv
B_power_n	Se0.7_Sp0.7	185	kappa	0.2664817191944341				outputs_round8/figures/fig3_source_data.tsv
B_power	Se0.7_Sp0.7		kappa	0.2699937233325595				outputs_round8/figures/fig3_source_data.tsv
B_power_n	Se0.7_Sp0.7	190	kappa	0.2699937233325595				outputs_round8/figures/fig3_source_data.tsv
B_power	Se0.7_Sp0.7		kappa	0.2734047294644075				outputs_round8/figures/fig3_source_data.tsv
B_power_n	Se0.7_Sp0.7	195	kappa	0.2734047294644075				outputs_round8/figures/fig3_source_data.tsv
B_power	Se0.7_Sp0.7		kappa	0.2767184447958331				outputs_round8/figures/fig3_source_data.tsv
B_power_n	Se0.7_Sp0.7	200	kappa	0.2767184447958331				outputs_round8/figures/fig3_source_data.tsv
B_power	Se0.7_Sp0.7		kappa	0.3052058761107794				outputs_round8/figures/fig3_source_data.tsv
B_power_n	Se0.7_Sp0.7	250	kappa	0.3052058761107794				outputs_round8/figures/fig3_source_data.tsv
B_power	Se0.7_Sp0.7		kappa	0.3269926976210593				outputs_round8/figures/fig3_source_data.tsv
B_power_n	Se0.7_Sp0.7	300	kappa	0.3269926976210593				outputs_round8/figures/fig3_source_data.tsv
B_power	Se0.7_Sp0.7		kappa	0.3438946064176801				outputs_round8/figures/fig3_source_data.tsv
B_power_n	Se0.7_Sp0.7	350	kappa	0.3438946064176801				outputs_round8/figures/fig3_source_data.tsv
B_power	Se0.7_Sp0.7		kappa	0.3571348183939435				outputs_round8/figures/fig3_source_data.tsv
B_power_n	Se0.7_Sp0.7	400	kappa	0.3571348183939435				outputs_round8/figures/fig3_source_data.tsv
B_power	Se0.7_Sp0.7		kappa	0.3675670945082437				outputs_round8/figures/fig3_source_data.tsv
B_power_n	Se0.7_Sp0.7	450	kappa	0.3675670945082437				outputs_round8/figures/fig3_source_data.tsv
B_power	Se0.7_Sp0.7		kappa	0.3758050992646536				outputs_round8/figures/fig3_source_data.tsv
B_power_n	Se0.7_Sp0.7	500	kappa	0.3758050992646536				outputs_round8/figures/fig3_source_data.tsv
B_power	Se0.7_Sp0.7		kappa	0.3823009831691922				outputs_round8/figures/fig3_source_data.tsv
B_power_n	Se0.7_Sp0.7	550	kappa	0.3823009831691922				outputs_round8/figures/fig3_source_data.tsv
B_power	Se0.7_Sp0.7		kappa	0.3873950126961392				outputs_round8/figures/fig3_source_data.tsv
B_power_n	Se0.7_Sp0.7	600	kappa	0.3873950126961392				outputs_round8/figures/fig3_source_data.tsv
B_power	Se0.7_Sp0.7		kappa	0.3913479717796878				outputs_round8/figures/fig3_source_data.tsv
B_power_n	Se0.7_Sp0.7	650	kappa	0.3913479717796878				outputs_round8/figures/fig3_source_data.tsv
B_power	Se0.7_Sp0.7		kappa	0.3943629298845909				outputs_round8/figures/fig3_source_data.tsv
B_power_n	Se0.7_Sp0.7	700	kappa	0.3943629298845909				outputs_round8/figures/fig3_source_data.tsv
B_power	Se0.7_Sp0.7		kappa	0.3966002361271156				outputs_round8/figures/fig3_source_data.tsv
B_power_n	Se0.7_Sp0.7	750	kappa	0.3966002361271156				outputs_round8/figures/fig3_source_data.tsv
B_power	Se0.7_Sp0.7		kappa	0.3981880769439902				outputs_round8/figures/fig3_source_data.tsv
B_power_n	Se0.7_Sp0.7	800	kappa	0.3981880769439902				outputs_round8/figures/fig3_source_data.tsv
B_power	Se0.7_Sp0.7		kappa	0.3992300563199545				outputs_round8/figures/fig3_source_data.tsv
B_power_n	Se0.7_Sp0.7	850	kappa	0.3992300563199545				outputs_round8/figures/fig3_source_data.tsv
B_power	Se0.7_Sp0.7		kappa	0.399810733854282				outputs_round8/figures/fig3_source_data.tsv
B_power_n	Se0.7_Sp0.7	900	kappa	0.399810733854282				outputs_round8/figures/fig3_source_data.tsv
B_power	Se0.7_Sp0.7		kappa	0.3999997346308704				outputs_round8/figures/fig3_source_data.tsv
B_power_n	Se0.7_Sp0.7	950	kappa	0.3999997346308704				outputs_round8/figures/fig3_source_data.tsv
B_power	Se0.7_Sp0.7		kappa	0.3998548426117579				outputs_round8/figures/fig3_source_data.tsv
B_power_n	Se0.7_Sp0.7	1000	kappa	0.3998548426117579				outputs_round8/figures/fig3_source_data.tsv
B_power	Se0.7_Sp0.7		kappa	0.3994243590120122				outputs_round8/figures/fig3_source_data.tsv
B_power_n	Se0.7_Sp0.7	1050	kappa	0.3994243590120122				outputs_round8/figures/fig3_source_data.tsv
B_power	Se0.7_Sp0.7		kappa	0.3987489214511842				outputs_round8/figures/fig3_source_data.tsv
B_power_n	Se0.7_Sp0.7	1100	kappa	0.3987489214511842				outputs_round8/figures/fig3_source_data.tsv
B_power	Se0.7_Sp0.7		kappa	0.3978629222682767				outputs_round8/figures/fig3_source_data.tsv
B_power_n	Se0.7_Sp0.7	1150	kappa	0.3978629222682767				outputs_round8/figures/fig3_source_data.tsv
B_power	Se0.7_Sp0.7		kappa	0.3967956252448715				outputs_round8/figures/fig3_source_data.tsv
B_power_n	Se0.7_Sp0.7	1200	kappa	0.3967956252448715				outputs_round8/figures/fig3_source_data.tsv
B_power	Se0.7_Sp0.7		kappa	0.3955720528677063				outputs_round8/figures/fig3_source_data.tsv
B_power_n	Se0.7_Sp0.7	1250	kappa	0.3955720528677063				outputs_round8/figures/fig3_source_data.tsv
B_power	Se0.7_Sp0.7		kappa	0.3942136972059116				outputs_round8/figures/fig3_source_data.tsv
B_power_n	Se0.7_Sp0.7	1300	kappa	0.3942136972059116				outputs_round8/figures/fig3_source_data.tsv
B_power	Se0.7_Sp0.7		kappa	0.3927390939039724				outputs_round8/figures/fig3_source_data.tsv
B_power_n	Se0.7_Sp0.7	1350	kappa	0.3927390939039724				outputs_round8/figures/fig3_source_data.tsv
B_power	Se0.7_Sp0.7		kappa	0.3911642890013805				outputs_round8/figures/fig3_source_data.tsv
B_power_n	Se0.7_Sp0.7	1400	kappa	0.3911642890013805				outputs_round8/figures/fig3_source_data.tsv
B_power	Se0.7_Sp0.7		kappa	0.3895032211470564				outputs_round8/figures/fig3_source_data.tsv
B_power_n	Se0.7_Sp0.7	1450	kappa	0.3895032211470564				outputs_round8/figures/fig3_source_data.tsv
B_power	Se0.7_Sp0.7		kappa	0.3877680365088496				outputs_round8/figures/fig3_source_data.tsv
B_power_n	Se0.7_Sp0.7	1500	kappa	0.3877680365088496				outputs_round8/figures/fig3_source_data.tsv
B_power	Se0.7_Sp0.7		kappa	0.3859693497543815				outputs_round8/figures/fig3_source_data.tsv
B_power_n	Se0.7_Sp0.7	1550	kappa	0.3859693497543815				outputs_round8/figures/fig3_source_data.tsv
B_power	Se0.7_Sp0.7		kappa	0.3841164615288401				outputs_round8/figures/fig3_source_data.tsv
B_power_n	Se0.7_Sp0.7	1600	kappa	0.3841164615288401				outputs_round8/figures/fig3_source_data.tsv
B_power	Se0.7_Sp0.7		kappa	0.3822175406170011				outputs_round8/figures/fig3_source_data.tsv
B_power_n	Se0.7_Sp0.7	1650	kappa	0.3822175406170011				outputs_round8/figures/fig3_source_data.tsv
B_power	Se0.7_Sp0.7		kappa	0.3802797772647021				outputs_round8/figures/fig3_source_data.tsv
B_power_n	Se0.7_Sp0.7	1700	kappa	0.3802797772647021				outputs_round8/figures/fig3_source_data.tsv
B_power	Se0.7_Sp0.7		kappa	0.3783095128152349				outputs_round8/figures/fig3_source_data.tsv
B_power_n	Se0.7_Sp0.7	1750	kappa	0.3783095128152349				outputs_round8/figures/fig3_source_data.tsv
B_power	Se0.7_Sp0.7		kappa	0.3763123497912891				outputs_round8/figures/fig3_source_data.tsv
B_power_n	Se0.7_Sp0.7	1800	kappa	0.3763123497912891				outputs_round8/figures/fig3_source_data.tsv
B_power	Se0.7_Sp0.7		kappa	0.3742932457517175				outputs_round8/figures/fig3_source_data.tsv
B_power_n	Se0.7_Sp0.7	1850	kappa	0.3742932457517175				outputs_round8/figures/fig3_source_data.tsv
B_power	Se0.7_Sp0.7		kappa	0.3722565936216692				outputs_round8/figures/fig3_source_data.tsv
B_power_n	Se0.7_Sp0.7	1900	kappa	0.3722565936216692				outputs_round8/figures/fig3_source_data.tsv
B_power	Se0.7_Sp0.7		kappa	0.3702062906950972				outputs_round8/figures/fig3_source_data.tsv
B_power_n	Se0.7_Sp0.7	1950	kappa	0.3702062906950972				outputs_round8/figures/fig3_source_data.tsv
B_power	Se0.7_Sp0.7		kappa	0.3681457981107006				outputs_round8/figures/fig3_source_data.tsv
B_power_n	Se0.7_Sp0.7	2000	kappa	0.3681457981107006				outputs_round8/figures/fig3_source_data.tsv
B_power	Se0.7_Sp0.7		kappa	0.3475155703037141				outputs_round8/figures/fig3_source_data.tsv
B_power_n	Se0.7_Sp0.7	2500	kappa	0.3475155703037141				outputs_round8/figures/fig3_source_data.tsv
B_power	Se0.7_Sp0.7		kappa	0.3277911832435352				outputs_round8/figures/fig3_source_data.tsv
B_power_n	Se0.7_Sp0.7	3000	kappa	0.3277911832435352				outputs_round8/figures/fig3_source_data.tsv
B_power	Se0.7_Sp0.7		kappa	0.3095326966670612				outputs_round8/figures/fig3_source_data.tsv
B_power_n	Se0.7_Sp0.7	3500	kappa	0.3095326966670612				outputs_round8/figures/fig3_source_data.tsv
B_power	Se0.7_Sp0.7		kappa	0.2928360370425285				outputs_round8/figures/fig3_source_data.tsv
B_power_n	Se0.7_Sp0.7	4000	kappa	0.2928360370425285				outputs_round8/figures/fig3_source_data.tsv
B_power	Se0.7_Sp0.7		kappa	0.2776299115511541				outputs_round8/figures/fig3_source_data.tsv
B_power_n	Se0.7_Sp0.7	4500	kappa	0.2776299115511541				outputs_round8/figures/fig3_source_data.tsv
B_power	Se0.7_Sp0.7		kappa	0.2637869700763608				outputs_round8/figures/fig3_source_data.tsv
B_power_n	Se0.7_Sp0.7	5000	kappa	0.2637869700763608				outputs_round8/figures/fig3_source_data.tsv
B_power	Se0.7_Sp0.7		kappa	0.2511678875044169				outputs_round8/figures/fig3_source_data.tsv
B_power_n	Se0.7_Sp0.7	5500	kappa	0.2511678875044169				outputs_round8/figures/fig3_source_data.tsv
B_power	Se0.7_Sp0.7		kappa	0.2396388903712486				outputs_round8/figures/fig3_source_data.tsv
B_power_n	Se0.7_Sp0.7	6000	kappa	0.2396388903712486				outputs_round8/figures/fig3_source_data.tsv
B_power	Se0.7_Sp0.7		kappa	0.2290781632610601				outputs_round8/figures/fig3_source_data.tsv
B_power_n	Se0.7_Sp0.7	6500	kappa	0.2290781632610601				outputs_round8/figures/fig3_source_data.tsv
B_power	Se0.7_Sp0.7		kappa	0.2193774841273933				outputs_round8/figures/fig3_source_data.tsv
B_power_n	Se0.7_Sp0.7	7000	kappa	0.2193774841273933				outputs_round8/figures/fig3_source_data.tsv
B_power	Se0.7_Sp0.7		kappa	0.2104418412140266				outputs_round8/figures/fig3_source_data.tsv
B_power_n	Se0.7_Sp0.7	7500	kappa	0.2104418412140266				outputs_round8/figures/fig3_source_data.tsv
B_power	Se0.7_Sp0.7		kappa	0.2021882631837047				outputs_round8/figures/fig3_source_data.tsv
B_power_n	Se0.7_Sp0.7	8000	kappa	0.2021882631837047				outputs_round8/figures/fig3_source_data.tsv
B_power	Se0.7_Sp0.7		kappa	0.1945444186595888				outputs_round8/figures/fig3_source_data.tsv
B_power_n	Se0.7_Sp0.7	8500	kappa	0.1945444186595888				outputs_round8/figures/fig3_source_data.tsv
B_power	Se0.7_Sp0.7		kappa	0.1874472312416252				outputs_round8/figures/fig3_source_data.tsv
B_power_n	Se0.7_Sp0.7	9000	kappa	0.1874472312416252				outputs_round8/figures/fig3_source_data.tsv
B_power	Se0.7_Sp0.7		kappa	0.1808416109428287				outputs_round8/figures/fig3_source_data.tsv
B_power_n	Se0.7_Sp0.7	9500	kappa	0.1808416109428287				outputs_round8/figures/fig3_source_data.tsv
B_power	Se0.7_Sp0.7		kappa	0.1746793349796245				outputs_round8/figures/fig3_source_data.tsv
B_power_n	Se0.7_Sp0.7	10000	kappa	0.1746793349796245				outputs_round8/figures/fig3_source_data.tsv
B_power	Se0.7_Sp0.7		kappa	0.1689180796995242				outputs_round8/figures/fig3_source_data.tsv
B_power_n	Se0.7_Sp0.7	10500	kappa	0.1689180796995242				outputs_round8/figures/fig3_source_data.tsv
B_power	Se0.7_Sp0.7		kappa	0.1635205921019429				outputs_round8/figures/fig3_source_data.tsv
B_power_n	Se0.7_Sp0.7	11000	kappa	0.1635205921019429				outputs_round8/figures/fig3_source_data.tsv
B_power	Se0.7_Sp0.7		kappa	0.158453984676278				outputs_round8/figures/fig3_source_data.tsv
B_power_n	Se0.7_Sp0.7	11500	kappa	0.158453984676278				outputs_round8/figures/fig3_source_data.tsv
B_power	Se0.7_Sp0.7		kappa	0.1536891365996146				outputs_round8/figures/fig3_source_data.tsv
B_power_n	Se0.7_Sp0.7	12000	kappa	0.1536891365996146				outputs_round8/figures/fig3_source_data.tsv
B_power	Se0.7_Sp0.7		kappa	0.1492001854495612				outputs_round8/figures/fig3_source_data.tsv
B_power_n	Se0.7_Sp0.7	12500	kappa	0.1492001854495612				outputs_round8/figures/fig3_source_data.tsv
B_power	Se0.7_Sp0.7		kappa	0.1449640953828137				outputs_round8/figures/fig3_source_data.tsv
B_power_n	Se0.7_Sp0.7	13000	kappa	0.1449640953828137				outputs_round8/figures/fig3_source_data.tsv
B_power	Se0.7_Sp0.7		kappa	0.1409602896701046				outputs_round8/figures/fig3_source_data.tsv
B_power_n	Se0.7_Sp0.7	13500	kappa	0.1409602896701046				outputs_round8/figures/fig3_source_data.tsv
B_power	Se0.7_Sp0.7		kappa	0.1371703373179969				outputs_round8/figures/fig3_source_data.tsv
B_power_n	Se0.7_Sp0.7	14000	kappa	0.1371703373179969				outputs_round8/figures/fig3_source_data.tsv
B_power	Se0.7_Sp0.7		kappa	0.1335776851490352				outputs_round8/figures/fig3_source_data.tsv
B_power_n	Se0.7_Sp0.7	14500	kappa	0.1335776851490352				outputs_round8/figures/fig3_source_data.tsv
B_power	Se0.7_Sp0.7		kappa	0.1301674281278905				outputs_round8/figures/fig3_source_data.tsv
B_power_n	Se0.7_Sp0.7	15000	kappa	0.1301674281278905				outputs_round8/figures/fig3_source_data.tsv
B_power	Se0.7_Sp0.7		kappa	0.1269261119199634				outputs_round8/figures/fig3_source_data.tsv
B_power_n	Se0.7_Sp0.7	15500	kappa	0.1269261119199634				outputs_round8/figures/fig3_source_data.tsv
B_power	Se0.7_Sp0.7		kappa	0.1238415626723837				outputs_round8/figures/fig3_source_data.tsv
B_power_n	Se0.7_Sp0.7	16000	kappa	0.1238415626723837				outputs_round8/figures/fig3_source_data.tsv
B_power	Se0.7_Sp0.7		kappa	0.1209027398417336				outputs_round8/figures/fig3_source_data.tsv
B_power_n	Se0.7_Sp0.7	16500	kappa	0.1209027398417336				outputs_round8/figures/fig3_source_data.tsv
B_power	Se0.7_Sp0.7		kappa	0.1180996085841543				outputs_round8/figures/fig3_source_data.tsv
B_power_n	Se0.7_Sp0.7	17000	kappa	0.1180996085841543				outputs_round8/figures/fig3_source_data.tsv
B_power	Se0.7_Sp0.7		kappa	0.1154230287953297				outputs_round8/figures/fig3_source_data.tsv
B_power_n	Se0.7_Sp0.7	17500	kappa	0.1154230287953297				outputs_round8/figures/fig3_source_data.tsv
B_power	Se0.7_Sp0.7		kappa	0.112864658360734				outputs_round8/figures/fig3_source_data.tsv
B_power_n	Se0.7_Sp0.7	18000	kappa	0.112864658360734				outputs_round8/figures/fig3_source_data.tsv
B_power	Se0.7_Sp0.7		kappa	0.1104168685678268				outputs_round8/figures/fig3_source_data.tsv
B_power_n	Se0.7_Sp0.7	18500	kappa	0.1104168685678268				outputs_round8/figures/fig3_source_data.tsv
B_power	Se0.7_Sp0.7		kappa	0.1080726699561033				outputs_round8/figures/fig3_source_data.tsv
B_power_n	Se0.7_Sp0.7	19000	kappa	0.1080726699561033				outputs_round8/figures/fig3_source_data.tsv
B_power	Se0.7_Sp0.7		kappa	0.1058256471499979				outputs_round8/figures/fig3_source_data.tsv
B_power_n	Se0.7_Sp0.7	19500	kappa	0.1058256471499979				outputs_round8/figures/fig3_source_data.tsv
B_power	Se0.7_Sp0.7		kappa	0.1036699014434639				outputs_round8/figures/fig3_source_data.tsv
B_power_n	Se0.7_Sp0.7	20000	kappa	0.1036699014434639				outputs_round8/figures/fig3_source_data.tsv
B_power	Se0.7_Sp0.8		kappa	0.0				outputs_round8/figures/fig3_source_data.tsv
B_power_n	Se0.7_Sp0.8	0	kappa	0.0				outputs_round8/figures/fig3_source_data.tsv
B_power	Se0.7_Sp0.8		kappa	0.0170587185461951				outputs_round8/figures/fig3_source_data.tsv
B_power_n	Se0.7_Sp0.8	5	kappa	0.0170587185461951				outputs_round8/figures/fig3_source_data.tsv
B_power	Se0.7_Sp0.8		kappa	0.0332644749384327				outputs_round8/figures/fig3_source_data.tsv
B_power_n	Se0.7_Sp0.8	10	kappa	0.0332644749384327				outputs_round8/figures/fig3_source_data.tsv
B_power	Se0.7_Sp0.8		kappa	0.0486780235086219				outputs_round8/figures/fig3_source_data.tsv
B_power_n	Se0.7_Sp0.8	15	kappa	0.0486780235086219				outputs_round8/figures/fig3_source_data.tsv
B_power	Se0.7_Sp0.8		kappa	0.0633544869883725				outputs_round8/figures/fig3_source_data.tsv
B_power_n	Se0.7_Sp0.8	20	kappa	0.0633544869883725				outputs_round8/figures/fig3_source_data.tsv
B_power	Se0.7_Sp0.8		kappa	0.0773439942388473				outputs_round8/figures/fig3_source_data.tsv
B_power_n	Se0.7_Sp0.8	25	kappa	0.0773439942388473				outputs_round8/figures/fig3_source_data.tsv
B_power	Se0.7_Sp0.8		kappa	0.0906922332390847				outputs_round8/figures/fig3_source_data.tsv
B_power_n	Se0.7_Sp0.8	30	kappa	0.0906922332390847				outputs_round8/figures/fig3_source_data.tsv
B_power	Se0.7_Sp0.8		kappa	0.1034409321853423				outputs_round8/figures/fig3_source_data.tsv
B_power_n	Se0.7_Sp0.8	35	kappa	0.1034409321853423				outputs_round8/figures/fig3_source_data.tsv
B_power	Se0.7_Sp0.8		kappa	0.1156282793734693				outputs_round8/figures/fig3_source_data.tsv
B_power_n	Se0.7_Sp0.8	40	kappa	0.1156282793734693				outputs_round8/figures/fig3_source_data.tsv
B_power	Se0.7_Sp0.8		kappa	0.1272892907633254				outputs_round8/figures/fig3_source_data.tsv
B_power_n	Se0.7_Sp0.8	45	kappa	0.1272892907633254				outputs_round8/figures/fig3_source_data.tsv
B_power	Se0.7_Sp0.8		kappa	0.1384561326758802				outputs_round8/figures/fig3_source_data.tsv
B_power_n	Se0.7_Sp0.8	50	kappa	0.1384561326758802				outputs_round8/figures/fig3_source_data.tsv
B_power	Se0.7_Sp0.8		kappa	0.1491584058852051				outputs_round8/figures/fig3_source_data.tsv
B_power_n	Se0.7_Sp0.8	55	kappa	0.1491584058852051				outputs_round8/figures/fig3_source_data.tsv
B_power	Se0.7_Sp0.8		kappa	0.1594233963881894				outputs_round8/figures/fig3_source_data.tsv
B_power_n	Se0.7_Sp0.8	60	kappa	0.1594233963881894				outputs_round8/figures/fig3_source_data.tsv
B_power	Se0.7_Sp0.8		kappa	0.1692762973244609				outputs_round8/figures/fig3_source_data.tsv
B_power_n	Se0.7_Sp0.8	65	kappa	0.1692762973244609				outputs_round8/figures/fig3_source_data.tsv
B_power	Se0.7_Sp0.8		kappa	0.1787404058458627				outputs_round8/figures/fig3_source_data.tsv
B_power_n	Se0.7_Sp0.8	70	kappa	0.1787404058458627				outputs_round8/figures/fig3_source_data.tsv
B_power	Se0.7_Sp0.8		kappa	0.1878372981735583				outputs_round8/figures/fig3_source_data.tsv
B_power_n	Se0.7_Sp0.8	75	kappa	0.1878372981735583				outputs_round8/figures/fig3_source_data.tsv
B_power	Se0.7_Sp0.8		kappa	0.1965869856111542				outputs_round8/figures/fig3_source_data.tsv
B_power_n	Se0.7_Sp0.8	80	kappa	0.1965869856111542				outputs_round8/figures/fig3_source_data.tsv
B_power	Se0.7_Sp0.8		kappa	0.2050080538878313				outputs_round8/figures/fig3_source_data.tsv
B_power_n	Se0.7_Sp0.8	85	kappa	0.2050080538878313				outputs_round8/figures/fig3_source_data.tsv
B_power	Se0.7_Sp0.8		kappa	0.21311778787318				outputs_round8/figures/fig3_source_data.tsv
B_power_n	Se0.7_Sp0.8	90	kappa	0.21311778787318				outputs_round8/figures/fig3_source_data.tsv
B_power	Se0.7_Sp0.8		kappa	0.2209322834245578				outputs_round8/figures/fig3_source_data.tsv
B_power_n	Se0.7_Sp0.8	95	kappa	0.2209322834245578				outputs_round8/figures/fig3_source_data.tsv
B_power	Se0.7_Sp0.8		kappa	0.2284665478896602				outputs_round8/figures/fig3_source_data.tsv
B_power_n	Se0.7_Sp0.8	100	kappa	0.2284665478896602				outputs_round8/figures/fig3_source_data.tsv
B_power	Se0.7_Sp0.8		kappa	0.2357345905844832				outputs_round8/figures/fig3_source_data.tsv
B_power_n	Se0.7_Sp0.8	105	kappa	0.2357345905844832				outputs_round8/figures/fig3_source_data.tsv
B_power	Se0.7_Sp0.8		kappa	0.2427495043941553				outputs_round8/figures/fig3_source_data.tsv
B_power_n	Se0.7_Sp0.8	110	kappa	0.2427495043941553				outputs_round8/figures/fig3_source_data.tsv
B_power	Se0.7_Sp0.8		kappa	0.2495235394964218				outputs_round8/figures/fig3_source_data.tsv
B_power_n	Se0.7_Sp0.8	115	kappa	0.2495235394964218				outputs_round8/figures/fig3_source_data.tsv
B_power	Se0.7_Sp0.8		kappa	0.2560681700809089				outputs_round8/figures/fig3_source_data.tsv
B_power_n	Se0.7_Sp0.8	120	kappa	0.2560681700809089				outputs_round8/figures/fig3_source_data.tsv
B_power	Se0.7_Sp0.8		kappa	0.2623941548284272				outputs_round8/figures/fig3_source_data.tsv
B_power_n	Se0.7_Sp0.8	125	kappa	0.2623941548284272				outputs_round8/figures/fig3_source_data.tsv
B_power	Se0.7_Sp0.8		kappa	0.2685115918207236				outputs_round8/figures/fig3_source_data.tsv
B_power_n	Se0.7_Sp0.8	130	kappa	0.2685115918207236				outputs_round8/figures/fig3_source_data.tsv
B_power	Se0.7_Sp0.8		kappa	0.2744299684700209				outputs_round8/figures/fig3_source_data.tsv
B_power_n	Se0.7_Sp0.8	135	kappa	0.2744299684700209				outputs_round8/figures/fig3_source_data.tsv
B_power	Se0.7_Sp0.8		kappa	0.2801582069874752				outputs_round8/figures/fig3_source_data.tsv
B_power_n	Se0.7_Sp0.8	140	kappa	0.2801582069874752				outputs_round8/figures/fig3_source_data.tsv
B_power	Se0.7_Sp0.8		kappa	0.2857047058487503				outputs_round8/figures/fig3_source_data.tsv
B_power_n	Se0.7_Sp0.8	145	kappa	0.2857047058487503				outputs_round8/figures/fig3_source_data.tsv
B_power	Se0.7_Sp0.8		kappa	0.2910773776618905				outputs_round8/figures/fig3_source_data.tsv
B_power_n	Se0.7_Sp0.8	150	kappa	0.2910773776618905				outputs_round8/figures/fig3_source_data.tsv
B_power	Se0.7_Sp0.8		kappa	0.2962836837964789				outputs_round8/figures/fig3_source_data.tsv
B_power_n	Se0.7_Sp0.8	155	kappa	0.2962836837964789				outputs_round8/figures/fig3_source_data.tsv
B_power	Se0.7_Sp0.8		kappa	0.3013306660927033				outputs_round8/figures/fig3_source_data.tsv
B_power_n	Se0.7_Sp0.8	160	kappa	0.3013306660927033				outputs_round8/figures/fig3_source_data.tsv
B_power	Se0.7_Sp0.8		kappa	0.3062249759336177				outputs_round8/figures/fig3_source_data.tsv
B_power_n	Se0.7_Sp0.8	165	kappa	0.3062249759336177				outputs_round8/figures/fig3_source_data.tsv
B_power	Se0.7_Sp0.8		kappa	0.3109729009329185				outputs_round8/figures/fig3_source_data.tsv
B_power_n	Se0.7_Sp0.8	170	kappa	0.3109729009329185				outputs_round8/figures/fig3_source_data.tsv
B_power	Se0.7_Sp0.8		kappa	0.3155803894633275				outputs_round8/figures/fig3_source_data.tsv
B_power_n	Se0.7_Sp0.8	175	kappa	0.3155803894633275				outputs_round8/figures/fig3_source_data.tsv
B_power	Se0.7_Sp0.8		kappa	0.3200530732267087				outputs_round8/figures/fig3_source_data.tsv
B_power_n	Se0.7_Sp0.8	180	kappa	0.3200530732267087				outputs_round8/figures/fig3_source_data.tsv
B_power	Se0.7_Sp0.8		kappa	0.3243962880459267				outputs_round8/figures/fig3_source_data.tsv
B_power_n	Se0.7_Sp0.8	185	kappa	0.3243962880459267				outputs_round8/figures/fig3_source_data.tsv
B_power	Se0.7_Sp0.8		kappa	0.3286150930397843				outputs_round8/figures/fig3_source_data.tsv
B_power_n	Se0.7_Sp0.8	190	kappa	0.3286150930397843				outputs_round8/figures/fig3_source_data.tsv
B_power	Se0.7_Sp0.8		kappa	0.3327142883258578				outputs_round8/figures/fig3_source_data.tsv
B_power_n	Se0.7_Sp0.8	195	kappa	0.3327142883258578				outputs_round8/figures/fig3_source_data.tsv
B_power	Se0.7_Sp0.8		kappa	0.3366984313814256				outputs_round8/figures/fig3_source_data.tsv
B_power_n	Se0.7_Sp0.8	200	kappa	0.3366984313814256				outputs_round8/figures/fig3_source_data.tsv
B_power	Se0.7_Sp0.8		kappa	0.3710683900870481				outputs_round8/figures/fig3_source_data.tsv
B_power_n	Se0.7_Sp0.8	250	kappa	0.3710683900870481				outputs_round8/figures/fig3_source_data.tsv
B_power	Se0.7_Sp0.8		kappa	0.3976103285130042				outputs_round8/figures/fig3_source_data.tsv
B_power_n	Se0.7_Sp0.8	300	kappa	0.3976103285130042				outputs_round8/figures/fig3_source_data.tsv
B_power	Se0.7_Sp0.8		kappa	0.418492442518832				outputs_round8/figures/fig3_source_data.tsv
B_power_n	Se0.7_Sp0.8	350	kappa	0.418492442518832				outputs_round8/figures/fig3_source_data.tsv
B_power	Se0.7_Sp0.8		kappa	0.4351546444530581				outputs_round8/figures/fig3_source_data.tsv
B_power_n	Se0.7_Sp0.8	400	kappa	0.4351546444530581				outputs_round8/figures/fig3_source_data.tsv
B_power	Se0.7_Sp0.8		kappa	0.4485905210435448				outputs_round8/figures/fig3_source_data.tsv
B_power_n	Se0.7_Sp0.8	450	kappa	0.4485905210435448				outputs_round8/figures/fig3_source_data.tsv
B_power	Se0.7_Sp0.8		kappa	0.4595077166405121				outputs_round8/figures/fig3_source_data.tsv
B_power_n	Se0.7_Sp0.8	500	kappa	0.4595077166405121				outputs_round8/figures/fig3_source_data.tsv
B_power	Se0.7_Sp0.8		kappa	0.4684237986486207				outputs_round8/figures/fig3_source_data.tsv
B_power_n	Se0.7_Sp0.8	550	kappa	0.4684237986486207				outputs_round8/figures/fig3_source_data.tsv
B_power	Se0.7_Sp0.8		kappa	0.4757259818344634				outputs_round8/figures/fig3_source_data.tsv
B_power_n	Se0.7_Sp0.8	600	kappa	0.4757259818344634				outputs_round8/figures/fig3_source_data.tsv
B_power	Se0.7_Sp0.8		kappa	0.4817096676358986				outputs_round8/figures/fig3_source_data.tsv
B_power_n	Se0.7_Sp0.8	650	kappa	0.4817096676358986				outputs_round8/figures/fig3_source_data.tsv
B_power	Se0.7_Sp0.8		kappa	0.4866040760247311				outputs_round8/figures/fig3_source_data.tsv
B_power_n	Se0.7_Sp0.8	700	kappa	0.4866040760247311				outputs_round8/figures/fig3_source_data.tsv
B_power	Se0.7_Sp0.8		kappa	0.4905897465918444				outputs_round8/figures/fig3_source_data.tsv
B_power_n	Se0.7_Sp0.8	750	kappa	0.4905897465918444				outputs_round8/figures/fig3_source_data.tsv
B_power	Se0.7_Sp0.8		kappa	0.493810766734583				outputs_round8/figures/fig3_source_data.tsv
B_power_n	Se0.7_Sp0.8	800	kappa	0.493810766734583				outputs_round8/figures/fig3_source_data.tsv
B_power	Se0.7_Sp0.8		kappa	0.4963834917033046				outputs_round8/figures/fig3_source_data.tsv
B_power_n	Se0.7_Sp0.8	850	kappa	0.4963834917033046				outputs_round8/figures/fig3_source_data.tsv
B_power	Se0.7_Sp0.8		kappa	0.4984028770550394				outputs_round8/figures/fig3_source_data.tsv
B_power_n	Se0.7_Sp0.8	900	kappa	0.4984028770550394				outputs_round8/figures/fig3_source_data.tsv
B_power	Se0.7_Sp0.8		kappa	0.4999471528661943				outputs_round8/figures/fig3_source_data.tsv
B_power_n	Se0.7_Sp0.8	950	kappa	0.4999471528661943				outputs_round8/figures/fig3_source_data.tsv
B_power	Se0.7_Sp0.8		kappa	0.5010813250779836				outputs_round8/figures/fig3_source_data.tsv
B_power_n	Se0.7_Sp0.8	1000	kappa	0.5010813250779836				outputs_round8/figures/fig3_source_data.tsv
B_power	Se0.7_Sp0.8		kappa	0.5018598335006199				outputs_round8/figures/fig3_source_data.tsv
B_power_n	Se0.7_Sp0.8	1050	kappa	0.5018598335006199				outputs_round8/figures/fig3_source_data.tsv
B_power	Se0.7_Sp0.8		kappa	0.5023285942781359				outputs_round8/figures/fig3_source_data.tsv
B_power_n	Se0.7_Sp0.8	1100	kappa	0.5023285942781359				outputs_round8/figures/fig3_source_data.tsv
B_power	Se0.7_Sp0.8		kappa	0.5025265869062541				outputs_round8/figures/fig3_source_data.tsv
B_power_n	Se0.7_Sp0.8	1150	kappa	0.5025265869062541				outputs_round8/figures/fig3_source_data.tsv
B_power	Se0.7_Sp0.8		kappa	0.5024871000160459				outputs_round8/figures/fig3_source_data.tsv
B_power_n	Se0.7_Sp0.8	1200	kappa	0.5024871000160459				outputs_round8/figures/fig3_source_data.tsv
B_power	Se0.7_Sp0.8		kappa	0.5022387185366437				outputs_round8/figures/fig3_source_data.tsv
B_power_n	Se0.7_Sp0.8	1250	kappa	0.5022387185366437				outputs_round8/figures/fig3_source_data.tsv
B_power	Se0.7_Sp0.8		kappa	0.501806112757488				outputs_round8/figures/fig3_source_data.tsv
B_power_n	Se0.7_Sp0.8	1300	kappa	0.501806112757488				outputs_round8/figures/fig3_source_data.tsv
B_power	Se0.7_Sp0.8		kappa	0.5012106741494162				outputs_round8/figures/fig3_source_data.tsv
B_power_n	Se0.7_Sp0.8	1350	kappa	0.5012106741494162				outputs_round8/figures/fig3_source_data.tsv
B_power	Se0.7_Sp0.8		kappa	0.5004710315591148				outputs_round8/figures/fig3_source_data.tsv
B_power_n	Se0.7_Sp0.8	1400	kappa	0.5004710315591148				outputs_round8/figures/fig3_source_data.tsv
B_power	Se0.7_Sp0.8		kappa	0.4996034732213407				outputs_round8/figures/fig3_source_data.tsv
B_power_n	Se0.7_Sp0.8	1450	kappa	0.4996034732213407				outputs_round8/figures/fig3_source_data.tsv
B_power	Se0.7_Sp0.8		kappa	0.4986222940312816				outputs_round8/figures/fig3_source_data.tsv
B_power_n	Se0.7_Sp0.8	1500	kappa	0.4986222940312816				outputs_round8/figures/fig3_source_data.tsv
B_power	Se0.7_Sp0.8		kappa	0.4975400830645126				outputs_round8/figures/fig3_source_data.tsv
B_power_n	Se0.7_Sp0.8	1550	kappa	0.4975400830645126				outputs_round8/figures/fig3_source_data.tsv
B_power	Se0.7_Sp0.8		kappa	0.4963679629934744				outputs_round8/figures/fig3_source_data.tsv
B_power_n	Se0.7_Sp0.8	1600	kappa	0.4963679629934744				outputs_round8/figures/fig3_source_data.tsv
B_power	Se0.7_Sp0.8		kappa	0.4951157905247925				outputs_round8/figures/fig3_source_data.tsv
B_power_n	Se0.7_Sp0.8	1650	kappa	0.4951157905247925				outputs_round8/figures/fig3_source_data.tsv
B_power	Se0.7_Sp0.8		kappa	0.4937923250564335				outputs_round8/figures/fig3_source_data.tsv
B_power_n	Se0.7_Sp0.8	1700	kappa	0.4937923250564335				outputs_round8/figures/fig3_source_data.tsv
B_power	Se0.7_Sp0.8		kappa	0.4924053712736501				outputs_round8/figures/fig3_source_data.tsv
B_power_n	Se0.7_Sp0.8	1750	kappa	0.4924053712736501				outputs_round8/figures/fig3_source_data.tsv
B_power	Se0.7_Sp0.8		kappa	0.4909619002563455				outputs_round8/figures/fig3_source_data.tsv
B_power_n	Se0.7_Sp0.8	1800	kappa	0.4909619002563455				outputs_round8/figures/fig3_source_data.tsv
B_power	Se0.7_Sp0.8		kappa	0.4894681527763172				outputs_round8/figures/fig3_source_data.tsv
B_power_n	Se0.7_Sp0.8	1850	kappa	0.4894681527763172				outputs_round8/figures/fig3_source_data.tsv
B_power	Se0.7_Sp0.8		kappa	0.4879297277606768				outputs_round8/figures/fig3_source_data.tsv
B_power_n	Se0.7_Sp0.8	1900	kappa	0.4879297277606768				outputs_round8/figures/fig3_source_data.tsv
B_power	Se0.7_Sp0.8		kappa	0.486351658342833				outputs_round8/figures/fig3_source_data.tsv
B_power_n	Se0.7_Sp0.8	1950	kappa	0.486351658342833				outputs_round8/figures/fig3_source_data.tsv
B_power	Se0.7_Sp0.8		kappa	0.4847384774812501				outputs_round8/figures/fig3_source_data.tsv
B_power_n	Se0.7_Sp0.8	2000	kappa	0.4847384774812501				outputs_round8/figures/fig3_source_data.tsv
B_power	Se0.7_Sp0.8		kappa	0.4674098299665161				outputs_round8/figures/fig3_source_data.tsv
B_power_n	Se0.7_Sp0.8	2500	kappa	0.4674098299665161				outputs_round8/figures/fig3_source_data.tsv
B_power	Se0.7_Sp0.8		kappa	0.4493468988267137				outputs_round8/figures/fig3_source_data.tsv
B_power_n	Se0.7_Sp0.8	3000	kappa	0.4493468988267137				outputs_round8/figures/fig3_source_data.tsv
B_power	Se0.7_Sp0.8		kappa	0.4316123004427836				outputs_round8/figures/fig3_source_data.tsv
B_power_n	Se0.7_Sp0.8	3500	kappa	0.4316123004427836				outputs_round8/figures/fig3_source_data.tsv
B_power	Se0.7_Sp0.8		kappa	0.4146390584418076				outputs_round8/figures/fig3_source_data.tsv
B_power_n	Se0.7_Sp0.8	4000	kappa	0.4146390584418076				outputs_round8/figures/fig3_source_data.tsv
B_power	Se0.7_Sp0.8		kappa	0.3985898182519745				outputs_round8/figures/fig3_source_data.tsv
B_power_n	Se0.7_Sp0.8	4500	kappa	0.3985898182519745				outputs_round8/figures/fig3_source_data.tsv
B_power	Se0.7_Sp0.8		kappa	0.3835032005436846				outputs_round8/figures/fig3_source_data.tsv
B_power_n	Se0.7_Sp0.8	5000	kappa	0.3835032005436846				outputs_round8/figures/fig3_source_data.tsv
B_power	Se0.7_Sp0.8		kappa	0.3693594939554838				outputs_round8/figures/fig3_source_data.tsv
B_power_n	Se0.7_Sp0.8	5500	kappa	0.3693594939554838				outputs_round8/figures/fig3_source_data.tsv
B_power	Se0.7_Sp0.8		kappa	0.3561121412095362				outputs_round8/figures/fig3_source_data.tsv
B_power_n	Se0.7_Sp0.8	6000	kappa	0.3561121412095362				outputs_round8/figures/fig3_source_data.tsv
B_power	Se0.7_Sp0.8		kappa	0.3437034767239646				outputs_round8/figures/fig3_source_data.tsv
B_power_n	Se0.7_Sp0.8	6500	kappa	0.3437034767239646				outputs_round8/figures/fig3_source_data.tsv
B_power	Se0.7_Sp0.8		kappa	0.3320727590948868				outputs_round8/figures/fig3_source_data.tsv
B_power_n	Se0.7_Sp0.8	7000	kappa	0.3320727590948868				outputs_round8/figures/fig3_source_data.tsv
B_power	Se0.7_Sp0.8		kappa	0.3211602618854123				outputs_round8/figures/fig3_source_data.tsv
B_power_n	Se0.7_Sp0.8	7500	kappa	0.3211602618854123				outputs_round8/figures/fig3_source_data.tsv
B_power	Se0.7_Sp0.8		kappa	0.3109092842476372				outputs_round8/figures/fig3_source_data.tsv
B_power_n	Se0.7_Sp0.8	8000	kappa	0.3109092842476372				outputs_round8/figures/fig3_source_data.tsv
B_power	Se0.7_Sp0.8		kappa	0.3012670431070099				outputs_round8/figures/fig3_source_data.tsv
B_power_n	Se0.7_Sp0.8	8500	kappa	0.3012670431070099				outputs_round8/figures/fig3_source_data.tsv
B_power	Se0.7_Sp0.8		kappa	0.2921849607735546				outputs_round8/figures/fig3_source_data.tsv
B_power_n	Se0.7_Sp0.8	9000	kappa	0.2921849607735546				outputs_round8/figures/fig3_source_data.tsv
B_power	Se0.7_Sp0.8		kappa	0.2836186295066132				outputs_round8/figures/fig3_source_data.tsv
B_power_n	Se0.7_Sp0.8	9500	kappa	0.2836186295066132				outputs_round8/figures/fig3_source_data.tsv
B_power	Se0.7_Sp0.8		kappa	0.2755276099040274				outputs_round8/figures/fig3_source_data.tsv
B_power_n	Se0.7_Sp0.8	10000	kappa	0.2755276099040274				outputs_round8/figures/fig3_source_data.tsv
B_power	Se0.7_Sp0.8		kappa	0.2678751512706736				outputs_round8/figures/fig3_source_data.tsv
B_power_n	Se0.7_Sp0.8	10500	kappa	0.2678751512706736				outputs_round8/figures/fig3_source_data.tsv
B_power	Se0.7_Sp0.8		kappa	0.260627883432397				outputs_round8/figures/fig3_source_data.tsv
B_power_n	Se0.7_Sp0.8	11000	kappa	0.260627883432397				outputs_round8/figures/fig3_source_data.tsv
B_power	Se0.7_Sp0.8		kappa	0.2537555073381972				outputs_round8/figures/fig3_source_data.tsv
B_power_n	Se0.7_Sp0.8	11500	kappa	0.2537555073381972				outputs_round8/figures/fig3_source_data.tsv
B_power	Se0.7_Sp0.8		kappa	0.2472304990191803				outputs_round8/figures/fig3_source_data.tsv
B_power_n	Se0.7_Sp0.8	12000	kappa	0.2472304990191803				outputs_round8/figures/fig3_source_data.tsv
B_power	Se0.7_Sp0.8		kappa	0.2410278340725174				outputs_round8/figures/fig3_source_data.tsv
B_power_n	Se0.7_Sp0.8	12500	kappa	0.2410278340725174				outputs_round8/figures/fig3_source_data.tsv
B_power	Se0.7_Sp0.8		kappa	0.2351247355720651				outputs_round8/figures/fig3_source_data.tsv
B_power_n	Se0.7_Sp0.8	13000	kappa	0.2351247355720651				outputs_round8/figures/fig3_source_data.tsv
B_power	Se0.7_Sp0.8		kappa	0.2295004458865807				outputs_round8/figures/fig3_source_data.tsv
B_power_n	Se0.7_Sp0.8	13500	kappa	0.2295004458865807				outputs_round8/figures/fig3_source_data.tsv
B_power	Se0.7_Sp0.8		kappa	0.2241360215592483				outputs_round8/figures/fig3_source_data.tsv
B_power_n	Se0.7_Sp0.8	14000	kappa	0.2241360215592483				outputs_round8/figures/fig3_source_data.tsv
B_power	Se0.7_Sp0.8		kappa	0.2190141497229719				outputs_round8/figures/fig3_source_data.tsv
B_power_n	Se0.7_Sp0.8	14500	kappa	0.2190141497229719				outputs_round8/figures/fig3_source_data.tsv
B_power	Se0.7_Sp0.8		kappa	0.2141189842281755				outputs_round8/figures/fig3_source_data.tsv
B_power_n	Se0.7_Sp0.8	15000	kappa	0.2141189842281755				outputs_round8/figures/fig3_source_data.tsv
B_power	Se0.7_Sp0.8		kappa	0.20943599958324				outputs_round8/figures/fig3_source_data.tsv
B_power_n	Se0.7_Sp0.8	15500	kappa	0.20943599958324				outputs_round8/figures/fig3_source_data.tsv
B_power	Se0.7_Sp0.8		kappa	0.2049518608552539				outputs_round8/figures/fig3_source_data.tsv
B_power_n	Se0.7_Sp0.8	16000	kappa	0.2049518608552539				outputs_round8/figures/fig3_source_data.tsv
B_power	Se0.7_Sp0.8		kappa	0.2006543077919968				outputs_round8/figures/fig3_source_data.tsv
B_power_n	Se0.7_Sp0.8	16500	kappa	0.2006543077919968				outputs_round8/figures/fig3_source_data.tsv
B_power	Se0.7_Sp0.8		kappa	0.1965320515700102				outputs_round8/figures/fig3_source_data.tsv
B_power_n	Se0.7_Sp0.8	17000	kappa	0.1965320515700102				outputs_round8/figures/fig3_source_data.tsv
B_power	Se0.7_Sp0.8		kappa	0.1925746827275464				outputs_round8/figures/fig3_source_data.tsv
B_power_n	Se0.7_Sp0.8	17500	kappa	0.1925746827275464				outputs_round8/figures/fig3_source_data.tsv
B_power	Se0.7_Sp0.8		kappa	0.1887725889933205				outputs_round8/figures/fig3_source_data.tsv
B_power_n	Se0.7_Sp0.8	18000	kappa	0.1887725889933205				outputs_round8/figures/fig3_source_data.tsv
B_power	Se0.7_Sp0.8		kappa	0.1851168818658474				outputs_round8/figures/fig3_source_data.tsv
B_power_n	Se0.7_Sp0.8	18500	kappa	0.1851168818658474				outputs_round8/figures/fig3_source_data.tsv
B_power	Se0.7_Sp0.8		kappa	0.1815993309305571				outputs_round8/figures/fig3_source_data.tsv
B_power_n	Se0.7_Sp0.8	19000	kappa	0.1815993309305571				outputs_round8/figures/fig3_source_data.tsv
B_power	Se0.7_Sp0.8		kappa	0.1782123050216837				outputs_round8/figures/fig3_source_data.tsv
B_power_n	Se0.7_Sp0.8	19500	kappa	0.1782123050216837				outputs_round8/figures/fig3_source_data.tsv
B_power	Se0.7_Sp0.8		kappa	0.1749487194430008				outputs_round8/figures/fig3_source_data.tsv
B_power_n	Se0.7_Sp0.8	20000	kappa	0.1749487194430008				outputs_round8/figures/fig3_source_data.tsv
B_power	Se0.7_Sp0.9		kappa	0.0				outputs_round8/figures/fig3_source_data.tsv
B_power_n	Se0.7_Sp0.9	0	kappa	0.0				outputs_round8/figures/fig3_source_data.tsv
B_power	Se0.7_Sp0.9		kappa	0.02043578451839				outputs_round8/figures/fig3_source_data.tsv
B_power_n	Se0.7_Sp0.9	5	kappa	0.02043578451839				outputs_round8/figures/fig3_source_data.tsv
B_power	Se0.7_Sp0.9		kappa	0.0397864127171643				outputs_round8/figures/fig3_source_data.tsv
B_power_n	Se0.7_Sp0.9	10	kappa	0.0397864127171643				outputs_round8/figures/fig3_source_data.tsv
B_power	Se0.7_Sp0.9		kappa	0.0581350969274501				outputs_round8/figures/fig3_source_data.tsv
B_power_n	Se0.7_Sp0.9	15	kappa	0.0581350969274501				outputs_round8/figures/fig3_source_data.tsv
B_power	Se0.7_Sp0.9		kappa	0.0755567548691248				outputs_round8/figures/fig3_source_data.tsv
B_power_n	Se0.7_Sp0.9	20	kappa	0.0755567548691248				outputs_round8/figures/fig3_source_data.tsv
B_power	Se0.7_Sp0.9		kappa	0.0921190180293301				outputs_round8/figures/fig3_source_data.tsv
B_power_n	Se0.7_Sp0.9	25	kappa	0.0921190180293301				outputs_round8/figures/fig3_source_data.tsv
B_power	Se0.7_Sp0.9		kappa	0.1078830964261836				outputs_round8/figures/fig3_source_data.tsv
B_power_n	Se0.7_Sp0.9	30	kappa	0.1078830964261836				outputs_round8/figures/fig3_source_data.tsv
B_power	Se0.7_Sp0.9		kappa	0.1229045230671909				outputs_round8/figures/fig3_source_data.tsv
B_power_n	Se0.7_Sp0.9	35	kappa	0.1229045230671909				outputs_round8/figures/fig3_source_data.tsv
B_power	Se0.7_Sp0.9		kappa	0.1372337971861303				outputs_round8/figures/fig3_source_data.tsv
B_power_n	Se0.7_Sp0.9	40	kappa	0.1372337971861303				outputs_round8/figures/fig3_source_data.tsv
B_power	Se0.7_Sp0.9		kappa	0.1509169419591547				outputs_round8/figures/fig3_source_data.tsv
B_power_n	Se0.7_Sp0.9	45	kappa	0.1509169419591547				outputs_round8/figures/fig3_source_data.tsv
B_power	Se0.7_Sp0.9		kappa	0.1639959896778994				outputs_round8/figures/fig3_source_data.tsv
B_power_n	Se0.7_Sp0.9	50	kappa	0.1639959896778994				outputs_round8/figures/fig3_source_data.tsv
B_power	Se0.7_Sp0.9		kappa	0.1765094051544274				outputs_round8/figures/fig3_source_data.tsv
B_power_n	Se0.7_Sp0.9	55	kappa	0.1765094051544274				outputs_round8/figures/fig3_source_data.tsv
B_power	Se0.7_Sp0.9		kappa	0.1884924563418206				outputs_round8/figures/fig3_source_data.tsv
B_power_n	Se0.7_Sp0.9	60	kappa	0.1884924563418206				outputs_round8/figures/fig3_source_data.tsv
B_power	Se0.7_Sp0.9		kappa	0.1999775396913243				outputs_round8/figures/fig3_source_data.tsv
B_power_n	Se0.7_Sp0.9	65	kappa	0.1999775396913243				outputs_round8/figures/fig3_source_data.tsv
B_power	Se0.7_Sp0.9		kappa	0.2109944665666857				outputs_round8/figures/fig3_source_data.tsv
B_power_n	Se0.7_Sp0.9	70	kappa	0.2109944665666857				outputs_round8/figures/fig3_source_data.tsv
B_power	Se0.7_Sp0.9		kappa	0.2215707160473519				outputs_round8/figures/fig3_source_data.tsv
B_power_n	Se0.7_Sp0.9	75	kappa	0.2215707160473519				outputs_round8/figures/fig3_source_data.tsv
B_power	Se0.7_Sp0.9		kappa	0.2317316586339517				outputs_round8/figures/fig3_source_data.tsv
B_power_n	Se0.7_Sp0.9	80	kappa	0.2317316586339517				outputs_round8/figures/fig3_source_data.tsv
B_power	Se0.7_Sp0.9		kappa	0.2415007546898583				outputs_round8/figures/fig3_source_data.tsv
B_power_n	Se0.7_Sp0.9	85	kappa	0.2415007546898583				outputs_round8/figures/fig3_source_data.tsv
B_power	Se0.7_Sp0.9		kappa	0.2508997308860263				outputs_round8/figures/fig3_source_data.tsv
B_power_n	Se0.7_Sp0.9	90	kappa	0.2508997308860263				outputs_round8/figures/fig3_source_data.tsv
B_power	Se0.7_Sp0.9		kappa	0.2599487374421462				outputs_round8/figures/fig3_source_data.tsv
B_power_n	Se0.7_Sp0.9	95	kappa	0.2599487374421462				outputs_round8/figures/fig3_source_data.tsv
B_power	Se0.7_Sp0.9		kappa	0.2686664885590975				outputs_round8/figures/fig3_source_data.tsv
B_power_n	Se0.7_Sp0.9	100	kappa	0.2686664885590975				outputs_round8/figures/fig3_source_data.tsv
B_power	Se0.7_Sp0.9		kappa	0.2770703881022714				outputs_round8/figures/fig3_source_data.tsv
B_power_n	Se0.7_Sp0.9	105	kappa	0.2770703881022714				outputs_round8/figures/fig3_source_data.tsv
B_power	Se0.7_Sp0.9		kappa	0.2851766423119132				outputs_round8/figures/fig3_source_data.tsv
B_power_n	Se0.7_Sp0.9	110	kappa	0.2851766423119132				outputs_round8/figures/fig3_source_data.tsv
B_power	Se0.7_Sp0.9		kappa	0.2930003610762881				outputs_round8/figures/fig3_source_data.tsv
B_power_n	Se0.7_Sp0.9	115	kappa	0.2930003610762881				outputs_round8/figures/fig3_source_data.tsv
B_power	Se0.7_Sp0.9		kappa	0.300555649099175				outputs_round8/figures/fig3_source_data.tsv
B_power_n	Se0.7_Sp0.9	120	kappa	0.300555649099175				outputs_round8/figures/fig3_source_data.tsv
B_power	Se0.7_Sp0.9		kappa	0.3078556881189045				outputs_round8/figures/fig3_source_data.tsv
B_power_n	Se0.7_Sp0.9	125	kappa	0.3078556881189045				outputs_round8/figures/fig3_source_data.tsv
B_power	Se0.7_Sp0.9		kappa	0.3149128111871739				outputs_round8/figures/fig3_source_data.tsv
B_power_n	Se0.7_Sp0.9	130	kappa	0.3149128111871739				outputs_round8/figures/fig3_source_data.tsv
B_power	Se0.7_Sp0.9		kappa	0.3217385698880788				outputs_round8/figures/fig3_source_data.tsv
B_power_n	Se0.7_Sp0.9	135	kappa	0.3217385698880788				outputs_round8/figures/fig3_source_data.tsv
B_power	Se0.7_Sp0.9		kappa	0.3283437952679863				outputs_round8/figures/fig3_source_data.tsv
B_power_n	Se0.7_Sp0.9	140	kappa	0.3283437952679863				outputs_round8/figures/fig3_source_data.tsv
B_power	Se0.7_Sp0.9		kappa	0.3347386531522092				outputs_round8/figures/fig3_source_data.tsv
B_power_n	Se0.7_Sp0.9	145	kappa	0.3347386531522092				outputs_round8/figures/fig3_source_data.tsv
B_power	Se0.7_Sp0.9		kappa	0.3409326944426537				outputs_round8/figures/fig3_source_data.tsv
B_power_n	Se0.7_Sp0.9	150	kappa	0.3409326944426537				outputs_round8/figures/fig3_source_data.tsv
B_power	Se0.7_Sp0.9		kappa	0.3469349009198266				outputs_round8/figures/fig3_source_data.tsv
B_power_n	Se0.7_Sp0.9	155	kappa	0.3469349009198266				outputs_round8/figures/fig3_source_data.tsv
B_power	Se0.7_Sp0.9		kappa	0.3527537270111038				outputs_round8/figures/fig3_source_data.tsv
B_power_n	Se0.7_Sp0.9	160	kappa	0.3527537270111038				outputs_round8/figures/fig3_source_data.tsv
B_power	Se0.7_Sp0.9		kappa	0.3583971379337293				outputs_round8/figures/fig3_source_data.tsv
B_power_n	Se0.7_Sp0.9	165	kappa	0.3583971379337293				outputs_round8/figures/fig3_source_data.tsv
B_power	Se0.7_Sp0.9		kappa	0.3638726445743987				outputs_round8/figures/fig3_source_data.tsv
B_power_n	Se0.7_Sp0.9	170	kappa	0.3638726445743987				outputs_round8/figures/fig3_source_data.tsv
B_power	Se0.7_Sp0.9		kappa	0.3691873354266015				outputs_round8/figures/fig3_source_data.tsv
B_power_n	Se0.7_Sp0.9	175	kappa	0.3691873354266015				outputs_round8/figures/fig3_source_data.tsv
B_power	Se0.7_Sp0.9		kappa	0.3743479058712501				outputs_round8/figures/fig3_source_data.tsv
B_power_n	Se0.7_Sp0.9	180	kappa	0.3743479058712501				outputs_round8/figures/fig3_source_data.tsv
B_power	Se0.7_Sp0.9		kappa	0.3793606850549186				outputs_round8/figures/fig3_source_data.tsv
B_power_n	Se0.7_Sp0.9	185	kappa	0.3793606850549186				outputs_round8/figures/fig3_source_data.tsv
B_power	Se0.7_Sp0.9		kappa	0.3842316605925342				outputs_round8/figures/fig3_source_data.tsv
B_power_n	Se0.7_Sp0.9	190	kappa	0.3842316605925342				outputs_round8/figures/fig3_source_data.tsv
B_power	Se0.7_Sp0.9		kappa	0.3889665012972361				outputs_round8/figures/fig3_source_data.tsv
B_power_n	Se0.7_Sp0.9	195	kappa	0.3889665012972361				outputs_round8/figures/fig3_source_data.tsv
B_power	Se0.7_Sp0.9		kappa	0.3935705781187987				outputs_round8/figures/fig3_source_data.tsv
B_power_n	Se0.7_Sp0.9	200	kappa	0.3935705781187987				outputs_round8/figures/fig3_source_data.tsv
B_power	Se0.7_Sp0.9		kappa	0.4334225876299738				outputs_round8/figures/fig3_source_data.tsv
B_power_n	Se0.7_Sp0.9	250	kappa	0.4334225876299738				outputs_round8/figures/fig3_source_data.tsv
B_power	Se0.7_Sp0.9		kappa	0.4644838959399944				outputs_round8/figures/fig3_source_data.tsv
B_power_n	Se0.7_Sp0.9	300	kappa	0.4644838959399944				outputs_round8/figures/fig3_source_data.tsv
B_power	Se0.7_Sp0.9		kappa	0.4892438304914022				outputs_round8/figures/fig3_source_data.tsv
B_power_n	Se0.7_Sp0.9	350	kappa	0.4892438304914022				outputs_round8/figures/fig3_source_data.tsv
B_power	Se0.7_Sp0.9		kappa	0.5093342274027521				outputs_round8/figures/fig3_source_data.tsv
B_power_n	Se0.7_Sp0.9	400	kappa	0.5093342274027521				outputs_round8/figures/fig3_source_data.tsv
B_power	Se0.7_Sp0.9		kappa	0.5258693600081509				outputs_round8/figures/fig3_source_data.tsv
B_power_n	Se0.7_Sp0.9	450	kappa	0.5258693600081509				outputs_round8/figures/fig3_source_data.tsv
B_power	Se0.7_Sp0.9		kappa	0.5396360404318905				outputs_round8/figures/fig3_source_data.tsv
B_power_n	Se0.7_Sp0.9	500	kappa	0.5396360404318905				outputs_round8/figures/fig3_source_data.tsv
B_power	Se0.7_Sp0.9		kappa	0.5512056658945531				outputs_round8/figures/fig3_source_data.tsv
B_power_n	Se0.7_Sp0.9	550	kappa	0.5512056658945531				outputs_round8/figures/fig3_source_data.tsv
B_power	Se0.7_Sp0.9		kappa	0.5610032057326042				outputs_round8/figures/fig3_source_data.tsv
B_power_n	Se0.7_Sp0.9	600	kappa	0.5610032057326042				outputs_round8/figures/fig3_source_data.tsv
B_power	Se0.7_Sp0.9		kappa	0.5693512726215463				outputs_round8/figures/fig3_source_data.tsv
B_power_n	Se0.7_Sp0.9	650	kappa	0.5693512726215463				outputs_round8/figures/fig3_source_data.tsv
B_power	Se0.7_Sp0.9		kappa	0.5764991804668514				outputs_round8/figures/fig3_source_data.tsv
B_power_n	Se0.7_Sp0.9	700	kappa	0.5764991804668514				outputs_round8/figures/fig3_source_data.tsv
B_power	Se0.7_Sp0.9		kappa	0.5826426352420457				outputs_round8/figures/fig3_source_data.tsv
B_power_n	Se0.7_Sp0.9	750	kappa	0.5826426352420457				outputs_round8/figures/fig3_source_data.tsv
B_power	Se0.7_Sp0.9		kappa	0.5879374019589682				outputs_round8/figures/fig3_source_data.tsv
B_power_n	Se0.7_Sp0.9	800	kappa	0.5879374019589682				outputs_round8/figures/fig3_source_data.tsv
B_power	Se0.7_Sp0.9		kappa	0.5925089934400791				outputs_round8/figures/fig3_source_data.tsv
B_power_n	Se0.7_Sp0.9	850	kappa	0.5925089934400791				outputs_round8/figures/fig3_source_data.tsv
B_power	Se0.7_Sp0.9		kappa	0.5964596693575112				outputs_round8/figures/fig3_source_data.tsv
B_power_n	Se0.7_Sp0.9	900	kappa	0.5964596693575112				outputs_round8/figures/fig3_source_data.tsv
B_power	Se0.7_Sp0.9		kappa	0.5998735781689529				outputs_round8/figures/fig3_source_data.tsv
B_power_n	Se0.7_Sp0.9	950	kappa	0.5998735781689529				outputs_round8/figures/fig3_source_data.tsv
B_power	Se0.7_Sp0.9		kappa	0.6028205924865253				outputs_round8/figures/fig3_source_data.tsv
B_power_n	Se0.7_Sp0.9	1000	kappa	0.6028205924865253				outputs_round8/figures/fig3_source_data.tsv
B_power	Se0.7_Sp0.9		kappa	0.6053592094720913				outputs_round8/figures/fig3_source_data.tsv
B_power_n	Se0.7_Sp0.9	1050	kappa	0.6053592094720913				outputs_round8/figures/fig3_source_data.tsv
B_power	Se0.7_Sp0.9		kappa	0.6075387717877374				outputs_round8/figures/fig3_source_data.tsv
B_power_n	Se0.7_Sp0.9	1100	kappa	0.6075387717877374				outputs_round8/figures/fig3_source_data.tsv
B_power	Se0.7_Sp0.9		kappa	0.6094011878165035				outputs_round8/figures/fig3_source_data.tsv
B_power_n	Se0.7_Sp0.9	1150	kappa	0.6094011878165035				outputs_round8/figures/fig3_source_data.tsv
B_power	Se0.7_Sp0.9		kappa	0.6109822780910656				outputs_round8/figures/fig3_source_data.tsv
B_power_n	Se0.7_Sp0.9	1200	kappa	0.6109822780910656				outputs_round8/figures/fig3_source_data.tsv
B_power	Se0.7_Sp0.9		kappa	0.6123128393769641				outputs_round8/figures/fig3_source_data.tsv
B_power_n	Se0.7_Sp0.9	1250	kappa	0.6123128393769641				outputs_round8/figures/fig3_source_data.tsv
B_power	Se0.7_Sp0.9		kappa	0.6134194931523961				outputs_round8/figures/fig3_source_data.tsv
B_power_n	Se0.7_Sp0.9	1300	kappa	0.6134194931523961				outputs_round8/figures/fig3_source_data.tsv
B_power	Se0.7_Sp0.9		kappa	0.614325367785011				outputs_round8/figures/fig3_source_data.tsv
B_power_n	Se0.7_Sp0.9	1350	kappa	0.614325367785011				outputs_round8/figures/fig3_source_data.tsv
B_power	Se0.7_Sp0.9		kappa	0.6150506512301015				outputs_round8/figures/fig3_source_data.tsv
B_power_n	Se0.7_Sp0.9	1400	kappa	0.6150506512301015				outputs_round8/figures/fig3_source_data.tsv
B_power	Se0.7_Sp0.9		kappa	0.615613042041471				outputs_round8/figures/fig3_source_data.tsv
B_power_n	Se0.7_Sp0.9	1450	kappa	0.615613042041471				outputs_round8/figures/fig3_source_data.tsv
B_power	Se0.7_Sp0.9		kappa	0.6160281198718248				outputs_round8/figures/fig3_source_data.tsv
B_power_n	Se0.7_Sp0.9	1500	kappa	0.6160281198718248				outputs_round8/figures/fig3_source_data.tsv
B_power	Se0.7_Sp0.9		kappa	0.6163096517449507				outputs_round8/figures/fig3_source_data.tsv
B_power_n	Se0.7_Sp0.9	1550	kappa	0.6163096517449507				outputs_round8/figures/fig3_source_data.tsv
B_power	Se0.7_Sp0.9		kappa	0.6164698467243565				outputs_round8/figures/fig3_source_data.tsv
B_power_n	Se0.7_Sp0.9	1600	kappa	0.6164698467243565				outputs_round8/figures/fig3_source_data.tsv
B_power	Se0.7_Sp0.9		kappa	0.616519568844489				outputs_round8/figures/fig3_source_data.tsv
B_power_n	Se0.7_Sp0.9	1650	kappa	0.616519568844489				outputs_round8/figures/fig3_source_data.tsv
B_power	Se0.7_Sp0.9		kappa	0.616468516072215				outputs_round8/figures/fig3_source_data.tsv
B_power_n	Se0.7_Sp0.9	1700	kappa	0.616468516072215				outputs_round8/figures/fig3_source_data.tsv
B_power	Se0.7_Sp0.9		kappa	0.6163253714568846				outputs_round8/figures/fig3_source_data.tsv
B_power_n	Se0.7_Sp0.9	1750	kappa	0.6163253714568846				outputs_round8/figures/fig3_source_data.tsv
B_power	Se0.7_Sp0.9		kappa	0.616097931383603				outputs_round8/figures/fig3_source_data.tsv
B_power_n	Se0.7_Sp0.9	1800	kappa	0.616097931383603				outputs_round8/figures/fig3_source_data.tsv
B_power	Se0.7_Sp0.9		kappa	0.6157932148762383				outputs_round8/figures/fig3_source_data.tsv
B_power_n	Se0.7_Sp0.9	1850	kappa	0.6157932148762383				outputs_round8/figures/fig3_source_data.tsv
B_power	Se0.7_Sp0.9		kappa	0.6154175571379773				outputs_round8/figures/fig3_source_data.tsv
B_power_n	Se0.7_Sp0.9	1900	kappa	0.6154175571379773				outputs_round8/figures/fig3_source_data.tsv
B_power	Se0.7_Sp0.9		kappa	0.6149766899187752				outputs_round8/figures/fig3_source_data.tsv
B_power_n	Se0.7_Sp0.9	1950	kappa	0.6149766899187752				outputs_round8/figures/fig3_source_data.tsv
B_power	Se0.7_Sp0.9		kappa	0.614475810824069				outputs_round8/figures/fig3_source_data.tsv
B_power_n	Se0.7_Sp0.9	2000	kappa	0.614475810824069				outputs_round8/figures/fig3_source_data.tsv
B_power	Se0.7_Sp0.9		kappa	0.6070278522062317				outputs_round8/figures/fig3_source_data.tsv
B_power_n	Se0.7_Sp0.9	2500	kappa	0.6070278522062317				outputs_round8/figures/fig3_source_data.tsv
B_power	Se0.7_Sp0.9		kappa	0.5969180968177744				outputs_round8/figures/fig3_source_data.tsv
B_power_n	Se0.7_Sp0.9	3000	kappa	0.5969180968177744				outputs_round8/figures/fig3_source_data.tsv
B_power	Se0.7_Sp0.9		kappa	0.5855809307292207				outputs_round8/figures/fig3_source_data.tsv
B_power_n	Se0.7_Sp0.9	3500	kappa	0.5855809307292207				outputs_round8/figures/fig3_source_data.tsv
B_power	Se0.7_Sp0.9		kappa	0.5737322245462572				outputs_round8/figures/fig3_source_data.tsv
B_power_n	Se0.7_Sp0.9	4000	kappa	0.5737322245462572				outputs_round8/figures/fig3_source_data.tsv
B_power	Se0.7_Sp0.9		kappa	0.5617567934020061				outputs_round8/figures/fig3_source_data.tsv
B_power_n	Se0.7_Sp0.9	4500	kappa	0.5617567934020061				outputs_round8/figures/fig3_source_data.tsv
B_power	Se0.7_Sp0.9		kappa	0.5498709882521677				outputs_round8/figures/fig3_source_data.tsv
B_power_n	Se0.7_Sp0.9	5000	kappa	0.5498709882521677				outputs_round8/figures/fig3_source_data.tsv
B_power	Se0.7_Sp0.9		kappa	0.5381990437407667				outputs_round8/figures/fig3_source_data.tsv
B_power_n	Se0.7_Sp0.9	5500	kappa	0.5381990437407667				outputs_round8/figures/fig3_source_data.tsv
B_power	Se0.7_Sp0.9		kappa	0.526812078605674				outputs_round8/figures/fig3_source_data.tsv
B_power_n	Se0.7_Sp0.9	6000	kappa	0.526812078605674				outputs_round8/figures/fig3_source_data.tsv
B_power	Se0.7_Sp0.9		kappa	0.515749358480476				outputs_round8/figures/fig3_source_data.tsv
B_power_n	Se0.7_Sp0.9	6500	kappa	0.515749358480476				outputs_round8/figures/fig3_source_data.tsv
B_power	Se0.7_Sp0.9		kappa	0.5050304998811689				outputs_round8/figures/fig3_source_data.tsv
B_power_n	Se0.7_Sp0.9	7000	kappa	0.5050304998811689				outputs_round8/figures/fig3_source_data.tsv
B_power	Se0.7_Sp0.9		kappa	0.4946627688533717				outputs_round8/figures/fig3_source_data.tsv
B_power_n	Se0.7_Sp0.9	7500	kappa	0.4946627688533717				outputs_round8/figures/fig3_source_data.tsv
B_power	Se0.7_Sp0.9		kappa	0.4846455927286868				outputs_round8/figures/fig3_source_data.tsv
B_power_n	Se0.7_Sp0.9	8000	kappa	0.4846455927286868				outputs_round8/figures/fig3_source_data.tsv
B_power	Se0.7_Sp0.9		kappa	0.4749734241060317				outputs_round8/figures/fig3_source_data.tsv
B_power_n	Se0.7_Sp0.9	8500	kappa	0.4749734241060317				outputs_round8/figures/fig3_source_data.tsv
B_power	Se0.7_Sp0.9		kappa	0.4656375974317324				outputs_round8/figures/fig3_source_data.tsv
B_power_n	Se0.7_Sp0.9	9000	kappa	0.4656375974317324				outputs_round8/figures/fig3_source_data.tsv
B_power	Se0.7_Sp0.9		kappa	0.4566275520703843				outputs_round8/figures/fig3_source_data.tsv
B_power_n	Se0.7_Sp0.9	9500	kappa	0.4566275520703843				outputs_round8/figures/fig3_source_data.tsv
B_power	Se0.7_Sp0.9		kappa	0.4479316473872028				outputs_round8/figures/fig3_source_data.tsv
B_power_n	Se0.7_Sp0.9	10000	kappa	0.4479316473872028				outputs_round8/figures/fig3_source_data.tsv
B_power	Se0.7_Sp0.9		kappa	0.4395377097499807				outputs_round8/figures/fig3_source_data.tsv
B_power_n	Se0.7_Sp0.9	10500	kappa	0.4395377097499807				outputs_round8/figures/fig3_source_data.tsv
B_power	Se0.7_Sp0.9		kappa	0.4314334003939261				outputs_round8/figures/fig3_source_data.tsv
B_power_n	Se0.7_Sp0.9	11000	kappa	0.4314334003939261				outputs_round8/figures/fig3_source_data.tsv
B_power	Se0.7_Sp0.9		kappa	0.4236064619099579				outputs_round8/figures/fig3_source_data.tsv
B_power_n	Se0.7_Sp0.9	11500	kappa	0.4236064619099579				outputs_round8/figures/fig3_source_data.tsv
B_power	Se0.7_Sp0.9		kappa	0.4160448815699686				outputs_round8/figures/fig3_source_data.tsv
B_power_n	Se0.7_Sp0.9	12000	kappa	0.4160448815699686				outputs_round8/figures/fig3_source_data.tsv
B_power	Se0.7_Sp0.9		kappa	0.4087369971830805				outputs_round8/figures/fig3_source_data.tsv
B_power_n	Se0.7_Sp0.9	12500	kappa	0.4087369971830805				outputs_round8/figures/fig3_source_data.tsv
B_power	Se0.7_Sp0.9		kappa	0.4016715630034957				outputs_round8/figures/fig3_source_data.tsv
B_power_n	Se0.7_Sp0.9	13000	kappa	0.4016715630034957				outputs_round8/figures/fig3_source_data.tsv
B_power	Se0.7_Sp0.9		kappa	0.394837787782738				outputs_round8/figures/fig3_source_data.tsv
B_power_n	Se0.7_Sp0.9	13500	kappa	0.394837787782738				outputs_round8/figures/fig3_source_data.tsv
B_power	Se0.7_Sp0.9		kappa	0.3882253533992553				outputs_round8/figures/fig3_source_data.tsv
B_power_n	Se0.7_Sp0.9	14000	kappa	0.3882253533992553				outputs_round8/figures/fig3_source_data.tsv
B_power	Se0.7_Sp0.9		kappa	0.3818244199969779				outputs_round8/figures/fig3_source_data.tsv
B_power_n	Se0.7_Sp0.9	14500	kappa	0.3818244199969779				outputs_round8/figures/fig3_source_data.tsv
B_power	Se0.7_Sp0.9		kappa	0.375625621834012				outputs_round8/figures/fig3_source_data.tsv
B_power_n	Se0.7_Sp0.9	15000	kappa	0.375625621834012				outputs_round8/figures/fig3_source_data.tsv
B_power	Se0.7_Sp0.9		kappa	0.3696200568327157				outputs_round8/figures/fig3_source_data.tsv
B_power_n	Se0.7_Sp0.9	15500	kappa	0.3696200568327157				outputs_round8/figures/fig3_source_data.tsv
B_power	Se0.7_Sp0.9		kappa	0.3637992719683617				outputs_round8/figures/fig3_source_data.tsv
B_power_n	Se0.7_Sp0.9	16000	kappa	0.3637992719683617				outputs_round8/figures/fig3_source_data.tsv
B_power	Se0.7_Sp0.9		kappa	0.35815524602584				outputs_round8/figures/fig3_source_data.tsv
B_power_n	Se0.7_Sp0.9	16500	kappa	0.35815524602584				outputs_round8/figures/fig3_source_data.tsv
B_power	Se0.7_Sp0.9		kappa	0.3526803708182183				outputs_round8/figures/fig3_source_data.tsv
B_power_n	Se0.7_Sp0.9	17000	kappa	0.3526803708182183				outputs_round8/figures/fig3_source_data.tsv
B_power	Se0.7_Sp0.9		kappa	0.3473674316469446				outputs_round8/figures/fig3_source_data.tsv
B_power_n	Se0.7_Sp0.9	17500	kappa	0.3473674316469446				outputs_round8/figures/fig3_source_data.tsv
B_power	Se0.7_Sp0.9		kappa	0.3422095875559697				outputs_round8/figures/fig3_source_data.tsv
B_power_n	Se0.7_Sp0.9	18000	kappa	0.3422095875559697				outputs_round8/figures/fig3_source_data.tsv
B_power	Se0.7_Sp0.9		kappa	0.3372003517666722				outputs_round8/figures/fig3_source_data.tsv
B_power_n	Se0.7_Sp0.9	18500	kappa	0.3372003517666722				outputs_round8/figures/fig3_source_data.tsv
B_power	Se0.7_Sp0.9		kappa	0.332333572559938				outputs_round8/figures/fig3_source_data.tsv
B_power_n	Se0.7_Sp0.9	19000	kappa	0.332333572559938				outputs_round8/figures/fig3_source_data.tsv
B_power	Se0.7_Sp0.9		kappa	0.3276034147838298				outputs_round8/figures/fig3_source_data.tsv
B_power_n	Se0.7_Sp0.9	19500	kappa	0.3276034147838298				outputs_round8/figures/fig3_source_data.tsv
B_power	Se0.7_Sp0.9		kappa	0.3230043421012282				outputs_round8/figures/fig3_source_data.tsv
B_power_n	Se0.7_Sp0.9	20000	kappa	0.3230043421012282				outputs_round8/figures/fig3_source_data.tsv
B_power	Se0.7_Sp0.95		kappa	0.0				outputs_round8/figures/fig3_source_data.tsv
B_power_n	Se0.7_Sp0.95	0	kappa	0.0				outputs_round8/figures/fig3_source_data.tsv
B_power	Se0.7_Sp0.95		kappa	0.0221200304775986				outputs_round8/figures/fig3_source_data.tsv
B_power_n	Se0.7_Sp0.95	5	kappa	0.0221200304775986				outputs_round8/figures/fig3_source_data.tsv
B_power	Se0.7_Sp0.95		kappa	0.0430313604599652				outputs_round8/figures/fig3_source_data.tsv
B_power_n	Se0.7_Sp0.95	10	kappa	0.0430313604599652				outputs_round8/figures/fig3_source_data.tsv
B_power	Se0.7_Sp0.95		kappa	0.0628298937486386				outputs_round8/figures/fig3_source_data.tsv
B_power_n	Se0.7_Sp0.95	15	kappa	0.0628298937486386				outputs_round8/figures/fig3_source_data.tsv
B_power	Se0.7_Sp0.95		kappa	0.0816016499674279				outputs_round8/figures/fig3_source_data.tsv
B_power_n	Se0.7_Sp0.95	20	kappa	0.0816016499674279				outputs_round8/figures/fig3_source_data.tsv
B_power	Se0.7_Sp0.95		kappa	0.0994240059487302				outputs_round8/figures/fig3_source_data.tsv
B_power_n	Se0.7_Sp0.95	25	kappa	0.0994240059487302				outputs_round8/figures/fig3_source_data.tsv
B_power	Se0.7_Sp0.95		kappa	0.1163667546124526				outputs_round8/figures/fig3_source_data.tsv
B_power_n	Se0.7_Sp0.95	30	kappa	0.1163667546124526				outputs_round8/figures/fig3_source_data.tsv
B_power	Se0.7_Sp0.95		kappa	0.1324930118928963				outputs_round8/figures/fig3_source_data.tsv
B_power_n	Se0.7_Sp0.95	35	kappa	0.1324930118928963				outputs_round8/figures/fig3_source_data.tsv
B_power	Se0.7_Sp0.95		kappa	0.1478599965591724				outputs_round8/figures/fig3_source_data.tsv
B_power_n	Se0.7_Sp0.95	40	kappa	0.1478599965591724				outputs_round8/figures/fig3_source_data.tsv
B_power	Se0.7_Sp0.95		kappa	0.1625197032378315				outputs_round8/figures/fig3_source_data.tsv
B_power_n	Se0.7_Sp0.95	45	kappa	0.1625197032378315				outputs_round8/figures/fig3_source_data.tsv
B_power	Se0.7_Sp0.95		kappa	0.1765194853207558				outputs_round8/figures/fig3_source_data.tsv
B_power_n	Se0.7_Sp0.95	50	kappa	0.1765194853207558				outputs_round8/figures/fig3_source_data.tsv
B_power	Se0.7_Sp0.95		kappa	0.1899025615279918				outputs_round8/figures/fig3_source_data.tsv
B_power_n	Se0.7_Sp0.95	55	kappa	0.1899025615279918				outputs_round8/figures/fig3_source_data.tsv
B_power	Se0.7_Sp0.95		kappa	0.2027084575419472				outputs_round8/figures/fig3_source_data.tsv
B_power_n	Se0.7_Sp0.95	60	kappa	0.2027084575419472				outputs_round8/figures/fig3_source_data.tsv
B_power	Se0.7_Sp0.95		kappa	0.2149733922191466				outputs_round8/figures/fig3_source_data.tsv
B_power_n	Se0.7_Sp0.95	65	kappa	0.2149733922191466				outputs_round8/figures/fig3_source_data.tsv
B_power	Se0.7_Sp0.95		kappa	0.2267306163276821				outputs_round8/figures/fig3_source_data.tsv
B_power_n	Se0.7_Sp0.95	70	kappa	0.2267306163276821				outputs_round8/figures/fig3_source_data.tsv
B_power	Se0.7_Sp0.95		kappa	0.2380107104819716				outputs_round8/figures/fig3_source_data.tsv
B_power_n	Se0.7_Sp0.95	75	kappa	0.2380107104819716				outputs_round8/figures/fig3_source_data.tsv
B_power	Se0.7_Sp0.95		kappa	0.2488418478960237				outputs_round8/figures/fig3_source_data.tsv
B_power_n	Se0.7_Sp0.95	80	kappa	0.2488418478960237				outputs_round8/figures/fig3_source_data.tsv
B_power	Se0.7_Sp0.95		kappa	0.2592500267084503				outputs_round8/figures/fig3_source_data.tsv
B_power_n	Se0.7_Sp0.95	85	kappa	0.2592500267084503				outputs_round8/figures/fig3_source_data.tsv
B_power	Se0.7_Sp0.95		kappa	0.2692592759124339				outputs_round8/figures/fig3_source_data.tsv
B_power_n	Se0.7_Sp0.95	90	kappa	0.2692592759124339				outputs_round8/figures/fig3_source_data.tsv
B_power	Se0.7_Sp0.95		kappa	0.2788918383242388				outputs_round8/figures/fig3_source_data.tsv
B_power_n	Se0.7_Sp0.95	95	kappa	0.2788918383242388				outputs_round8/figures/fig3_source_data.tsv
B_power	Se0.7_Sp0.95		kappa	0.2881683335227135				outputs_round8/figures/fig3_source_data.tsv
B_power_n	Se0.7_Sp0.95	100	kappa	0.2881683335227135				outputs_round8/figures/fig3_source_data.tsv
B_power	Se0.7_Sp0.95		kappa	0.297107903271884				outputs_round8/figures/fig3_source_data.tsv
B_power_n	Se0.7_Sp0.95	105	kappa	0.297107903271884				outputs_round8/figures/fig3_source_data.tsv
B_power	Se0.7_Sp0.95		kappa	0.3057283415849922				outputs_round8/figures/fig3_source_data.tsv
B_power_n	Se0.7_Sp0.95	110	kappa	0.3057283415849922				outputs_round8/figures/fig3_source_data.tsv
B_power	Se0.7_Sp0.95		kappa	0.3140462112896571				outputs_round8/figures/fig3_source_data.tsv
B_power_n	Se0.7_Sp0.95	115	kappa	0.3140462112896571				outputs_round8/figures/fig3_source_data.tsv
B_power	Se0.7_Sp0.95		kappa	0.3220769487008663				outputs_round8/figures/fig3_source_data.tsv
B_power_n	Se0.7_Sp0.95	120	kappa	0.3220769487008663				outputs_round8/figures/fig3_source_data.tsv
B_power	Se0.7_Sp0.95		kappa	0.3298349577935981				outputs_round8/figures/fig3_source_data.tsv
B_power_n	Se0.7_Sp0.95	125	kappa	0.3298349577935981				outputs_round8/figures/fig3_source_data.tsv
B_power	Se0.7_Sp0.95		kappa	0.3373336950837859				outputs_round8/figures/fig3_source_data.tsv
B_power_n	Se0.7_Sp0.95	130	kappa	0.3373336950837859				outputs_round8/figures/fig3_source_data.tsv
B_power	Se0.7_Sp0.95		kappa	0.3445857462698803				outputs_round8/figures/fig3_source_data.tsv
B_power_n	Se0.7_Sp0.95	135	kappa	0.3445857462698803				outputs_round8/figures/fig3_source_data.tsv
B_power	Se0.7_Sp0.95		kappa	0.3516028955532573				outputs_round8/figures/fig3_source_data.tsv
B_power_n	Se0.7_Sp0.95	140	kappa	0.3516028955532573				outputs_round8/figures/fig3_source_data.tsv
B_power	Se0.7_Sp0.95		kappa	0.3583961884405984				outputs_round8/figures/fig3_source_data.tsv
B_power_n	Se0.7_Sp0.95	145	kappa	0.3583961884405984				outputs_round8/figures/fig3_source_data.tsv
B_power	Se0.7_Sp0.95		kappa	0.3649759887322214				outputs_round8/figures/fig3_source_data.tsv
B_power_n	Se0.7_Sp0.95	150	kappa	0.3649759887322214				outputs_round8/figures/fig3_source_data.tsv
B_power	Se0.7_Sp0.95		kappa	0.3713520303147831				outputs_round8/figures/fig3_source_data.tsv
B_power_n	Se0.7_Sp0.95	155	kappa	0.3713520303147831				outputs_round8/figures/fig3_source_data.tsv
B_power	Se0.7_Sp0.95		kappa	0.37753346430271				outputs_round8/figures/fig3_source_data.tsv
B_power_n	Se0.7_Sp0.95	160	kappa	0.37753346430271				outputs_round8/figures/fig3_source_data.tsv
B_power	Se0.7_Sp0.95		kappa	0.3835289020085009				outputs_round8/figures/fig3_source_data.tsv
B_power_n	Se0.7_Sp0.95	165	kappa	0.3835289020085009				outputs_round8/figures/fig3_source_data.tsv
B_power	Se0.7_Sp0.95		kappa	0.3893464541662211				outputs_round8/figures/fig3_source_data.tsv
B_power_n	Se0.7_Sp0.95	170	kappa	0.3893464541662211				outputs_round8/figures/fig3_source_data.tsv
B_power	Se0.7_Sp0.95		kappa	0.3949937667838839				outputs_round8/figures/fig3_source_data.tsv
B_power_n	Se0.7_Sp0.95	175	kappa	0.3949937667838839				outputs_round8/figures/fig3_source_data.tsv
B_power	Se0.7_Sp0.95		kappa	0.4004780539579677				outputs_round8/figures/fig3_source_data.tsv
B_power_n	Se0.7_Sp0.95	180	kappa	0.4004780539579677				outputs_round8/figures/fig3_source_data.tsv
B_power	Se0.7_Sp0.95		kappa	0.4058061279461937				outputs_round8/figures/fig3_source_data.tsv
B_power_n	Se0.7_Sp0.95	185	kappa	0.4058061279461937				outputs_round8/figures/fig3_source_data.tsv
B_power	Se0.7_Sp0.95		kappa	0.4109844267621572				outputs_round8/figures/fig3_source_data.tsv
B_power_n	Se0.7_Sp0.95	190	kappa	0.4109844267621572				outputs_round8/figures/fig3_source_data.tsv
B_power	Se0.7_Sp0.95		kappa	0.4160190395268252				outputs_round8/figures/fig3_source_data.tsv
B_power_n	Se0.7_Sp0.95	195	kappa	0.4160190395268252				outputs_round8/figures/fig3_source_data.tsv
B_power	Se0.7_Sp0.95		kappa	0.420915729786794				outputs_round8/figures/fig3_source_data.tsv
B_power_n	Se0.7_Sp0.95	200	kappa	0.420915729786794				outputs_round8/figures/fig3_source_data.tsv
B_power	Se0.7_Sp0.95		kappa	0.4633705157969808				outputs_round8/figures/fig3_source_data.tsv
B_power_n	Se0.7_Sp0.95	250	kappa	0.4633705157969808				outputs_round8/figures/fig3_source_data.tsv
B_power	Se0.7_Sp0.95		kappa	0.4966084882492865				outputs_round8/figures/fig3_source_data.tsv
B_power_n	Se0.7_Sp0.95	300	kappa	0.4966084882492865				outputs_round8/figures/fig3_source_data.tsv
B_power	Se0.7_Sp0.95		kappa	0.523268891546011				outputs_round8/figures/fig3_source_data.tsv
B_power_n	Se0.7_Sp0.95	350	kappa	0.523268891546011				outputs_round8/figures/fig3_source_data.tsv
B_power	Se0.7_Sp0.95		kappa	0.5450714547453281				outputs_round8/figures/fig3_source_data.tsv
B_power_n	Se0.7_Sp0.95	400	kappa	0.5450714547453281				outputs_round8/figures/fig3_source_data.tsv
B_power	Se0.7_Sp0.95		kappa	0.5631847545729184				outputs_round8/figures/fig3_source_data.tsv
B_power_n	Se0.7_Sp0.95	450	kappa	0.5631847545729184				outputs_round8/figures/fig3_source_data.tsv
B_power	Se0.7_Sp0.95		kappa	0.5784306320710061				outputs_round8/figures/fig3_source_data.tsv
B_power_n	Se0.7_Sp0.95	500	kappa	0.5784306320710061				outputs_round8/figures/fig3_source_data.tsv
B_power	Se0.7_Sp0.95		kappa	0.591403912677129				outputs_round8/figures/fig3_source_data.tsv
B_power_n	Se0.7_Sp0.95	550	kappa	0.591403912677129				outputs_round8/figures/fig3_source_data.tsv
B_power	Se0.7_Sp0.95		kappa	0.6025457264824106				outputs_round8/figures/fig3_source_data.tsv
B_power_n	Se0.7_Sp0.95	600	kappa	0.6025457264824106				outputs_round8/figures/fig3_source_data.tsv
B_power	Se0.7_Sp0.95		kappa	0.6121901360099518				outputs_round8/figures/fig3_source_data.tsv
B_power_n	Se0.7_Sp0.95	650	kappa	0.6121901360099518				outputs_round8/figures/fig3_source_data.tsv
B_power	Se0.7_Sp0.95		kappa	0.6205947600460532				outputs_round8/figures/fig3_source_data.tsv
B_power_n	Se0.7_Sp0.95	700	kappa	0.6205947600460532				outputs_round8/figures/fig3_source_data.tsv
B_power	Se0.7_Sp0.95		kappa	0.627961455263125				outputs_round8/figures/fig3_source_data.tsv
B_power_n	Se0.7_Sp0.95	750	kappa	0.627961455263125				outputs_round8/figures/fig3_source_data.tsv
B_power	Se0.7_Sp0.95		kappa	0.6344506280938184				outputs_round8/figures/fig3_source_data.tsv
B_power_n	Se0.7_Sp0.95	800	kappa	0.6344506280938184				outputs_round8/figures/fig3_source_data.tsv
B_power	Se0.7_Sp0.95		kappa	0.6401913538991876				outputs_round8/figures/fig3_source_data.tsv
B_power_n	Se0.7_Sp0.95	850	kappa	0.6401913538991876				outputs_round8/figures/fig3_source_data.tsv
B_power	Se0.7_Sp0.95		kappa	0.6452886696986847				outputs_round8/figures/fig3_source_data.tsv
B_power_n	Se0.7_Sp0.95	900	kappa	0.6452886696986847				outputs_round8/figures/fig3_source_data.tsv
B_power	Se0.7_Sp0.95		kappa	0.6498289205373952				outputs_round8/figures/fig3_source_data.tsv
B_power_n	Se0.7_Sp0.95	950	kappa	0.6498289205373952				outputs_round8/figures/fig3_source_data.tsv
B_power	Se0.7_Sp0.95		kappa	0.6538837397246842				outputs_round8/figures/fig3_source_data.tsv
B_power_n	Se0.7_Sp0.95	1000	kappa	0.6538837397246842				outputs_round8/figures/fig3_source_data.tsv
B_power	Se0.7_Sp0.95		kappa	0.6575130535679755				outputs_round8/figures/fig3_source_data.tsv
B_power_n	Se0.7_Sp0.95	1050	kappa	0.6575130535679755				outputs_round8/figures/fig3_source_data.tsv
B_power	Se0.7_Sp0.95		kappa	0.6607673785858871				outputs_round8/figures/fig3_source_data.tsv
B_power_n	Se0.7_Sp0.95	1100	kappa	0.6607673785858871				outputs_round8/figures/fig3_source_data.tsv
B_power	Se0.7_Sp0.95		kappa	0.6636895982263311				outputs_round8/figures/fig3_source_data.tsv
B_power_n	Se0.7_Sp0.95	1150	kappa	0.6636895982263311				outputs_round8/figures/fig3_source_data.tsv
B_power	Se0.7_Sp0.95		kappa	0.6663163516703134				outputs_round8/figures/fig3_source_data.tsv
B_power_n	Se0.7_Sp0.95	1200	kappa	0.6663163516703134				outputs_round8/figures/fig3_source_data.tsv
B_power	Se0.7_Sp0.95		kappa	0.6686791300618513				outputs_round8/figures/fig3_source_data.tsv
B_power_n	Se0.7_Sp0.95	1250	kappa	0.6686791300618513				outputs_round8/figures/fig3_source_data.tsv
B_power	Se0.7_Sp0.95		kappa	0.6708051496328101				outputs_round8/figures/fig3_source_data.tsv
B_power_n	Se0.7_Sp0.95	1300	kappa	0.6708051496328101				outputs_round8/figures/fig3_source_data.tsv
B_power	Se0.7_Sp0.95		kappa	0.6727180529588506				outputs_round8/figures/fig3_source_data.tsv
B_power_n	Se0.7_Sp0.95	1350	kappa	0.6727180529588506				outputs_round8/figures/fig3_source_data.tsv
B_power	Se0.7_Sp0.95		kappa	0.6744384765625002				outputs_round8/figures/fig3_source_data.tsv
B_power_n	Se0.7_Sp0.95	1400	kappa	0.6744384765625002				outputs_round8/figures/fig3_source_data.tsv
B_power	Se0.7_Sp0.95		kappa	0.6759845136668645				outputs_round8/figures/fig3_source_data.tsv
B_power_n	Se0.7_Sp0.95	1450	kappa	0.6759845136668645				outputs_round8/figures/fig3_source_data.tsv
B_power	Se0.7_Sp0.95		kappa	0.6773720940211733				outputs_round8/figures/fig3_source_data.tsv
B_power_n	Se0.7_Sp0.95	1500	kappa	0.6773720940211733				outputs_round8/figures/fig3_source_data.tsv
B_power	Se0.7_Sp0.95		kappa	0.6786152976333794				outputs_round8/figures/fig3_source_data.tsv
B_power_n	Se0.7_Sp0.95	1550	kappa	0.6786152976333794				outputs_round8/figures/fig3_source_data.tsv
B_power	Se0.7_Sp0.95		kappa	0.679726615449171				outputs_round8/figures/fig3_source_data.tsv
B_power_n	Se0.7_Sp0.95	1600	kappa	0.679726615449171				outputs_round8/figures/fig3_source_data.tsv
B_power	Se0.7_Sp0.95		kappa	0.680717167157327				outputs_round8/figures/fig3_source_data.tsv
B_power_n	Se0.7_Sp0.95	1650	kappa	0.680717167157327				outputs_round8/figures/fig3_source_data.tsv
B_power	Se0.7_Sp0.95		kappa	0.6815968841285298				outputs_round8/figures/fig3_source_data.tsv
B_power_n	Se0.7_Sp0.95	1700	kappa	0.6815968841285298				outputs_round8/figures/fig3_source_data.tsv
B_power	Se0.7_Sp0.95		kappa	0.6823746638301291				outputs_round8/figures/fig3_source_data.tsv
B_power_n	Se0.7_Sp0.95	1750	kappa	0.6823746638301291				outputs_round8/figures/fig3_source_data.tsv
B_power	Se0.7_Sp0.95		kappa	0.6830585007741625				outputs_round8/figures/fig3_source_data.tsv
B_power_n	Se0.7_Sp0.95	1800	kappa	0.6830585007741625				outputs_round8/figures/fig3_source_data.tsv
B_power	Se0.7_Sp0.95		kappa	0.6836555980565162				outputs_round8/figures/fig3_source_data.tsv
B_power_n	Se0.7_Sp0.95	1850	kappa	0.6836555980565162				outputs_round8/figures/fig3_source_data.tsv
B_power	Se0.7_Sp0.95		kappa	0.6841724627624947				outputs_round8/figures/fig3_source_data.tsv
B_power_n	Se0.7_Sp0.95	1900	kappa	0.6841724627624947				outputs_round8/figures/fig3_source_data.tsv
B_power	Se0.7_Sp0.95		kappa	0.684614987897283				outputs_round8/figures/fig3_source_data.tsv
B_power_n	Se0.7_Sp0.95	1950	kappa	0.684614987897283				outputs_round8/figures/fig3_source_data.tsv
B_power	Se0.7_Sp0.95		kappa	0.6849885230106554				outputs_round8/figures/fig3_source_data.tsv
B_power_n	Se0.7_Sp0.95	2000	kappa	0.6849885230106554				outputs_round8/figures/fig3_source_data.tsv
B_power	Se0.7_Sp0.95		kappa	0.6858194873457217				outputs_round8/figures/fig3_source_data.tsv
B_power_n	Se0.7_Sp0.95	2500	kappa	0.6858194873457217				outputs_round8/figures/fig3_source_data.tsv
B_power	Se0.7_Sp0.95		kappa	0.6832169759323903				outputs_round8/figures/fig3_source_data.tsv
B_power_n	Se0.7_Sp0.95	3000	kappa	0.6832169759323903				outputs_round8/figures/fig3_source_data.tsv
B_power	Se0.7_Sp0.95		kappa	0.678701070566485				outputs_round8/figures/fig3_source_data.tsv
B_power_n	Se0.7_Sp0.95	3500	kappa	0.678701070566485				outputs_round8/figures/fig3_source_data.tsv
B_power	Se0.7_Sp0.95		kappa	0.6730575958052021				outputs_round8/figures/fig3_source_data.tsv
B_power_n	Se0.7_Sp0.95	4000	kappa	0.6730575958052021				outputs_round8/figures/fig3_source_data.tsv
B_power	Se0.7_Sp0.95		kappa	0.6667312183927594				outputs_round8/figures/fig3_source_data.tsv
B_power_n	Se0.7_Sp0.95	4500	kappa	0.6667312183927594				outputs_round8/figures/fig3_source_data.tsv
B_power	Se0.7_Sp0.95		kappa	0.6599905937475039				outputs_round8/figures/fig3_source_data.tsv
B_power_n	Se0.7_Sp0.95	5000	kappa	0.6599905937475039				outputs_round8/figures/fig3_source_data.tsv
B_power	Se0.7_Sp0.95		kappa	0.6530061730323223				outputs_round8/figures/fig3_source_data.tsv
B_power_n	Se0.7_Sp0.95	5500	kappa	0.6530061730323223				outputs_round8/figures/fig3_source_data.tsv
B_power	Se0.7_Sp0.95		kappa	0.6458901844732506				outputs_round8/figures/fig3_source_data.tsv
B_power_n	Se0.7_Sp0.95	6000	kappa	0.6458901844732506				outputs_round8/figures/fig3_source_data.tsv
B_power	Se0.7_Sp0.95		kappa	0.6387186270881104				outputs_round8/figures/fig3_source_data.tsv
B_power_n	Se0.7_Sp0.95	6500	kappa	0.6387186270881104				outputs_round8/figures/fig3_source_data.tsv
B_power	Se0.7_Sp0.95		kappa	0.6315440537698318				outputs_round8/figures/fig3_source_data.tsv
B_power_n	Se0.7_Sp0.95	7000	kappa	0.6315440537698318				outputs_round8/figures/fig3_source_data.tsv
B_power	Se0.7_Sp0.95		kappa	0.624403345671791				outputs_round8/figures/fig3_source_data.tsv
B_power_n	Se0.7_Sp0.95	7500	kappa	0.624403345671791				outputs_round8/figures/fig3_source_data.tsv
B_power	Se0.7_Sp0.95		kappa	0.6173226234974457				outputs_round8/figures/fig3_source_data.tsv
B_power_n	Se0.7_Sp0.95	8000	kappa	0.6173226234974457				outputs_round8/figures/fig3_source_data.tsv
B_power	Se0.7_Sp0.95		kappa	0.6103204517712707				outputs_round8/figures/fig3_source_data.tsv
B_power_n	Se0.7_Sp0.95	8500	kappa	0.6103204517712707				outputs_round8/figures/fig3_source_data.tsv
B_power	Se0.7_Sp0.95		kappa	0.603409988028013				outputs_round8/figures/fig3_source_data.tsv
B_power_n	Se0.7_Sp0.95	9000	kappa	0.603409988028013				outputs_round8/figures/fig3_source_data.tsv
B_power	Se0.7_Sp0.95		kappa	0.5966004592319498				outputs_round8/figures/fig3_source_data.tsv
B_power_n	Se0.7_Sp0.95	9500	kappa	0.5966004592319498				outputs_round8/figures/fig3_source_data.tsv
B_power	Se0.7_Sp0.95		kappa	0.5898981973748272				outputs_round8/figures/fig3_source_data.tsv
B_power_n	Se0.7_Sp0.95	10000	kappa	0.5898981973748272				outputs_round8/figures/fig3_source_data.tsv
B_power	Se0.7_Sp0.95		kappa	0.5833073792342568				outputs_round8/figures/fig3_source_data.tsv
B_power_n	Se0.7_Sp0.95	10500	kappa	0.5833073792342568				outputs_round8/figures/fig3_source_data.tsv
B_power	Se0.7_Sp0.95		kappa	0.5768305633353648				outputs_round8/figures/fig3_source_data.tsv
B_power_n	Se0.7_Sp0.95	11000	kappa	0.5768305633353648				outputs_round8/figures/fig3_source_data.tsv
B_power	Se0.7_Sp0.95		kappa	0.5704690852443799				outputs_round8/figures/fig3_source_data.tsv
B_power_n	Se0.7_Sp0.95	11500	kappa	0.5704690852443799				outputs_round8/figures/fig3_source_data.tsv
B_power	Se0.7_Sp0.95		kappa	0.5642233522088594				outputs_round8/figures/fig3_source_data.tsv
B_power_n	Se0.7_Sp0.95	12000	kappa	0.5642233522088594				outputs_round8/figures/fig3_source_data.tsv
B_power	Se0.7_Sp0.95		kappa	0.5580930651896853				outputs_round8/figures/fig3_source_data.tsv
B_power_n	Se0.7_Sp0.95	12500	kappa	0.5580930651896853				outputs_round8/figures/fig3_source_data.tsv
B_power	Se0.7_Sp0.95		kappa	0.5520773877930367				outputs_round8/figures/fig3_source_data.tsv
B_power_n	Se0.7_Sp0.95	13000	kappa	0.5520773877930367				outputs_round8/figures/fig3_source_data.tsv
B_power	Se0.7_Sp0.95		kappa	0.5461750758851093				outputs_round8/figures/fig3_source_data.tsv
B_power_n	Se0.7_Sp0.95	13500	kappa	0.5461750758851093				outputs_round8/figures/fig3_source_data.tsv
B_power	Se0.7_Sp0.95		kappa	0.5403845777664755				outputs_round8/figures/fig3_source_data.tsv
B_power_n	Se0.7_Sp0.95	14000	kappa	0.5403845777664755				outputs_round8/figures/fig3_source_data.tsv
B_power	Se0.7_Sp0.95		kappa	0.5347041120764041				outputs_round8/figures/fig3_source_data.tsv
B_power_n	Se0.7_Sp0.95	14500	kappa	0.5347041120764041				outputs_round8/figures/fig3_source_data.tsv
B_power	Se0.7_Sp0.95		kappa	0.5291317286949057				outputs_round8/figures/fig3_source_data.tsv
B_power_n	Se0.7_Sp0.95	15000	kappa	0.5291317286949057				outputs_round8/figures/fig3_source_data.tsv
B_power	Se0.7_Sp0.95		kappa	0.5236653565551002				outputs_round8/figures/fig3_source_data.tsv
B_power_n	Se0.7_Sp0.95	15500	kappa	0.5236653565551002				outputs_round8/figures/fig3_source_data.tsv
B_power	Se0.7_Sp0.95		kappa	0.5183028413013315				outputs_round8/figures/fig3_source_data.tsv
B_power_n	Se0.7_Sp0.95	16000	kappa	0.5183028413013315				outputs_round8/figures/fig3_source_data.tsv
B_power	Se0.7_Sp0.95		kappa	0.5130419750159376				outputs_round8/figures/fig3_source_data.tsv
B_power_n	Se0.7_Sp0.95	16500	kappa	0.5130419750159376				outputs_round8/figures/fig3_source_data.tsv
B_power	Se0.7_Sp0.95		kappa	0.5078805197124625				outputs_round8/figures/fig3_source_data.tsv
B_power_n	Se0.7_Sp0.95	17000	kappa	0.5078805197124625				outputs_round8/figures/fig3_source_data.tsv
B_power	Se0.7_Sp0.95		kappa	0.502816225902363				outputs_round8/figures/fig3_source_data.tsv
B_power_n	Se0.7_Sp0.95	17500	kappa	0.502816225902363				outputs_round8/figures/fig3_source_data.tsv
B_power	Se0.7_Sp0.95		kappa	0.4978468472488741				outputs_round8/figures/fig3_source_data.tsv
B_power_n	Se0.7_Sp0.95	18000	kappa	0.4978468472488741				outputs_round8/figures/fig3_source_data.tsv
B_power	Se0.7_Sp0.95		kappa	0.4929701520994518				outputs_round8/figures/fig3_source_data.tsv
B_power_n	Se0.7_Sp0.95	18500	kappa	0.4929701520994518				outputs_round8/figures/fig3_source_data.tsv
B_power	Se0.7_Sp0.95		kappa	0.4881839325186413				outputs_round8/figures/fig3_source_data.tsv
B_power_n	Se0.7_Sp0.95	19000	kappa	0.4881839325186413				outputs_round8/figures/fig3_source_data.tsv
B_power	Se0.7_Sp0.95		kappa	0.4834860113127708				outputs_round8/figures/fig3_source_data.tsv
B_power_n	Se0.7_Sp0.95	19500	kappa	0.4834860113127708				outputs_round8/figures/fig3_source_data.tsv
B_power	Se0.7_Sp0.95		kappa	0.4788742474368938				outputs_round8/figures/fig3_source_data.tsv
B_power_n	Se0.7_Sp0.95	20000	kappa	0.4788742474368938				outputs_round8/figures/fig3_source_data.tsv
B_power	Se0.7_Sp0.99		kappa	0.0				outputs_round8/figures/fig3_source_data.tsv
B_power_n	Se0.7_Sp0.99	0	kappa	0.0				outputs_round8/figures/fig3_source_data.tsv
B_power	Se0.7_Sp0.99		kappa	0.0234653760852706				outputs_round8/figures/fig3_source_data.tsv
B_power_n	Se0.7_Sp0.99	5	kappa	0.0234653760852706				outputs_round8/figures/fig3_source_data.tsv
B_power	Se0.7_Sp0.99		kappa	0.0456196762980887				outputs_round8/figures/fig3_source_data.tsv
B_power_n	Se0.7_Sp0.99	10	kappa	0.0456196762980887				outputs_round8/figures/fig3_source_data.tsv
B_power	Se0.7_Sp0.99		kappa	0.0665696821553065				outputs_round8/figures/fig3_source_data.tsv
B_power_n	Se0.7_Sp0.99	15	kappa	0.0665696821553065				outputs_round8/figures/fig3_source_data.tsv
B_power	Se0.7_Sp0.99		kappa	0.0864108858141863				outputs_round8/figures/fig3_source_data.tsv
B_power_n	Se0.7_Sp0.99	20	kappa	0.0864108858141863				outputs_round8/figures/fig3_source_data.tsv
B_power	Se0.7_Sp0.99		kappa	0.105228943598356				outputs_round8/figures/fig3_source_data.tsv
B_power_n	Se0.7_Sp0.99	25	kappa	0.105228943598356				outputs_round8/figures/fig3_source_data.tsv
B_power	Se0.7_Sp0.99		kappa	0.1231009105884254				outputs_round8/figures/fig3_source_data.tsv
B_power_n	Se0.7_Sp0.99	30	kappa	0.1231009105884254				outputs_round8/figures/fig3_source_data.tsv
B_power	Se0.7_Sp0.99		kappa	0.1400962938080842				outputs_round8/figures/fig3_source_data.tsv
B_power_n	Se0.7_Sp0.99	35	kappa	0.1400962938080842				outputs_round8/figures/fig3_source_data.tsv
B_power	Se0.7_Sp0.99		kappa	0.1562779543594526				outputs_round8/figures/fig3_source_data.tsv
B_power_n	Se0.7_Sp0.99	40	kappa	0.1562779543594526				outputs_round8/figures/fig3_source_data.tsv
B_power	Se0.7_Sp0.99		kappa	0.1717028831923925				outputs_round8/figures/fig3_source_data.tsv
B_power_n	Se0.7_Sp0.99	45	kappa	0.1717028831923925				outputs_round8/figures/fig3_source_data.tsv
B_power	Se0.7_Sp0.99		kappa	0.1864228706874385				outputs_round8/figures/fig3_source_data.tsv
B_power_n	Se0.7_Sp0.99	50	kappa	0.1864228706874385				outputs_round8/figures/fig3_source_data.tsv
B_power	Se0.7_Sp0.99		kappa	0.2004850866312341				outputs_round8/figures/fig3_source_data.tsv
B_power_n	Se0.7_Sp0.99	55	kappa	0.2004850866312341				outputs_round8/figures/fig3_source_data.tsv
B_power	Se0.7_Sp0.99		kappa	0.2139325842696628				outputs_round8/figures/fig3_source_data.tsv
B_power_n	Se0.7_Sp0.99	60	kappa	0.2139325842696628				outputs_round8/figures/fig3_source_data.tsv
B_power	Se0.7_Sp0.99		kappa	0.2268047397862448				outputs_round8/figures/fig3_source_data.tsv
B_power_n	Se0.7_Sp0.99	65	kappa	0.2268047397862448				outputs_round8/figures/fig3_source_data.tsv
B_power	Se0.7_Sp0.99		kappa	0.2391376366555388				outputs_round8/figures/fig3_source_data.tsv
B_power_n	Se0.7_Sp0.99	70	kappa	0.2391376366555388				outputs_round8/figures/fig3_source_data.tsv
B_power	Se0.7_Sp0.99		kappa	0.250964402773262				outputs_round8/figures/fig3_source_data.tsv
B_power_n	Se0.7_Sp0.99	75	kappa	0.250964402773262				outputs_round8/figures/fig3_source_data.tsv
B_power	Se0.7_Sp0.99		kappa	0.2623155069963584				outputs_round8/figures/fig3_source_data.tsv
B_power_n	Se0.7_Sp0.99	80	kappa	0.2623155069963584				outputs_round8/figures/fig3_source_data.tsv
B_power	Se0.7_Sp0.99		kappa	0.2732190206823404				outputs_round8/figures/fig3_source_data.tsv
B_power_n	Se0.7_Sp0.99	85	kappa	0.2732190206823404				outputs_round8/figures/fig3_source_data.tsv
B_power	Se0.7_Sp0.99		kappa	0.2837008489546067				outputs_round8/figures/fig3_source_data.tsv
B_power_n	Se0.7_Sp0.99	90	kappa	0.2837008489546067				outputs_round8/figures/fig3_source_data.tsv
B_power	Se0.7_Sp0.99		kappa	0.2937849357047091				outputs_round8/figures/fig3_source_data.tsv
B_power_n	Se0.7_Sp0.99	95	kappa	0.2937849357047091				outputs_round8/figures/fig3_source_data.tsv
B_power	Se0.7_Sp0.99		kappa	0.3034934457465271				outputs_round8/figures/fig3_source_data.tsv
B_power_n	Se0.7_Sp0.99	100	kappa	0.3034934457465271				outputs_round8/figures/fig3_source_data.tsv
B_power	Se0.7_Sp0.99		kappa	0.3128469270390562				outputs_round8/figures/fig3_source_data.tsv
B_power_n	Se0.7_Sp0.99	105	kappa	0.3128469270390562				outputs_round8/figures/fig3_source_data.tsv
B_power	Se0.7_Sp0.99		kappa	0.3218644554766374				outputs_round8/figures/fig3_source_data.tsv
B_power_n	Se0.7_Sp0.99	110	kappa	0.3218644554766374				outputs_round8/figures/fig3_source_data.tsv
B_power	Se0.7_Sp0.99		kappa	0.3305637643936977				outputs_round8/figures/fig3_source_data.tsv
B_power_n	Se0.7_Sp0.99	115	kappa	0.3305637643936977				outputs_round8/figures/fig3_source_data.tsv
B_power	Se0.7_Sp0.99		kappa	0.3389613606340816				outputs_round8/figures/fig3_source_data.tsv
B_power_n	Se0.7_Sp0.99	120	kappa	0.3389613606340816				outputs_round8/figures/fig3_source_data.tsv
B_power	Se0.7_Sp0.99		kappa	0.3470726287835052				outputs_round8/figures/fig3_source_data.tsv
B_power_n	Se0.7_Sp0.99	125	kappa	0.3470726287835052				outputs_round8/figures/fig3_source_data.tsv
B_power	Se0.7_Sp0.99		kappa	0.354911924949908				outputs_round8/figures/fig3_source_data.tsv
B_power_n	Se0.7_Sp0.99	130	kappa	0.354911924949908				outputs_round8/figures/fig3_source_data.tsv
B_power	Se0.7_Sp0.99		kappa	0.3624926612944019				outputs_round8/figures/fig3_source_data.tsv
B_power_n	Se0.7_Sp0.99	135	kappa	0.3624926612944019				outputs_round8/figures/fig3_source_data.tsv
B_power	Se0.7_Sp0.99		kappa	0.3698273823598962				outputs_round8/figures/fig3_source_data.tsv
B_power_n	Se0.7_Sp0.99	140	kappa	0.3698273823598962				outputs_round8/figures/fig3_source_data.tsv
B_power	Se0.7_Sp0.99		kappa	0.3769278341111665				outputs_round8/figures/fig3_source_data.tsv
B_power_n	Se0.7_Sp0.99	145	kappa	0.3769278341111665				outputs_round8/figures/fig3_source_data.tsv
B_power	Se0.7_Sp0.99		kappa	0.3838050264856318				outputs_round8/figures/fig3_source_data.tsv
B_power_n	Se0.7_Sp0.99	150	kappa	0.3838050264856318				outputs_round8/figures/fig3_source_data.tsv
B_power	Se0.7_Sp0.99		kappa	0.3904692901554593				outputs_round8/figures/fig3_source_data.tsv
B_power_n	Se0.7_Sp0.99	155	kappa	0.3904692901554593				outputs_round8/figures/fig3_source_data.tsv
B_power	Se0.7_Sp0.99		kappa	0.3969303281165023				outputs_round8/figures/fig3_source_data.tsv
B_power_n	Se0.7_Sp0.99	160	kappa	0.3969303281165023				outputs_round8/figures/fig3_source_data.tsv
B_power	Se0.7_Sp0.99		kappa	0.4031972626458803				outputs_round8/figures/fig3_source_data.tsv
B_power_n	Se0.7_Sp0.99	165	kappa	0.4031972626458803				outputs_round8/figures/fig3_source_data.tsv
B_power	Se0.7_Sp0.99		kappa	0.409278678106133				outputs_round8/figures/fig3_source_data.tsv
B_power_n	Se0.7_Sp0.99	170	kappa	0.409278678106133				outputs_round8/figures/fig3_source_data.tsv
B_power	Se0.7_Sp0.99		kappa	0.415182660018317				outputs_round8/figures/fig3_source_data.tsv
B_power_n	Se0.7_Sp0.99	175	kappa	0.415182660018317				outputs_round8/figures/fig3_source_data.tsv
B_power	Se0.7_Sp0.99		kappa	0.4209168307780372				outputs_round8/figures/fig3_source_data.tsv
B_power_n	Se0.7_Sp0.99	180	kappa	0.4209168307780372				outputs_round8/figures/fig3_source_data.tsv
B_power	Se0.7_Sp0.99		kappa	0.4264883823461672				outputs_round8/figures/fig3_source_data.tsv
B_power_n	Se0.7_Sp0.99	185	kappa	0.4264883823461672				outputs_round8/figures/fig3_source_data.tsv
B_power	Se0.7_Sp0.99		kappa	0.4319041062090594				outputs_round8/figures/fig3_source_data.tsv
B_power_n	Se0.7_Sp0.99	190	kappa	0.4319041062090594				outputs_round8/figures/fig3_source_data.tsv
B_power	Se0.7_Sp0.99		kappa	0.4371704208706764				outputs_round8/figures/fig3_source_data.tsv
B_power_n	Se0.7_Sp0.99	195	kappa	0.4371704208706764				outputs_round8/figures/fig3_source_data.tsv
B_power	Se0.7_Sp0.99		kappa	0.4422933971106298				outputs_round8/figures/fig3_source_data.tsv
B_power_n	Se0.7_Sp0.99	200	kappa	0.4422933971106298				outputs_round8/figures/fig3_source_data.tsv
B_power	Se0.7_Sp0.99		kappa	0.4867680139289992				outputs_round8/figures/fig3_source_data.tsv
B_power_n	Se0.7_Sp0.99	250	kappa	0.4867680139289992				outputs_round8/figures/fig3_source_data.tsv
B_power	Se0.7_Sp0.99		kappa	0.5217092952699247				outputs_round8/figures/fig3_source_data.tsv
B_power_n	Se0.7_Sp0.99	300	kappa	0.5217092952699247				outputs_round8/figures/fig3_source_data.tsv
B_power	Se0.7_Sp0.99		kappa	0.5498716731709032				outputs_round8/figures/fig3_source_data.tsv
B_power_n	Se0.7_Sp0.99	350	kappa	0.5498716731709032				outputs_round8/figures/fig3_source_data.tsv
B_power	Se0.7_Sp0.99		kappa	0.5730417062140585				outputs_round8/figures/fig3_source_data.tsv
B_power_n	Se0.7_Sp0.99	400	kappa	0.5730417062140585				outputs_round8/figures/fig3_source_data.tsv
B_power	Se0.7_Sp0.99		kappa	0.5924288730010516				outputs_round8/figures/fig3_source_data.tsv
B_power_n	Se0.7_Sp0.99	450	kappa	0.5924288730010516				outputs_round8/figures/fig3_source_data.tsv
B_power	Se0.7_Sp0.99		kappa	0.6088811669517903				outputs_round8/figures/fig3_source_data.tsv
B_power_n	Se0.7_Sp0.99	500	kappa	0.6088811669517903				outputs_round8/figures/fig3_source_data.tsv
B_power	Se0.7_Sp0.99		kappa	0.6230107565078883				outputs_round8/figures/fig3_source_data.tsv
B_power_n	Se0.7_Sp0.99	550	kappa	0.6230107565078883				outputs_round8/figures/fig3_source_data.tsv
B_power	Se0.7_Sp0.99		kappa	0.6352706341101108				outputs_round8/figures/fig3_source_data.tsv
B_power_n	Se0.7_Sp0.99	600	kappa	0.6352706341101108				outputs_round8/figures/fig3_source_data.tsv
B_power	Se0.7_Sp0.99		kappa	0.6460031945212917				outputs_round8/figures/fig3_source_data.tsv
B_power_n	Se0.7_Sp0.99	650	kappa	0.6460031945212917				outputs_round8/figures/fig3_source_data.tsv
B_power	Se0.7_Sp0.99		kappa	0.6554720460450952				outputs_round8/figures/fig3_source_data.tsv
B_power_n	Se0.7_Sp0.99	700	kappa	0.6554720460450952				outputs_round8/figures/fig3_source_data.tsv
B_power	Se0.7_Sp0.99		kappa	0.6638834391765616				outputs_round8/figures/fig3_source_data.tsv
B_power_n	Se0.7_Sp0.99	750	kappa	0.6638834391765616				outputs_round8/figures/fig3_source_data.tsv
B_power	Se0.7_Sp0.99		kappa	0.6714010621726705				outputs_round8/figures/fig3_source_data.tsv
B_power_n	Se0.7_Sp0.99	800	kappa	0.6714010621726705				outputs_round8/figures/fig3_source_data.tsv
B_power	Se0.7_Sp0.99		kappa	0.6781564814489804				outputs_round8/figures/fig3_source_data.tsv
B_power_n	Se0.7_Sp0.99	850	kappa	0.6781564814489804				outputs_round8/figures/fig3_source_data.tsv
B_power	Se0.7_Sp0.99		kappa	0.6842566524952327				outputs_round8/figures/fig3_source_data.tsv
B_power_n	Se0.7_Sp0.99	900	kappa	0.6842566524952327				outputs_round8/figures/fig3_source_data.tsv
B_power	Se0.7_Sp0.99		kappa	0.6897894174500687				outputs_round8/figures/fig3_source_data.tsv
B_power_n	Se0.7_Sp0.99	950	kappa	0.6897894174500687				outputs_round8/figures/fig3_source_data.tsv
B_power	Se0.7_Sp0.99		kappa	0.6948275920428659				outputs_round8/figures/fig3_source_data.tsv
B_power_n	Se0.7_Sp0.99	1000	kappa	0.6948275920428659				outputs_round8/figures/fig3_source_data.tsv
B_power	Se0.7_Sp0.99		kappa	0.6994320468673138				outputs_round8/figures/fig3_source_data.tsv
B_power_n	Se0.7_Sp0.99	1050	kappa	0.6994320468673138				outputs_round8/figures/fig3_source_data.tsv
B_power	Se0.7_Sp0.99		kappa	0.7036540603202168				outputs_round8/figures/fig3_source_data.tsv
B_power_n	Se0.7_Sp0.99	1100	kappa	0.7036540603202168				outputs_round8/figures/fig3_source_data.tsv
B_power	Se0.7_Sp0.99		kappa	0.7075371364458166				outputs_round8/figures/fig3_source_data.tsv
B_power_n	Se0.7_Sp0.99	1150	kappa	0.7075371364458166				outputs_round8/figures/fig3_source_data.tsv
B_power	Se0.7_Sp0.99		kappa	0.7111184244712732				outputs_round8/figures/fig3_source_data.tsv
B_power_n	Se0.7_Sp0.99	1200	kappa	0.7111184244712732				outputs_round8/figures/fig3_source_data.tsv
B_power	Se0.7_Sp0.99		kappa	0.7144298382653007				outputs_round8/figures/fig3_source_data.tsv
B_power_n	Se0.7_Sp0.99	1250	kappa	0.7144298382653007				outputs_round8/figures/fig3_source_data.tsv
B_power	Se0.7_Sp0.99		kappa	0.7174989472070994				outputs_round8/figures/fig3_source_data.tsv
B_power_n	Se0.7_Sp0.99	1300	kappa	0.7174989472070994				outputs_round8/figures/fig3_source_data.tsv
B_power	Se0.7_Sp0.99		kappa	0.7203496911300505				outputs_round8/figures/fig3_source_data.tsv
B_power_n	Se0.7_Sp0.99	1350	kappa	0.7203496911300505				outputs_round8/figures/fig3_source_data.tsv
B_power	Se0.7_Sp0.99		kappa	0.7230029585798817				outputs_round8/figures/fig3_source_data.tsv
B_power_n	Se0.7_Sp0.99	1400	kappa	0.7230029585798817				outputs_round8/figures/fig3_source_data.tsv
B_power	Se0.7_Sp0.99		kappa	0.725477057933221				outputs_round8/figures/fig3_source_data.tsv
B_power_n	Se0.7_Sp0.99	1450	kappa	0.725477057933221				outputs_round8/figures/fig3_source_data.tsv
B_power	Se0.7_Sp0.99		kappa	0.7277881038420937				outputs_round8/figures/fig3_source_data.tsv
B_power_n	Se0.7_Sp0.99	1500	kappa	0.7277881038420937				outputs_round8/figures/fig3_source_data.tsv
B_power	Se0.7_Sp0.99		kappa	0.7299503362428424				outputs_round8/figures/fig3_source_data.tsv
B_power_n	Se0.7_Sp0.99	1550	kappa	0.7299503362428424				outputs_round8/figures/fig3_source_data.tsv
B_power	Se0.7_Sp0.99		kappa	0.7319763852704351				outputs_round8/figures/fig3_source_data.tsv
B_power_n	Se0.7_Sp0.99	1600	kappa	0.7319763852704351				outputs_round8/figures/fig3_source_data.tsv
B_power	Se0.7_Sp0.99		kappa	0.7338774924857003				outputs_round8/figures/fig3_source_data.tsv
B_power_n	Se0.7_Sp0.99	1650	kappa	0.7338774924857003				outputs_round8/figures/fig3_source_data.tsv
B_power	Se0.7_Sp0.99		kappa	0.7356636965958421				outputs_round8/figures/fig3_source_data.tsv
B_power_n	Se0.7_Sp0.99	1700	kappa	0.7356636965958421				outputs_round8/figures/fig3_source_data.tsv
B_power	Se0.7_Sp0.99		kappa	0.7373439901436031				outputs_round8/figures/fig3_source_data.tsv
B_power_n	Se0.7_Sp0.99	1750	kappa	0.7373439901436031				outputs_round8/figures/fig3_source_data.tsv
B_power	Se0.7_Sp0.99		kappa	0.7389264523251				outputs_round8/figures/fig3_source_data.tsv
B_power_n	Se0.7_Sp0.99	1800	kappa	0.7389264523251				outputs_round8/figures/fig3_source_data.tsv
B_power	Se0.7_Sp0.99		kappa	0.7404183620741498				outputs_round8/figures/fig3_source_data.tsv
B_power_n	Se0.7_Sp0.99	1850	kappa	0.7404183620741498				outputs_round8/figures/fig3_source_data.tsv
B_power	Se0.7_Sp0.99		kappa	0.7418262947510023				outputs_round8/figures/fig3_source_data.tsv
B_power_n	Se0.7_Sp0.99	1900	kappa	0.7418262947510023				outputs_round8/figures/fig3_source_data.tsv
B_power	Se0.7_Sp0.99		kappa	0.7431562051433613				outputs_round8/figures/fig3_source_data.tsv
B_power_n	Se0.7_Sp0.99	1950	kappa	0.7431562051433613				outputs_round8/figures/fig3_source_data.tsv
B_power	Se0.7_Sp0.99		kappa	0.7444134989882288				outputs_round8/figures/fig3_source_data.tsv
B_power_n	Se0.7_Sp0.99	2000	kappa	0.7444134989882288				outputs_round8/figures/fig3_source_data.tsv
B_power	Se0.7_Sp0.99		kappa	0.7538921714757173				outputs_round8/figures/fig3_source_data.tsv
B_power_n	Se0.7_Sp0.99	2500	kappa	0.7538921714757173				outputs_round8/figures/fig3_source_data.tsv
B_power	Se0.7_Sp0.99		kappa	0.7596138190322533				outputs_round8/figures/fig3_source_data.tsv
B_power_n	Se0.7_Sp0.99	3000	kappa	0.7596138190322533				outputs_round8/figures/fig3_source_data.tsv
B_power	Se0.7_Sp0.99		kappa	0.7631204012725178				outputs_round8/figures/fig3_source_data.tsv
B_power_n	Se0.7_Sp0.99	3500	kappa	0.7631204012725178				outputs_round8/figures/fig3_source_data.tsv
B_power	Se0.7_Sp0.99		kappa	0.7652141173663807				outputs_round8/figures/fig3_source_data.tsv
B_power_n	Se0.7_Sp0.99	4000	kappa	0.7652141173663807				outputs_round8/figures/fig3_source_data.tsv
B_power	Se0.7_Sp0.99		kappa	0.766353494510335				outputs_round8/figures/fig3_source_data.tsv
B_power_n	Se0.7_Sp0.99	4500	kappa	0.766353494510335				outputs_round8/figures/fig3_source_data.tsv
B_power	Se0.7_Sp0.99		kappa	0.766819600996053				outputs_round8/figures/fig3_source_data.tsv
B_power_n	Se0.7_Sp0.99	5000	kappa	0.766819600996053				outputs_round8/figures/fig3_source_data.tsv
B_power	Se0.7_Sp0.99		kappa	0.7667943029987417				outputs_round8/figures/fig3_source_data.tsv
B_power_n	Se0.7_Sp0.99	5500	kappa	0.7667943029987417				outputs_round8/figures/fig3_source_data.tsv
B_power	Se0.7_Sp0.99		kappa	0.7664004659446019				outputs_round8/figures/fig3_source_data.tsv
B_power_n	Se0.7_Sp0.99	6000	kappa	0.7664004659446019				outputs_round8/figures/fig3_source_data.tsv
B_power	Se0.7_Sp0.99		kappa	0.7657240720483488				outputs_round8/figures/fig3_source_data.tsv
B_power_n	Se0.7_Sp0.99	6500	kappa	0.7657240720483488				outputs_round8/figures/fig3_source_data.tsv
B_power	Se0.7_Sp0.99		kappa	0.7648270825726357				outputs_round8/figures/fig3_source_data.tsv
B_power_n	Se0.7_Sp0.99	7000	kappa	0.7648270825726357				outputs_round8/figures/fig3_source_data.tsv
B_power	Se0.7_Sp0.99		kappa	0.7637552686649378				outputs_round8/figures/fig3_source_data.tsv
B_power_n	Se0.7_Sp0.99	7500	kappa	0.7637552686649378				outputs_round8/figures/fig3_source_data.tsv
B_power	Se0.7_Sp0.99		kappa	0.7625431664347274				outputs_round8/figures/fig3_source_data.tsv
B_power_n	Se0.7_Sp0.99	8000	kappa	0.7625431664347274				outputs_round8/figures/fig3_source_data.tsv
B_power	Se0.7_Sp0.99		kappa	0.7612173172999637				outputs_round8/figures/fig3_source_data.tsv
B_power_n	Se0.7_Sp0.99	8500	kappa	0.7612173172999637				outputs_round8/figures/fig3_source_data.tsv
B_power	Se0.7_Sp0.99		kappa	0.7597984481395065				outputs_round8/figures/fig3_source_data.tsv
B_power_n	Se0.7_Sp0.99	9000	kappa	0.7597984481395065				outputs_round8/figures/fig3_source_data.tsv
B_power	Se0.7_Sp0.99		kappa	0.7583029750155038				outputs_round8/figures/fig3_source_data.tsv
B_power_n	Se0.7_Sp0.99	9500	kappa	0.7583029750155038				outputs_round8/figures/fig3_source_data.tsv
B_power	Se0.7_Sp0.99		kappa	0.7567440632778487				outputs_round8/figures/fig3_source_data.tsv
B_power_n	Se0.7_Sp0.99	10000	kappa	0.7567440632778487				outputs_round8/figures/fig3_source_data.tsv
B_power	Se0.7_Sp0.99		kappa	0.7551323895787865				outputs_round8/figures/fig3_source_data.tsv
B_power_n	Se0.7_Sp0.99	10500	kappa	0.7551323895787865				outputs_round8/figures/fig3_source_data.tsv
B_power	Se0.7_Sp0.99		kappa	0.7534766992079566				outputs_round8/figures/fig3_source_data.tsv
B_power_n	Se0.7_Sp0.99	11000	kappa	0.7534766992079566				outputs_round8/figures/fig3_source_data.tsv
B_power	Se0.7_Sp0.99		kappa	0.7517842201386676				outputs_round8/figures/fig3_source_data.tsv
B_power_n	Se0.7_Sp0.99	11500	kappa	0.7517842201386676				outputs_round8/figures/fig3_source_data.tsv
B_power	Se0.7_Sp0.99		kappa	0.7500609749970538				outputs_round8/figures/fig3_source_data.tsv
B_power_n	Se0.7_Sp0.99	12000	kappa	0.7500609749970538				outputs_round8/figures/fig3_source_data.tsv
B_power	Se0.7_Sp0.99		kappa	0.748312019154163				outputs_round8/figures/fig3_source_data.tsv
B_power_n	Se0.7_Sp0.99	12500	kappa	0.748312019154163				outputs_round8/figures/fig3_source_data.tsv
B_power	Se0.7_Sp0.99		kappa	0.7465416245755094				outputs_round8/figures/fig3_source_data.tsv
B_power_n	Se0.7_Sp0.99	13000	kappa	0.7465416245755094				outputs_round8/figures/fig3_source_data.tsv
B_power	Se0.7_Sp0.99		kappa	0.7447534233170231				outputs_round8/figures/fig3_source_data.tsv
B_power_n	Se0.7_Sp0.99	13500	kappa	0.7447534233170231				outputs_round8/figures/fig3_source_data.tsv
B_power	Se0.7_Sp0.99		kappa	0.7429505206354029				outputs_round8/figures/fig3_source_data.tsv
B_power_n	Se0.7_Sp0.99	14000	kappa	0.7429505206354029				outputs_round8/figures/fig3_source_data.tsv
B_power	Se0.7_Sp0.99		kappa	0.741135584962827				outputs_round8/figures/fig3_source_data.tsv
B_power_n	Se0.7_Sp0.99	14500	kappa	0.741135584962827				outputs_round8/figures/fig3_source_data.tsv
B_power	Se0.7_Sp0.99		kappa	0.7393109200841897				outputs_round8/figures/fig3_source_data.tsv
B_power_n	Se0.7_Sp0.99	15000	kappa	0.7393109200841897				outputs_round8/figures/fig3_source_data.tsv
B_power	Se0.7_Sp0.99		kappa	0.7374785234923241				outputs_round8/figures/fig3_source_data.tsv
B_power_n	Se0.7_Sp0.99	15500	kappa	0.7374785234923241				outputs_round8/figures/fig3_source_data.tsv
B_power	Se0.7_Sp0.99		kappa	0.7356401339132038				outputs_round8/figures/fig3_source_data.tsv
B_power_n	Se0.7_Sp0.99	16000	kappa	0.7356401339132038				outputs_round8/figures/fig3_source_data.tsv
B_power	Se0.7_Sp0.99		kappa	0.7337972702751306				outputs_round8/figures/fig3_source_data.tsv
B_power_n	Se0.7_Sp0.99	16500	kappa	0.7337972702751306				outputs_round8/figures/fig3_source_data.tsv
B_power	Se0.7_Sp0.99		kappa	0.7319512638661588				outputs_round8/figures/fig3_source_data.tsv
B_power_n	Se0.7_Sp0.99	17000	kappa	0.7319512638661588				outputs_round8/figures/fig3_source_data.tsv
B_power	Se0.7_Sp0.99		kappa	0.7301032850290865				outputs_round8/figures/fig3_source_data.tsv
B_power_n	Se0.7_Sp0.99	17500	kappa	0.7301032850290865				outputs_round8/figures/fig3_source_data.tsv
B_power	Se0.7_Sp0.99		kappa	0.7282543654463381				outputs_round8/figures/fig3_source_data.tsv
B_power_n	Se0.7_Sp0.99	18000	kappa	0.7282543654463381				outputs_round8/figures/fig3_source_data.tsv
B_power	Se0.7_Sp0.99		kappa	0.7264054168415405				outputs_round8/figures/fig3_source_data.tsv
B_power_n	Se0.7_Sp0.99	18500	kappa	0.7264054168415405				outputs_round8/figures/fig3_source_data.tsv
B_power	Se0.7_Sp0.99		kappa	0.7245572467521285				outputs_round8/figures/fig3_source_data.tsv
B_power_n	Se0.7_Sp0.99	19000	kappa	0.7245572467521285				outputs_round8/figures/fig3_source_data.tsv
B_power	Se0.7_Sp0.99		kappa	0.7227105718941752				outputs_round8/figures/fig3_source_data.tsv
B_power_n	Se0.7_Sp0.99	19500	kappa	0.7227105718941752				outputs_round8/figures/fig3_source_data.tsv
B_power	Se0.7_Sp0.99		kappa	0.7208660295373358				outputs_round8/figures/fig3_source_data.tsv
B_power_n	Se0.7_Sp0.99	20000	kappa	0.7208660295373358				outputs_round8/figures/fig3_source_data.tsv
B_power	Se0.7_Sp0.5		kappa	0.0				outputs_round8/figures/fig3_source_data.tsv
B_power_n	Se0.7_Sp0.5	0	kappa	0.0				outputs_round8/figures/fig3_source_data.tsv
B_power	Se0.7_Sp0.5		kappa	0.0068584017402477				outputs_round8/figures/fig3_source_data.tsv
B_power_n	Se0.7_Sp0.5	5	kappa	0.0068584017402477				outputs_round8/figures/fig3_source_data.tsv
B_power	Se0.7_Sp0.5		kappa	0.013438488565286				outputs_round8/figures/fig3_source_data.tsv
B_power_n	Se0.7_Sp0.5	10	kappa	0.013438488565286				outputs_round8/figures/fig3_source_data.tsv
B_power	Se0.7_Sp0.5		kappa	0.0197551564174686				outputs_round8/figures/fig3_source_data.tsv
B_power_n	Se0.7_Sp0.5	15	kappa	0.0197551564174686				outputs_round8/figures/fig3_source_data.tsv
B_power	Se0.7_Sp0.5		kappa	0.025822271166396				outputs_round8/figures/fig3_source_data.tsv
B_power_n	Se0.7_Sp0.5	20	kappa	0.025822271166396				outputs_round8/figures/fig3_source_data.tsv
B_power	Se0.7_Sp0.5		kappa	0.0316527559675581				outputs_round8/figures/fig3_source_data.tsv
B_power_n	Se0.7_Sp0.5	25	kappa	0.0316527559675581				outputs_round8/figures/fig3_source_data.tsv
B_power	Se0.7_Sp0.5		kappa	0.0372586698811399				outputs_round8/figures/fig3_source_data.tsv
B_power_n	Se0.7_Sp0.5	30	kappa	0.0372586698811399				outputs_round8/figures/fig3_source_data.tsv
B_power	Se0.7_Sp0.5		kappa	0.0426512787543317				outputs_round8/figures/fig3_source_data.tsv
B_power_n	Se0.7_Sp0.5	35	kappa	0.0426512787543317				outputs_round8/figures/fig3_source_data.tsv
B_power	Se0.7_Sp0.5		kappa	0.0478411192409743				outputs_round8/figures/fig3_source_data.tsv
B_power_n	Se0.7_Sp0.5	40	kappa	0.0478411192409743				outputs_round8/figures/fig3_source_data.tsv
B_power	Se0.7_Sp0.5		kappa	0.0528380567213576				outputs_round8/figures/fig3_source_data.tsv
B_power_n	Se0.7_Sp0.5	45	kappa	0.0528380567213576				outputs_round8/figures/fig3_source_data.tsv
B_power	Se0.7_Sp0.5		kappa	0.0576513377896042				outputs_round8/figures/fig3_source_data.tsv
B_power_n	Se0.7_Sp0.5	50	kappa	0.0576513377896042				outputs_round8/figures/fig3_source_data.tsv
B_power	Se0.7_Sp0.5		kappa	0.0622896378938938				outputs_round8/figures/fig3_source_data.tsv
B_power_n	Se0.7_Sp0.5	55	kappa	0.0622896378938938				outputs_round8/figures/fig3_source_data.tsv
B_power	Se0.7_Sp0.5		kappa	0.066761104643824				outputs_round8/figures/fig3_source_data.tsv
B_power_n	Se0.7_Sp0.5	60	kappa	0.066761104643824				outputs_round8/figures/fig3_source_data.tsv
B_power	Se0.7_Sp0.5		kappa	0.0710733972377509				outputs_round8/figures/fig3_source_data.tsv
B_power_n	Se0.7_Sp0.5	65	kappa	0.0710733972377509				outputs_round8/figures/fig3_source_data.tsv
B_power	Se0.7_Sp0.5		kappa	0.0752337224096921				outputs_round8/figures/fig3_source_data.tsv
B_power_n	Se0.7_Sp0.5	70	kappa	0.0752337224096921				outputs_round8/figures/fig3_source_data.tsv
B_power	Se0.7_Sp0.5		kappa	0.0792488672489904				outputs_round8/figures/fig3_source_data.tsv
B_power_n	Se0.7_Sp0.5	75	kappa	0.0792488672489904				outputs_round8/figures/fig3_source_data.tsv
B_power	Se0.7_Sp0.5		kappa	0.0831252292055952				outputs_round8/figures/fig3_source_data.tsv
B_power_n	Se0.7_Sp0.5	80	kappa	0.0831252292055952				outputs_round8/figures/fig3_source_data.tsv
B_power	Se0.7_Sp0.5		kappa	0.08686884355852				outputs_round8/figures/fig3_source_data.tsv
B_power_n	Se0.7_Sp0.5	85	kappa	0.08686884355852				outputs_round8/figures/fig3_source_data.tsv
B_power	Se0.7_Sp0.5		kappa	0.0904854085942127				outputs_round8/figures/fig3_source_data.tsv
B_power_n	Se0.7_Sp0.5	90	kappa	0.0904854085942127				outputs_round8/figures/fig3_source_data.tsv
B_power	Se0.7_Sp0.5		kappa	0.0939803087145068				outputs_round8/figures/fig3_source_data.tsv
B_power_n	Se0.7_Sp0.5	95	kappa	0.0939803087145068				outputs_round8/figures/fig3_source_data.tsv
B_power	Se0.7_Sp0.5		kappa	0.0973586356700771				outputs_round8/figures/fig3_source_data.tsv
B_power_n	Se0.7_Sp0.5	100	kappa	0.0973586356700771				outputs_round8/figures/fig3_source_data.tsv
B_power	Se0.7_Sp0.5		kappa	0.1006252080944098				outputs_round8/figures/fig3_source_data.tsv
B_power_n	Se0.7_Sp0.5	105	kappa	0.1006252080944098				outputs_round8/figures/fig3_source_data.tsv
B_power	Se0.7_Sp0.5		kappa	0.1037845894948826				outputs_round8/figures/fig3_source_data.tsv
B_power_n	Se0.7_Sp0.5	110	kappa	0.1037845894948826				outputs_round8/figures/fig3_source_data.tsv
B_power	Se0.7_Sp0.5		kappa	0.1068411048412494				outputs_round8/figures/fig3_source_data.tsv
B_power_n	Se0.7_Sp0.5	115	kappa	0.1068411048412494				outputs_round8/figures/fig3_source_data.tsv
B_power	Se0.7_Sp0.5		kappa	0.1097988558774683				outputs_round8/figures/fig3_source_data.tsv
B_power_n	Se0.7_Sp0.5	120	kappa	0.1097988558774683				outputs_round8/figures/fig3_source_data.tsv
B_power	Se0.7_Sp0.5		kappa	0.1126617352700103				outputs_round8/figures/fig3_source_data.tsv
B_power_n	Se0.7_Sp0.5	125	kappa	0.1126617352700103				outputs_round8/figures/fig3_source_data.tsv
B_power	Se0.7_Sp0.5		kappa	0.1154334396945155				outputs_round8/figures/fig3_source_data.tsv
B_power_n	Se0.7_Sp0.5	130	kappa	0.1154334396945155				outputs_round8/figures/fig3_source_data.tsv
B_power	Se0.7_Sp0.5		kappa	0.1181174819525502				outputs_round8/figures/fig3_source_data.tsv
B_power_n	Se0.7_Sp0.5	135	kappa	0.1181174819525502				outputs_round8/figures/fig3_source_data.tsv
B_power	Se0.7_Sp0.5		kappa	0.1207172022013135				outputs_round8/figures/fig3_source_data.tsv
B_power_n	Se0.7_Sp0.5	140	kappa	0.1207172022013135				outputs_round8/figures/fig3_source_data.tsv
B_power	Se0.7_Sp0.5		kappa	0.123235778371112				outputs_round8/figures/fig3_source_data.tsv
B_power_n	Se0.7_Sp0.5	145	kappa	0.123235778371112				outputs_round8/figures/fig3_source_data.tsv
B_power	Se0.7_Sp0.5		kappa	0.125676235838321				outputs_round8/figures/fig3_source_data.tsv
B_power_n	Se0.7_Sp0.5	150	kappa	0.125676235838321				outputs_round8/figures/fig3_source_data.tsv
B_power	Se0.7_Sp0.5		kappa	0.1280414564151645				outputs_round8/figures/fig3_source_data.tsv
B_power_n	Se0.7_Sp0.5	155	kappa	0.1280414564151645				outputs_round8/figures/fig3_source_data.tsv
B_power	Se0.7_Sp0.5		kappa	0.1303341867119368				outputs_round8/figures/fig3_source_data.tsv
B_power_n	Se0.7_Sp0.5	160	kappa	0.1303341867119368				outputs_round8/figures/fig3_source_data.tsv
B_power	Se0.7_Sp0.5		kappa	0.1325570459221811				outputs_round8/figures/fig3_source_data.tsv
B_power_n	Se0.7_Sp0.5	165	kappa	0.1325570459221811				outputs_round8/figures/fig3_source_data.tsv
B_power	Se0.7_Sp0.5		kappa	0.1347125330767381				outputs_round8/figures/fig3_source_data.tsv
B_power_n	Se0.7_Sp0.5	170	kappa	0.1347125330767381				outputs_round8/figures/fig3_source_data.tsv
B_power	Se0.7_Sp0.5		kappa	0.1368030338084555				outputs_round8/figures/fig3_source_data.tsv
B_power_n	Se0.7_Sp0.5	175	kappa	0.1368030338084555				outputs_round8/figures/fig3_source_data.tsv
B_power	Se0.7_Sp0.5		kappa	0.1388308266656298				outputs_round8/figures/fig3_source_data.tsv
B_power_n	Se0.7_Sp0.5	180	kappa	0.1388308266656298				outputs_round8/figures/fig3_source_data.tsv
B_power	Se0.7_Sp0.5		kappa	0.1407980890089031				outputs_round8/figures/fig3_source_data.tsv
B_power_n	Se0.7_Sp0.5	185	kappa	0.1407980890089031				outputs_round8/figures/fig3_source_data.tsv
B_power	Se0.7_Sp0.5		kappa	0.1427069025233277				outputs_round8/figures/fig3_source_data.tsv
B_power_n	Se0.7_Sp0.5	190	kappa	0.1427069025233277				outputs_round8/figures/fig3_source_data.tsv
B_power	Se0.7_Sp0.5		kappa	0.1445592583745611				outputs_round8/figures/fig3_source_data.tsv
B_power_n	Se0.7_Sp0.5	195	kappa	0.1445592583745611				outputs_round8/figures/fig3_source_data.tsv
B_power	Se0.7_Sp0.5		kappa	0.1463570620357161				outputs_round8/figures/fig3_source_data.tsv
B_power_n	Se0.7_Sp0.5	200	kappa	0.1463570620357161				outputs_round8/figures/fig3_source_data.tsv
B_power	Se0.7_Sp0.5		kappa	0.1617009307315335				outputs_round8/figures/fig3_source_data.tsv
B_power_n	Se0.7_Sp0.5	250	kappa	0.1617009307315335				outputs_round8/figures/fig3_source_data.tsv
B_power	Se0.7_Sp0.5		kappa	0.1731929354747161				outputs_round8/figures/fig3_source_data.tsv
B_power_n	Se0.7_Sp0.5	300	kappa	0.1731929354747161				outputs_round8/figures/fig3_source_data.tsv
B_power	Se0.7_Sp0.5		kappa	0.1818327673342782				outputs_round8/figures/fig3_source_data.tsv
B_power_n	Se0.7_Sp0.5	350	kappa	0.1818327673342782				outputs_round8/figures/fig3_source_data.tsv
B_power	Se0.7_Sp0.5		kappa	0.1883164666133892				outputs_round8/figures/fig3_source_data.tsv
B_power_n	Se0.7_Sp0.5	400	kappa	0.1883164666133892				outputs_round8/figures/fig3_source_data.tsv
B_power	Se0.7_Sp0.5		kappa	0.1931423640463056				outputs_round8/figures/fig3_source_data.tsv
B_power_n	Se0.7_Sp0.5	450	kappa	0.1931423640463056				outputs_round8/figures/fig3_source_data.tsv
B_power	Se0.7_Sp0.5		kappa	0.1966756851007428				outputs_round8/figures/fig3_source_data.tsv
B_power_n	Se0.7_Sp0.5	500	kappa	0.1966756851007428				outputs_round8/figures/fig3_source_data.tsv
B_power	Se0.7_Sp0.5		kappa	0.1991894708050093				outputs_round8/figures/fig3_source_data.tsv
B_power_n	Se0.7_Sp0.5	550	kappa	0.1991894708050093				outputs_round8/figures/fig3_source_data.tsv
B_power	Se0.7_Sp0.5		kappa	0.2008913498548179				outputs_round8/figures/fig3_source_data.tsv
B_power_n	Se0.7_Sp0.5	600	kappa	0.2008913498548179				outputs_round8/figures/fig3_source_data.tsv
B_power	Se0.7_Sp0.5		kappa	0.2019415498654973				outputs_round8/figures/fig3_source_data.tsv
B_power_n	Se0.7_Sp0.5	650	kappa	0.2019415498654973				outputs_round8/figures/fig3_source_data.tsv
B_power	Se0.7_Sp0.5		kappa	0.2024653129280055				outputs_round8/figures/fig3_source_data.tsv
B_power_n	Se0.7_Sp0.5	700	kappa	0.2024653129280055				outputs_round8/figures/fig3_source_data.tsv
B_power	Se0.7_Sp0.5		kappa	0.2025616387406794				outputs_round8/figures/fig3_source_data.tsv
B_power_n	Se0.7_Sp0.5	750	kappa	0.2025616387406794				outputs_round8/figures/fig3_source_data.tsv
B_power	Se0.7_Sp0.5		kappa	0.2023095591266688				outputs_round8/figures/fig3_source_data.tsv
B_power_n	Se0.7_Sp0.5	800	kappa	0.2023095591266688				outputs_round8/figures/fig3_source_data.tsv
B_power	Se0.7_Sp0.5		kappa	0.201772717446134				outputs_round8/figures/fig3_source_data.tsv
B_power_n	Se0.7_Sp0.5	850	kappa	0.201772717446134				outputs_round8/figures/fig3_source_data.tsv
B_power	Se0.7_Sp0.5		kappa	0.2010027616765995				outputs_round8/figures/fig3_source_data.tsv
B_power_n	Se0.7_Sp0.5	900	kappa	0.2010027616765995				outputs_round8/figures/fig3_source_data.tsv
B_power	Se0.7_Sp0.5		kappa	0.2000418928953056				outputs_round8/figures/fig3_source_data.tsv
B_power_n	Se0.7_Sp0.5	950	kappa	0.2000418928953056				outputs_round8/figures/fig3_source_data.tsv
B_power	Se0.7_Sp0.5		kappa	0.1989248030811614				outputs_round8/figures/fig3_source_data.tsv
B_power_n	Se0.7_Sp0.5	1000	kappa	0.1989248030811614				outputs_round8/figures/fig3_source_data.tsv
B_power	Se0.7_Sp0.5		kappa	0.1976801651210792				outputs_round8/figures/fig3_source_data.tsv
B_power_n	Se0.7_Sp0.5	1050	kappa	0.1976801651210792				outputs_round8/figures/fig3_source_data.tsv
B_power	Se0.7_Sp0.5		kappa	0.1963317902264565				outputs_round8/figures/fig3_source_data.tsv
B_power_n	Se0.7_Sp0.5	1100	kappa	0.1963317902264565				outputs_round8/figures/fig3_source_data.tsv
B_power	Se0.7_Sp0.5		kappa	0.194899535413484				outputs_round8/figures/fig3_source_data.tsv
B_power_n	Se0.7_Sp0.5	1150	kappa	0.194899535413484				outputs_round8/figures/fig3_source_data.tsv
B_power	Se0.7_Sp0.5		kappa	0.1934000211277334				outputs_round8/figures/fig3_source_data.tsv
B_power_n	Se0.7_Sp0.5	1200	kappa	0.1934000211277334				outputs_round8/figures/fig3_source_data.tsv
B_power	Se0.7_Sp0.5		kappa	0.1918472032143918				outputs_round8/figures/fig3_source_data.tsv
B_power_n	Se0.7_Sp0.5	1250	kappa	0.1918472032143918				outputs_round8/figures/fig3_source_data.tsv
B_power	Se0.7_Sp0.5		kappa	0.190252832116941				outputs_round8/figures/fig3_source_data.tsv
B_power_n	Se0.7_Sp0.5	1300	kappa	0.190252832116941				outputs_round8/figures/fig3_source_data.tsv
B_power	Se0.7_Sp0.5		kappa	0.1886268240200674				outputs_round8/figures/fig3_source_data.tsv
B_power_n	Se0.7_Sp0.5	1350	kappa	0.1886268240200674				outputs_round8/figures/fig3_source_data.tsv
B_power	Se0.7_Sp0.5		kappa	0.186977562692477				outputs_round8/figures/fig3_source_data.tsv
B_power_n	Se0.7_Sp0.5	1400	kappa	0.186977562692477				outputs_round8/figures/fig3_source_data.tsv
B_power	Se0.7_Sp0.5		kappa	0.1853121463896148				outputs_round8/figures/fig3_source_data.tsv
B_power_n	Se0.7_Sp0.5	1450	kappa	0.1853121463896148				outputs_round8/figures/fig3_source_data.tsv
B_power	Se0.7_Sp0.5		kappa	0.1836365909024272				outputs_round8/figures/fig3_source_data.tsv
B_power_n	Se0.7_Sp0.5	1500	kappa	0.1836365909024272				outputs_round8/figures/fig3_source_data.tsv
B_power	Se0.7_Sp0.5		kappa	0.1819559973774463				outputs_round8/figures/fig3_source_data.tsv
B_power_n	Se0.7_Sp0.5	1550	kappa	0.1819559973774463				outputs_round8/figures/fig3_source_data.tsv
B_power	Se0.7_Sp0.5		kappa	0.1802746916677872				outputs_round8/figures/fig3_source_data.tsv
B_power_n	Se0.7_Sp0.5	1600	kappa	0.1802746916677872				outputs_round8/figures/fig3_source_data.tsv
B_power	Se0.7_Sp0.5		kappa	0.1785963405487029				outputs_round8/figures/fig3_source_data.tsv
B_power_n	Se0.7_Sp0.5	1650	kappa	0.1785963405487029				outputs_round8/figures/fig3_source_data.tsv
B_power	Se0.7_Sp0.5		kappa	0.1769240490332366				outputs_round8/figures/fig3_source_data.tsv
B_power_n	Se0.7_Sp0.5	1700	kappa	0.1769240490332366				outputs_round8/figures/fig3_source_data.tsv
B_power	Se0.7_Sp0.5		kappa	0.1752604421717863				outputs_round8/figures/fig3_source_data.tsv
B_power_n	Se0.7_Sp0.5	1750	kappa	0.1752604421717863				outputs_round8/figures/fig3_source_data.tsv
B_power	Se0.7_Sp0.5		kappa	0.1736077340543486				outputs_round8/figures/fig3_source_data.tsv
B_power_n	Se0.7_Sp0.5	1800	kappa	0.1736077340543486				outputs_round8/figures/fig3_source_data.tsv
B_power	Se0.7_Sp0.5		kappa	0.1719677862115854				outputs_round8/figures/fig3_source_data.tsv
B_power_n	Se0.7_Sp0.5	1850	kappa	0.1719677862115854				outputs_round8/figures/fig3_source_data.tsv
B_power	Se0.7_Sp0.5		kappa	0.1703421571977095				outputs_round8/figures/fig3_source_data.tsv
B_power_n	Se0.7_Sp0.5	1900	kappa	0.1703421571977095				outputs_round8/figures/fig3_source_data.tsv
B_power	Se0.7_Sp0.5		kappa	0.1687321448097007				outputs_round8/figures/fig3_source_data.tsv
B_power_n	Se0.7_Sp0.5	1950	kappa	0.1687321448097007				outputs_round8/figures/fig3_source_data.tsv
B_power	Se0.7_Sp0.5		kappa	0.1671388221347981				outputs_round8/figures/fig3_source_data.tsv
B_power_n	Se0.7_Sp0.5	2000	kappa	0.1671388221347981				outputs_round8/figures/fig3_source_data.tsv
B_power	Se0.7_Sp0.5		kappa	0.1522495705666524				outputs_round8/figures/fig3_source_data.tsv
B_power_n	Se0.7_Sp0.5	2500	kappa	0.1522495705666524				outputs_round8/figures/fig3_source_data.tsv
B_power	Se0.7_Sp0.5		kappa	0.1393325152914507				outputs_round8/figures/fig3_source_data.tsv
B_power_n	Se0.7_Sp0.5	3000	kappa	0.1393325152914507				outputs_round8/figures/fig3_source_data.tsv
B_power	Se0.7_Sp0.5		kappa	0.1282118965556251				outputs_round8/figures/fig3_source_data.tsv
B_power_n	Se0.7_Sp0.5	3500	kappa	0.1282118965556251				outputs_round8/figures/fig3_source_data.tsv
B_power	Se0.7_Sp0.5		kappa	0.1186155078313646				outputs_round8/figures/fig3_source_data.tsv
B_power_n	Se0.7_Sp0.5	4000	kappa	0.1186155078313646				outputs_round8/figures/fig3_source_data.tsv
B_power	Se0.7_Sp0.5		kappa	0.1102866557162624				outputs_round8/figures/fig3_source_data.tsv
B_power_n	Se0.7_Sp0.5	4500	kappa	0.1102866557162624				outputs_round8/figures/fig3_source_data.tsv
B_power	Se0.7_Sp0.5		kappa	0.1030086132513049				outputs_round8/figures/fig3_source_data.tsv
B_power_n	Se0.7_Sp0.5	5000	kappa	0.1030086132513049				outputs_round8/figures/fig3_source_data.tsv
B_power	Se0.7_Sp0.5		kappa	0.0966047596700146				outputs_round8/figures/fig3_source_data.tsv
B_power_n	Se0.7_Sp0.5	5500	kappa	0.0966047596700146				outputs_round8/figures/fig3_source_data.tsv
B_power	Se0.7_Sp0.5		kappa	0.090932640309446				outputs_round8/figures/fig3_source_data.tsv
B_power_n	Se0.7_Sp0.5	6000	kappa	0.090932640309446				outputs_round8/figures/fig3_source_data.tsv
B_power	Se0.7_Sp0.5		kappa	0.0858773789824245				outputs_round8/figures/fig3_source_data.tsv
B_power_n	Se0.7_Sp0.5	6500	kappa	0.0858773789824245				outputs_round8/figures/fig3_source_data.tsv
B_power	Se0.7_Sp0.5		kappa	0.0813459403590704				outputs_round8/figures/fig3_source_data.tsv
B_power_n	Se0.7_Sp0.5	7000	kappa	0.0813459403590704				outputs_round8/figures/fig3_source_data.tsv
B_power	Se0.7_Sp0.5		kappa	0.0772625025337555				outputs_round8/figures/fig3_source_data.tsv
B_power_n	Se0.7_Sp0.5	7500	kappa	0.0772625025337555				outputs_round8/figures/fig3_source_data.tsv
B_power	Se0.7_Sp0.5		kappa	0.073564832795326				outputs_round8/figures/fig3_source_data.tsv
B_power_n	Se0.7_Sp0.5	8000	kappa	0.073564832795326				outputs_round8/figures/fig3_source_data.tsv
B_power	Se0.7_Sp0.5		kappa	0.070201478242556				outputs_round8/figures/fig3_source_data.tsv
B_power_n	Se0.7_Sp0.5	8500	kappa	0.070201478242556				outputs_round8/figures/fig3_source_data.tsv
B_power	Se0.7_Sp0.5		kappa	0.0671295913255779				outputs_round8/figures/fig3_source_data.tsv
B_power_n	Se0.7_Sp0.5	9000	kappa	0.0671295913255779				outputs_round8/figures/fig3_source_data.tsv
B_power	Se0.7_Sp0.5		kappa	0.0643132419542953				outputs_round8/figures/fig3_source_data.tsv
B_power_n	Se0.7_Sp0.5	9500	kappa	0.0643132419542953				outputs_round8/figures/fig3_source_data.tsv
B_power	Se0.7_Sp0.5		kappa	0.0617221005472727				outputs_round8/figures/fig3_source_data.tsv
B_power_n	Se0.7_Sp0.5	10000	kappa	0.0617221005472727				outputs_round8/figures/fig3_source_data.tsv
B_power	Se0.7_Sp0.5		kappa	0.0593304040400514				outputs_round8/figures/fig3_source_data.tsv
B_power_n	Se0.7_Sp0.5	10500	kappa	0.0593304040400514				outputs_round8/figures/fig3_source_data.tsv
B_power	Se0.7_Sp0.5		kappa	0.0571161385336449				outputs_round8/figures/fig3_source_data.tsv
B_power_n	Se0.7_Sp0.5	11000	kappa	0.0571161385336449				outputs_round8/figures/fig3_source_data.tsv
B_power	Se0.7_Sp0.5		kappa	0.0550603886933522				outputs_round8/figures/fig3_source_data.tsv
B_power_n	Se0.7_Sp0.5	11500	kappa	0.0550603886933522				outputs_round8/figures/fig3_source_data.tsv
B_power	Se0.7_Sp0.5		kappa	0.0531468162935632				outputs_round8/figures/fig3_source_data.tsv
B_power_n	Se0.7_Sp0.5	12000	kappa	0.0531468162935632				outputs_round8/figures/fig3_source_data.tsv
B_power	Se0.7_Sp0.5		kappa	0.051361239445632				outputs_round8/figures/fig3_source_data.tsv
B_power_n	Se0.7_Sp0.5	12500	kappa	0.051361239445632				outputs_round8/figures/fig3_source_data.tsv
B_power	Se0.7_Sp0.5		kappa	0.0496912908480397				outputs_round8/figures/fig3_source_data.tsv
B_power_n	Se0.7_Sp0.5	13000	kappa	0.0496912908480397				outputs_round8/figures/fig3_source_data.tsv
B_power	Se0.7_Sp0.5		kappa	0.0481261384741335				outputs_round8/figures/fig3_source_data.tsv
B_power_n	Se0.7_Sp0.5	13500	kappa	0.0481261384741335				outputs_round8/figures/fig3_source_data.tsv
B_power	Se0.7_Sp0.5		kappa	0.0466562559177969				outputs_round8/figures/fig3_source_data.tsv
B_power_n	Se0.7_Sp0.5	14000	kappa	0.0466562559177969				outputs_round8/figures/fig3_source_data.tsv
B_power	Se0.7_Sp0.5		kappa	0.0452732324853166				outputs_round8/figures/fig3_source_data.tsv
B_power_n	Se0.7_Sp0.5	14500	kappa	0.0452732324853166				outputs_round8/figures/fig3_source_data.tsv
B_power	Se0.7_Sp0.5		kappa	0.0439696152961644				outputs_round8/figures/fig3_source_data.tsv
B_power_n	Se0.7_Sp0.5	15000	kappa	0.0439696152961644				outputs_round8/figures/fig3_source_data.tsv
B_power	Se0.7_Sp0.5		kappa	0.042738777314368				outputs_round8/figures/fig3_source_data.tsv
B_power_n	Se0.7_Sp0.5	15500	kappa	0.042738777314368				outputs_round8/figures/fig3_source_data.tsv
B_power	Se0.7_Sp0.5		kappa	0.0415748065057409				outputs_round8/figures/fig3_source_data.tsv
B_power_n	Se0.7_Sp0.5	16000	kappa	0.0415748065057409				outputs_round8/figures/fig3_source_data.tsv
B_power	Se0.7_Sp0.5		kappa	0.0404724123001627				outputs_round8/figures/fig3_source_data.tsv
B_power_n	Se0.7_Sp0.5	16500	kappa	0.0404724123001627				outputs_round8/figures/fig3_source_data.tsv
B_power	Se0.7_Sp0.5		kappa	0.0394268463028882				outputs_round8/figures/fig3_source_data.tsv
B_power_n	Se0.7_Sp0.5	17000	kappa	0.0394268463028882				outputs_round8/figures/fig3_source_data.tsv
B_power	Se0.7_Sp0.5		kappa	0.0384338347969087				outputs_round8/figures/fig3_source_data.tsv
B_power_n	Se0.7_Sp0.5	17500	kappa	0.0384338347969087				outputs_round8/figures/fig3_source_data.tsv
B_power	Se0.7_Sp0.5		kappa	0.0374895210487908				outputs_round8/figures/fig3_source_data.tsv
B_power_n	Se0.7_Sp0.5	18000	kappa	0.0374895210487908				outputs_round8/figures/fig3_source_data.tsv
B_power	Se0.7_Sp0.5		kappa	0.0365904158024989				outputs_round8/figures/fig3_source_data.tsv
B_power_n	Se0.7_Sp0.5	18500	kappa	0.0365904158024989				outputs_round8/figures/fig3_source_data.tsv
B_power	Se0.7_Sp0.5		kappa	0.0357333546416442				outputs_round8/figures/fig3_source_data.tsv
B_power_n	Se0.7_Sp0.5	19000	kappa	0.0357333546416442				outputs_round8/figures/fig3_source_data.tsv
B_power	Se0.7_Sp0.5		kappa	0.0349154611372071				outputs_round8/figures/fig3_source_data.tsv
B_power_n	Se0.7_Sp0.5	19500	kappa	0.0349154611372071				outputs_round8/figures/fig3_source_data.tsv
B_power	Se0.7_Sp0.5		kappa	0.0341341148879153				outputs_round8/figures/fig3_source_data.tsv
B_power_n	Se0.7_Sp0.5	20000	kappa	0.0341341148879153				outputs_round8/figures/fig3_source_data.tsv
B_power	Se0.8_Sp0.6		kappa	0.0				outputs_round8/figures/fig3_source_data.tsv
B_power_n	Se0.8_Sp0.6	0	kappa	0.0				outputs_round8/figures/fig3_source_data.tsv
B_power	Se0.8_Sp0.6		kappa	0.0202623463030794				outputs_round8/figures/fig3_source_data.tsv
B_power_n	Se0.8_Sp0.6	5	kappa	0.0202623463030794				outputs_round8/figures/fig3_source_data.tsv
B_power	Se0.8_Sp0.6		kappa	0.0391308994352321				outputs_round8/figures/fig3_source_data.tsv
B_power_n	Se0.8_Sp0.6	10	kappa	0.0391308994352321				outputs_round8/figures/fig3_source_data.tsv
B_power	Se0.8_Sp0.6		kappa	0.0567390539915016				outputs_round8/figures/fig3_source_data.tsv
B_power_n	Se0.8_Sp0.6	15	kappa	0.0567390539915016				outputs_round8/figures/fig3_source_data.tsv
B_power	Se0.8_Sp0.6		kappa	0.0732037401574806				outputs_round8/figures/fig3_source_data.tsv
B_power_n	Se0.8_Sp0.6	20	kappa	0.0732037401574806				outputs_round8/figures/fig3_source_data.tsv
B_power	Se0.8_Sp0.6		kappa	0.0886278876213278				outputs_round8/figures/fig3_source_data.tsv
B_power_n	Se0.8_Sp0.6	25	kappa	0.0886278876213278				outputs_round8/figures/fig3_source_data.tsv
B_power	Se0.8_Sp0.6		kappa	0.1031024598745157				outputs_round8/figures/fig3_source_data.tsv
B_power_n	Se0.8_Sp0.6	30	kappa	0.1031024598745157				outputs_round8/figures/fig3_source_data.tsv
B_power	Se0.8_Sp0.6		kappa	0.1167081438256241				outputs_round8/figures/fig3_source_data.tsv
B_power_n	Se0.8_Sp0.6	35	kappa	0.1167081438256241				outputs_round8/figures/fig3_source_data.tsv
B_power	Se0.8_Sp0.6		kappa	0.129516760992599				outputs_round8/figures/fig3_source_data.tsv
B_power_n	Se0.8_Sp0.6	40	kappa	0.129516760992599				outputs_round8/figures/fig3_source_data.tsv
B_power	Se0.8_Sp0.6		kappa	0.1415924523687156				outputs_round8/figures/fig3_source_data.tsv
B_power_n	Se0.8_Sp0.6	45	kappa	0.1415924523687156				outputs_round8/figures/fig3_source_data.tsv
B_power	Se0.8_Sp0.6		kappa	0.1529926782075431				outputs_round8/figures/fig3_source_data.tsv
B_power_n	Se0.8_Sp0.6	50	kappa	0.1529926782075431				outputs_round8/figures/fig3_source_data.tsv
B_power	Se0.8_Sp0.6		kappa	0.1637690655998951				outputs_round8/figures/fig3_source_data.tsv
B_power_n	Se0.8_Sp0.6	55	kappa	0.1637690655998951				outputs_round8/figures/fig3_source_data.tsv
B_power	Se0.8_Sp0.6		kappa	0.1739681302080795				outputs_round8/figures/fig3_source_data.tsv
B_power_n	Se0.8_Sp0.6	60	kappa	0.1739681302080795				outputs_round8/figures/fig3_source_data.tsv
B_power	Se0.8_Sp0.6		kappa	0.1836318934294026				outputs_round8/figures/fig3_source_data.tsv
B_power_n	Se0.8_Sp0.6	65	kappa	0.1836318934294026				outputs_round8/figures/fig3_source_data.tsv
B_power	Se0.8_Sp0.6		kappa	0.1927984122483699				outputs_round8/figures/fig3_source_data.tsv
B_power_n	Se0.8_Sp0.6	70	kappa	0.1927984122483699				outputs_round8/figures/fig3_source_data.tsv
B_power	Se0.8_Sp0.6		kappa	0.2015022358563912				outputs_round8/figures/fig3_source_data.tsv
B_power_n	Se0.8_Sp0.6	75	kappa	0.2015022358563912				outputs_round8/figures/fig3_source_data.tsv
B_power	Se0.8_Sp0.6		kappa	0.2097748005817285				outputs_round8/figures/fig3_source_data.tsv
B_power_n	Se0.8_Sp0.6	80	kappa	0.2097748005817285				outputs_round8/figures/fig3_source_data.tsv
B_power	Se0.8_Sp0.6		kappa	0.2176447726389431				outputs_round8/figures/fig3_source_data.tsv
B_power_n	Se0.8_Sp0.6	85	kappa	0.2176447726389431				outputs_round8/figures/fig3_source_data.tsv
B_power	Se0.8_Sp0.6		kappa	0.2251383465680064				outputs_round8/figures/fig3_source_data.tsv
B_power_n	Se0.8_Sp0.6	90	kappa	0.2251383465680064				outputs_round8/figures/fig3_source_data.tsv
B_power	Se0.8_Sp0.6		kappa	0.2322795059052264				outputs_round8/figures/fig3_source_data.tsv
B_power_n	Se0.8_Sp0.6	95	kappa	0.2322795059052264				outputs_round8/figures/fig3_source_data.tsv
B_power	Se0.8_Sp0.6		kappa	0.2390902515470547				outputs_round8/figures/fig3_source_data.tsv
B_power_n	Se0.8_Sp0.6	100	kappa	0.2390902515470547				outputs_round8/figures/fig3_source_data.tsv
B_power	Se0.8_Sp0.6		kappa	0.2455908023836756				outputs_round8/figures/fig3_source_data.tsv
B_power_n	Se0.8_Sp0.6	105	kappa	0.2455908023836756				outputs_round8/figures/fig3_source_data.tsv
B_power	Se0.8_Sp0.6		kappa	0.2517997720529185				outputs_round8/figures/fig3_source_data.tsv
B_power_n	Se0.8_Sp0.6	110	kappa	0.2517997720529185				outputs_round8/figures/fig3_source_data.tsv
B_power	Se0.8_Sp0.6		kappa	0.2577343250658873				outputs_round8/figures/fig3_source_data.tsv
B_power_n	Se0.8_Sp0.6	115	kappa	0.2577343250658873				outputs_round8/figures/fig3_source_data.tsv
B_power	Se0.8_Sp0.6		kappa	0.2634103150593963				outputs_round8/figures/fig3_source_data.tsv
B_power_n	Se0.8_Sp0.6	120	kappa	0.2634103150593963				outputs_round8/figures/fig3_source_data.tsv
B_power	Se0.8_Sp0.6		kappa	0.268842407517647				outputs_round8/figures/fig3_source_data.tsv
B_power_n	Se0.8_Sp0.6	125	kappa	0.268842407517647				outputs_round8/figures/fig3_source_data.tsv
B_power	Se0.8_Sp0.6		kappa	0.2740441889611742				outputs_round8/figures/fig3_source_data.tsv
B_power_n	Se0.8_Sp0.6	130	kappa	0.2740441889611742				outputs_round8/figures/fig3_source_data.tsv
B_power	Se0.8_Sp0.6		kappa	0.279028264312628				outputs_round8/figures/fig3_source_data.tsv
B_power_n	Se0.8_Sp0.6	135	kappa	0.279028264312628				outputs_round8/figures/fig3_source_data.tsv
B_power	Se0.8_Sp0.6		kappa	0.283806343906511				outputs_round8/figures/fig3_source_data.tsv
B_power_n	Se0.8_Sp0.6	140	kappa	0.283806343906511				outputs_round8/figures/fig3_source_data.tsv
B_power	Se0.8_Sp0.6		kappa	0.288389321405553				outputs_round8/figures/fig3_source_data.tsv
B_power_n	Se0.8_Sp0.6	145	kappa	0.288389321405553				outputs_round8/figures/fig3_source_data.tsv
B_power	Se0.8_Sp0.6		kappa	0.2927873437134785				outputs_round8/figures/fig3_source_data.tsv
B_power_n	Se0.8_Sp0.6	150	kappa	0.2927873437134785				outputs_round8/figures/fig3_source_data.tsv
B_power	Se0.8_Sp0.6		kappa	0.2970098738271618				outputs_round8/figures/fig3_source_data.tsv
B_power_n	Se0.8_Sp0.6	155	kappa	0.2970098738271618				outputs_round8/figures/fig3_source_data.tsv
B_power	Se0.8_Sp0.6		kappa	0.301065747446317				outputs_round8/figures/fig3_source_data.tsv
B_power_n	Se0.8_Sp0.6	160	kappa	0.301065747446317				outputs_round8/figures/fig3_source_data.tsv
B_power	Se0.8_Sp0.6		kappa	0.304963224052256				outputs_round8/figures/fig3_source_data.tsv
B_power_n	Se0.8_Sp0.6	165	kappa	0.304963224052256				outputs_round8/figures/fig3_source_data.tsv
B_power	Se0.8_Sp0.6		kappa	0.308710033076075				outputs_round8/figures/fig3_source_data.tsv
B_power_n	Se0.8_Sp0.6	170	kappa	0.308710033076075				outputs_round8/figures/fig3_source_data.tsv
B_power	Se0.8_Sp0.6		kappa	0.3123134156983417				outputs_round8/figures/fig3_source_data.tsv
B_power_n	Se0.8_Sp0.6	175	kappa	0.3123134156983417				outputs_round8/figures/fig3_source_data.tsv
B_power	Se0.8_Sp0.6		kappa	0.3157801627550418				outputs_round8/figures/fig3_source_data.tsv
B_power_n	Se0.8_Sp0.6	180	kappa	0.3157801627550418				outputs_round8/figures/fig3_source_data.tsv
B_power	Se0.8_Sp0.6		kappa	0.3191166491664682				outputs_round8/figures/fig3_source_data.tsv
B_power_n	Se0.8_Sp0.6	185	kappa	0.3191166491664682				outputs_round8/figures/fig3_source_data.tsv
B_power	Se0.8_Sp0.6		kappa	0.3223288652555572				outputs_round8/figures/fig3_source_data.tsv
B_power_n	Se0.8_Sp0.6	190	kappa	0.3223288652555572				outputs_round8/figures/fig3_source_data.tsv
B_power	Se0.8_Sp0.6		kappa	0.3254224452786662				outputs_round8/figures/fig3_source_data.tsv
B_power_n	Se0.8_Sp0.6	195	kappa	0.3254224452786662				outputs_round8/figures/fig3_source_data.tsv
B_power	Se0.8_Sp0.6		kappa	0.3284026934540238				outputs_round8/figures/fig3_source_data.tsv
B_power_n	Se0.8_Sp0.6	200	kappa	0.3284026934540238				outputs_round8/figures/fig3_source_data.tsv
B_power	Se0.8_Sp0.6		kappa	0.352945014725815				outputs_round8/figures/fig3_source_data.tsv
B_power_n	Se0.8_Sp0.6	250	kappa	0.352945014725815				outputs_round8/figures/fig3_source_data.tsv
B_power	Se0.8_Sp0.6		kappa	0.3702474539005618				outputs_round8/figures/fig3_source_data.tsv
B_power_n	Se0.8_Sp0.6	300	kappa	0.3702474539005618				outputs_round8/figures/fig3_source_data.tsv
B_power	Se0.8_Sp0.6		kappa	0.3825812985259368				outputs_round8/figures/fig3_source_data.tsv
B_power_n	Se0.8_Sp0.6	350	kappa	0.3825812985259368				outputs_round8/figures/fig3_source_data.tsv
B_power	Se0.8_Sp0.6		kappa	0.3913765601618126				outputs_round8/figures/fig3_source_data.tsv
B_power_n	Se0.8_Sp0.6	400	kappa	0.3913765601618126				outputs_round8/figures/fig3_source_data.tsv
B_power	Se0.8_Sp0.6		kappa	0.3975774134452439				outputs_round8/figures/fig3_source_data.tsv
B_power_n	Se0.8_Sp0.6	450	kappa	0.3975774134452439				outputs_round8/figures/fig3_source_data.tsv
B_power	Se0.8_Sp0.6		kappa	0.4018315414122857				outputs_round8/figures/fig3_source_data.tsv
B_power_n	Se0.8_Sp0.6	500	kappa	0.4018315414122857				outputs_round8/figures/fig3_source_data.tsv
B_power	Se0.8_Sp0.6		kappa	0.404597388507765				outputs_round8/figures/fig3_source_data.tsv
B_power_n	Se0.8_Sp0.6	550	kappa	0.404597388507765				outputs_round8/figures/fig3_source_data.tsv
B_power	Se0.8_Sp0.6		kappa	0.4062080422365337				outputs_round8/figures/fig3_source_data.tsv
B_power_n	Se0.8_Sp0.6	600	kappa	0.4062080422365337				outputs_round8/figures/fig3_source_data.tsv
B_power	Se0.8_Sp0.6		kappa	0.406910909657624				outputs_round8/figures/fig3_source_data.tsv
B_power_n	Se0.8_Sp0.6	650	kappa	0.406910909657624				outputs_round8/figures/fig3_source_data.tsv
B_power	Se0.8_Sp0.6		kappa	0.4068932503590233				outputs_round8/figures/fig3_source_data.tsv
B_power_n	Se0.8_Sp0.6	700	kappa	0.4068932503590233				outputs_round8/figures/fig3_source_data.tsv
B_power	Se0.8_Sp0.6		kappa	0.4062991158157336				outputs_round8/figures/fig3_source_data.tsv
B_power_n	Se0.8_Sp0.6	750	kappa	0.4062991158157336				outputs_round8/figures/fig3_source_data.tsv
B_power	Se0.8_Sp0.6		kappa	0.4052408884651075				outputs_round8/figures/fig3_source_data.tsv
B_power_n	Se0.8_Sp0.6	800	kappa	0.4052408884651075				outputs_round8/figures/fig3_source_data.tsv
B_power	Se0.8_Sp0.6		kappa	0.4038073262186327				outputs_round8/figures/fig3_source_data.tsv
B_power_n	Se0.8_Sp0.6	850	kappa	0.4038073262186327				outputs_round8/figures/fig3_source_data.tsv
B_power	Se0.8_Sp0.6		kappa	0.4020692865616505				outputs_round8/figures/fig3_source_data.tsv
B_power_n	Se0.8_Sp0.6	900	kappa	0.4020692865616505				outputs_round8/figures/fig3_source_data.tsv
B_power	Se0.8_Sp0.6		kappa	0.4000838742841268				outputs_round8/figures/fig3_source_data.tsv
B_power_n	Se0.8_Sp0.6	950	kappa	0.4000838742841268				outputs_round8/figures/fig3_source_data.tsv
B_power	Se0.8_Sp0.6		kappa	0.3978974962550823				outputs_round8/figures/fig3_source_data.tsv
B_power_n	Se0.8_Sp0.6	1000	kappa	0.3978974962550823				outputs_round8/figures/fig3_source_data.tsv
B_power	Se0.8_Sp0.6		kappa	0.3955481444138519				outputs_round8/figures/fig3_source_data.tsv
B_power_n	Se0.8_Sp0.6	1050	kappa	0.3955481444138519				outputs_round8/figures/fig3_source_data.tsv
B_power	Se0.8_Sp0.6		kappa	0.3930671246944646				outputs_round8/figures/fig3_source_data.tsv
B_power_n	Se0.8_Sp0.6	1100	kappa	0.3930671246944646				outputs_round8/figures/fig3_source_data.tsv
B_power	Se0.8_Sp0.6		kappa	0.3904803821771457				outputs_round8/figures/fig3_source_data.tsv
B_power_n	Se0.8_Sp0.6	1150	kappa	0.3904803821771457				outputs_round8/figures/fig3_source_data.tsv
B_power	Se0.8_Sp0.6		kappa	0.387809527947814				outputs_round8/figures/fig3_source_data.tsv
B_power_n	Se0.8_Sp0.6	1200	kappa	0.387809527947814				outputs_round8/figures/fig3_source_data.tsv
B_power	Se0.8_Sp0.6		kappa	0.3850726428215015				outputs_round8/figures/fig3_source_data.tsv
B_power_n	Se0.8_Sp0.6	1250	kappa	0.3850726428215015				outputs_round8/figures/fig3_source_data.tsv
B_power	Se0.8_Sp0.6		kappa	0.3822849122252095				outputs_round8/figures/fig3_source_data.tsv
B_power_n	Se0.8_Sp0.6	1300	kappa	0.3822849122252095				outputs_round8/figures/fig3_source_data.tsv
B_power	Se0.8_Sp0.6		kappa	0.3794591319680441				outputs_round8/figures/fig3_source_data.tsv
B_power_n	Se0.8_Sp0.6	1350	kappa	0.3794591319680441				outputs_round8/figures/fig3_source_data.tsv
B_power	Se0.8_Sp0.6		kappa	0.3766061143110322				outputs_round8/figures/fig3_source_data.tsv
B_power_n	Se0.8_Sp0.6	1400	kappa	0.3766061143110322				outputs_round8/figures/fig3_source_data.tsv
B_power	Se0.8_Sp0.6		kappa	0.3737350163502301				outputs_round8/figures/fig3_source_data.tsv
B_power_n	Se0.8_Sp0.6	1450	kappa	0.3737350163502301				outputs_round8/figures/fig3_source_data.tsv
B_power	Se0.8_Sp0.6		kappa	0.3708536073564059				outputs_round8/figures/fig3_source_data.tsv
B_power_n	Se0.8_Sp0.6	1500	kappa	0.3708536073564059				outputs_round8/figures/fig3_source_data.tsv
B_power	Se0.8_Sp0.6		kappa	0.3679684877732022				outputs_round8/figures/fig3_source_data.tsv
B_power_n	Se0.8_Sp0.6	1550	kappa	0.3679684877732022				outputs_round8/figures/fig3_source_data.tsv
B_power	Se0.8_Sp0.6		kappa	0.3650852696530539				outputs_round8/figures/fig3_source_data.tsv
B_power_n	Se0.8_Sp0.6	1600	kappa	0.3650852696530539				outputs_round8/figures/fig3_source_data.tsv
B_power	Se0.8_Sp0.6		kappa	0.3622087261219639				outputs_round8/figures/fig3_source_data.tsv
B_power_n	Se0.8_Sp0.6	1650	kappa	0.3622087261219639				outputs_round8/figures/fig3_source_data.tsv
B_power	Se0.8_Sp0.6		kappa	0.3593429158110882				outputs_round8/figures/fig3_source_data.tsv
B_power_n	Se0.8_Sp0.6	1700	kappa	0.3593429158110882				outputs_round8/figures/fig3_source_data.tsv
B_power	Se0.8_Sp0.6		kappa	0.3564912869335457				outputs_round8/figures/fig3_source_data.tsv
B_power_n	Se0.8_Sp0.6	1750	kappa	0.3564912869335457				outputs_round8/figures/fig3_source_data.tsv
B_power	Se0.8_Sp0.6		kappa	0.3536567647175367				outputs_round8/figures/fig3_source_data.tsv
B_power_n	Se0.8_Sp0.6	1800	kappa	0.3536567647175367				outputs_round8/figures/fig3_source_data.tsv
B_power	Se0.8_Sp0.6		kappa	0.3508418251583788				outputs_round8/figures/fig3_source_data.tsv
B_power_n	Se0.8_Sp0.6	1850	kappa	0.3508418251583788				outputs_round8/figures/fig3_source_data.tsv
B_power	Se0.8_Sp0.6		kappa	0.348048557468805				outputs_round8/figures/fig3_source_data.tsv
B_power_n	Se0.8_Sp0.6	1900	kappa	0.348048557468805				outputs_round8/figures/fig3_source_data.tsv
B_power	Se0.8_Sp0.6		kappa	0.3452787171493264				outputs_round8/figures/fig3_source_data.tsv
B_power_n	Se0.8_Sp0.6	1950	kappa	0.3452787171493264				outputs_round8/figures/fig3_source_data.tsv
B_power	Se0.8_Sp0.6		kappa	0.3425337712392526				outputs_round8/figures/fig3_source_data.tsv
B_power_n	Se0.8_Sp0.6	2000	kappa	0.3425337712392526				outputs_round8/figures/fig3_source_data.tsv
B_power	Se0.8_Sp0.6		kappa	0.3166335310119927				outputs_round8/figures/fig3_source_data.tsv
B_power_n	Se0.8_Sp0.6	2500	kappa	0.3166335310119927				outputs_round8/figures/fig3_source_data.tsv
B_power	Se0.8_Sp0.6		kappa	0.2936888970789061				outputs_round8/figures/fig3_source_data.tsv
B_power_n	Se0.8_Sp0.6	3000	kappa	0.2936888970789061				outputs_round8/figures/fig3_source_data.tsv
B_power	Se0.8_Sp0.6		kappa	0.273505373576163				outputs_round8/figures/fig3_source_data.tsv
B_power_n	Se0.8_Sp0.6	3500	kappa	0.273505373576163				outputs_round8/figures/fig3_source_data.tsv
B_power	Se0.8_Sp0.6		kappa	0.2557322161345538				outputs_round8/figures/fig3_source_data.tsv
B_power_n	Se0.8_Sp0.6	4000	kappa	0.2557322161345538				outputs_round8/figures/fig3_source_data.tsv
B_power	Se0.8_Sp0.6		kappa	0.2400191477460162				outputs_round8/figures/fig3_source_data.tsv
B_power_n	Se0.8_Sp0.6	4500	kappa	0.2400191477460162				outputs_round8/figures/fig3_source_data.tsv
B_power	Se0.8_Sp0.6		kappa	0.2260576458394754				outputs_round8/figures/fig3_source_data.tsv
B_power_n	Se0.8_Sp0.6	5000	kappa	0.2260576458394754				outputs_round8/figures/fig3_source_data.tsv
B_power	Se0.8_Sp0.6		kappa	0.2135872143984866				outputs_round8/figures/fig3_source_data.tsv
B_power_n	Se0.8_Sp0.6	5500	kappa	0.2135872143984866				outputs_round8/figures/fig3_source_data.tsv
B_power	Se0.8_Sp0.6		kappa	0.2023911637265147				outputs_round8/figures/fig3_source_data.tsv
B_power_n	Se0.8_Sp0.6	6000	kappa	0.2023911637265147				outputs_round8/figures/fig3_source_data.tsv
B_power	Se0.8_Sp0.6		kappa	0.1922899080488803				outputs_round8/figures/fig3_source_data.tsv
B_power_n	Se0.8_Sp0.6	6500	kappa	0.1922899080488803				outputs_round8/figures/fig3_source_data.tsv
B_power	Se0.8_Sp0.6		kappa	0.1831343991037189				outputs_round8/figures/fig3_source_data.tsv
B_power_n	Se0.8_Sp0.6	7000	kappa	0.1831343991037189				outputs_round8/figures/fig3_source_data.tsv
B_power	Se0.8_Sp0.6		kappa	0.1748004532864641				outputs_round8/figures/fig3_source_data.tsv
B_power_n	Se0.8_Sp0.6	7500	kappa	0.1748004532864641				outputs_round8/figures/fig3_source_data.tsv
B_power	Se0.8_Sp0.6		kappa	0.1671840826704219				outputs_round8/figures/fig3_source_data.tsv
B_power_n	Se0.8_Sp0.6	8000	kappa	0.1671840826704219				outputs_round8/figures/fig3_source_data.tsv
B_power	Se0.8_Sp0.6		kappa	0.1601977297693154				outputs_round8/figures/fig3_source_data.tsv
B_power_n	Se0.8_Sp0.6	8500	kappa	0.1601977297693154				outputs_round8/figures/fig3_source_data.tsv
B_power	Se0.8_Sp0.6		kappa	0.1537672546672884				outputs_round8/figures/fig3_source_data.tsv
B_power_n	Se0.8_Sp0.6	9000	kappa	0.1537672546672884				outputs_round8/figures/fig3_source_data.tsv
B_power	Se0.8_Sp0.6		kappa	0.1478295277745596				outputs_round8/figures/fig3_source_data.tsv
B_power_n	Se0.8_Sp0.6	9500	kappa	0.1478295277745596				outputs_round8/figures/fig3_source_data.tsv
B_power	Se0.8_Sp0.6		kappa	0.1423305029098815				outputs_round8/figures/fig3_source_data.tsv
B_power_n	Se0.8_Sp0.6	10000	kappa	0.1423305029098815				outputs_round8/figures/fig3_source_data.tsv
B_power	Se0.8_Sp0.6		kappa	0.1372236691994748				outputs_round8/figures/fig3_source_data.tsv
B_power_n	Se0.8_Sp0.6	10500	kappa	0.1372236691994748				outputs_round8/figures/fig3_source_data.tsv
B_power	Se0.8_Sp0.6		kappa	0.1324688015226725				outputs_round8/figures/fig3_source_data.tsv
B_power_n	Se0.8_Sp0.6	11000	kappa	0.1324688015226725				outputs_round8/figures/fig3_source_data.tsv
B_power	Se0.8_Sp0.6		kappa	0.1280309467217247				outputs_round8/figures/fig3_source_data.tsv
B_power_n	Se0.8_Sp0.6	11500	kappa	0.1280309467217247				outputs_round8/figures/fig3_source_data.tsv
B_power	Se0.8_Sp0.6		kappa	0.1238795966660775				outputs_round8/figures/fig3_source_data.tsv
B_power_n	Se0.8_Sp0.6	12000	kappa	0.1238795966660775				outputs_round8/figures/fig3_source_data.tsv
B_power	Se0.8_Sp0.6		kappa	0.1199880100720559				outputs_round8/figures/fig3_source_data.tsv
B_power_n	Se0.8_Sp0.6	12500	kappa	0.1199880100720559				outputs_round8/figures/fig3_source_data.tsv
B_power	Se0.8_Sp0.6		kappa	0.1163326533350098				outputs_round8/figures/fig3_source_data.tsv
B_power_n	Se0.8_Sp0.6	13000	kappa	0.1163326533350098				outputs_round8/figures/fig3_source_data.tsv
B_power	Se0.8_Sp0.6		kappa	0.1128927370722884				outputs_round8/figures/fig3_source_data.tsv
B_power_n	Se0.8_Sp0.6	13500	kappa	0.1128927370722884				outputs_round8/figures/fig3_source_data.tsv
B_power	Se0.8_Sp0.6		kappa	0.1096498300427637				outputs_round8/figures/fig3_source_data.tsv
B_power_n	Se0.8_Sp0.6	14000	kappa	0.1096498300427637				outputs_round8/figures/fig3_source_data.tsv
B_power	Se0.8_Sp0.6		kappa	0.1065875359481986				outputs_round8/figures/fig3_source_data.tsv
B_power_n	Se0.8_Sp0.6	14500	kappa	0.1065875359481986				outputs_round8/figures/fig3_source_data.tsv
B_power	Se0.8_Sp0.6		kappa	0.1036912215999329				outputs_round8/figures/fig3_source_data.tsv
B_power_n	Se0.8_Sp0.6	15000	kappa	0.1036912215999329				outputs_round8/figures/fig3_source_data.tsv
B_power	Se0.8_Sp0.6		kappa	0.100947787254057				outputs_round8/figures/fig3_source_data.tsv
B_power_n	Se0.8_Sp0.6	15500	kappa	0.100947787254057				outputs_round8/figures/fig3_source_data.tsv
B_power	Se0.8_Sp0.6		kappa	0.0983454717333731				outputs_round8/figures/fig3_source_data.tsv
B_power_n	Se0.8_Sp0.6	16000	kappa	0.0983454717333731				outputs_round8/figures/fig3_source_data.tsv
B_power	Se0.8_Sp0.6		kappa	0.0958736863815711				outputs_round8/figures/fig3_source_data.tsv
B_power_n	Se0.8_Sp0.6	16500	kappa	0.0958736863815711				outputs_round8/figures/fig3_source_data.tsv
B_power	Se0.8_Sp0.6		kappa	0.0935228730226591				outputs_round8/figures/fig3_source_data.tsv
B_power_n	Se0.8_Sp0.6	17000	kappa	0.0935228730226591				outputs_round8/figures/fig3_source_data.tsv
B_power	Se0.8_Sp0.6		kappa	0.0912843819939947				outputs_round8/figures/fig3_source_data.tsv
B_power_n	Se0.8_Sp0.6	17500	kappa	0.0912843819939947				outputs_round8/figures/fig3_source_data.tsv
B_power	Se0.8_Sp0.6		kappa	0.0891503670356406				outputs_round8/figures/fig3_source_data.tsv
B_power_n	Se0.8_Sp0.6	18000	kappa	0.0891503670356406				outputs_round8/figures/fig3_source_data.tsv
B_power	Se0.8_Sp0.6		kappa	0.087113694391469				outputs_round8/figures/fig3_source_data.tsv
B_power_n	Se0.8_Sp0.6	18500	kappa	0.087113694391469				outputs_round8/figures/fig3_source_data.tsv
B_power	Se0.8_Sp0.6		kappa	0.0851678639387438				outputs_round8/figures/fig3_source_data.tsv
B_power_n	Se0.8_Sp0.6	19000	kappa	0.0851678639387438				outputs_round8/figures/fig3_source_data.tsv
B_power	Se0.8_Sp0.6		kappa	0.0833069405361848				outputs_round8/figures/fig3_source_data.tsv
B_power_n	Se0.8_Sp0.6	19500	kappa	0.0833069405361848				outputs_round8/figures/fig3_source_data.tsv
B_power	Se0.8_Sp0.6		kappa	0.0815254940838867				outputs_round8/figures/fig3_source_data.tsv
B_power_n	Se0.8_Sp0.6	20000	kappa	0.0815254940838867				outputs_round8/figures/fig3_source_data.tsv
B_power	Se0.8_Sp0.7		kappa	0.0				outputs_round8/figures/fig3_source_data.tsv
B_power_n	Se0.8_Sp0.7	0	kappa	0.0				outputs_round8/figures/fig3_source_data.tsv
B_power	Se0.8_Sp0.7		kappa	0.0252642797583753				outputs_round8/figures/fig3_source_data.tsv
B_power_n	Se0.8_Sp0.7	5	kappa	0.0252642797583753				outputs_round8/figures/fig3_source_data.tsv
B_power	Se0.8_Sp0.7		kappa	0.0486780235086219				outputs_round8/figures/fig3_source_data.tsv
B_power_n	Se0.8_Sp0.7	10	kappa	0.0486780235086219				outputs_round8/figures/fig3_source_data.tsv
B_power	Se0.8_Sp0.7		kappa	0.0704321565211648				outputs_round8/figures/fig3_source_data.tsv
B_power_n	Se0.8_Sp0.7	15	kappa	0.0704321565211648				outputs_round8/figures/fig3_source_data.tsv
B_power	Se0.8_Sp0.7		kappa	0.0906922332390844				outputs_round8/figures/fig3_source_data.tsv
B_power_n	Se0.8_Sp0.7	20	kappa	0.0906922332390844				outputs_round8/figures/fig3_source_data.tsv
B_power	Se0.8_Sp0.7		kappa	0.1096025158843053				outputs_round8/figures/fig3_source_data.tsv
B_power_n	Se0.8_Sp0.7	25	kappa	0.1096025158843053				outputs_round8/figures/fig3_source_data.tsv
B_power	Se0.8_Sp0.7		kappa	0.1272892907633259				outputs_round8/figures/fig3_source_data.tsv
B_power_n	Se0.8_Sp0.7	30	kappa	0.1272892907633259				outputs_round8/figures/fig3_source_data.tsv
B_power	Se0.8_Sp0.7		kappa	0.1438635834726128				outputs_round8/figures/fig3_source_data.tsv
B_power_n	Se0.8_Sp0.7	35	kappa	0.1438635834726128				outputs_round8/figures/fig3_source_data.tsv
B_power	Se0.8_Sp0.7		kappa	0.1594233963881894				outputs_round8/figures/fig3_source_data.tsv
B_power_n	Se0.8_Sp0.7	40	kappa	0.1594233963881894				outputs_round8/figures/fig3_source_data.tsv
B_power	Se0.8_Sp0.7		kappa	0.1740555637039707				outputs_round8/figures/fig3_source_data.tsv
B_power_n	Se0.8_Sp0.7	45	kappa	0.1740555637039707				outputs_round8/figures/fig3_source_data.tsv
B_power	Se0.8_Sp0.7		kappa	0.1878372981735584				outputs_round8/figures/fig3_source_data.tsv
B_power_n	Se0.8_Sp0.7	50	kappa	0.1878372981735584				outputs_round8/figures/fig3_source_data.tsv
B_power	Se0.8_Sp0.7		kappa	0.2008374877209508				outputs_round8/figures/fig3_source_data.tsv
B_power_n	Se0.8_Sp0.7	55	kappa	0.2008374877209508				outputs_round8/figures/fig3_source_data.tsv
B_power	Se0.8_Sp0.7		kappa	0.2131177878731797				outputs_round8/figures/fig3_source_data.tsv
B_power_n	Se0.8_Sp0.7	60	kappa	0.2131177878731797				outputs_round8/figures/fig3_source_data.tsv
B_power	Se0.8_Sp0.7		kappa	0.2247335465662946				outputs_round8/figures/fig3_source_data.tsv
B_power_n	Se0.8_Sp0.7	65	kappa	0.2247335465662946				outputs_round8/figures/fig3_source_data.tsv
B_power	Se0.8_Sp0.7		kappa	0.2357345905844834				outputs_round8/figures/fig3_source_data.tsv
B_power_n	Se0.8_Sp0.7	70	kappa	0.2357345905844834				outputs_round8/figures/fig3_source_data.tsv
B_power	Se0.8_Sp0.7		kappa	0.2461658971971218				outputs_round8/figures/fig3_source_data.tsv
B_power_n	Se0.8_Sp0.7	75	kappa	0.2461658971971218				outputs_round8/figures/fig3_source_data.tsv
B_power	Se0.8_Sp0.7		kappa	0.2560681700809089				outputs_round8/figures/fig3_source_data.tsv
B_power_n	Se0.8_Sp0.7	80	kappa	0.2560681700809089				outputs_round8/figures/fig3_source_data.tsv
B_power	Se0.8_Sp0.7		kappa	0.2654783350715844				outputs_round8/figures/fig3_source_data.tsv
B_power_n	Se0.8_Sp0.7	85	kappa	0.2654783350715844				outputs_round8/figures/fig3_source_data.tsv
B_power	Se0.8_Sp0.7		kappa	0.274429968470021				outputs_round8/figures/fig3_source_data.tsv
B_power_n	Se0.8_Sp0.7	90	kappa	0.274429968470021				outputs_round8/figures/fig3_source_data.tsv
B_power	Se0.8_Sp0.7		kappa	0.2829536683704164				outputs_round8/figures/fig3_source_data.tsv
B_power_n	Se0.8_Sp0.7	95	kappa	0.2829536683704164				outputs_round8/figures/fig3_source_data.tsv
B_power	Se0.8_Sp0.7		kappa	0.2910773776618904				outputs_round8/figures/fig3_source_data.tsv
B_power_n	Se0.8_Sp0.7	100	kappa	0.2910773776618904				outputs_round8/figures/fig3_source_data.tsv
B_power	Se0.8_Sp0.7		kappa	0.2988266658854203				outputs_round8/figures/fig3_source_data.tsv
B_power_n	Se0.8_Sp0.7	105	kappa	0.2988266658854203				outputs_round8/figures/fig3_source_data.tsv
B_power	Se0.8_Sp0.7		kappa	0.3062249759336178				outputs_round8/figures/fig3_source_data.tsv
B_power_n	Se0.8_Sp0.7	110	kappa	0.3062249759336178				outputs_round8/figures/fig3_source_data.tsv
B_power	Se0.8_Sp0.7		kappa	0.3132938406053198				outputs_round8/figures/fig3_source_data.tsv
B_power_n	Se0.8_Sp0.7	115	kappa	0.3132938406053198				outputs_round8/figures/fig3_source_data.tsv
B_power	Se0.8_Sp0.7		kappa	0.320053073226709				outputs_round8/figures/fig3_source_data.tsv
B_power_n	Se0.8_Sp0.7	120	kappa	0.320053073226709				outputs_round8/figures/fig3_source_data.tsv
B_power	Se0.8_Sp0.7		kappa	0.3265209358913184				outputs_round8/figures/fig3_source_data.tsv
B_power_n	Se0.8_Sp0.7	125	kappa	0.3265209358913184				outputs_round8/figures/fig3_source_data.tsv
B_power	Se0.8_Sp0.7		kappa	0.3327142883258578				outputs_round8/figures/fig3_source_data.tsv
B_power_n	Se0.8_Sp0.7	130	kappa	0.3327142883258578				outputs_round8/figures/fig3_source_data.tsv
B_power	Se0.8_Sp0.7		kappa	0.3386487199357696				outputs_round8/figures/fig3_source_data.tsv
B_power_n	Se0.8_Sp0.7	135	kappa	0.3386487199357696				outputs_round8/figures/fig3_source_data.tsv
B_power	Se0.8_Sp0.7		kappa	0.3443386672068054				outputs_round8/figures/fig3_source_data.tsv
B_power_n	Se0.8_Sp0.7	140	kappa	0.3443386672068054				outputs_round8/figures/fig3_source_data.tsv
B_power	Se0.8_Sp0.7		kappa	0.3497975183229385				outputs_round8/figures/fig3_source_data.tsv
B_power_n	Se0.8_Sp0.7	145	kappa	0.3497975183229385				outputs_round8/figures/fig3_source_data.tsv
B_power	Se0.8_Sp0.7		kappa	0.355037706595646				outputs_round8/figures/fig3_source_data.tsv
B_power_n	Se0.8_Sp0.7	150	kappa	0.355037706595646				outputs_round8/figures/fig3_source_data.tsv
B_power	Se0.8_Sp0.7		kappa	0.360070794076157				outputs_round8/figures/fig3_source_data.tsv
B_power_n	Se0.8_Sp0.7	155	kappa	0.360070794076157				outputs_round8/figures/fig3_source_data.tsv
B_power	Se0.8_Sp0.7		kappa	0.3649075465333784				outputs_round8/figures/fig3_source_data.tsv
B_power_n	Se0.8_Sp0.7	160	kappa	0.3649075465333784				outputs_round8/figures/fig3_source_data.tsv
B_power	Se0.8_Sp0.7		kappa	0.3695580008201424				outputs_round8/figures/fig3_source_data.tsv
B_power_n	Se0.8_Sp0.7	165	kappa	0.3695580008201424				outputs_round8/figures/fig3_source_data.tsv
B_power	Se0.8_Sp0.7		kappa	0.3740315255142935				outputs_round8/figures/fig3_source_data.tsv
B_power_n	Se0.8_Sp0.7	170	kappa	0.3740315255142935				outputs_round8/figures/fig3_source_data.tsv
B_power	Se0.8_Sp0.7		kappa	0.378336875605061				outputs_round8/figures/fig3_source_data.tsv
B_power_n	Se0.8_Sp0.7	175	kappa	0.378336875605061				outputs_round8/figures/fig3_source_data.tsv
B_power	Se0.8_Sp0.7		kappa	0.3824822418959122				outputs_round8/figures/fig3_source_data.tsv
B_power_n	Se0.8_Sp0.7	180	kappa	0.3824822418959122				outputs_round8/figures/fig3_source_data.tsv
B_power	Se0.8_Sp0.7		kappa	0.3864752957099968				outputs_round8/figures/fig3_source_data.tsv
B_power_n	Se0.8_Sp0.7	185	kappa	0.3864752957099968				outputs_round8/figures/fig3_source_data.tsv
B_power	Se0.8_Sp0.7		kappa	0.39032322941114				outputs_round8/figures/fig3_source_data.tsv
B_power_n	Se0.8_Sp0.7	190	kappa	0.39032322941114				outputs_round8/figures/fig3_source_data.tsv
B_power	Se0.8_Sp0.7		kappa	0.3940327931903053				outputs_round8/figures/fig3_source_data.tsv
B_power_n	Se0.8_Sp0.7	195	kappa	0.3940327931903053				outputs_round8/figures/fig3_source_data.tsv
B_power	Se0.8_Sp0.7		kappa	0.3976103285130042				outputs_round8/figures/fig3_source_data.tsv
B_power_n	Se0.8_Sp0.7	200	kappa	0.3976103285130042				outputs_round8/figures/fig3_source_data.tsv
B_power	Se0.8_Sp0.7		kappa	0.4272807636763956				outputs_round8/figures/fig3_source_data.tsv
B_power_n	Se0.8_Sp0.7	250	kappa	0.4272807636763956				outputs_round8/figures/fig3_source_data.tsv
B_power	Se0.8_Sp0.7		kappa	0.4485905210435448				outputs_round8/figures/fig3_source_data.tsv
B_power_n	Se0.8_Sp0.7	300	kappa	0.4485905210435448				outputs_round8/figures/fig3_source_data.tsv
B_power	Se0.8_Sp0.7		kappa	0.4641891707396994				outputs_round8/figures/fig3_source_data.tsv
B_power_n	Se0.8_Sp0.7	350	kappa	0.4641891707396994				outputs_round8/figures/fig3_source_data.tsv
B_power	Se0.8_Sp0.7		kappa	0.4757259818344631				outputs_round8/figures/fig3_source_data.tsv
B_power_n	Se0.8_Sp0.7	400	kappa	0.4757259818344631				outputs_round8/figures/fig3_source_data.tsv
B_power	Se0.8_Sp0.7		kappa	0.4842807707072984				outputs_round8/figures/fig3_source_data.tsv
B_power_n	Se0.8_Sp0.7	450	kappa	0.4842807707072984				outputs_round8/figures/fig3_source_data.tsv
B_power	Se0.8_Sp0.7		kappa	0.4905897465918441				outputs_round8/figures/fig3_source_data.tsv
B_power_n	Se0.8_Sp0.7	500	kappa	0.4905897465918441				outputs_round8/figures/fig3_source_data.tsv
B_power	Se0.8_Sp0.7		kappa	0.495171791322729				outputs_round8/figures/fig3_source_data.tsv
B_power_n	Se0.8_Sp0.7	550	kappa	0.495171791322729				outputs_round8/figures/fig3_source_data.tsv
B_power	Se0.8_Sp0.7		kappa	0.4984028770550391				outputs_round8/figures/fig3_source_data.tsv
B_power_n	Se0.8_Sp0.7	600	kappa	0.4984028770550391				outputs_round8/figures/fig3_source_data.tsv
B_power	Se0.8_Sp0.7		kappa	0.5005618782816004				outputs_round8/figures/fig3_source_data.tsv
B_power_n	Se0.8_Sp0.7	650	kappa	0.5005618782816004				outputs_round8/figures/fig3_source_data.tsv
B_power	Se0.8_Sp0.7		kappa	0.5018598335006198				outputs_round8/figures/fig3_source_data.tsv
B_power_n	Se0.8_Sp0.7	700	kappa	0.5018598335006198				outputs_round8/figures/fig3_source_data.tsv
B_power	Se0.8_Sp0.7		kappa	0.502459235355565				outputs_round8/figures/fig3_source_data.tsv
B_power_n	Se0.8_Sp0.7	750	kappa	0.502459235355565				outputs_round8/figures/fig3_source_data.tsv
B_power	Se0.8_Sp0.7		kappa	0.5024871000160458				outputs_round8/figures/fig3_source_data.tsv
B_power_n	Se0.8_Sp0.7	800	kappa	0.5024871000160458				outputs_round8/figures/fig3_source_data.tsv
B_power	Se0.8_Sp0.7		kappa	0.5020440364340528				outputs_round8/figures/fig3_source_data.tsv
B_power_n	Se0.8_Sp0.7	850	kappa	0.5020440364340528				outputs_round8/figures/fig3_source_data.tsv
B_power	Se0.8_Sp0.7		kappa	0.5012106741494158				outputs_round8/figures/fig3_source_data.tsv
B_power_n	Se0.8_Sp0.7	900	kappa	0.5012106741494158				outputs_round8/figures/fig3_source_data.tsv
B_power	Se0.8_Sp0.7		kappa	0.5000523053384397				outputs_round8/figures/fig3_source_data.tsv
B_power_n	Se0.8_Sp0.7	950	kappa	0.5000523053384397				outputs_round8/figures/fig3_source_data.tsv
B_power	Se0.8_Sp0.7		kappa	0.4986222940312814				outputs_round8/figures/fig3_source_data.tsv
B_power_n	Se0.8_Sp0.7	1000	kappa	0.4986222940312814				outputs_round8/figures/fig3_source_data.tsv
B_power	Se0.8_Sp0.7		kappa	0.4969646180680743				outputs_round8/figures/fig3_source_data.tsv
B_power_n	Se0.8_Sp0.7	1050	kappa	0.4969646180680743				outputs_round8/figures/fig3_source_data.tsv
B_power	Se0.8_Sp0.7		kappa	0.4951157905247924				outputs_round8/figures/fig3_source_data.tsv
B_power_n	Se0.8_Sp0.7	1100	kappa	0.4951157905247924				outputs_round8/figures/fig3_source_data.tsv
B_power	Se0.8_Sp0.7		kappa	0.4931063302637749				outputs_round8/figures/fig3_source_data.tsv
B_power_n	Se0.8_Sp0.7	1150	kappa	0.4931063302637749				outputs_round8/figures/fig3_source_data.tsv
B_power	Se0.8_Sp0.7		kappa	0.4909619002563453				outputs_round8/figures/fig3_source_data.tsv
B_power_n	Se0.8_Sp0.7	1200	kappa	0.4909619002563453				outputs_round8/figures/fig3_source_data.tsv
B_power	Se0.8_Sp0.7		kappa	0.4887041979444196				outputs_round8/figures/fig3_source_data.tsv
B_power_n	Se0.8_Sp0.7	1250	kappa	0.4887041979444196				outputs_round8/figures/fig3_source_data.tsv
B_power	Se0.8_Sp0.7		kappa	0.4863516583428329				outputs_round8/figures/fig3_source_data.tsv
B_power_n	Se0.8_Sp0.7	1300	kappa	0.4863516583428329				outputs_round8/figures/fig3_source_data.tsv
B_power	Se0.8_Sp0.7		kappa	0.4839200141817329				outputs_round8/figures/fig3_source_data.tsv
B_power_n	Se0.8_Sp0.7	1350	kappa	0.4839200141817329				outputs_round8/figures/fig3_source_data.tsv
B_power	Se0.8_Sp0.7		kappa	0.4814227458087901				outputs_round8/figures/fig3_source_data.tsv
B_power_n	Se0.8_Sp0.7	1400	kappa	0.4814227458087901				outputs_round8/figures/fig3_source_data.tsv
B_power	Se0.8_Sp0.7		kappa	0.4788714452884171				outputs_round8/figures/fig3_source_data.tsv
B_power_n	Se0.8_Sp0.7	1450	kappa	0.4788714452884171				outputs_round8/figures/fig3_source_data.tsv
B_power	Se0.8_Sp0.7		kappa	0.4762761131386569				outputs_round8/figures/fig3_source_data.tsv
B_power_n	Se0.8_Sp0.7	1500	kappa	0.4762761131386569				outputs_round8/figures/fig3_source_data.tsv
B_power	Se0.8_Sp0.7		kappa	0.4736454017556848				outputs_round8/figures/fig3_source_data.tsv
B_power_n	Se0.8_Sp0.7	1550	kappa	0.4736454017556848				outputs_round8/figures/fig3_source_data.tsv
B_power	Se0.8_Sp0.7		kappa	0.4709868163270151				outputs_round8/figures/fig3_source_data.tsv
B_power_n	Se0.8_Sp0.7	1600	kappa	0.4709868163270151				outputs_round8/figures/fig3_source_data.tsv
B_power	Se0.8_Sp0.7		kappa	0.4683068816068448				outputs_round8/figures/fig3_source_data.tsv
B_power_n	Se0.8_Sp0.7	1650	kappa	0.4683068816068448				outputs_round8/figures/fig3_source_data.tsv
B_power	Se0.8_Sp0.7		kappa	0.4656112810961818				outputs_round8/figures/fig3_source_data.tsv
B_power_n	Se0.8_Sp0.7	1700	kappa	0.4656112810961818				outputs_round8/figures/fig3_source_data.tsv
B_power	Se0.8_Sp0.7		kappa	0.4629049737777946				outputs_round8/figures/fig3_source_data.tsv
B_power_n	Se0.8_Sp0.7	1750	kappa	0.4629049737777946				outputs_round8/figures/fig3_source_data.tsv
B_power	Se0.8_Sp0.7		kappa	0.4601922924880803				outputs_round8/figures/fig3_source_data.tsv
B_power_n	Se0.8_Sp0.7	1800	kappa	0.4601922924880803				outputs_round8/figures/fig3_source_data.tsv
B_power	Se0.8_Sp0.7		kappa	0.4574770271827384				outputs_round8/figures/fig3_source_data.tsv
B_power_n	Se0.8_Sp0.7	1850	kappa	0.4574770271827384				outputs_round8/figures/fig3_source_data.tsv
B_power	Se0.8_Sp0.7		kappa	0.4547624957108314				outputs_round8/figures/fig3_source_data.tsv
B_power_n	Se0.8_Sp0.7	1900	kappa	0.4547624957108314				outputs_round8/figures/fig3_source_data.tsv
B_power	Se0.8_Sp0.7		kappa	0.4520516042085118				outputs_round8/figures/fig3_source_data.tsv
B_power_n	Se0.8_Sp0.7	1950	kappa	0.4520516042085118				outputs_round8/figures/fig3_source_data.tsv
B_power	Se0.8_Sp0.7		kappa	0.4493468988267137				outputs_round8/figures/fig3_source_data.tsv
B_power_n	Se0.8_Sp0.7	2000	kappa	0.4493468988267137				outputs_round8/figures/fig3_source_data.tsv
B_power	Se0.8_Sp0.7		kappa	0.4230162952986466				outputs_round8/figures/fig3_source_data.tsv
B_power_n	Se0.8_Sp0.7	2500	kappa	0.4230162952986466				outputs_round8/figures/fig3_source_data.tsv
B_power	Se0.8_Sp0.7		kappa	0.3985898182519748				outputs_round8/figures/fig3_source_data.tsv
B_power_n	Se0.8_Sp0.7	3000	kappa	0.3985898182519748				outputs_round8/figures/fig3_source_data.tsv
B_power	Se0.8_Sp0.7		kappa	0.3763159991853863				outputs_round8/figures/fig3_source_data.tsv
B_power_n	Se0.8_Sp0.7	3500	kappa	0.3763159991853863				outputs_round8/figures/fig3_source_data.tsv
B_power	Se0.8_Sp0.7		kappa	0.3561121412095362				outputs_round8/figures/fig3_source_data.tsv
B_power_n	Se0.8_Sp0.7	4000	kappa	0.3561121412095362				outputs_round8/figures/fig3_source_data.tsv
B_power	Se0.8_Sp0.7		kappa	0.3377946619738335				outputs_round8/figures/fig3_source_data.tsv
B_power_n	Se0.8_Sp0.7	4500	kappa	0.3377946619738335				outputs_round8/figures/fig3_source_data.tsv
B_power	Se0.8_Sp0.7		kappa	0.3211602618854127				outputs_round8/figures/fig3_source_data.tsv
B_power_n	Se0.8_Sp0.7	5000	kappa	0.3211602618854127				outputs_round8/figures/fig3_source_data.tsv
B_power	Se0.8_Sp0.7		kappa	0.3060152069686745				outputs_round8/figures/fig3_source_data.tsv
B_power_n	Se0.8_Sp0.7	5500	kappa	0.3060152069686745				outputs_round8/figures/fig3_source_data.tsv
B_power	Se0.8_Sp0.7		kappa	0.2921849607735551				outputs_round8/figures/fig3_source_data.tsv
B_power_n	Se0.8_Sp0.7	6000	kappa	0.2921849607735551				outputs_round8/figures/fig3_source_data.tsv
B_power	Se0.8_Sp0.7		kappa	0.2795160855635058				outputs_round8/figures/fig3_source_data.tsv
B_power_n	Se0.8_Sp0.7	6500	kappa	0.2795160855635058				outputs_round8/figures/fig3_source_data.tsv
B_power	Se0.8_Sp0.7		kappa	0.2678751512706739				outputs_round8/figures/fig3_source_data.tsv
B_power_n	Se0.8_Sp0.7	7000	kappa	0.2678751512706739				outputs_round8/figures/fig3_source_data.tsv
B_power	Se0.8_Sp0.7		kappa	0.257146615866981				outputs_round8/figures/fig3_source_data.tsv
B_power_n	Se0.8_Sp0.7	7500	kappa	0.257146615866981				outputs_round8/figures/fig3_source_data.tsv
B_power	Se0.8_Sp0.7		kappa	0.2472304990191809				outputs_round8/figures/fig3_source_data.tsv
B_power_n	Se0.8_Sp0.7	8000	kappa	0.2472304990191809				outputs_round8/figures/fig3_source_data.tsv
B_power	Se0.8_Sp0.7		kappa	0.2380401811825838				outputs_round8/figures/fig3_source_data.tsv
B_power_n	Se0.8_Sp0.7	8500	kappa	0.2380401811825838				outputs_round8/figures/fig3_source_data.tsv
B_power	Se0.8_Sp0.7		kappa	0.2295004458865807				outputs_round8/figures/fig3_source_data.tsv
B_power_n	Se0.8_Sp0.7	9000	kappa	0.2295004458865807				outputs_round8/figures/fig3_source_data.tsv
B_power	Se0.8_Sp0.7		kappa	0.2215457895462765				outputs_round8/figures/fig3_source_data.tsv
B_power_n	Se0.8_Sp0.7	9500	kappa	0.2215457895462765				outputs_round8/figures/fig3_source_data.tsv
B_power	Se0.8_Sp0.7		kappa	0.2141189842281755				outputs_round8/figures/fig3_source_data.tsv
B_power_n	Se0.8_Sp0.7	10000	kappa	0.2141189842281755				outputs_round8/figures/fig3_source_data.tsv
B_power	Se0.8_Sp0.7		kappa	0.2071698646652705				outputs_round8/figures/fig3_source_data.tsv
B_power_n	Se0.8_Sp0.7	10500	kappa	0.2071698646652705				outputs_round8/figures/fig3_source_data.tsv
B_power	Se0.8_Sp0.7		kappa	0.200654307791997				outputs_round8/figures/fig3_source_data.tsv
B_power_n	Se0.8_Sp0.7	11000	kappa	0.200654307791997				outputs_round8/figures/fig3_source_data.tsv
B_power	Se0.8_Sp0.7		kappa	0.1945333747769262				outputs_round8/figures/fig3_source_data.tsv
B_power_n	Se0.8_Sp0.7	11500	kappa	0.1945333747769262				outputs_round8/figures/fig3_source_data.tsv
B_power	Se0.8_Sp0.7		kappa	0.1887725889933207				outputs_round8/figures/fig3_source_data.tsv
B_power_n	Se0.8_Sp0.7	12000	kappa	0.1887725889933207				outputs_round8/figures/fig3_source_data.tsv
B_power	Se0.8_Sp0.7		kappa	0.1833413272206248				outputs_round8/figures/fig3_source_data.tsv
B_power_n	Se0.8_Sp0.7	12500	kappa	0.1833413272206248				outputs_round8/figures/fig3_source_data.tsv
B_power	Se0.8_Sp0.7		kappa	0.1782123050216844				outputs_round8/figures/fig3_source_data.tsv
B_power_n	Se0.8_Sp0.7	13000	kappa	0.1782123050216844				outputs_round8/figures/fig3_source_data.tsv
B_power	Se0.8_Sp0.7		kappa	0.1733611404674583				outputs_round8/figures/fig3_source_data.tsv
B_power_n	Se0.8_Sp0.7	13500	kappa	0.1733611404674583				outputs_round8/figures/fig3_source_data.tsv
B_power	Se0.8_Sp0.7		kappa	0.1687659831313436				outputs_round8/figures/fig3_source_data.tsv
B_power_n	Se0.8_Sp0.7	14000	kappa	0.1687659831313436				outputs_round8/figures/fig3_source_data.tsv
B_power	Se0.8_Sp0.7		kappa	0.1644071975727457				outputs_round8/figures/fig3_source_data.tsv
B_power_n	Se0.8_Sp0.7	14500	kappa	0.1644071975727457				outputs_round8/figures/fig3_source_data.tsv
B_power	Se0.8_Sp0.7		kappa	0.1602670924270467				outputs_round8/figures/fig3_source_data.tsv
B_power_n	Se0.8_Sp0.7	15000	kappa	0.1602670924270467				outputs_round8/figures/fig3_source_data.tsv
B_power	Se0.8_Sp0.7		kappa	0.1563296877764322				outputs_round8/figures/fig3_source_data.tsv
B_power_n	Se0.8_Sp0.7	15500	kappa	0.1563296877764322				outputs_round8/figures/fig3_source_data.tsv
B_power	Se0.8_Sp0.7		kappa	0.1525805147502403				outputs_round8/figures/fig3_source_data.tsv
B_power_n	Se0.8_Sp0.7	16000	kappa	0.1525805147502403				outputs_round8/figures/fig3_source_data.tsv
B_power	Se0.8_Sp0.7		kappa	0.1490064423449492				outputs_round8/figures/fig3_source_data.tsv
B_power_n	Se0.8_Sp0.7	16500	kappa	0.1490064423449492				outputs_round8/figures/fig3_source_data.tsv
B_power	Se0.8_Sp0.7		kappa	0.1455955273054011				outputs_round8/figures/fig3_source_data.tsv
B_power_n	Se0.8_Sp0.7	17000	kappa	0.1455955273054011				outputs_round8/figures/fig3_source_data.tsv
B_power	Se0.8_Sp0.7		kappa	0.1423368836059396				outputs_round8/figures/fig3_source_data.tsv
B_power_n	Se0.8_Sp0.7	17500	kappa	0.1423368836059396				outputs_round8/figures/fig3_source_data.tsv
B_power	Se0.8_Sp0.7		kappa	0.1392205686417983				outputs_round8/figures/fig3_source_data.tsv
B_power_n	Se0.8_Sp0.7	18000	kappa	0.1392205686417983				outputs_round8/figures/fig3_source_data.tsv
B_power	Se0.8_Sp0.7		kappa	0.1362374837110656				outputs_round8/figures/fig3_source_data.tsv
B_power_n	Se0.8_Sp0.7	18500	kappa	0.1362374837110656				outputs_round8/figures/fig3_source_data.tsv
B_power	Se0.8_Sp0.7		kappa	0.1333792867548242				outputs_round8/figures/fig3_source_data.tsv
B_power_n	Se0.8_Sp0.7	19000	kappa	0.1333792867548242				outputs_round8/figures/fig3_source_data.tsv
B_power	Se0.8_Sp0.7		kappa	0.1306383156431809				outputs_round8/figures/fig3_source_data.tsv
B_power_n	Se0.8_Sp0.7	19500	kappa	0.1306383156431809				outputs_round8/figures/fig3_source_data.tsv
B_power	Se0.8_Sp0.7		kappa	0.1280075205601591				outputs_round8/figures/fig3_source_data.tsv
B_power_n	Se0.8_Sp0.7	20000	kappa	0.1280075205601591				outputs_round8/figures/fig3_source_data.tsv
B_power	Se0.8_Sp0.8		kappa	0.0				outputs_round8/figures/fig3_source_data.tsv
B_power_n	Se0.8_Sp0.8	0	kappa	0.0				outputs_round8/figures/fig3_source_data.tsv
B_power	Se0.8_Sp0.8		kappa	0.0302411349320048				outputs_round8/figures/fig3_source_data.tsv
B_power_n	Se0.8_Sp0.8	5	kappa	0.0302411349320048				outputs_round8/figures/fig3_source_data.tsv
B_power	Se0.8_Sp0.8		kappa	0.0581336177592503				outputs_round8/figures/fig3_source_data.tsv
B_power_n	Se0.8_Sp0.8	10	kappa	0.0581336177592503				outputs_round8/figures/fig3_source_data.tsv
B_power	Se0.8_Sp0.8		kappa	0.0839367182976754				outputs_round8/figures/fig3_source_data.tsv
B_power_n	Se0.8_Sp0.8	15	kappa	0.0839367182976754				outputs_round8/figures/fig3_source_data.tsv
B_power	Se0.8_Sp0.8		kappa	0.1078729093958215				outputs_round8/figures/fig3_source_data.tsv
B_power_n	Se0.8_Sp0.8	20	kappa	0.1078729093958215				outputs_round8/figures/fig3_source_data.tsv
B_power	Se0.8_Sp0.8		kappa	0.130134171246727				outputs_round8/figures/fig3_source_data.tsv
B_power_n	Se0.8_Sp0.8	25	kappa	0.130134171246727				outputs_round8/figures/fig3_source_data.tsv
B_power	Se0.8_Sp0.8		kappa	0.1508870425223919				outputs_round8/figures/fig3_source_data.tsv
B_power_n	Se0.8_Sp0.8	30	kappa	0.1508870425223919				outputs_round8/figures/fig3_source_data.tsv
B_power	Se0.8_Sp0.8		kappa	0.1702766996369105				outputs_round8/figures/fig3_source_data.tsv
B_power_n	Se0.8_Sp0.8	35	kappa	0.1702766996369105				outputs_round8/figures/fig3_source_data.tsv
B_power	Se0.8_Sp0.8		kappa	0.1884302755198985				outputs_round8/figures/fig3_source_data.tsv
B_power_n	Se0.8_Sp0.8	40	kappa	0.1884302755198985				outputs_round8/figures/fig3_source_data.tsv
B_power	Se0.8_Sp0.8		kappa	0.2054595783218722				outputs_round8/figures/fig3_source_data.tsv
B_power_n	Se0.8_Sp0.8	45	kappa	0.2054595783218722				outputs_round8/figures/fig3_source_data.tsv
B_power	Se0.8_Sp0.8		kappa	0.2214633329301087				outputs_round8/figures/fig3_source_data.tsv
B_power_n	Se0.8_Sp0.8	50	kappa	0.2214633329301087				outputs_round8/figures/fig3_source_data.tsv
B_power	Se0.8_Sp0.8		kappa	0.2365290402338788				outputs_round8/figures/fig3_source_data.tsv
B_power_n	Se0.8_Sp0.8	55	kappa	0.2365290402338788				outputs_round8/figures/fig3_source_data.tsv
B_power	Se0.8_Sp0.8		kappa	0.250734528087652				outputs_round8/figures/fig3_source_data.tsv
B_power_n	Se0.8_Sp0.8	60	kappa	0.250734528087652				outputs_round8/figures/fig3_source_data.tsv
B_power	Se0.8_Sp0.8		kappa	0.2641492520111074				outputs_round8/figures/fig3_source_data.tsv
B_power_n	Se0.8_Sp0.8	65	kappa	0.2641492520111074				outputs_round8/figures/fig3_source_data.tsv
B_power	Se0.8_Sp0.8		kappa	0.2768353915049534				outputs_round8/figures/fig3_source_data.tsv
B_power_n	Se0.8_Sp0.8	70	kappa	0.2768353915049534				outputs_round8/figures/fig3_source_data.tsv
B_power	Se0.8_Sp0.8		kappa	0.2888487784946555				outputs_round8/figures/fig3_source_data.tsv
B_power_n	Se0.8_Sp0.8	75	kappa	0.2888487784946555				outputs_round8/figures/fig3_source_data.tsv
B_power	Se0.8_Sp0.8		kappa	0.3002396871452001				outputs_round8/figures/fig3_source_data.tsv
B_power_n	Se0.8_Sp0.8	80	kappa	0.3002396871452001				outputs_round8/figures/fig3_source_data.tsv
B_power	Se0.8_Sp0.8		kappa	0.3110535086095167				outputs_round8/figures/fig3_source_data.tsv
B_power_n	Se0.8_Sp0.8	85	kappa	0.3110535086095167				outputs_round8/figures/fig3_source_data.tsv
B_power	Se0.8_Sp0.8		kappa	0.321331329804656				outputs_round8/figures/fig3_source_data.tsv
B_power_n	Se0.8_Sp0.8	90	kappa	0.321331329804656				outputs_round8/figures/fig3_source_data.tsv
B_power	Se0.8_Sp0.8		kappa	0.3311104317725426				outputs_round8/figures/fig3_source_data.tsv
B_power_n	Se0.8_Sp0.8	95	kappa	0.3311104317725426				outputs_round8/figures/fig3_source_data.tsv
B_power	Se0.8_Sp0.8		kappa	0.3404247203654086				outputs_round8/figures/fig3_source_data.tsv
B_power_n	Se0.8_Sp0.8	100	kappa	0.3404247203654086				outputs_round8/figures/fig3_source_data.tsv
B_power	Se0.8_Sp0.8		kappa	0.3493050997403042				outputs_round8/figures/fig3_source_data.tsv
B_power_n	Se0.8_Sp0.8	105	kappa	0.3493050997403042				outputs_round8/figures/fig3_source_data.tsv
B_power	Se0.8_Sp0.8		kappa	0.3577797973310011				outputs_round8/figures/fig3_source_data.tsv
B_power_n	Se0.8_Sp0.8	110	kappa	0.3577797973310011				outputs_round8/figures/fig3_source_data.tsv
B_power	Se0.8_Sp0.8		kappa	0.365874647495863				outputs_round8/figures/fig3_source_data.tsv
B_power_n	Se0.8_Sp0.8	115	kappa	0.365874647495863				outputs_round8/figures/fig3_source_data.tsv
B_power	Se0.8_Sp0.8		kappa	0.3736133398451128				outputs_round8/figures/fig3_source_data.tsv
B_power_n	Se0.8_Sp0.8	120	kappa	0.3736133398451128				outputs_round8/figures/fig3_source_data.tsv
B_power	Se0.8_Sp0.8		kappa	0.3810176372744112				outputs_round8/figures/fig3_source_data.tsv
B_power_n	Se0.8_Sp0.8	125	kappa	0.3810176372744112				outputs_round8/figures/fig3_source_data.tsv
B_power	Se0.8_Sp0.8		kappa	0.388107567930323				outputs_round8/figures/fig3_source_data.tsv
B_power_n	Se0.8_Sp0.8	130	kappa	0.388107567930323				outputs_round8/figures/fig3_source_data.tsv
B_power	Se0.8_Sp0.8		kappa	0.3949015946727822				outputs_round8/figures/fig3_source_data.tsv
B_power_n	Se0.8_Sp0.8	135	kappa	0.3949015946727822				outputs_round8/figures/fig3_source_data.tsv
B_power	Se0.8_Sp0.8		kappa	0.4014167650531288				outputs_round8/figures/fig3_source_data.tsv
B_power_n	Se0.8_Sp0.8	140	kappa	0.4014167650531288				outputs_round8/figures/fig3_source_data.tsv
B_power	Se0.8_Sp0.8		kappa	0.4076688443722316				outputs_round8/figures/fig3_source_data.tsv
B_power_n	Se0.8_Sp0.8	145	kappa	0.4076688443722316				outputs_round8/figures/fig3_source_data.tsv
B_power	Se0.8_Sp0.8		kappa	0.4136724340045695				outputs_round8/figures/fig3_source_data.tsv
B_power_n	Se0.8_Sp0.8	150	kappa	0.4136724340045695				outputs_round8/figures/fig3_source_data.tsv
B_power	Se0.8_Sp0.8		kappa	0.4194410768572617				outputs_round8/figures/fig3_source_data.tsv
B_power_n	Se0.8_Sp0.8	155	kappa	0.4194410768572617				outputs_round8/figures/fig3_source_data.tsv
B_power	Se0.8_Sp0.8		kappa	0.4249873515669176				outputs_round8/figures/fig3_source_data.tsv
B_power_n	Se0.8_Sp0.8	160	kappa	0.4249873515669176				outputs_round8/figures/fig3_source_data.tsv
B_power	Se0.8_Sp0.8		kappa	0.4303229568129219				outputs_round8/figures/fig3_source_data.tsv
B_power_n	Se0.8_Sp0.8	165	kappa	0.4303229568129219				outputs_round8/figures/fig3_source_data.tsv
B_power	Se0.8_Sp0.8		kappa	0.4354587869362364				outputs_round8/figures/fig3_source_data.tsv
B_power_n	Se0.8_Sp0.8	170	kappa	0.4354587869362364				outputs_round8/figures/fig3_source_data.tsv
B_power	Se0.8_Sp0.8		kappa	0.4404049998920577				outputs_round8/figures/fig3_source_data.tsv
B_power_n	Se0.8_Sp0.8	175	kappa	0.4404049998920577				outputs_round8/figures/fig3_source_data.tsv
B_power	Se0.8_Sp0.8		kappa	0.4451710784279767				outputs_round8/figures/fig3_source_data.tsv
B_power_n	Se0.8_Sp0.8	180	kappa	0.4451710784279767				outputs_round8/figures/fig3_source_data.tsv
B_power	Se0.8_Sp0.8		kappa	0.4497658852627104				outputs_round8/figures/fig3_source_data.tsv
B_power_n	Se0.8_Sp0.8	185	kappa	0.4497658852627104				outputs_round8/figures/fig3_source_data.tsv
B_power	Se0.8_Sp0.8		kappa	0.4541977129407512				outputs_round8/figures/fig3_source_data.tsv
B_power_n	Se0.8_Sp0.8	190	kappa	0.4541977129407512				outputs_round8/figures/fig3_source_data.tsv
B_power	Se0.8_Sp0.8		kappa	0.4584743289527792				outputs_round8/figures/fig3_source_data.tsv
B_power_n	Se0.8_Sp0.8	195	kappa	0.4584743289527792				outputs_round8/figures/fig3_source_data.tsv
B_power	Se0.8_Sp0.8		kappa	0.4626030166381591				outputs_round8/figures/fig3_source_data.tsv
B_power_n	Se0.8_Sp0.8	200	kappa	0.4626030166381591				outputs_round8/figures/fig3_source_data.tsv
B_power	Se0.8_Sp0.8		kappa	0.4970753312791268				outputs_round8/figures/fig3_source_data.tsv
B_power_n	Se0.8_Sp0.8	250	kappa	0.4970753312791268				outputs_round8/figures/fig3_source_data.tsv
B_power	Se0.8_Sp0.8		kappa	0.5222632382271334				outputs_round8/figures/fig3_source_data.tsv
B_power_n	Se0.8_Sp0.8	300	kappa	0.5222632382271334				outputs_round8/figures/fig3_source_data.tsv
B_power	Se0.8_Sp0.8		kappa	0.541142766194493				outputs_round8/figures/fig3_source_data.tsv
B_power_n	Se0.8_Sp0.8	350	kappa	0.541142766194493				outputs_round8/figures/fig3_source_data.tsv
B_power	Se0.8_Sp0.8		kappa	0.5555469102566095				outputs_round8/figures/fig3_source_data.tsv
B_power_n	Se0.8_Sp0.8	400	kappa	0.5555469102566095				outputs_round8/figures/fig3_source_data.tsv
B_power	Se0.8_Sp0.8		kappa	0.5666661669610519				outputs_round8/figures/fig3_source_data.tsv
B_power_n	Se0.8_Sp0.8	450	kappa	0.5666661669610519				outputs_round8/figures/fig3_source_data.tsv
B_power	Se0.8_Sp0.8		kappa	0.5753072334006942				outputs_round8/figures/fig3_source_data.tsv
B_power_n	Se0.8_Sp0.8	500	kappa	0.5753072334006942				outputs_round8/figures/fig3_source_data.tsv
B_power	Se0.8_Sp0.8		kappa	0.5820360293196758				outputs_round8/figures/fig3_source_data.tsv
B_power_n	Se0.8_Sp0.8	550	kappa	0.5820360293196758				outputs_round8/figures/fig3_source_data.tsv
B_power	Se0.8_Sp0.8		kappa	0.5872612023775577				outputs_round8/figures/fig3_source_data.tsv
B_power_n	Se0.8_Sp0.8	600	kappa	0.5872612023775577				outputs_round8/figures/fig3_source_data.tsv
B_power	Se0.8_Sp0.8		kappa	0.5912851374155067				outputs_round8/figures/fig3_source_data.tsv
B_power_n	Se0.8_Sp0.8	650	kappa	0.5912851374155067				outputs_round8/figures/fig3_source_data.tsv
B_power	Se0.8_Sp0.8		kappa	0.5943363244377111				outputs_round8/figures/fig3_source_data.tsv
B_power_n	Se0.8_Sp0.8	700	kappa	0.5943363244377111				outputs_round8/figures/fig3_source_data.tsv
B_power	Se0.8_Sp0.8		kappa	0.5965905767654986				outputs_round8/figures/fig3_source_data.tsv
B_power_n	Se0.8_Sp0.8	750	kappa	0.5965905767654986				outputs_round8/figures/fig3_source_data.tsv
B_power	Se0.8_Sp0.8		kappa	0.598185336919094				outputs_round8/figures/fig3_source_data.tsv
B_power_n	Se0.8_Sp0.8	800	kappa	0.598185336919094				outputs_round8/figures/fig3_source_data.tsv
B_power	Se0.8_Sp0.8		kappa	0.5992295619917248				outputs_round8/figures/fig3_source_data.tsv
B_power_n	Se0.8_Sp0.8	850	kappa	0.5992295619917248				outputs_round8/figures/fig3_source_data.tsv
B_power	Se0.8_Sp0.8		kappa	0.5998107039981778				outputs_round8/figures/fig3_source_data.tsv
B_power_n	Se0.8_Sp0.8	900	kappa	0.5998107039981778				outputs_round8/figures/fig3_source_data.tsv
B_power	Se0.8_Sp0.8		kappa	0.5999997346308116				outputs_round8/figures/fig3_source_data.tsv
B_power_n	Se0.8_Sp0.8	950	kappa	0.5999997346308116				outputs_round8/figures/fig3_source_data.tsv
B_power	Se0.8_Sp0.8		kappa	0.599854825050744				outputs_round8/figures/fig3_source_data.tsv
B_power_n	Se0.8_Sp0.8	1000	kappa	0.599854825050744				outputs_round8/figures/fig3_source_data.tsv
B_power	Se0.8_Sp0.8		kappa	0.5994240827440301				outputs_round8/figures/fig3_source_data.tsv
B_power_n	Se0.8_Sp0.8	1050	kappa	0.5994240827440301				outputs_round8/figures/fig3_source_data.tsv
B_power	Se0.8_Sp0.8		kappa	0.5987476157586347				outputs_round8/figures/fig3_source_data.tsv
B_power_n	Se0.8_Sp0.8	1100	kappa	0.5987476157586347				outputs_round8/figures/fig3_source_data.tsv
B_power	Se0.8_Sp0.8		kappa	0.5978591095605396				outputs_round8/figures/fig3_source_data.tsv
B_power_n	Se0.8_Sp0.8	1150	kappa	0.5978591095605396				outputs_round8/figures/fig3_source_data.tsv
B_power	Se0.8_Sp0.8		kappa	0.596787045653373				outputs_round8/figures/fig3_source_data.tsv
B_power_n	Se0.8_Sp0.8	1200	kappa	0.596787045653373				outputs_round8/figures/fig3_source_data.tsv
B_power	Se0.8_Sp0.8		kappa	0.5955556534246451				outputs_round8/figures/fig3_source_data.tsv
B_power_n	Se0.8_Sp0.8	1250	kappa	0.5955556534246451				outputs_round8/figures/fig3_source_data.tsv
B_power	Se0.8_Sp0.8		kappa	0.594185660933925				outputs_round8/figures/fig3_source_data.tsv
B_power_n	Se0.8_Sp0.8	1300	kappa	0.594185660933925				outputs_round8/figures/fig3_source_data.tsv
B_power	Se0.8_Sp0.8		kappa	0.5926948924875814				outputs_round8/figures/fig3_source_data.tsv
B_power_n	Se0.8_Sp0.8	1350	kappa	0.5926948924875814				outputs_round8/figures/fig3_source_data.tsv
B_power	Se0.8_Sp0.8		kappa	0.5910987482614741				outputs_round8/figures/fig3_source_data.tsv
B_power_n	Se0.8_Sp0.8	1400	kappa	0.5910987482614741				outputs_round8/figures/fig3_source_data.tsv
B_power	Se0.8_Sp0.8		kappa	0.5894105922543146				outputs_round8/figures/fig3_source_data.tsv
B_power_n	Se0.8_Sp0.8	1450	kappa	0.5894105922543146				outputs_round8/figures/fig3_source_data.tsv
B_power	Se0.8_Sp0.8		kappa	0.5876420683683959				outputs_round8/figures/fig3_source_data.tsv
B_power_n	Se0.8_Sp0.8	1500	kappa	0.5876420683683959				outputs_round8/figures/fig3_source_data.tsv
B_power	Se0.8_Sp0.8		kappa	0.5858033596751641				outputs_round8/figures/fig3_source_data.tsv
B_power_n	Se0.8_Sp0.8	1550	kappa	0.5858033596751641				outputs_round8/figures/fig3_source_data.tsv
B_power	Se0.8_Sp0.8		kappa	0.5839034024231172				outputs_round8/figures/fig3_source_data.tsv
B_power_n	Se0.8_Sp0.8	1600	kappa	0.5839034024231172				outputs_round8/figures/fig3_source_data.tsv
B_power	Se0.8_Sp0.8		kappa	0.581950063734918				outputs_round8/figures/fig3_source_data.tsv
B_power_n	Se0.8_Sp0.8	1650	kappa	0.581950063734918				outputs_round8/figures/fig3_source_data.tsv
B_power	Se0.8_Sp0.8		kappa	0.5799502899751449				outputs_round8/figures/fig3_source_data.tsv
B_power_n	Se0.8_Sp0.8	1700	kappa	0.5799502899751449				outputs_round8/figures/fig3_source_data.tsv
B_power	Se0.8_Sp0.8		kappa	0.5779102312774081				outputs_round8/figures/fig3_source_data.tsv
B_power_n	Se0.8_Sp0.8	1750	kappa	0.5779102312774081				outputs_round8/figures/fig3_source_data.tsv
B_power	Se0.8_Sp0.8		kappa	0.5758353465765306				outputs_round8/figures/fig3_source_data.tsv
B_power_n	Se0.8_Sp0.8	1800	kappa	0.5758353465765306				outputs_round8/figures/fig3_source_data.tsv
B_power	Se0.8_Sp0.8		kappa	0.5737304926094573				outputs_round8/figures/fig3_source_data.tsv
B_power_n	Se0.8_Sp0.8	1850	kappa	0.5737304926094573				outputs_round8/figures/fig3_source_data.tsv
B_power	Se0.8_Sp0.8		kappa	0.5715999996629219				outputs_round8/figures/fig3_source_data.tsv
B_power_n	Se0.8_Sp0.8	1900	kappa	0.5715999996629219				outputs_round8/figures/fig3_source_data.tsv
B_power	Se0.8_Sp0.8		kappa	0.5694477363092563				outputs_round8/figures/fig3_source_data.tsv
B_power_n	Se0.8_Sp0.8	1950	kappa	0.5694477363092563				outputs_round8/figures/fig3_source_data.tsv
B_power	Se0.8_Sp0.8		kappa	0.567277164948945				outputs_round8/figures/fig3_source_data.tsv
B_power_n	Se0.8_Sp0.8	2000	kappa	0.567277164948945				outputs_round8/figures/fig3_source_data.tsv
B_power	Se0.8_Sp0.8		kappa	0.5451150666139771				outputs_round8/figures/fig3_source_data.tsv
B_power_n	Se0.8_Sp0.8	2500	kappa	0.5451150666139771				outputs_round8/figures/fig3_source_data.tsv
B_power	Se0.8_Sp0.8		kappa	0.5231678865775927				outputs_round8/figures/fig3_source_data.tsv
B_power_n	Se0.8_Sp0.8	3000	kappa	0.5231678865775927				outputs_round8/figures/fig3_source_data.tsv
B_power	Se0.8_Sp0.8		kappa	0.5021563183080284				outputs_round8/figures/fig3_source_data.tsv
B_power_n	Se0.8_Sp0.8	3500	kappa	0.5021563183080284				outputs_round8/figures/fig3_source_data.tsv
B_power	Se0.8_Sp0.8		kappa	0.4823274936128759				outputs_round8/figures/fig3_source_data.tsv
B_power_n	Se0.8_Sp0.8	4000	kappa	0.4823274936128759				outputs_round8/figures/fig3_source_data.tsv
B_power	Se0.8_Sp0.8		kappa	0.4637341961608642				outputs_round8/figures/fig3_source_data.tsv
B_power_n	Se0.8_Sp0.8	4500	kappa	0.4637341961608642				outputs_round8/figures/fig3_source_data.tsv
B_power	Se0.8_Sp0.8		kappa	0.4463455179408395				outputs_round8/figures/fig3_source_data.tsv
B_power_n	Se0.8_Sp0.8	5000	kappa	0.4463455179408395				outputs_round8/figures/fig3_source_data.tsv
B_power	Se0.8_Sp0.8		kappa	0.4300951378768701				outputs_round8/figures/fig3_source_data.tsv
B_power_n	Se0.8_Sp0.8	5500	kappa	0.4300951378768701				outputs_round8/figures/fig3_source_data.tsv
B_power	Se0.8_Sp0.8		kappa	0.4149036811370299				outputs_round8/figures/fig3_source_data.tsv
B_power_n	Se0.8_Sp0.8	6000	kappa	0.4149036811370299				outputs_round8/figures/fig3_source_data.tsv
B_power	Se0.8_Sp0.8		kappa	0.4006893825860966				outputs_round8/figures/fig3_source_data.tsv
B_power_n	Se0.8_Sp0.8	6500	kappa	0.4006893825860966				outputs_round8/figures/fig3_source_data.tsv
B_power	Se0.8_Sp0.8		kappa	0.3873731542808533				outputs_round8/figures/fig3_source_data.tsv
B_power_n	Se0.8_Sp0.8	7000	kappa	0.3873731542808533				outputs_round8/figures/fig3_source_data.tsv
B_power	Se0.8_Sp0.8		kappa	0.3748808676906459				outputs_round8/figures/fig3_source_data.tsv
B_power_n	Se0.8_Sp0.8	7500	kappa	0.3748808676906459				outputs_round8/figures/fig3_source_data.tsv
B_power	Se0.8_Sp0.8		kappa	0.3631442186067165				outputs_round8/figures/fig3_source_data.tsv
B_power_n	Se0.8_Sp0.8	8000	kappa	0.3631442186067165				outputs_round8/figures/fig3_source_data.tsv
B_power	Se0.8_Sp0.8		kappa	0.3521008685154758				outputs_round8/figures/fig3_source_data.tsv
B_power_n	Se0.8_Sp0.8	8500	kappa	0.3521008685154758				outputs_round8/figures/fig3_source_data.tsv
B_power	Se0.8_Sp0.8		kappa	0.3416942248252291				outputs_round8/figures/fig3_source_data.tsv
B_power_n	Se0.8_Sp0.8	9000	kappa	0.3416942248252291				outputs_round8/figures/fig3_source_data.tsv
B_power	Se0.8_Sp0.8		kappa	0.3318730527594489				outputs_round8/figures/fig3_source_data.tsv
B_power_n	Se0.8_Sp0.8	9500	kappa	0.3318730527594489				outputs_round8/figures/fig3_source_data.tsv
B_power	Se0.8_Sp0.8		kappa	0.3225910221743832				outputs_round8/figures/fig3_source_data.tsv
B_power_n	Se0.8_Sp0.8	10000	kappa	0.3225910221743832				outputs_round8/figures/fig3_source_data.tsv
B_power	Se0.8_Sp0.8		kappa	0.3138062441289522				outputs_round8/figures/fig3_source_data.tsv
B_power_n	Se0.8_Sp0.8	10500	kappa	0.3138062441289522				outputs_round8/figures/fig3_source_data.tsv
B_power	Se0.8_Sp0.8		kappa	0.3054808254189921				outputs_round8/figures/fig3_source_data.tsv
B_power_n	Se0.8_Sp0.8	11000	kappa	0.3054808254189921				outputs_round8/figures/fig3_source_data.tsv
B_power	Se0.8_Sp0.8		kappa	0.2975804545417317				outputs_round8/figures/fig3_source_data.tsv
B_power_n	Se0.8_Sp0.8	11500	kappa	0.2975804545417317				outputs_round8/figures/fig3_source_data.tsv
B_power	Se0.8_Sp0.8		kappa	0.2900740243992615				outputs_round8/figures/fig3_source_data.tsv
B_power_n	Se0.8_Sp0.8	12000	kappa	0.2900740243992615				outputs_round8/figures/fig3_source_data.tsv
B_power	Se0.8_Sp0.8		kappa	0.2829332926036197				outputs_round8/figures/fig3_source_data.tsv
B_power_n	Se0.8_Sp0.8	12500	kappa	0.2829332926036197				outputs_round8/figures/fig3_source_data.tsv
B_power	Se0.8_Sp0.8		kappa	0.2761325779085372				outputs_round8/figures/fig3_source_data.tsv
B_power_n	Se0.8_Sp0.8	13000	kappa	0.2761325779085372				outputs_round8/figures/fig3_source_data.tsv
B_power	Se0.8_Sp0.8		kappa	0.2696484901558857				outputs_round8/figures/fig3_source_data.tsv
B_power_n	Se0.8_Sp0.8	13500	kappa	0.2696484901558857				outputs_round8/figures/fig3_source_data.tsv
B_power	Se0.8_Sp0.8		kappa	0.2634596906673284				outputs_round8/figures/fig3_source_data.tsv
B_power_n	Se0.8_Sp0.8	14000	kappa	0.2634596906673284				outputs_round8/figures/fig3_source_data.tsv
B_power	Se0.8_Sp0.8		kappa	0.2575466799314946				outputs_round8/figures/fig3_source_data.tsv
B_power_n	Se0.8_Sp0.8	14500	kappa	0.2575466799314946				outputs_round8/figures/fig3_source_data.tsv
B_power	Se0.8_Sp0.8		kappa	0.2518916095586921				outputs_round8/figures/fig3_source_data.tsv
B_power_n	Se0.8_Sp0.8	15000	kappa	0.2518916095586921				outputs_round8/figures/fig3_source_data.tsv
B_power	Se0.8_Sp0.8		kappa	0.2464781156965204				outputs_round8/figures/fig3_source_data.tsv
B_power_n	Se0.8_Sp0.8	15500	kappa	0.2464781156965204				outputs_round8/figures/fig3_source_data.tsv
B_power	Se0.8_Sp0.8		kappa	0.2412911713621854				outputs_round8/figures/fig3_source_data.tsv
B_power_n	Se0.8_Sp0.8	16000	kappa	0.2412911713621854				outputs_round8/figures/fig3_source_data.tsv
B_power	Se0.8_Sp0.8		kappa	0.2363169554175959				outputs_round8/figures/fig3_source_data.tsv
B_power_n	Se0.8_Sp0.8	16500	kappa	0.2363169554175959				outputs_round8/figures/fig3_source_data.tsv
B_power	Se0.8_Sp0.8		kappa	0.2315427361735911				outputs_round8/figures/fig3_source_data.tsv
B_power_n	Se0.8_Sp0.8	17000	kappa	0.2315427361735911				outputs_round8/figures/fig3_source_data.tsv
B_power	Se0.8_Sp0.8		kappa	0.2269567678508174				outputs_round8/figures/fig3_source_data.tsv
B_power_n	Se0.8_Sp0.8	17500	kappa	0.2269567678508174				outputs_round8/figures/fig3_source_data.tsv
B_power	Se0.8_Sp0.8		kappa	0.2225481983431554				outputs_round8/figures/fig3_source_data.tsv
B_power_n	Se0.8_Sp0.8	18000	kappa	0.2225481983431554				outputs_round8/figures/fig3_source_data.tsv
B_power	Se0.8_Sp0.8		kappa	0.2183069869242894				outputs_round8/figures/fig3_source_data.tsv
B_power_n	Se0.8_Sp0.8	18500	kappa	0.2183069869242894				outputs_round8/figures/fig3_source_data.tsv
B_power	Se0.8_Sp0.8		kappa	0.2142238307099258				outputs_round8/figures/fig3_source_data.tsv
B_power_n	Se0.8_Sp0.8	19000	kappa	0.2142238307099258				outputs_round8/figures/fig3_source_data.tsv
B_power	Se0.8_Sp0.8		kappa	0.2102900988389144				outputs_round8/figures/fig3_source_data.tsv
B_power_n	Se0.8_Sp0.8	19500	kappa	0.2102900988389144				outputs_round8/figures/fig3_source_data.tsv
B_power	Se0.8_Sp0.8		kappa	0.2064977734681246				outputs_round8/figures/fig3_source_data.tsv
B_power_n	Se0.8_Sp0.8	20000	kappa	0.2064977734681246				outputs_round8/figures/fig3_source_data.tsv
B_power	Se0.8_Sp0.9		kappa	0.0				outputs_round8/figures/fig3_source_data.tsv
B_power_n	Se0.8_Sp0.9	0	kappa	0.0				outputs_round8/figures/fig3_source_data.tsv
B_power	Se0.8_Sp0.9		kappa	0.0351930999554804				outputs_round8/figures/fig3_source_data.tsv
B_power_n	Se0.8_Sp0.9	5	kappa	0.0351930999554804				outputs_round8/figures/fig3_source_data.tsv
B_power	Se0.8_Sp0.9		kappa	0.067498992174411				outputs_round8/figures/fig3_source_data.tsv
B_power_n	Se0.8_Sp0.9	10	kappa	0.067498992174411				outputs_round8/figures/fig3_source_data.tsv
B_power	Se0.8_Sp0.9		kappa	0.0972566067310019				outputs_round8/figures/fig3_source_data.tsv
B_power_n	Se0.8_Sp0.9	15	kappa	0.0972566067310019				outputs_round8/figures/fig3_source_data.tsv
B_power	Se0.8_Sp0.9		kappa	0.1247538246107991				outputs_round8/figures/fig3_source_data.tsv
B_power_n	Se0.8_Sp0.9	20	kappa	0.1247538246107991				outputs_round8/figures/fig3_source_data.tsv
B_power	Se0.8_Sp0.9		kappa	0.1502367400972028				outputs_round8/figures/fig3_source_data.tsv
B_power_n	Se0.8_Sp0.9	25	kappa	0.1502367400972028				outputs_round8/figures/fig3_source_data.tsv
B_power	Se0.8_Sp0.9		kappa	0.1739169770877088				outputs_round8/figures/fig3_source_data.tsv
B_power_n	Se0.8_Sp0.9	30	kappa	0.1739169770877088				outputs_round8/figures/fig3_source_data.tsv
B_power	Se0.8_Sp0.9		kappa	0.1959775202256213				outputs_round8/figures/fig3_source_data.tsv
B_power_n	Se0.8_Sp0.9	35	kappa	0.1959775202256213				outputs_round8/figures/fig3_source_data.tsv
B_power	Se0.8_Sp0.9		kappa	0.2165774010711871				outputs_round8/figures/fig3_source_data.tsv
B_power_n	Se0.8_Sp0.9	40	kappa	0.2165774010711871				outputs_round8/figures/fig3_source_data.tsv
B_power	Se0.8_Sp0.9		kappa	0.2358554932866363				outputs_round8/figures/fig3_source_data.tsv
B_power_n	Se0.8_Sp0.9	45	kappa	0.2358554932866363				outputs_round8/figures/fig3_source_data.tsv
B_power	Se0.8_Sp0.9		kappa	0.2539336084026726				outputs_round8/figures/fig3_source_data.tsv
B_power_n	Se0.8_Sp0.9	50	kappa	0.2539336084026726				outputs_round8/figures/fig3_source_data.tsv
B_power	Se0.8_Sp0.9		kappa	0.27091903806445				outputs_round8/figures/fig3_source_data.tsv
B_power_n	Se0.8_Sp0.9	55	kappa	0.27091903806445				outputs_round8/figures/fig3_source_data.tsv
B_power	Se0.8_Sp0.9		kappa	0.2869066548796516				outputs_round8/figures/fig3_source_data.tsv
B_power_n	Se0.8_Sp0.9	60	kappa	0.2869066548796516				outputs_round8/figures/fig3_source_data.tsv
B_power	Se0.8_Sp0.9		kappa	0.3019806587648533				outputs_round8/figures/fig3_source_data.tsv
B_power_n	Se0.8_Sp0.9	65	kappa	0.3019806587648533				outputs_round8/figures/fig3_source_data.tsv
B_power	Se0.8_Sp0.9		kappa	0.3162160366704315				outputs_round8/figures/fig3_source_data.tsv
B_power_n	Se0.8_Sp0.9	70	kappa	0.3162160366704315				outputs_round8/figures/fig3_source_data.tsv
B_power	Se0.8_Sp0.9		kappa	0.3296797891051982				outputs_round8/figures/fig3_source_data.tsv
B_power_n	Se0.8_Sp0.9	75	kappa	0.3296797891051982				outputs_round8/figures/fig3_source_data.tsv
B_power	Se0.8_Sp0.9		kappa	0.3424319657979121				outputs_round8/figures/fig3_source_data.tsv
B_power_n	Se0.8_Sp0.9	80	kappa	0.3424319657979121				outputs_round8/figures/fig3_source_data.tsv
B_power	Se0.8_Sp0.9		kappa	0.3545265442705981				outputs_round8/figures/fig3_source_data.tsv
B_power_n	Se0.8_Sp0.9	85	kappa	0.3545265442705981				outputs_round8/figures/fig3_source_data.tsv
B_power	Se0.8_Sp0.9		kappa	0.3660121784364294				outputs_round8/figures/fig3_source_data.tsv
B_power_n	Se0.8_Sp0.9	90	kappa	0.3660121784364294				outputs_round8/figures/fig3_source_data.tsv
B_power	Se0.8_Sp0.9		kappa	0.3769328391155639				outputs_round8/figures/fig3_source_data.tsv
B_power_n	Se0.8_Sp0.9	95	kappa	0.3769328391155639				outputs_round8/figures/fig3_source_data.tsv
B_power	Se0.8_Sp0.9		kappa	0.3873283642467556				outputs_round8/figures/fig3_source_data.tsv
B_power_n	Se0.8_Sp0.9	100	kappa	0.3873283642467556				outputs_round8/figures/fig3_source_data.tsv
B_power	Se0.8_Sp0.9		kappa	0.39723493330737				outputs_round8/figures/fig3_source_data.tsv
B_power_n	Se0.8_Sp0.9	105	kappa	0.39723493330737				outputs_round8/figures/fig3_source_data.tsv
B_power	Se0.8_Sp0.9		kappa	0.4066854778487789				outputs_round8/figures/fig3_source_data.tsv
B_power_n	Se0.8_Sp0.9	110	kappa	0.4066854778487789				outputs_round8/figures/fig3_source_data.tsv
B_power	Se0.8_Sp0.9		kappa	0.4157100379631861				outputs_round8/figures/fig3_source_data.tsv
B_power_n	Se0.8_Sp0.9	115	kappa	0.4157100379631861				outputs_round8/figures/fig3_source_data.tsv
B_power	Se0.8_Sp0.9		kappa	0.4243360728112477				outputs_round8/figures/fig3_source_data.tsv
B_power_n	Se0.8_Sp0.9	120	kappa	0.4243360728112477				outputs_round8/figures/fig3_source_data.tsv
B_power	Se0.8_Sp0.9		kappa	0.432588731972332				outputs_round8/figures/fig3_source_data.tsv
B_power_n	Se0.8_Sp0.9	125	kappa	0.432588731972332				outputs_round8/figures/fig3_source_data.tsv
B_power	Se0.8_Sp0.9		kappa	0.4404910932652127				outputs_round8/figures/fig3_source_data.tsv
B_power_n	Se0.8_Sp0.9	130	kappa	0.4404910932652127				outputs_round8/figures/fig3_source_data.tsv
B_power	Se0.8_Sp0.9		kappa	0.4480643717752914				outputs_round8/figures/fig3_source_data.tsv
B_power_n	Se0.8_Sp0.9	135	kappa	0.4480643717752914				outputs_round8/figures/fig3_source_data.tsv
B_power	Se0.8_Sp0.9		kappa	0.4553281040749951				outputs_round8/figures/fig3_source_data.tsv
B_power_n	Se0.8_Sp0.9	140	kappa	0.4553281040749951				outputs_round8/figures/fig3_source_data.tsv
B_power	Se0.8_Sp0.9		kappa	0.4623003110054201				outputs_round8/figures/fig3_source_data.tsv
B_power_n	Se0.8_Sp0.9	145	kappa	0.4623003110054201				outputs_round8/figures/fig3_source_data.tsv
B_power	Se0.8_Sp0.9		kappa	0.4689976418746019				outputs_round8/figures/fig3_source_data.tsv
B_power_n	Se0.8_Sp0.9	150	kappa	0.4689976418746019				outputs_round8/figures/fig3_source_data.tsv
B_power	Se0.8_Sp0.9		kappa	0.4754355025012927				outputs_round8/figures/fig3_source_data.tsv
B_power_n	Se0.8_Sp0.9	155	kappa	0.4754355025012927				outputs_round8/figures/fig3_source_data.tsv
B_power	Se0.8_Sp0.9		kappa	0.4816281691769536				outputs_round8/figures/fig3_source_data.tsv
B_power_n	Se0.8_Sp0.9	160	kappa	0.4816281691769536				outputs_round8/figures/fig3_source_data.tsv
B_power	Se0.8_Sp0.9		kappa	0.4875888903202147				outputs_round8/figures/fig3_source_data.tsv
B_power_n	Se0.8_Sp0.9	165	kappa	0.4875888903202147				outputs_round8/figures/fig3_source_data.tsv
B_power	Se0.8_Sp0.9		kappa	0.493329977347093				outputs_round8/figures/fig3_source_data.tsv
B_power_n	Se0.8_Sp0.9	170	kappa	0.493329977347093				outputs_round8/figures/fig3_source_data.tsv
B_power	Se0.8_Sp0.9		kappa	0.4988628860685202				outputs_round8/figures/fig3_source_data.tsv
B_power_n	Se0.8_Sp0.9	175	kappa	0.4988628860685202				outputs_round8/figures/fig3_source_data.tsv
B_power	Se0.8_Sp0.9		kappa	0.5041982897475648				outputs_round8/figures/fig3_source_data.tsv
B_power_n	Se0.8_Sp0.9	180	kappa	0.5041982897475648				outputs_round8/figures/fig3_source_data.tsv
B_power	Se0.8_Sp0.9		kappa	0.50934614479661				outputs_round8/figures/fig3_source_data.tsv
B_power_n	Se0.8_Sp0.9	185	kappa	0.50934614479661				outputs_round8/figures/fig3_source_data.tsv
B_power	Se0.8_Sp0.9		kappa	0.5143157499652699				outputs_round8/figures/fig3_source_data.tsv
B_power_n	Se0.8_Sp0.9	190	kappa	0.5143157499652699				outputs_round8/figures/fig3_source_data.tsv
B_power	Se0.8_Sp0.9		kappa	0.5191157997592339				outputs_round8/figures/fig3_source_data.tsv
B_power_n	Se0.8_Sp0.9	195	kappa	0.5191157997592339				outputs_round8/figures/fig3_source_data.tsv
B_power	Se0.8_Sp0.9		kappa	0.5237544327355951				outputs_round8/figures/fig3_source_data.tsv
B_power_n	Se0.8_Sp0.9	200	kappa	0.5237544327355951				outputs_round8/figures/fig3_source_data.tsv
B_power	Se0.8_Sp0.9		kappa	0.5627325156034987				outputs_round8/figures/fig3_source_data.tsv
B_power_n	Se0.8_Sp0.9	250	kappa	0.5627325156034987				outputs_round8/figures/fig3_source_data.tsv
B_power	Se0.8_Sp0.9		kappa	0.5916711454365082				outputs_round8/figures/fig3_source_data.tsv
B_power_n	Se0.8_Sp0.9	300	kappa	0.5916711454365082				outputs_round8/figures/fig3_source_data.tsv
B_power	Se0.8_Sp0.9		kappa	0.6138292110489255				outputs_round8/figures/fig3_source_data.tsv
B_power_n	Se0.8_Sp0.9	350	kappa	0.6138292110489255				outputs_round8/figures/fig3_source_data.tsv
B_power	Se0.8_Sp0.9		kappa	0.6311944958021398				outputs_round8/figures/fig3_source_data.tsv
B_power_n	Se0.8_Sp0.9	400	kappa	0.6311944958021398				outputs_round8/figures/fig3_source_data.tsv
B_power	Se0.8_Sp0.9		kappa	0.6450483270000089				outputs_round8/figures/fig3_source_data.tsv
B_power_n	Se0.8_Sp0.9	450	kappa	0.6450483270000089				outputs_round8/figures/fig3_source_data.tsv
B_power	Se0.8_Sp0.9		kappa	0.656253791382198				outputs_round8/figures/fig3_source_data.tsv
B_power_n	Se0.8_Sp0.9	500	kappa	0.656253791382198				outputs_round8/figures/fig3_source_data.tsv
B_power	Se0.8_Sp0.9		kappa	0.6654134942487083				outputs_round8/figures/fig3_source_data.tsv
B_power_n	Se0.8_Sp0.9	550	kappa	0.6654134942487083				outputs_round8/figures/fig3_source_data.tsv
B_power	Se0.8_Sp0.9		kappa	0.6729609203326293				outputs_round8/figures/fig3_source_data.tsv
B_power_n	Se0.8_Sp0.9	600	kappa	0.6729609203326293				outputs_round8/figures/fig3_source_data.tsv
B_power	Se0.8_Sp0.9		kappa	0.6792158628798086				outputs_round8/figures/fig3_source_data.tsv
B_power_n	Se0.8_Sp0.9	650	kappa	0.6792158628798086				outputs_round8/figures/fig3_source_data.tsv
B_power	Se0.8_Sp0.9		kappa	0.6844193937999653				outputs_round8/figures/fig3_source_data.tsv
B_power_n	Se0.8_Sp0.9	700	kappa	0.6844193937999653				outputs_round8/figures/fig3_source_data.tsv
B_power	Se0.8_Sp0.9		kappa	0.6887566743112501				outputs_round8/figures/fig3_source_data.tsv
B_power_n	Se0.8_Sp0.9	750	kappa	0.6887566743112501				outputs_round8/figures/fig3_source_data.tsv
B_power	Se0.8_Sp0.9		kappa	0.6923722685373739				outputs_round8/figures/fig3_source_data.tsv
B_power_n	Se0.8_Sp0.9	800	kappa	0.6923722685373739				outputs_round8/figures/fig3_source_data.tsv
B_power	Se0.8_Sp0.9		kappa	0.6953806854466755				outputs_round8/figures/fig3_source_data.tsv
B_power_n	Se0.8_Sp0.9	850	kappa	0.6953806854466755				outputs_round8/figures/fig3_source_data.tsv
B_power	Se0.8_Sp0.9		kappa	0.6978737981295082				outputs_round8/figures/fig3_source_data.tsv
B_power_n	Se0.8_Sp0.9	900	kappa	0.6978737981295082				outputs_round8/figures/fig3_source_data.tsv
B_power	Se0.8_Sp0.9		kappa	0.6999261687787466				outputs_round8/figures/fig3_source_data.tsv
B_power_n	Se0.8_Sp0.9	950	kappa	0.6999261687787466				outputs_round8/figures/fig3_source_data.tsv
B_power	Se0.8_Sp0.9		kappa	0.7015989380841042				outputs_round8/figures/fig3_source_data.tsv
B_power_n	Se0.8_Sp0.9	1000	kappa	0.7015989380841042				outputs_round8/figures/fig3_source_data.tsv
B_power	Se0.8_Sp0.9		kappa	0.7029427111535547				outputs_round8/figures/fig3_source_data.tsv
B_power_n	Se0.8_Sp0.9	1050	kappa	0.7029427111535547				outputs_round8/figures/fig3_source_data.tsv
B_power	Se0.8_Sp0.9		kappa	0.703999729555926				outputs_round8/figures/fig3_source_data.tsv
B_power_n	Se0.8_Sp0.9	1100	kappa	0.703999729555926				outputs_round8/figures/fig3_source_data.tsv
B_power	Se0.8_Sp0.9		kappa	0.7048055273469438				outputs_round8/figures/fig3_source_data.tsv
B_power_n	Se0.8_Sp0.9	1150	kappa	0.7048055273469438				outputs_round8/figures/fig3_source_data.tsv
B_power	Se0.8_Sp0.9		kappa	0.7053902086532382				outputs_round8/figures/fig3_source_data.tsv
B_power_n	Se0.8_Sp0.9	1200	kappa	0.7053902086532382				outputs_round8/figures/fig3_source_data.tsv
B_power	Se0.8_Sp0.9		kappa	0.7057794440084746				outputs_round8/figures/fig3_source_data.tsv
B_power_n	Se0.8_Sp0.9	1250	kappa	0.7057794440084746				outputs_round8/figures/fig3_source_data.tsv
B_power	Se0.8_Sp0.9		kappa	0.7059952551173084				outputs_round8/figures/fig3_source_data.tsv
B_power_n	Se0.8_Sp0.9	1300	kappa	0.7059952551173084				outputs_round8/figures/fig3_source_data.tsv
B_power	Se0.8_Sp0.9		kappa	0.7060566386699978				outputs_round8/figures/fig3_source_data.tsv
B_power_n	Se0.8_Sp0.9	1350	kappa	0.7060566386699978				outputs_round8/figures/fig3_source_data.tsv
B_power	Se0.8_Sp0.9		kappa	0.7059800664451826				outputs_round8/figures/fig3_source_data.tsv
B_power_n	Se0.8_Sp0.9	1400	kappa	0.7059800664451826				outputs_round8/figures/fig3_source_data.tsv
B_power	Se0.8_Sp0.9		kappa	0.7057798894072684				outputs_round8/figures/fig3_source_data.tsv
B_power_n	Se0.8_Sp0.9	1450	kappa	0.7057798894072684				outputs_round8/figures/fig3_source_data.tsv
B_power	Se0.8_Sp0.9		kappa	0.705468666633167				outputs_round8/figures/fig3_source_data.tsv
B_power_n	Se0.8_Sp0.9	1500	kappa	0.705468666633167				outputs_round8/figures/fig3_source_data.tsv
B_power	Se0.8_Sp0.9		kappa	0.705057434891128				outputs_round8/figures/fig3_source_data.tsv
B_power_n	Se0.8_Sp0.9	1550	kappa	0.705057434891128				outputs_round8/figures/fig3_source_data.tsv
B_power	Se0.8_Sp0.9		kappa	0.7045559309991921				outputs_round8/figures/fig3_source_data.tsv
B_power_n	Se0.8_Sp0.9	1600	kappa	0.7045559309991921				outputs_round8/figures/fig3_source_data.tsv
B_power	Se0.8_Sp0.9		kappa	0.7039727763388933				outputs_round8/figures/fig3_source_data.tsv
B_power_n	Se0.8_Sp0.9	1650	kappa	0.7039727763388933				outputs_round8/figures/fig3_source_data.tsv
B_power	Se0.8_Sp0.9		kappa	0.7033156308310605				outputs_round8/figures/fig3_source_data.tsv
B_power_n	Se0.8_Sp0.9	1700	kappa	0.7033156308310605				outputs_round8/figures/fig3_source_data.tsv
B_power	Se0.8_Sp0.9		kappa	0.7025913221115525				outputs_round8/figures/fig3_source_data.tsv
B_power_n	Se0.8_Sp0.9	1750	kappa	0.7025913221115525				outputs_round8/figures/fig3_source_data.tsv
B_power	Se0.8_Sp0.9		kappa	0.7018059544448645				outputs_round8/figures/fig3_source_data.tsv
B_power_n	Se0.8_Sp0.9	1800	kappa	0.7018059544448645				outputs_round8/figures/fig3_source_data.tsv
B_power	Se0.8_Sp0.9		kappa	0.7009650009887559				outputs_round8/figures/fig3_source_data.tsv
B_power_n	Se0.8_Sp0.9	1850	kappa	0.7009650009887559				outputs_round8/figures/fig3_source_data.tsv
B_power	Se0.8_Sp0.9		kappa	0.7000733823050004				outputs_round8/figures/fig3_source_data.tsv
B_power_n	Se0.8_Sp0.9	1900	kappa	0.7000733823050004				outputs_round8/figures/fig3_source_data.tsv
B_power	Se0.8_Sp0.9		kappa	0.6991355334499672				outputs_round8/figures/fig3_source_data.tsv
B_power_n	Se0.8_Sp0.9	1950	kappa	0.6991355334499672				outputs_round8/figures/fig3_source_data.tsv
B_power	Se0.8_Sp0.9		kappa	0.6981554615369142				outputs_round8/figures/fig3_source_data.tsv
B_power_n	Se0.8_Sp0.9	2000	kappa	0.6981554615369142				outputs_round8/figures/fig3_source_data.tsv
B_power	Se0.8_Sp0.9		kappa	0.6866902125293842				outputs_round8/figures/fig3_source_data.tsv
B_power_n	Se0.8_Sp0.9	2500	kappa	0.6866902125293842				outputs_round8/figures/fig3_source_data.tsv
B_power	Se0.8_Sp0.9		kappa	0.6735326206483161				outputs_round8/figures/fig3_source_data.tsv
B_power_n	Se0.8_Sp0.9	3000	kappa	0.6735326206483161				outputs_round8/figures/fig3_source_data.tsv
B_power	Se0.8_Sp0.9		kappa	0.6597403173406368				outputs_round8/figures/fig3_source_data.tsv
B_power_n	Se0.8_Sp0.9	3500	kappa	0.6597403173406368				outputs_round8/figures/fig3_source_data.tsv
B_power	Se0.8_Sp0.9		kappa	0.6458255480213554				outputs_round8/figures/fig3_source_data.tsv
B_power_n	Se0.8_Sp0.9	4000	kappa	0.6458255480213554				outputs_round8/figures/fig3_source_data.tsv
B_power	Se0.8_Sp0.9		kappa	0.6320541227852606				outputs_round8/figures/fig3_source_data.tsv
B_power_n	Se0.8_Sp0.9	4500	kappa	0.6320541227852606				outputs_round8/figures/fig3_source_data.tsv
B_power	Se0.8_Sp0.9		kappa	0.6185685210553894				outputs_round8/figures/fig3_source_data.tsv
B_power_n	Se0.8_Sp0.9	5000	kappa	0.6185685210553894				outputs_round8/figures/fig3_source_data.tsv
B_power	Se0.8_Sp0.9		kappa	0.6054448675150781				outputs_round8/figures/fig3_source_data.tsv
B_power_n	Se0.8_Sp0.9	5500	kappa	0.6054448675150781				outputs_round8/figures/fig3_source_data.tsv
B_power	Se0.8_Sp0.9		kappa	0.5927216907202413				outputs_round8/figures/fig3_source_data.tsv
B_power_n	Se0.8_Sp0.9	6000	kappa	0.5927216907202413				outputs_round8/figures/fig3_source_data.tsv
B_power	Se0.8_Sp0.9		kappa	0.5804154357382194				outputs_round8/figures/fig3_source_data.tsv
B_power_n	Se0.8_Sp0.9	6500	kappa	0.5804154357382194				outputs_round8/figures/fig3_source_data.tsv
B_power	Se0.8_Sp0.9		kappa	0.5685292768689805				outputs_round8/figures/fig3_source_data.tsv
B_power_n	Se0.8_Sp0.9	7000	kappa	0.5685292768689805				outputs_round8/figures/fig3_source_data.tsv
B_power	Se0.8_Sp0.9		kappa	0.5570583325449664				outputs_round8/figures/fig3_source_data.tsv
B_power_n	Se0.8_Sp0.9	7500	kappa	0.5570583325449664				outputs_round8/figures/fig3_source_data.tsv
B_power	Se0.8_Sp0.9		kappa	0.5459928516230016				outputs_round8/figures/fig3_source_data.tsv
B_power_n	Se0.8_Sp0.9	8000	kappa	0.5459928516230016				outputs_round8/figures/fig3_source_data.tsv
B_power	Se0.8_Sp0.9		kappa	0.5353202088841307				outputs_round8/figures/fig3_source_data.tsv
B_power_n	Se0.8_Sp0.9	8500	kappa	0.5353202088841307				outputs_round8/figures/fig3_source_data.tsv
B_power	Se0.8_Sp0.9		kappa	0.5250261777758106				outputs_round8/figures/fig3_source_data.tsv
B_power_n	Se0.8_Sp0.9	9000	kappa	0.5250261777758106				outputs_round8/figures/fig3_source_data.tsv
B_power	Se0.8_Sp0.9		kappa	0.5150957520921963				outputs_round8/figures/fig3_source_data.tsv
B_power_n	Se0.8_Sp0.9	9500	kappa	0.5150957520921963				outputs_round8/figures/fig3_source_data.tsv
B_power	Se0.8_Sp0.9		kappa	0.5055136795764225				outputs_round8/figures/fig3_source_data.tsv
B_power_n	Se0.8_Sp0.9	10000	kappa	0.5055136795764225				outputs_round8/figures/fig3_source_data.tsv
B_power	Se0.8_Sp0.9		kappa	0.4962648080136341				outputs_round8/figures/fig3_source_data.tsv
B_power_n	Se0.8_Sp0.9	10500	kappa	0.4962648080136341				outputs_round8/figures/fig3_source_data.tsv
B_power	Se0.8_Sp0.9		kappa	0.4873343073991849				outputs_round8/figures/fig3_source_data.tsv
B_power_n	Se0.8_Sp0.9	11000	kappa	0.4873343073991849				outputs_round8/figures/fig3_source_data.tsv
B_power	Se0.8_Sp0.9		kappa	0.4787078092362751				outputs_round8/figures/fig3_source_data.tsv
B_power_n	Se0.8_Sp0.9	11500	kappa	0.4787078092362751				outputs_round8/figures/fig3_source_data.tsv
B_power	Se0.8_Sp0.9		kappa	0.4703714899539264				outputs_round8/figures/fig3_source_data.tsv
B_power_n	Se0.8_Sp0.9	12000	kappa	0.4703714899539264				outputs_round8/figures/fig3_source_data.tsv
B_power	Se0.8_Sp0.9		kappa	0.4623121164668677				outputs_round8/figures/fig3_source_data.tsv
B_power_n	Se0.8_Sp0.9	12500	kappa	0.4623121164668677				outputs_round8/figures/fig3_source_data.tsv
B_power	Se0.8_Sp0.9		kappa	0.4545170660686249				outputs_round8/figures/fig3_source_data.tsv
B_power_n	Se0.8_Sp0.9	13000	kappa	0.4545170660686249				outputs_round8/figures/fig3_source_data.tsv
B_power	Se0.8_Sp0.9		kappa	0.4469743289949668				outputs_round8/figures/fig3_source_data.tsv
B_power_n	Se0.8_Sp0.9	13500	kappa	0.4469743289949668				outputs_round8/figures/fig3_source_data.tsv
B_power	Se0.8_Sp0.9		kappa	0.4396724994088442				outputs_round8/figures/fig3_source_data.tsv
B_power_n	Se0.8_Sp0.9	14000	kappa	0.4396724994088442				outputs_round8/figures/fig3_source_data.tsv
B_power	Se0.8_Sp0.9		kappa	0.4326007588000331				outputs_round8/figures/fig3_source_data.tsv
B_power_n	Se0.8_Sp0.9	14500	kappa	0.4326007588000331				outputs_round8/figures/fig3_source_data.tsv
B_power	Se0.8_Sp0.9		kappa	0.425748854583954				outputs_round8/figures/fig3_source_data.tsv
B_power_n	Se0.8_Sp0.9	15000	kappa	0.425748854583954				outputs_round8/figures/fig3_source_data.tsv
B_power	Se0.8_Sp0.9		kappa	0.4191070758446666				outputs_round8/figures/fig3_source_data.tsv
B_power_n	Se0.8_Sp0.9	15500	kappa	0.4191070758446666				outputs_round8/figures/fig3_source_data.tsv
B_power	Se0.8_Sp0.9		kappa	0.4126662275792321				outputs_round8/figures/fig3_source_data.tsv
B_power_n	Se0.8_Sp0.9	16000	kappa	0.4126662275792321				outputs_round8/figures/fig3_source_data.tsv
B_power	Se0.8_Sp0.9		kappa	0.4064176043860756				outputs_round8/figures/fig3_source_data.tsv
B_power_n	Se0.8_Sp0.9	16500	kappa	0.4064176043860756				outputs_round8/figures/fig3_source_data.tsv
B_power	Se0.8_Sp0.9		kappa	0.4003529642460295				outputs_round8/figures/fig3_source_data.tsv
B_power_n	Se0.8_Sp0.9	17000	kappa	0.4003529642460295				outputs_round8/figures/fig3_source_data.tsv
B_power	Se0.8_Sp0.9		kappa	0.3944645028355035				outputs_round8/figures/fig3_source_data.tsv
B_power_n	Se0.8_Sp0.9	17500	kappa	0.3944645028355035				outputs_round8/figures/fig3_source_data.tsv
B_power	Se0.8_Sp0.9		kappa	0.3887448286618958				outputs_round8/figures/fig3_source_data.tsv
B_power_n	Se0.8_Sp0.9	18000	kappa	0.3887448286618958				outputs_round8/figures/fig3_source_data.tsv
B_power	Se0.8_Sp0.9		kappa	0.3831869392047756				outputs_round8/figures/fig3_source_data.tsv
B_power_n	Se0.8_Sp0.9	18500	kappa	0.3831869392047756				outputs_round8/figures/fig3_source_data.tsv
B_power	Se0.8_Sp0.9		kappa	0.3777841981704038				outputs_round8/figures/fig3_source_data.tsv
B_power_n	Se0.8_Sp0.9	19000	kappa	0.3777841981704038				outputs_round8/figures/fig3_source_data.tsv
B_power	Se0.8_Sp0.9		kappa	0.3725303139132355				outputs_round8/figures/fig3_source_data.tsv
B_power_n	Se0.8_Sp0.9	19500	kappa	0.3725303139132355				outputs_round8/figures/fig3_source_data.tsv
B_power	Se0.8_Sp0.9		kappa	0.3674193190401175				outputs_round8/figures/fig3_source_data.tsv
B_power_n	Se0.8_Sp0.9	20000	kappa	0.3674193190401175				outputs_round8/figures/fig3_source_data.tsv
B_power	Se0.8_Sp0.95		kappa	0.0				outputs_round8/figures/fig3_source_data.tsv
B_power_n	Se0.8_Sp0.95	0	kappa	0.0				outputs_round8/figures/fig3_source_data.tsv
B_power	Se0.8_Sp0.95		kappa	0.0376598069381071				outputs_round8/figures/fig3_source_data.tsv
B_power_n	Se0.8_Sp0.95	5	kappa	0.0376598069381071				outputs_round8/figures/fig3_source_data.tsv
B_power	Se0.8_Sp0.95		kappa	0.0721482494955177				outputs_round8/figures/fig3_source_data.tsv
B_power_n	Se0.8_Sp0.95	10	kappa	0.0721482494955177				outputs_round8/figures/fig3_source_data.tsv
B_power	Se0.8_Sp0.95		kappa	0.1038484781858807				outputs_round8/figures/fig3_source_data.tsv
B_power_n	Se0.8_Sp0.95	15	kappa	0.1038484781858807				outputs_round8/figures/fig3_source_data.tsv
B_power	Se0.8_Sp0.95		kappa	0.1330843128264201				outputs_round8/figures/fig3_source_data.tsv
B_power_n	Se0.8_Sp0.95	20	kappa	0.1330843128264201				outputs_round8/figures/fig3_source_data.tsv
B_power	Se0.8_Sp0.95		kappa	0.1601312986939874				outputs_round8/figures/fig3_source_data.tsv
B_power_n	Se0.8_Sp0.95	25	kappa	0.1601312986939874				outputs_round8/figures/fig3_source_data.tsv
B_power	Se0.8_Sp0.95		kappa	0.1852253791629232				outputs_round8/figures/fig3_source_data.tsv
B_power_n	Se0.8_Sp0.95	30	kappa	0.1852253791629232				outputs_round8/figures/fig3_source_data.tsv
B_power	Se0.8_Sp0.95		kappa	0.2085697635186943				outputs_round8/figures/fig3_source_data.tsv
B_power_n	Se0.8_Sp0.95	35	kappa	0.2085697635186943				outputs_round8/figures/fig3_source_data.tsv
B_power	Se0.8_Sp0.95		kappa	0.2303404134513637				outputs_round8/figures/fig3_source_data.tsv
B_power_n	Se0.8_Sp0.95	40	kappa	0.2303404134513637				outputs_round8/figures/fig3_source_data.tsv
B_power	Se0.8_Sp0.95		kappa	0.250690461844315				outputs_round8/figures/fig3_source_data.tsv
B_power_n	Se0.8_Sp0.95	45	kappa	0.250690461844315				outputs_round8/figures/fig3_source_data.tsv
B_power	Se0.8_Sp0.95		kappa	0.2697537986548582				outputs_round8/figures/fig3_source_data.tsv
B_power_n	Se0.8_Sp0.95	50	kappa	0.2697537986548582				outputs_round8/figures/fig3_source_data.tsv
B_power	Se0.8_Sp0.95		kappa	0.2876480014708357				outputs_round8/figures/fig3_source_data.tsv
B_power_n	Se0.8_Sp0.95	55	kappa	0.2876480014708357				outputs_round8/figures/fig3_source_data.tsv
B_power	Se0.8_Sp0.95		kappa	0.3044767463347652				outputs_round8/figures/fig3_source_data.tsv
B_power_n	Se0.8_Sp0.95	60	kappa	0.3044767463347652				outputs_round8/figures/fig3_source_data.tsv
B_power	Se0.8_Sp0.95		kappa	0.320331803284799				outputs_round8/figures/fig3_source_data.tsv
B_power_n	Se0.8_Sp0.95	65	kappa	0.320331803284799				outputs_round8/figures/fig3_source_data.tsv
B_power	Se0.8_Sp0.95		kappa	0.3352946977416913				outputs_round8/figures/fig3_source_data.tsv
B_power_n	Se0.8_Sp0.95	70	kappa	0.3352946977416913				outputs_round8/figures/fig3_source_data.tsv
B_power	Se0.8_Sp0.95		kappa	0.3494381012492821				outputs_round8/figures/fig3_source_data.tsv
B_power_n	Se0.8_Sp0.95	75	kappa	0.3494381012492821				outputs_round8/figures/fig3_source_data.tsv
B_power	Se0.8_Sp0.95		kappa	0.3628270016464421				outputs_round8/figures/fig3_source_data.tsv
B_power_n	Se0.8_Sp0.95	80	kappa	0.3628270016464421				outputs_round8/figures/fig3_source_data.tsv
B_power	Se0.8_Sp0.95		kappa	0.3755196924314897				outputs_round8/figures/fig3_source_data.tsv
B_power_n	Se0.8_Sp0.95	85	kappa	0.3755196924314897				outputs_round8/figures/fig3_source_data.tsv
B_power	Se0.8_Sp0.95		kappa	0.3875686130942221				outputs_round8/figures/fig3_source_data.tsv
B_power_n	Se0.8_Sp0.95	90	kappa	0.3875686130942221				outputs_round8/figures/fig3_source_data.tsv
B_power	Se0.8_Sp0.95		kappa	0.3990210659651003				outputs_round8/figures/fig3_source_data.tsv
B_power_n	Se0.8_Sp0.95	95	kappa	0.3990210659651003				outputs_round8/figures/fig3_source_data.tsv
B_power	Se0.8_Sp0.95		kappa	0.4099198302449643				outputs_round8/figures/fig3_source_data.tsv
B_power_n	Se0.8_Sp0.95	100	kappa	0.4099198302449643				outputs_round8/figures/fig3_source_data.tsv
B_power	Se0.8_Sp0.95		kappa	0.420303690019161				outputs_round8/figures/fig3_source_data.tsv
B_power_n	Se0.8_Sp0.95	105	kappa	0.420303690019161				outputs_round8/figures/fig3_source_data.tsv
B_power	Se0.8_Sp0.95		kappa	0.4302078899929831				outputs_round8/figures/fig3_source_data.tsv
B_power_n	Se0.8_Sp0.95	110	kappa	0.4302078899929831				outputs_round8/figures/fig3_source_data.tsv
B_power	Se0.8_Sp0.95		kappa	0.4396645302340313				outputs_round8/figures/fig3_source_data.tsv
B_power_n	Se0.8_Sp0.95	115	kappa	0.4396645302340313				outputs_round8/figures/fig3_source_data.tsv
B_power	Se0.8_Sp0.95		kappa	0.448702909237163				outputs_round8/figures/fig3_source_data.tsv
B_power_n	Se0.8_Sp0.95	120	kappa	0.448702909237163				outputs_round8/figures/fig3_source_data.tsv
B_power	Se0.8_Sp0.95		kappa	0.4573498230363645				outputs_round8/figures/fig3_source_data.tsv
B_power_n	Se0.8_Sp0.95	125	kappa	0.4573498230363645				outputs_round8/figures/fig3_source_data.tsv
B_power	Se0.8_Sp0.95		kappa	0.4656298267959379				outputs_round8/figures/fig3_source_data.tsv
B_power_n	Se0.8_Sp0.95	130	kappa	0.4656298267959379				outputs_round8/figures/fig3_source_data.tsv
B_power	Se0.8_Sp0.95		kappa	0.4735654642596009				outputs_round8/figures/fig3_source_data.tsv
B_power_n	Se0.8_Sp0.95	135	kappa	0.4735654642596009				outputs_round8/figures/fig3_source_data.tsv
B_power	Se0.8_Sp0.95		kappa	0.4811774695726011				outputs_round8/figures/fig3_source_data.tsv
B_power_n	Se0.8_Sp0.95	140	kappa	0.4811774695726011				outputs_round8/figures/fig3_source_data.tsv
B_power	Se0.8_Sp0.95		kappa	0.4884849452813584				outputs_round8/figures/fig3_source_data.tsv
B_power_n	Se0.8_Sp0.95	145	kappa	0.4884849452813584				outputs_round8/figures/fig3_source_data.tsv
B_power	Se0.8_Sp0.95		kappa	0.4955055197279206				outputs_round8/figures/fig3_source_data.tsv
B_power_n	Se0.8_Sp0.95	150	kappa	0.4955055197279206				outputs_round8/figures/fig3_source_data.tsv
B_power	Se0.8_Sp0.95		kappa	0.5022554865693631				outputs_round8/figures/fig3_source_data.tsv
B_power_n	Se0.8_Sp0.95	155	kappa	0.5022554865693631				outputs_round8/figures/fig3_source_data.tsv
B_power	Se0.8_Sp0.95		kappa	0.5087499287465087				outputs_round8/figures/fig3_source_data.tsv
B_power_n	Se0.8_Sp0.95	160	kappa	0.5087499287465087				outputs_round8/figures/fig3_source_data.tsv
B_power	Se0.8_Sp0.95		kappa	0.5150028288872393				outputs_round8/figures/fig3_source_data.tsv
B_power_n	Se0.8_Sp0.95	165	kappa	0.5150028288872393				outputs_round8/figures/fig3_source_data.tsv
B_power	Se0.8_Sp0.95		kappa	0.5210271678451804				outputs_round8/figures/fig3_source_data.tsv
B_power_n	Se0.8_Sp0.95	170	kappa	0.5210271678451804				outputs_round8/figures/fig3_source_data.tsv
B_power	Se0.8_Sp0.95		kappa	0.5268350128351471				outputs_round8/figures/fig3_source_data.tsv
B_power_n	Se0.8_Sp0.95	175	kappa	0.5268350128351471				outputs_round8/figures/fig3_source_data.tsv
B_power	Se0.8_Sp0.95		kappa	0.5324375964245647				outputs_round8/figures/fig3_source_data.tsv
B_power_n	Se0.8_Sp0.95	180	kappa	0.5324375964245647				outputs_round8/figures/fig3_source_data.tsv
B_power	Se0.8_Sp0.95		kappa	0.5378453874688621				outputs_round8/figures/fig3_source_data.tsv
B_power_n	Se0.8_Sp0.95	185	kappa	0.5378453874688621				outputs_round8/figures/fig3_source_data.tsv
B_power	Se0.8_Sp0.95		kappa	0.5430681549333494				outputs_round8/figures/fig3_source_data.tsv
B_power_n	Se0.8_Sp0.95	190	kappa	0.5430681549333494				outputs_round8/figures/fig3_source_data.tsv
B_power	Se0.8_Sp0.95		kappa	0.5481150254201481				outputs_round8/figures/fig3_source_data.tsv
B_power_n	Se0.8_Sp0.95	195	kappa	0.5481150254201481				outputs_round8/figures/fig3_source_data.tsv
B_power	Se0.8_Sp0.95		kappa	0.5529945351128296				outputs_round8/figures/fig3_source_data.tsv
B_power_n	Se0.8_Sp0.95	200	kappa	0.5529945351128296				outputs_round8/figures/fig3_source_data.tsv
B_power	Se0.8_Sp0.95		kappa	0.5941228765931896				outputs_round8/figures/fig3_source_data.tsv
B_power_n	Se0.8_Sp0.95	250	kappa	0.5941228765931896				outputs_round8/figures/fig3_source_data.tsv
B_power	Se0.8_Sp0.95		kappa	0.624889871182833				outputs_round8/figures/fig3_source_data.tsv
B_power_n	Se0.8_Sp0.95	300	kappa	0.624889871182833				outputs_round8/figures/fig3_source_data.tsv
B_power	Se0.8_Sp0.95		kappa	0.6486816499408552				outputs_round8/figures/fig3_source_data.tsv
B_power_n	Se0.8_Sp0.95	350	kappa	0.6486816499408552				outputs_round8/figures/fig3_source_data.tsv
B_power	Se0.8_Sp0.95		kappa	0.6675542457945951				outputs_round8/figures/fig3_source_data.tsv
B_power_n	Se0.8_Sp0.95	400	kappa	0.6675542457945951				outputs_round8/figures/fig3_source_data.tsv
B_power	Se0.8_Sp0.95		kappa	0.6828282819696141				outputs_round8/figures/fig3_source_data.tsv
B_power_n	Se0.8_Sp0.95	450	kappa	0.6828282819696141				outputs_round8/figures/fig3_source_data.tsv
B_power	Se0.8_Sp0.95		kappa	0.6953907862473907				outputs_round8/figures/fig3_source_data.tsv
B_power_n	Se0.8_Sp0.95	500	kappa	0.6953907862473907				outputs_round8/figures/fig3_source_data.tsv
B_power	Se0.8_Sp0.95		kappa	0.7058596415987334				outputs_round8/figures/fig3_source_data.tsv
B_power_n	Se0.8_Sp0.95	550	kappa	0.7058596415987334				outputs_round8/figures/fig3_source_data.tsv
B_power	Se0.8_Sp0.95		kappa	0.7146784680923756				outputs_round8/figures/fig3_source_data.tsv
B_power_n	Se0.8_Sp0.95	600	kappa	0.7146784680923756				outputs_round8/figures/fig3_source_data.tsv
B_power	Se0.8_Sp0.95		kappa	0.722174009858352				outputs_round8/figures/fig3_source_data.tsv
B_power_n	Se0.8_Sp0.95	650	kappa	0.722174009858352				outputs_round8/figures/fig3_source_data.tsv
B_power	Se0.8_Sp0.95		kappa	0.7285922454927283				outputs_round8/figures/fig3_source_data.tsv
B_power_n	Se0.8_Sp0.95	700	kappa	0.7285922454927283				outputs_round8/figures/fig3_source_data.tsv
B_power	Se0.8_Sp0.95		kappa	0.7341218894583798				outputs_round8/figures/fig3_source_data.tsv
B_power_n	Se0.8_Sp0.95	750	kappa	0.7341218894583798				outputs_round8/figures/fig3_source_data.tsv
B_power	Se0.8_Sp0.95		kappa	0.738910138592221				outputs_round8/figures/fig3_source_data.tsv
B_power_n	Se0.8_Sp0.95	800	kappa	0.738910138592221				outputs_round8/figures/fig3_source_data.tsv
B_power	Se0.8_Sp0.95		kappa	0.743073493506953				outputs_round8/figures/fig3_source_data.tsv
B_power_n	Se0.8_Sp0.95	850	kappa	0.743073493506953				outputs_round8/figures/fig3_source_data.tsv
B_power	Se0.8_Sp0.95		kappa	0.74670536303174				outputs_round8/figures/fig3_source_data.tsv
B_power_n	Se0.8_Sp0.95	900	kappa	0.74670536303174				outputs_round8/figures/fig3_source_data.tsv
B_power	Se0.8_Sp0.95		kappa	0.74988151474076				outputs_round8/figures/fig3_source_data.tsv
B_power_n	Se0.8_Sp0.95	950	kappa	0.74988151474076				outputs_round8/figures/fig3_source_data.tsv
B_power	Se0.8_Sp0.95		kappa	0.7526640512469345				outputs_round8/figures/fig3_source_data.tsv
B_power_n	Se0.8_Sp0.95	1000	kappa	0.7526640512469345				outputs_round8/figures/fig3_source_data.tsv
B_power	Se0.8_Sp0.95		kappa	0.7551043573963211				outputs_round8/figures/fig3_source_data.tsv
B_power_n	Se0.8_Sp0.95	1050	kappa	0.7551043573963211				outputs_round8/figures/fig3_source_data.tsv
B_power	Se0.8_Sp0.95		kappa	0.7572453162439243				outputs_round8/figures/fig3_source_data.tsv
B_power_n	Se0.8_Sp0.95	1100	kappa	0.7572453162439243				outputs_round8/figures/fig3_source_data.tsv
B_power	Se0.8_Sp0.95		kappa	0.7591229970630786				outputs_round8/figures/fig3_source_data.tsv
B_power_n	Se0.8_Sp0.95	1150	kappa	0.7591229970630786				outputs_round8/figures/fig3_source_data.tsv
B_power	Se0.8_Sp0.95		kappa	0.7607679565389105				outputs_round8/figures/fig3_source_data.tsv
B_power_n	Se0.8_Sp0.95	1200	kappa	0.7607679565389105				outputs_round8/figures/fig3_source_data.tsv
B_power	Se0.8_Sp0.95		kappa	0.762206252755792				outputs_round8/figures/fig3_source_data.tsv
B_power_n	Se0.8_Sp0.95	1250	kappa	0.762206252755792				outputs_round8/figures/fig3_source_data.tsv
B_power	Se0.8_Sp0.95		kappa	0.7634602433136773				outputs_round8/figures/fig3_source_data.tsv
B_power_n	Se0.8_Sp0.95	1300	kappa	0.7634602433136773				outputs_round8/figures/fig3_source_data.tsv
B_power	Se0.8_Sp0.95		kappa	0.7645492193531289				outputs_round8/figures/fig3_source_data.tsv
B_power_n	Se0.8_Sp0.95	1350	kappa	0.7645492193531289				outputs_round8/figures/fig3_source_data.tsv
B_power	Se0.8_Sp0.95		kappa	0.7654899135446684				outputs_round8/figures/fig3_source_data.tsv
B_power_n	Se0.8_Sp0.95	1400	kappa	0.7654899135446684				outputs_round8/figures/fig3_source_data.tsv
B_power	Se0.8_Sp0.95		kappa	0.7662969103349715				outputs_round8/figures/fig3_source_data.tsv
B_power_n	Se0.8_Sp0.95	1450	kappa	0.7662969103349715				outputs_round8/figures/fig3_source_data.tsv
B_power	Se0.8_Sp0.95		kappa	0.7669829797095403				outputs_round8/figures/fig3_source_data.tsv
B_power_n	Se0.8_Sp0.95	1500	kappa	0.7669829797095403				outputs_round8/figures/fig3_source_data.tsv
B_power	Se0.8_Sp0.95		kappa	0.7675593506060888				outputs_round8/figures/fig3_source_data.tsv
B_power_n	Se0.8_Sp0.95	1550	kappa	0.7675593506060888				outputs_round8/figures/fig3_source_data.tsv
B_power	Se0.8_Sp0.95		kappa	0.7680359363369204				outputs_round8/figures/fig3_source_data.tsv
B_power_n	Se0.8_Sp0.95	1600	kappa	0.7680359363369204				outputs_round8/figures/fig3_source_data.tsv
B_power	Se0.8_Sp0.95		kappa	0.7684215215685374				outputs_round8/figures/fig3_source_data.tsv
B_power_n	Se0.8_Sp0.95	1650	kappa	0.7684215215685374				outputs_round8/figures/fig3_source_data.tsv
B_power	Se0.8_Sp0.95		kappa	0.768723918295629				outputs_round8/figures/fig3_source_data.tsv
B_power_n	Se0.8_Sp0.95	1700	kappa	0.768723918295629				outputs_round8/figures/fig3_source_data.tsv
B_power	Se0.8_Sp0.95		kappa	0.7689500966464728				outputs_round8/figures/fig3_source_data.tsv
B_power_n	Se0.8_Sp0.95	1750	kappa	0.7689500966464728				outputs_round8/figures/fig3_source_data.tsv
B_power	Se0.8_Sp0.95		kappa	0.7691062951338287				outputs_round8/figures/fig3_source_data.tsv
B_power_n	Se0.8_Sp0.95	1800	kappa	0.7691062951338287				outputs_round8/figures/fig3_source_data.tsv
B_power	Se0.8_Sp0.95		kappa	0.7691981140233569				outputs_round8/figures/fig3_source_data.tsv
B_power_n	Se0.8_Sp0.95	1850	kappa	0.7691981140233569				outputs_round8/figures/fig3_source_data.tsv
B_power	Se0.8_Sp0.95		kappa	0.7692305947605224				outputs_round8/figures/fig3_source_data.tsv
B_power_n	Se0.8_Sp0.95	1900	kappa	0.7692305947605224				outputs_round8/figures/fig3_source_data.tsv
B_power	Se0.8_Sp0.95		kappa	0.7692082878256642				outputs_round8/figures/fig3_source_data.tsv
B_power_n	Se0.8_Sp0.95	1950	kappa	0.7692082878256642				outputs_round8/figures/fig3_source_data.tsv
B_power	Se0.8_Sp0.95		kappa	0.7691353109374919				outputs_round8/figures/fig3_source_data.tsv
B_power_n	Se0.8_Sp0.95	2000	kappa	0.7691353109374919				outputs_round8/figures/fig3_source_data.tsv
B_power	Se0.8_Sp0.95		kappa	0.7662981967221839				outputs_round8/figures/fig3_source_data.tsv
B_power_n	Se0.8_Sp0.95	2500	kappa	0.7662981967221839				outputs_round8/figures/fig3_source_data.tsv
B_power	Se0.8_Sp0.95		kappa	0.7610235432687715				outputs_round8/figures/fig3_source_data.tsv
B_power_n	Se0.8_Sp0.95	3000	kappa	0.7610235432687715				outputs_round8/figures/fig3_source_data.tsv
B_power	Se0.8_Sp0.95		kappa	0.7544423339783074				outputs_round8/figures/fig3_source_data.tsv
B_power_n	Se0.8_Sp0.95	3500	kappa	0.7544423339783074				outputs_round8/figures/fig3_source_data.tsv
B_power	Se0.8_Sp0.95		kappa	0.7471295158433315				outputs_round8/figures/fig3_source_data.tsv
B_power_n	Se0.8_Sp0.95	4000	kappa	0.7471295158433315				outputs_round8/figures/fig3_source_data.tsv
B_power	Se0.8_Sp0.95		kappa	0.73940592174623				outputs_round8/figures/fig3_source_data.tsv
B_power_n	Se0.8_Sp0.95	4500	kappa	0.73940592174623				outputs_round8/figures/fig3_source_data.tsv
B_power	Se0.8_Sp0.95		kappa	0.7314628864336871				outputs_round8/figures/fig3_source_data.tsv
B_power_n	Se0.8_Sp0.95	5000	kappa	0.7314628864336871				outputs_round8/figures/fig3_source_data.tsv
B_power	Se0.8_Sp0.95		kappa	0.7234201936179715				outputs_round8/figures/fig3_source_data.tsv
B_power_n	Se0.8_Sp0.95	5500	kappa	0.7234201936179715				outputs_round8/figures/fig3_source_data.tsv
B_power	Se0.8_Sp0.95		kappa	0.7153555510789247				outputs_round8/figures/fig3_source_data.tsv
B_power_n	Se0.8_Sp0.95	6000	kappa	0.7153555510789247				outputs_round8/figures/fig3_source_data.tsv
B_power	Se0.8_Sp0.95		kappa	0.7073206729486379				outputs_round8/figures/fig3_source_data.tsv
B_power_n	Se0.8_Sp0.95	6500	kappa	0.7073206729486379				outputs_round8/figures/fig3_source_data.tsv
B_power	Se0.8_Sp0.95		kappa	0.6993505638685332				outputs_round8/figures/fig3_source_data.tsv
B_power_n	Se0.8_Sp0.95	7000	kappa	0.6993505638685332				outputs_round8/figures/fig3_source_data.tsv
B_power	Se0.8_Sp0.95		kappa	0.6914691328953833				outputs_round8/figures/fig3_source_data.tsv
B_power_n	Se0.8_Sp0.95	7500	kappa	0.6914691328953833				outputs_round8/figures/fig3_source_data.tsv
B_power	Se0.8_Sp0.95		kappa	0.6836927220622472				outputs_round8/figures/fig3_source_data.tsv
B_power_n	Se0.8_Sp0.95	8000	kappa	0.6836927220622472				outputs_round8/figures/fig3_source_data.tsv
B_power	Se0.8_Sp0.95		kappa	0.6760323980478766				outputs_round8/figures/fig3_source_data.tsv
B_power_n	Se0.8_Sp0.95	8500	kappa	0.6760323980478766				outputs_round8/figures/fig3_source_data.tsv
B_power	Se0.8_Sp0.95		kappa	0.668495482776494				outputs_round8/figures/fig3_source_data.tsv
B_power_n	Se0.8_Sp0.95	9000	kappa	0.668495482776494				outputs_round8/figures/fig3_source_data.tsv
B_power	Se0.8_Sp0.95		kappa	0.6610866006488417				outputs_round8/figures/fig3_source_data.tsv
B_power_n	Se0.8_Sp0.95	9500	kappa	0.6610866006488417				outputs_round8/figures/fig3_source_data.tsv
B_power	Se0.8_Sp0.95		kappa	0.6538084101811559				outputs_round8/figures/fig3_source_data.tsv
B_power_n	Se0.8_Sp0.95	10000	kappa	0.6538084101811559				outputs_round8/figures/fig3_source_data.tsv
B_power	Se0.8_Sp0.95		kappa	0.6466621245344462				outputs_round8/figures/fig3_source_data.tsv
B_power_n	Se0.8_Sp0.95	10500	kappa	0.6466621245344462				outputs_round8/figures/fig3_source_data.tsv
B_power	Se0.8_Sp0.95		kappa	0.6396478877644203				outputs_round8/figures/fig3_source_data.tsv
B_power_n	Se0.8_Sp0.95	11000	kappa	0.6396478877644203				outputs_round8/figures/fig3_source_data.tsv
B_power	Se0.8_Sp0.95		kappa	0.632765050568339				outputs_round8/figures/fig3_source_data.tsv
B_power_n	Se0.8_Sp0.95	11500	kappa	0.632765050568339				outputs_round8/figures/fig3_source_data.tsv
B_power	Se0.8_Sp0.95		kappa	0.6260123748209058				outputs_round8/figures/fig3_source_data.tsv
B_power_n	Se0.8_Sp0.95	12000	kappa	0.6260123748209058				outputs_round8/figures/fig3_source_data.tsv
B_power	Se0.8_Sp0.95		kappa	0.6193881868785979				outputs_round8/figures/fig3_source_data.tsv
B_power_n	Se0.8_Sp0.95	12500	kappa	0.6193881868785979				outputs_round8/figures/fig3_source_data.tsv
B_power	Se0.8_Sp0.95		kappa	0.6128904935177556				outputs_round8/figures/fig3_source_data.tsv
B_power_n	Se0.8_Sp0.95	13000	kappa	0.6128904935177556				outputs_round8/figures/fig3_source_data.tsv
B_power	Se0.8_Sp0.95		kappa	0.6065170702810514				outputs_round8/figures/fig3_source_data.tsv
B_power_n	Se0.8_Sp0.95	13500	kappa	0.6065170702810514				outputs_round8/figures/fig3_source_data.tsv
B_power	Se0.8_Sp0.95		kappa	0.6002655292223387				outputs_round8/figures/fig3_source_data.tsv
B_power_n	Se0.8_Sp0.95	14000	kappa	0.6002655292223387				outputs_round8/figures/fig3_source_data.tsv
B_power	Se0.8_Sp0.95		kappa	0.5941333711142398				outputs_round8/figures/fig3_source_data.tsv
B_power_n	Se0.8_Sp0.95	14500	kappa	0.5941333711142398				outputs_round8/figures/fig3_source_data.tsv
B_power	Se0.8_Sp0.95		kappa	0.5881180258317691				outputs_round8/figures/fig3_source_data.tsv
B_power_n	Se0.8_Sp0.95	15000	kappa	0.5881180258317691				outputs_round8/figures/fig3_source_data.tsv
B_power	Se0.8_Sp0.95		kappa	0.582216883664639				outputs_round8/figures/fig3_source_data.tsv
B_power_n	Se0.8_Sp0.95	15500	kappa	0.582216883664639				outputs_round8/figures/fig3_source_data.tsv
B_power	Se0.8_Sp0.95		kappa	0.5764273196194226				outputs_round8/figures/fig3_source_data.tsv
B_power_n	Se0.8_Sp0.95	16000	kappa	0.5764273196194226				outputs_round8/figures/fig3_source_data.tsv
B_power	Se0.8_Sp0.95		kappa	0.5707467122693005				outputs_round8/figures/fig3_source_data.tsv
B_power_n	Se0.8_Sp0.95	16500	kappa	0.5707467122693005				outputs_round8/figures/fig3_source_data.tsv
B_power	Se0.8_Sp0.95		kappa	0.5651724583387154				outputs_round8/figures/fig3_source_data.tsv
B_power_n	Se0.8_Sp0.95	17000	kappa	0.5651724583387154				outputs_round8/figures/fig3_source_data.tsv
B_power	Se0.8_Sp0.95		kappa	0.5597019839350162				outputs_round8/figures/fig3_source_data.tsv
B_power_n	Se0.8_Sp0.95	17500	kappa	0.5597019839350162				outputs_round8/figures/fig3_source_data.tsv
B_power	Se0.8_Sp0.95		kappa	0.5543327531328684				outputs_round8/figures/fig3_source_data.tsv
B_power_n	Se0.8_Sp0.95	18000	kappa	0.5543327531328684				outputs_round8/figures/fig3_source_data.tsv
B_power	Se0.8_Sp0.95		kappa	0.5490622744611044				outputs_round8/figures/fig3_source_data.tsv
B_power_n	Se0.8_Sp0.95	18500	kappa	0.5490622744611044				outputs_round8/figures/fig3_source_data.tsv
B_power	Se0.8_Sp0.95		kappa	0.5438881057228026				outputs_round8/figures/fig3_source_data.tsv
B_power_n	Se0.8_Sp0.95	19000	kappa	0.5438881057228026				outputs_round8/figures/fig3_source_data.tsv
B_power	Se0.8_Sp0.95		kappa	0.5388078574880417				outputs_round8/figures/fig3_source_data.tsv
B_power_n	Se0.8_Sp0.95	19500	kappa	0.5388078574880417				outputs_round8/figures/fig3_source_data.tsv
B_power	Se0.8_Sp0.95		kappa	0.5338191955281916				outputs_round8/figures/fig3_source_data.tsv
B_power_n	Se0.8_Sp0.95	20000	kappa	0.5338191955281916				outputs_round8/figures/fig3_source_data.tsv
B_power	Se0.8_Sp0.99		kappa	0.0				outputs_round8/figures/fig3_source_data.tsv
B_power_n	Se0.8_Sp0.99	0	kappa	0.0				outputs_round8/figures/fig3_source_data.tsv
B_power	Se0.8_Sp0.99		kappa	0.0396287413759356				outputs_round8/figures/fig3_source_data.tsv
B_power_n	Se0.8_Sp0.99	5	kappa	0.0396287413759356				outputs_round8/figures/fig3_source_data.tsv
B_power	Se0.8_Sp0.99		kappa	0.0758517538347953				outputs_round8/figures/fig3_source_data.tsv
B_power_n	Se0.8_Sp0.99	10	kappa	0.0758517538347953				outputs_round8/figures/fig3_source_data.tsv
B_power	Se0.8_Sp0.99		kappa	0.1090897223125434				outputs_round8/figures/fig3_source_data.tsv
B_power_n	Se0.8_Sp0.99	15	kappa	0.1090897223125434				outputs_round8/figures/fig3_source_data.tsv
B_power	Se0.8_Sp0.99		kappa	0.1396967862012086				outputs_round8/figures/fig3_source_data.tsv
B_power_n	Se0.8_Sp0.99	20	kappa	0.1396967862012086				outputs_round8/figures/fig3_source_data.tsv
B_power	Se0.8_Sp0.99		kappa	0.167973196830915				outputs_round8/figures/fig3_source_data.tsv
B_power_n	Se0.8_Sp0.99	25	kappa	0.167973196830915				outputs_round8/figures/fig3_source_data.tsv
B_power	Se0.8_Sp0.99		kappa	0.1941751917663336				outputs_round8/figures/fig3_source_data.tsv
B_power_n	Se0.8_Sp0.99	30	kappa	0.1941751917663336				outputs_round8/figures/fig3_source_data.tsv
B_power	Se0.8_Sp0.99		kappa	0.2185227746534733				outputs_round8/figures/fig3_source_data.tsv
B_power_n	Se0.8_Sp0.99	35	kappa	0.2185227746534733				outputs_round8/figures/fig3_source_data.tsv
B_power	Se0.8_Sp0.99		kappa	0.2412059012187304				outputs_round8/figures/fig3_source_data.tsv
B_power_n	Se0.8_Sp0.99	40	kappa	0.2412059012187304				outputs_round8/figures/fig3_source_data.tsv
B_power	Se0.8_Sp0.99		kappa	0.262389439793398				outputs_round8/figures/fig3_source_data.tsv
B_power_n	Se0.8_Sp0.99	45	kappa	0.262389439793398				outputs_round8/figures/fig3_source_data.tsv
B_power	Se0.8_Sp0.99		kappa	0.2822171805449964				outputs_round8/figures/fig3_source_data.tsv
B_power_n	Se0.8_Sp0.99	50	kappa	0.2822171805449964				outputs_round8/figures/fig3_source_data.tsv
B_power	Se0.8_Sp0.99		kappa	0.300815099660765				outputs_round8/figures/fig3_source_data.tsv
B_power_n	Se0.8_Sp0.99	55	kappa	0.300815099660765				outputs_round8/figures/fig3_source_data.tsv
B_power	Se0.8_Sp0.99		kappa	0.3182940351609781				outputs_round8/figures/fig3_source_data.tsv
B_power_n	Se0.8_Sp0.99	60	kappa	0.3182940351609781				outputs_round8/figures/fig3_source_data.tsv
B_power	Se0.8_Sp0.99		kappa	0.3347518944630241				outputs_round8/figures/fig3_source_data.tsv
B_power_n	Se0.8_Sp0.99	65	kappa	0.3347518944630241				outputs_round8/figures/fig3_source_data.tsv
B_power	Se0.8_Sp0.99		kappa	0.3502754865842922				outputs_round8/figures/fig3_source_data.tsv
B_power_n	Se0.8_Sp0.99	70	kappa	0.3502754865842922				outputs_round8/figures/fig3_source_data.tsv
B_power	Se0.8_Sp0.99		kappa	0.3649420513934499				outputs_round8/figures/fig3_source_data.tsv
B_power_n	Se0.8_Sp0.99	75	kappa	0.3649420513934499				outputs_round8/figures/fig3_source_data.tsv
B_power	Se0.8_Sp0.99		kappa	0.3788205427840352				outputs_round8/figures/fig3_source_data.tsv
B_power_n	Se0.8_Sp0.99	80	kappa	0.3788205427840352				outputs_round8/figures/fig3_source_data.tsv
B_power	Se0.8_Sp0.99		kappa	0.391972710760643				outputs_round8/figures/fig3_source_data.tsv
B_power_n	Se0.8_Sp0.99	85	kappa	0.391972710760643				outputs_round8/figures/fig3_source_data.tsv
B_power	Se0.8_Sp0.99		kappa	0.4044540182666137				outputs_round8/figures/fig3_source_data.tsv
B_power_n	Se0.8_Sp0.99	90	kappa	0.4044540182666137				outputs_round8/figures/fig3_source_data.tsv
B_power	Se0.8_Sp0.99		kappa	0.4163144214673958				outputs_round8/figures/fig3_source_data.tsv
B_power_n	Se0.8_Sp0.99	95	kappa	0.4163144214673958				outputs_round8/figures/fig3_source_data.tsv
B_power	Se0.8_Sp0.99		kappa	0.427599036639975				outputs_round8/figures/fig3_source_data.tsv
B_power_n	Se0.8_Sp0.99	100	kappa	0.427599036639975				outputs_round8/figures/fig3_source_data.tsv
B_power	Se0.8_Sp0.99		kappa	0.4383487124390561				outputs_round8/figures/fig3_source_data.tsv
B_power_n	Se0.8_Sp0.99	105	kappa	0.4383487124390561				outputs_round8/figures/fig3_source_data.tsv
B_power	Se0.8_Sp0.99		kappa	0.4486005228416513				outputs_round8/figures/fig3_source_data.tsv
B_power_n	Se0.8_Sp0.99	110	kappa	0.4486005228416513				outputs_round8/figures/fig3_source_data.tsv
B_power	Se0.8_Sp0.99		kappa	0.4583881933076243				outputs_round8/figures/fig3_source_data.tsv
B_power_n	Se0.8_Sp0.99	115	kappa	0.4583881933076243				outputs_round8/figures/fig3_source_data.tsv
B_power	Se0.8_Sp0.99		kappa	0.4677424704789703				outputs_round8/figures/fig3_source_data.tsv
B_power_n	Se0.8_Sp0.99	120	kappa	0.4677424704789703				outputs_round8/figures/fig3_source_data.tsv
B_power	Se0.8_Sp0.99		kappa	0.4766914439564933				outputs_round8/figures/fig3_source_data.tsv
B_power_n	Se0.8_Sp0.99	125	kappa	0.4766914439564933				outputs_round8/figures/fig3_source_data.tsv
B_power	Se0.8_Sp0.99		kappa	0.4852608272479515				outputs_round8/figures/fig3_source_data.tsv
B_power_n	Se0.8_Sp0.99	130	kappa	0.4852608272479515				outputs_round8/figures/fig3_source_data.tsv
B_power	Se0.8_Sp0.99		kappa	0.493474203806448				outputs_round8/figures/fig3_source_data.tsv
B_power_n	Se0.8_Sp0.99	135	kappa	0.493474203806448				outputs_round8/figures/fig3_source_data.tsv
B_power	Se0.8_Sp0.99		kappa	0.5013532431171257				outputs_round8/figures/fig3_source_data.tsv
B_power_n	Se0.8_Sp0.99	140	kappa	0.5013532431171257				outputs_round8/figures/fig3_source_data.tsv
B_power	Se0.8_Sp0.99		kappa	0.5089178910014676				outputs_round8/figures/fig3_source_data.tsv
B_power_n	Se0.8_Sp0.99	145	kappa	0.5089178910014676				outputs_round8/figures/fig3_source_data.tsv
B_power	Se0.8_Sp0.99		kappa	0.5161865376581626				outputs_round8/figures/fig3_source_data.tsv
B_power_n	Se0.8_Sp0.99	150	kappa	0.5161865376581626				outputs_round8/figures/fig3_source_data.tsv
B_power	Se0.8_Sp0.99		kappa	0.52317616642108				outputs_round8/figures/fig3_source_data.tsv
B_power_n	Se0.8_Sp0.99	155	kappa	0.52317616642108				outputs_round8/figures/fig3_source_data.tsv
B_power	Se0.8_Sp0.99		kappa	0.5299024857674313				outputs_round8/figures/fig3_source_data.tsv
B_power_n	Se0.8_Sp0.99	160	kappa	0.5299024857674313				outputs_round8/figures/fig3_source_data.tsv
B_power	Se0.8_Sp0.99		kappa	0.5363800467359151				outputs_round8/figures/fig3_source_data.tsv
B_power_n	Se0.8_Sp0.99	165	kappa	0.5363800467359151				outputs_round8/figures/fig3_source_data.tsv
B_power	Se0.8_Sp0.99		kappa	0.5426223476021098				outputs_round8/figures/fig3_source_data.tsv
B_power_n	Se0.8_Sp0.99	170	kappa	0.5426223476021098				outputs_round8/figures/fig3_source_data.tsv
B_power	Se0.8_Sp0.99		kappa	0.5486419273958403				outputs_round8/figures/fig3_source_data.tsv
B_power_n	Se0.8_Sp0.99	175	kappa	0.5486419273958403				outputs_round8/figures/fig3_source_data.tsv
B_power	Se0.8_Sp0.99		kappa	0.5544504496239345				outputs_round8/figures/fig3_source_data.tsv
B_power_n	Se0.8_Sp0.99	180	kappa	0.5544504496239345				outputs_round8/figures/fig3_source_data.tsv
B_power	Se0.8_Sp0.99		kappa	0.5600587773746556				outputs_round8/figures/fig3_source_data.tsv
B_power_n	Se0.8_Sp0.99	185	kappa	0.5600587773746556				outputs_round8/figures/fig3_source_data.tsv
B_power	Se0.8_Sp0.99		kappa	0.5654770408213742				outputs_round8/figures/fig3_source_data.tsv
B_power_n	Se0.8_Sp0.99	190	kappa	0.5654770408213742				outputs_round8/figures/fig3_source_data.tsv
B_power	Se0.8_Sp0.99		kappa	0.5707146980080134				outputs_round8/figures/fig3_source_data.tsv
B_power_n	Se0.8_Sp0.99	195	kappa	0.5707146980080134				outputs_round8/figures/fig3_source_data.tsv
B_power	Se0.8_Sp0.99		kappa	0.5757805896835994				outputs_round8/figures/fig3_source_data.tsv
B_power_n	Se0.8_Sp0.99	200	kappa	0.5757805896835994				outputs_round8/figures/fig3_source_data.tsv
B_power	Se0.8_Sp0.99		kappa	0.6185826817247014				outputs_round8/figures/fig3_source_data.tsv
B_power_n	Se0.8_Sp0.99	250	kappa	0.6185826817247014				outputs_round8/figures/fig3_source_data.tsv
B_power	Se0.8_Sp0.99		kappa	0.6507901528848049				outputs_round8/figures/fig3_source_data.tsv
B_power_n	Se0.8_Sp0.99	300	kappa	0.6507901528848049				outputs_round8/figures/fig3_source_data.tsv
B_power	Se0.8_Sp0.99		kappa	0.6758848026572386				outputs_round8/figures/fig3_source_data.tsv
B_power_n	Se0.8_Sp0.99	350	kappa	0.6758848026572386				outputs_round8/figures/fig3_source_data.tsv
B_power	Se0.8_Sp0.99		kappa	0.695973407760018				outputs_round8/figures/fig3_source_data.tsv
B_power_n	Se0.8_Sp0.99	400	kappa	0.695973407760018				outputs_round8/figures/fig3_source_data.tsv
B_power	Se0.8_Sp0.99		kappa	0.7124055042206167				outputs_round8/figures/fig3_source_data.tsv
B_power_n	Se0.8_Sp0.99	450	kappa	0.7124055042206167				outputs_round8/figures/fig3_source_data.tsv
B_power	Se0.8_Sp0.99		kappa	0.7260855562189177				outputs_round8/figures/fig3_source_data.tsv
B_power_n	Se0.8_Sp0.99	500	kappa	0.7260855562189177				outputs_round8/figures/fig3_source_data.tsv
B_power	Se0.8_Sp0.99		kappa	0.7376424594335345				outputs_round8/figures/fig3_source_data.tsv
B_power_n	Se0.8_Sp0.99	550	kappa	0.7376424594335345				outputs_round8/figures/fig3_source_data.tsv
B_power	Se0.8_Sp0.99		kappa	0.7475270618420073				outputs_round8/figures/fig3_source_data.tsv
B_power_n	Se0.8_Sp0.99	600	kappa	0.7475270618420073				outputs_round8/figures/fig3_source_data.tsv
B_power	Se0.8_Sp0.99		kappa	0.7560710080549806				outputs_round8/figures/fig3_source_data.tsv
B_power_n	Se0.8_Sp0.99	650	kappa	0.7560710080549806				outputs_round8/figures/fig3_source_data.tsv
B_power	Se0.8_Sp0.99		kappa	0.763523693112368				outputs_round8/figures/fig3_source_data.tsv
B_power_n	Se0.8_Sp0.99	700	kappa	0.763523693112368				outputs_round8/figures/fig3_source_data.tsv
B_power	Se0.8_Sp0.99		kappa	0.7700762717637744				outputs_round8/figures/fig3_source_data.tsv
B_power_n	Se0.8_Sp0.99	750	kappa	0.7700762717637744				outputs_round8/figures/fig3_source_data.tsv
B_power	Se0.8_Sp0.99		kappa	0.7758777214730205				outputs_round8/figures/fig3_source_data.tsv
B_power_n	Se0.8_Sp0.99	800	kappa	0.7758777214730205				outputs_round8/figures/fig3_source_data.tsv
B_power	Se0.8_Sp0.99		kappa	0.7810458670244694				outputs_round8/figures/fig3_source_data.tsv
B_power_n	Se0.8_Sp0.99	850	kappa	0.7810458670244694				outputs_round8/figures/fig3_source_data.tsv
B_power	Se0.8_Sp0.99		kappa	0.7856751188950089				outputs_round8/figures/fig3_source_data.tsv
B_power_n	Se0.8_Sp0.99	900	kappa	0.7856751188950089				outputs_round8/figures/fig3_source_data.tsv
B_power	Se0.8_Sp0.99		kappa	0.7898420141305215				outputs_round8/figures/fig3_source_data.tsv
B_power_n	Se0.8_Sp0.99	950	kappa	0.7898420141305215				outputs_round8/figures/fig3_source_data.tsv
B_power	Se0.8_Sp0.99		kappa	0.7936092548632941				outputs_round8/figures/fig3_source_data.tsv
B_power_n	Se0.8_Sp0.99	1000	kappa	0.7936092548632941				outputs_round8/figures/fig3_source_data.tsv
B_power	Se0.8_Sp0.99		kappa	0.7970286991656816				outputs_round8/figures/fig3_source_data.tsv
B_power_n	Se0.8_Sp0.99	1050	kappa	0.7970286991656816				outputs_round8/figures/fig3_source_data.tsv
B_power	Se0.8_Sp0.99		kappa	0.8001436081787023				outputs_round8/figures/fig3_source_data.tsv
B_power_n	Se0.8_Sp0.99	1100	kappa	0.8001436081787023				outputs_round8/figures/fig3_source_data.tsv
B_power	Se0.8_Sp0.99		kappa	0.8029903566920057				outputs_round8/figures/fig3_source_data.tsv
B_power_n	Se0.8_Sp0.99	1150	kappa	0.8029903566920057				outputs_round8/figures/fig3_source_data.tsv
B_power	Se0.8_Sp0.99		kappa	0.8055997509190572				outputs_round8/figures/fig3_source_data.tsv
B_power_n	Se0.8_Sp0.99	1200	kappa	0.8055997509190572				outputs_round8/figures/fig3_source_data.tsv
B_power	Se0.8_Sp0.99		kappa	0.8079980548226809				outputs_round8/figures/fig3_source_data.tsv
B_power_n	Se0.8_Sp0.99	1250	kappa	0.8079980548226809				outputs_round8/figures/fig3_source_data.tsv
B_power	Se0.8_Sp0.99		kappa	0.8102077975199803				outputs_round8/figures/fig3_source_data.tsv
B_power_n	Se0.8_Sp0.99	1300	kappa	0.8102077975199803				outputs_round8/figures/fig3_source_data.tsv
B_power	Se0.8_Sp0.99		kappa	0.8122484143760678				outputs_round8/figures/fig3_source_data.tsv
B_power_n	Se0.8_Sp0.99	1350	kappa	0.8122484143760678				outputs_round8/figures/fig3_source_data.tsv
B_power	Se0.8_Sp0.99		kappa	0.8141367604267701				outputs_round8/figures/fig3_source_data.tsv
B_power_n	Se0.8_Sp0.99	1400	kappa	0.8141367604267701				outputs_round8/figures/fig3_source_data.tsv
B_power	Se0.8_Sp0.99		kappa	0.8158875248400624				outputs_round8/figures/fig3_source_data.tsv
B_power_n	Se0.8_Sp0.99	1450	kappa	0.8158875248400624				outputs_round8/figures/fig3_source_data.tsv
B_power	Se0.8_Sp0.99		kappa	0.8175135679772836				outputs_round8/figures/fig3_source_data.tsv
B_power_n	Se0.8_Sp0.99	1500	kappa	0.8175135679772836				outputs_round8/figures/fig3_source_data.tsv
B_power	Se0.8_Sp0.99		kappa	0.8190261974085804				outputs_round8/figures/fig3_source_data.tsv
B_power_n	Se0.8_Sp0.99	1550	kappa	0.8190261974085804				outputs_round8/figures/fig3_source_data.tsv
B_power	Se0.8_Sp0.99		kappa	0.8204353954034324				outputs_round8/figures/fig3_source_data.tsv
B_power_n	Se0.8_Sp0.99	1600	kappa	0.8204353954034324				outputs_round8/figures/fig3_source_data.tsv
B_power	Se0.8_Sp0.99		kappa	0.8217500075656796				outputs_round8/figures/fig3_source_data.tsv
B_power_n	Se0.8_Sp0.99	1650	kappa	0.8217500075656796				outputs_round8/figures/fig3_source_data.tsv
B_power	Se0.8_Sp0.99		kappa	0.8229779001413795				outputs_round8/figures/fig3_source_data.tsv
B_power_n	Se0.8_Sp0.99	1700	kappa	0.8229779001413795				outputs_round8/figures/fig3_source_data.tsv
B_power	Se0.8_Sp0.99		kappa	0.8241260919057071				outputs_round8/figures/fig3_source_data.tsv
B_power_n	Se0.8_Sp0.99	1750	kappa	0.8241260919057071				outputs_round8/figures/fig3_source_data.tsv
B_power	Se0.8_Sp0.99		kappa	0.8252008652958995				outputs_round8/figures/fig3_source_data.tsv
B_power_n	Se0.8_Sp0.99	1800	kappa	0.8252008652958995				outputs_round8/figures/fig3_source_data.tsv
B_power	Se0.8_Sp0.99		kappa	0.8262078605030625				outputs_round8/figures/fig3_source_data.tsv
B_power_n	Se0.8_Sp0.99	1850	kappa	0.8262078605030625				outputs_round8/figures/fig3_source_data.tsv
B_power	Se0.8_Sp0.99		kappa	0.827152155495473				outputs_round8/figures/fig3_source_data.tsv
B_power_n	Se0.8_Sp0.99	1900	kappa	0.827152155495473				outputs_round8/figures/fig3_source_data.tsv
B_power	Se0.8_Sp0.99		kappa	0.8280383343678006				outputs_round8/figures/fig3_source_data.tsv
B_power_n	Se0.8_Sp0.99	1950	kappa	0.8280383343678006				outputs_round8/figures/fig3_source_data.tsv
B_power	Se0.8_Sp0.99		kappa	0.8288705459559829				outputs_round8/figures/fig3_source_data.tsv
B_power_n	Se0.8_Sp0.99	2000	kappa	0.8288705459559829				outputs_round8/figures/fig3_source_data.tsv
B_power	Se0.8_Sp0.99		kappa	0.8349095755895566				outputs_round8/figures/fig3_source_data.tsv
B_power_n	Se0.8_Sp0.99	2500	kappa	0.8349095755895566				outputs_round8/figures/fig3_source_data.tsv
B_power	Se0.8_Sp0.99		kappa	0.8382055037495303				outputs_round8/figures/fig3_source_data.tsv
B_power_n	Se0.8_Sp0.99	3000	kappa	0.8382055037495303				outputs_round8/figures/fig3_source_data.tsv
B_power	Se0.8_Sp0.99		kappa	0.8399051901512832				outputs_round8/figures/fig3_source_data.tsv
B_power_n	Se0.8_Sp0.99	3500	kappa	0.8399051901512832				outputs_round8/figures/fig3_source_data.tsv
B_power	Se0.8_Sp0.99		kappa	0.8405968675896754				outputs_round8/figures/fig3_source_data.tsv
B_power_n	Se0.8_Sp0.99	4000	kappa	0.8405968675896754				outputs_round8/figures/fig3_source_data.tsv
B_power	Se0.8_Sp0.99		kappa	0.8406133201578398				outputs_round8/figures/fig3_source_data.tsv
B_power_n	Se0.8_Sp0.99	4500	kappa	0.8406133201578398				outputs_round8/figures/fig3_source_data.tsv
B_power	Se0.8_Sp0.99		kappa	0.8401569460719517				outputs_round8/figures/fig3_source_data.tsv
B_power_n	Se0.8_Sp0.99	5000	kappa	0.8401569460719517				outputs_round8/figures/fig3_source_data.tsv
B_power	Se0.8_Sp0.99		kappa	0.8393578994453931				outputs_round8/figures/fig3_source_data.tsv
B_power_n	Se0.8_Sp0.99	5500	kappa	0.8393578994453931				outputs_round8/figures/fig3_source_data.tsv
B_power	Se0.8_Sp0.99		kappa	0.8383036678720709				outputs_round8/figures/fig3_source_data.tsv
B_power_n	Se0.8_Sp0.99	6000	kappa	0.8383036678720709				outputs_round8/figures/fig3_source_data.tsv
B_power	Se0.8_Sp0.99		kappa	0.8370552187409742				outputs_round8/figures/fig3_source_data.tsv
B_power_n	Se0.8_Sp0.99	6500	kappa	0.8370552187409742				outputs_round8/figures/fig3_source_data.tsv
B_power	Se0.8_Sp0.99		kappa	0.8356563293344622				outputs_round8/figures/fig3_source_data.tsv
B_power_n	Se0.8_Sp0.99	7000	kappa	0.8356563293344622				outputs_round8/figures/fig3_source_data.tsv
B_power	Se0.8_Sp0.99		kappa	0.83413923710169				outputs_round8/figures/fig3_source_data.tsv
B_power_n	Se0.8_Sp0.99	7500	kappa	0.83413923710169				outputs_round8/figures/fig3_source_data.tsv
B_power	Se0.8_Sp0.99		kappa	0.8325281988928558				outputs_round8/figures/fig3_source_data.tsv
B_power_n	Se0.8_Sp0.99	8000	kappa	0.8325281988928558				outputs_round8/figures/fig3_source_data.tsv
B_power	Se0.8_Sp0.99		kappa	0.8308418095223792				outputs_round8/figures/fig3_source_data.tsv
B_power_n	Se0.8_Sp0.99	8500	kappa	0.8308418095223792				outputs_round8/figures/fig3_source_data.tsv
B_power	Se0.8_Sp0.99		kappa	0.8290945565051135				outputs_round8/figures/fig3_source_data.tsv
B_power_n	Se0.8_Sp0.99	9000	kappa	0.8290945565051135				outputs_round8/figures/fig3_source_data.tsv
B_power	Se0.8_Sp0.99		kappa	0.8272978892577164				outputs_round8/figures/fig3_source_data.tsv
B_power_n	Se0.8_Sp0.99	9500	kappa	0.8272978892577164				outputs_round8/figures/fig3_source_data.tsv
B_power	Se0.8_Sp0.99		kappa	0.8254609709127959				outputs_round8/figures/fig3_source_data.tsv
B_power_n	Se0.8_Sp0.99	10000	kappa	0.8254609709127959				outputs_round8/figures/fig3_source_data.tsv
B_power	Se0.8_Sp0.99		kappa	0.8235912174800037				outputs_round8/figures/fig3_source_data.tsv
B_power_n	Se0.8_Sp0.99	10500	kappa	0.8235912174800037				outputs_round8/figures/fig3_source_data.tsv
B_power	Se0.8_Sp0.99		kappa	0.8216946913680699				outputs_round8/figures/fig3_source_data.tsv
B_power_n	Se0.8_Sp0.99	11000	kappa	0.8216946913680699				outputs_round8/figures/fig3_source_data.tsv
B_power	Se0.8_Sp0.99		kappa	0.8197763931863283				outputs_round8/figures/fig3_source_data.tsv
B_power_n	Se0.8_Sp0.99	11500	kappa	0.8197763931863283				outputs_round8/figures/fig3_source_data.tsv
B_power	Se0.8_Sp0.99		kappa	0.8178404812334277				outputs_round8/figures/fig3_source_data.tsv
B_power_n	Se0.8_Sp0.99	12000	kappa	0.8178404812334277				outputs_round8/figures/fig3_source_data.tsv
B_power	Se0.8_Sp0.99		kappa	0.8158904387499658				outputs_round8/figures/fig3_source_data.tsv
B_power_n	Se0.8_Sp0.99	12500	kappa	0.8158904387499658				outputs_round8/figures/fig3_source_data.tsv
B_power	Se0.8_Sp0.99		kappa	0.8139292028844396				outputs_round8/figures/fig3_source_data.tsv
B_power_n	Se0.8_Sp0.99	13000	kappa	0.8139292028844396				outputs_round8/figures/fig3_source_data.tsv
B_power	Se0.8_Sp0.99		kappa	0.8119592652211212				outputs_round8/figures/fig3_source_data.tsv
B_power_n	Se0.8_Sp0.99	13500	kappa	0.8119592652211212				outputs_round8/figures/fig3_source_data.tsv
B_power	Se0.8_Sp0.99		kappa	0.8099827509257811				outputs_round8/figures/fig3_source_data.tsv
B_power_n	Se0.8_Sp0.99	14000	kappa	0.8099827509257811				outputs_round8/figures/fig3_source_data.tsv
B_power	Se0.8_Sp0.99		kappa	0.808001481632918				outputs_round8/figures/fig3_source_data.tsv
B_power_n	Se0.8_Sp0.99	14500	kappa	0.808001481632918				outputs_round8/figures/fig3_source_data.tsv
B_power	Se0.8_Sp0.99		kappa	0.806017025841472				outputs_round8/figures/fig3_source_data.tsv
B_power_n	Se0.8_Sp0.99	15000	kappa	0.806017025841472				outputs_round8/figures/fig3_source_data.tsv
B_power	Se0.8_Sp0.99		kappa	0.8040307396204923				outputs_round8/figures/fig3_source_data.tsv
B_power_n	Se0.8_Sp0.99	15500	kappa	0.8040307396204923				outputs_round8/figures/fig3_source_data.tsv
B_power	Se0.8_Sp0.99		kappa	0.8020437997304901				outputs_round8/figures/fig3_source_data.tsv
B_power_n	Se0.8_Sp0.99	16000	kappa	0.8020437997304901				outputs_round8/figures/fig3_source_data.tsv
B_power	Se0.8_Sp0.99		kappa	0.8000572307590254				outputs_round8/figures/fig3_source_data.tsv
B_power_n	Se0.8_Sp0.99	16500	kappa	0.8000572307590254				outputs_round8/figures/fig3_source_data.tsv
B_power	Se0.8_Sp0.99		kappa	0.7980719274952367				outputs_round8/figures/fig3_source_data.tsv
B_power_n	Se0.8_Sp0.99	17000	kappa	0.7980719274952367				outputs_round8/figures/fig3_source_data.tsv
B_power	Se0.8_Sp0.99		kappa	0.7960886734898311				outputs_round8/figures/fig3_source_data.tsv
B_power_n	Se0.8_Sp0.99	17500	kappa	0.7960886734898311				outputs_round8/figures/fig3_source_data.tsv
B_power	Se0.8_Sp0.99		kappa	0.7941081565379206				outputs_round8/figures/fig3_source_data.tsv
B_power_n	Se0.8_Sp0.99	18000	kappa	0.7941081565379206				outputs_round8/figures/fig3_source_data.tsv
B_power	Se0.8_Sp0.99		kappa	0.7921309816635702				outputs_round8/figures/fig3_source_data.tsv
B_power_n	Se0.8_Sp0.99	18500	kappa	0.7921309816635702				outputs_round8/figures/fig3_source_data.tsv
B_power	Se0.8_Sp0.99		kappa	0.7901576820637531				outputs_round8/figures/fig3_source_data.tsv
B_power_n	Se0.8_Sp0.99	19000	kappa	0.7901576820637531				outputs_round8/figures/fig3_source_data.tsv
B_power	Se0.8_Sp0.99		kappa	0.7881887283759956				outputs_round8/figures/fig3_source_data.tsv
B_power_n	Se0.8_Sp0.99	19500	kappa	0.7881887283759956				outputs_round8/figures/fig3_source_data.tsv
B_power	Se0.8_Sp0.99		kappa	0.7862245365615724				outputs_round8/figures/fig3_source_data.tsv
B_power_n	Se0.8_Sp0.99	20000	kappa	0.7862245365615724				outputs_round8/figures/fig3_source_data.tsv
B_power	Se0.8_Sp0.5		kappa	0.0				outputs_round8/figures/fig3_source_data.tsv
B_power_n	Se0.8_Sp0.5	0	kappa	0.0				outputs_round8/figures/fig3_source_data.tsv
B_power	Se0.8_Sp0.5		kappa	0.0152351445338313				outputs_round8/figures/fig3_source_data.tsv
B_power_n	Se0.8_Sp0.5	5	kappa	0.0152351445338313				outputs_round8/figures/fig3_source_data.tsv
B_power	Se0.8_Sp0.5		kappa	0.0294909100671806				outputs_round8/figures/fig3_source_data.tsv
B_power_n	Se0.8_Sp0.5	10	kappa	0.0294909100671806				outputs_round8/figures/fig3_source_data.tsv
B_power	Se0.8_Sp0.5		kappa	0.0428534345517316				outputs_round8/figures/fig3_source_data.tsv
B_power_n	Se0.8_Sp0.5	15	kappa	0.0428534345517316				outputs_round8/figures/fig3_source_data.tsv
B_power	Se0.8_Sp0.5		kappa	0.0553990828891322				outputs_round8/figures/fig3_source_data.tsv
B_power_n	Se0.8_Sp0.5	20	kappa	0.0553990828891322				outputs_round8/figures/fig3_source_data.tsv
B_power	Se0.8_Sp0.5		kappa	0.0671957943338135				outputs_round8/figures/fig3_source_data.tsv
B_power_n	Se0.8_Sp0.5	25	kappa	0.0671957943338135				outputs_round8/figures/fig3_source_data.tsv
B_power	Se0.8_Sp0.5		kappa	0.0783042129640635				outputs_round8/figures/fig3_source_data.tsv
B_power_n	Se0.8_Sp0.5	30	kappa	0.0783042129640635				outputs_round8/figures/fig3_source_data.tsv
B_power	Se0.8_Sp0.5		kappa	0.0887786409034531				outputs_round8/figures/fig3_source_data.tsv
B_power_n	Se0.8_Sp0.5	35	kappa	0.0887786409034531				outputs_round8/figures/fig3_source_data.tsv
B_power	Se0.8_Sp0.5		kappa	0.0986678458902215				outputs_round8/figures/fig3_source_data.tsv
B_power_n	Se0.8_Sp0.5	40	kappa	0.0986678458902215				outputs_round8/figures/fig3_source_data.tsv
B_power	Se0.8_Sp0.5		kappa	0.1080157485145943				outputs_round8/figures/fig3_source_data.tsv
B_power_n	Se0.8_Sp0.5	45	kappa	0.1080157485145943				outputs_round8/figures/fig3_source_data.tsv
B_power	Se0.8_Sp0.5		kappa	0.1168620095355465				outputs_round8/figures/fig3_source_data.tsv
B_power_n	Se0.8_Sp0.5	50	kappa	0.1168620095355465				outputs_round8/figures/fig3_source_data.tsv
B_power	Se0.8_Sp0.5		kappa	0.1252425338251717				outputs_round8/figures/fig3_source_data.tsv
B_power_n	Se0.8_Sp0.5	55	kappa	0.1252425338251717				outputs_round8/figures/fig3_source_data.tsv
B_power	Se0.8_Sp0.5		kappa	0.1331899044290928				outputs_round8/figures/fig3_source_data.tsv
B_power_n	Se0.8_Sp0.5	60	kappa	0.1331899044290928				outputs_round8/figures/fig3_source_data.tsv
B_power	Se0.8_Sp0.5		kappa	0.1407337577937463				outputs_round8/figures/fig3_source_data.tsv
B_power_n	Se0.8_Sp0.5	65	kappa	0.1407337577937463				outputs_round8/figures/fig3_source_data.tsv
B_power	Se0.8_Sp0.5		kappa	0.1479011092583199				outputs_round8/figures/fig3_source_data.tsv
B_power_n	Se0.8_Sp0.5	70	kappa	0.1479011092583199				outputs_round8/figures/fig3_source_data.tsv
B_power	Se0.8_Sp0.5		kappa	0.1547166363360902				outputs_round8/figures/fig3_source_data.tsv
B_power_n	Se0.8_Sp0.5	75	kappa	0.1547166363360902				outputs_round8/figures/fig3_source_data.tsv
B_power	Se0.8_Sp0.5		kappa	0.1612029260363044				outputs_round8/figures/fig3_source_data.tsv
B_power_n	Se0.8_Sp0.5	80	kappa	0.1612029260363044				outputs_round8/figures/fig3_source_data.tsv
B_power	Se0.8_Sp0.5		kappa	0.1673806914416656				outputs_round8/figures/fig3_source_data.tsv
B_power_n	Se0.8_Sp0.5	85	kappa	0.1673806914416656				outputs_round8/figures/fig3_source_data.tsv
B_power	Se0.8_Sp0.5		kappa	0.1732689619096794				outputs_round8/figures/fig3_source_data.tsv
B_power_n	Se0.8_Sp0.5	90	kappa	0.1732689619096794				outputs_round8/figures/fig3_source_data.tsv
B_power	Se0.8_Sp0.5		kappa	0.1788852505708839				outputs_round8/figures/fig3_source_data.tsv
B_power_n	Se0.8_Sp0.5	95	kappa	0.1788852505708839				outputs_round8/figures/fig3_source_data.tsv
B_power	Se0.8_Sp0.5		kappa	0.1842457022238508				outputs_round8/figures/fig3_source_data.tsv
B_power_n	Se0.8_Sp0.5	100	kappa	0.1842457022238508				outputs_round8/figures/fig3_source_data.tsv
B_power	Se0.8_Sp0.5		kappa	0.1893652242523633				outputs_round8/figures/fig3_source_data.tsv
B_power_n	Se0.8_Sp0.5	105	kappa	0.1893652242523633				outputs_round8/figures/fig3_source_data.tsv
B_power	Se0.8_Sp0.5		kappa	0.1942576027958849				outputs_round8/figures/fig3_source_data.tsv
B_power_n	Se0.8_Sp0.5	110	kappa	0.1942576027958849				outputs_round8/figures/fig3_source_data.tsv
B_power	Se0.8_Sp0.5		kappa	0.1989356060755189				outputs_round8/figures/fig3_source_data.tsv
B_power_n	Se0.8_Sp0.5	115	kappa	0.1989356060755189				outputs_round8/figures/fig3_source_data.tsv
B_power	Se0.8_Sp0.5		kappa	0.2034110765023171				outputs_round8/figures/fig3_source_data.tsv
B_power_n	Se0.8_Sp0.5	120	kappa	0.2034110765023171				outputs_round8/figures/fig3_source_data.tsv
B_power	Se0.8_Sp0.5		kappa	0.2076950129634851				outputs_round8/figures/fig3_source_data.tsv
B_power_n	Se0.8_Sp0.5	125	kappa	0.2076950129634851				outputs_round8/figures/fig3_source_data.tsv
B_power	Se0.8_Sp0.5		kappa	0.211797644487089				outputs_round8/figures/fig3_source_data.tsv
B_power_n	Se0.8_Sp0.5	130	kappa	0.211797644487089				outputs_round8/figures/fig3_source_data.tsv
B_power	Se0.8_Sp0.5		kappa	0.2157284963210169				outputs_round8/figures/fig3_source_data.tsv
B_power_n	Se0.8_Sp0.5	135	kappa	0.2157284963210169				outputs_round8/figures/fig3_source_data.tsv
B_power	Se0.8_Sp0.5		kappa	0.2194964493221434				outputs_round8/figures/fig3_source_data.tsv
B_power_n	Se0.8_Sp0.5	140	kappa	0.2194964493221434				outputs_round8/figures/fig3_source_data.tsv
B_power	Se0.8_Sp0.5		kappa	0.2231097934327213				outputs_round8/figures/fig3_source_data.tsv
B_power_n	Se0.8_Sp0.5	145	kappa	0.2231097934327213				outputs_round8/figures/fig3_source_data.tsv
B_power	Se0.8_Sp0.5		kappa	0.2265762759195536				outputs_round8/figures/fig3_source_data.tsv
B_power_n	Se0.8_Sp0.5	150	kappa	0.2265762759195536				outputs_round8/figures/fig3_source_data.tsv
B_power	Se0.8_Sp0.5		kappa	0.2299031449647141				outputs_round8/figures/fig3_source_data.tsv
B_power_n	Se0.8_Sp0.5	155	kappa	0.2299031449647141				outputs_round8/figures/fig3_source_data.tsv
B_power	Se0.8_Sp0.5		kappa	0.2330971891221309				outputs_round8/figures/fig3_source_data.tsv
B_power_n	Se0.8_Sp0.5	160	kappa	0.2330971891221309				outputs_round8/figures/fig3_source_data.tsv
B_power	Se0.8_Sp0.5		kappa	0.2361647730903261				outputs_round8/figures/fig3_source_data.tsv
B_power_n	Se0.8_Sp0.5	165	kappa	0.2361647730903261				outputs_round8/figures/fig3_source_data.tsv
B_power	Se0.8_Sp0.5		kappa	0.2391118701964133				outputs_round8/figures/fig3_source_data.tsv
B_power_n	Se0.8_Sp0.5	170	kappa	0.2391118701964133				outputs_round8/figures/fig3_source_data.tsv
B_power	Se0.8_Sp0.5		kappa	0.2419440919387547				outputs_round8/figures/fig3_source_data.tsv
B_power_n	Se0.8_Sp0.5	175	kappa	0.2419440919387547				outputs_round8/figures/fig3_source_data.tsv
B_power	Se0.8_Sp0.5		kappa	0.2446667148943626				outputs_round8/figures/fig3_source_data.tsv
B_power_n	Se0.8_Sp0.5	180	kappa	0.2446667148943626				outputs_round8/figures/fig3_source_data.tsv
B_power	Se0.8_Sp0.5		kappa	0.2472847052612586				outputs_round8/figures/fig3_source_data.tsv
B_power_n	Se0.8_Sp0.5	185	kappa	0.2472847052612586				outputs_round8/figures/fig3_source_data.tsv
B_power	Se0.8_Sp0.5		kappa	0.2498027412748114				outputs_round8/figures/fig3_source_data.tsv
B_power_n	Se0.8_Sp0.5	190	kappa	0.2498027412748114				outputs_round8/figures/fig3_source_data.tsv
B_power	Se0.8_Sp0.5		kappa	0.2522252337098312				outputs_round8/figures/fig3_source_data.tsv
B_power_n	Se0.8_Sp0.5	195	kappa	0.2522252337098312				outputs_round8/figures/fig3_source_data.tsv
B_power	Se0.8_Sp0.5		kappa	0.2545563446564559				outputs_round8/figures/fig3_source_data.tsv
B_power_n	Se0.8_Sp0.5	200	kappa	0.2545563446564559				outputs_round8/figures/fig3_source_data.tsv
B_power	Se0.8_Sp0.5		kappa	0.2736099731984854				outputs_round8/figures/fig3_source_data.tsv
B_power_n	Se0.8_Sp0.5	250	kappa	0.2736099731984854				outputs_round8/figures/fig3_source_data.tsv
B_power	Se0.8_Sp0.5		kappa	0.2867753967595184				outputs_round8/figures/fig3_source_data.tsv
B_power_n	Se0.8_Sp0.5	300	kappa	0.2867753967595184				outputs_round8/figures/fig3_source_data.tsv
B_power	Se0.8_Sp0.5		kappa	0.2958837350970323				outputs_round8/figures/fig3_source_data.tsv
B_power_n	Se0.8_Sp0.5	350	kappa	0.2958837350970323				outputs_round8/figures/fig3_source_data.tsv
B_power	Se0.8_Sp0.5		kappa	0.3021020207832652				outputs_round8/figures/fig3_source_data.tsv
B_power_n	Se0.8_Sp0.5	400	kappa	0.3021020207832652				outputs_round8/figures/fig3_source_data.tsv
B_power	Se0.8_Sp0.5		kappa	0.3062074920291228				outputs_round8/figures/fig3_source_data.tsv
B_power_n	Se0.8_Sp0.5	450	kappa	0.3062074920291228				outputs_round8/figures/fig3_source_data.tsv
B_power	Se0.8_Sp0.5		kappa	0.3087364635924473				outputs_round8/figures/fig3_source_data.tsv
B_power_n	Se0.8_Sp0.5	500	kappa	0.3087364635924473				outputs_round8/figures/fig3_source_data.tsv
B_power	Se0.8_Sp0.5		kappa	0.3100699295729887				outputs_round8/figures/fig3_source_data.tsv
B_power_n	Se0.8_Sp0.5	550	kappa	0.3100699295729887				outputs_round8/figures/fig3_source_data.tsv
B_power	Se0.8_Sp0.5		kappa	0.3104851802031632				outputs_round8/figures/fig3_source_data.tsv
B_power_n	Se0.8_Sp0.5	600	kappa	0.3104851802031632				outputs_round8/figures/fig3_source_data.tsv
B_power	Se0.8_Sp0.5		kappa	0.3101881881861812				outputs_round8/figures/fig3_source_data.tsv
B_power_n	Se0.8_Sp0.5	650	kappa	0.3101881881861812				outputs_round8/figures/fig3_source_data.tsv
B_power	Se0.8_Sp0.5		kappa	0.309334627282101				outputs_round8/figures/fig3_source_data.tsv
B_power_n	Se0.8_Sp0.5	700	kappa	0.309334627282101				outputs_round8/figures/fig3_source_data.tsv
B_power	Se0.8_Sp0.5		kappa	0.308043915384852				outputs_round8/figures/fig3_source_data.tsv
B_power_n	Se0.8_Sp0.5	750	kappa	0.308043915384852				outputs_round8/figures/fig3_source_data.tsv
B_power	Se0.8_Sp0.5		kappa	0.3064088369338517				outputs_round8/figures/fig3_source_data.tsv
B_power_n	Se0.8_Sp0.5	800	kappa	0.3064088369338517				outputs_round8/figures/fig3_source_data.tsv
B_power	Se0.8_Sp0.5		kappa	0.3045022837671282				outputs_round8/figures/fig3_source_data.tsv
B_power_n	Se0.8_Sp0.5	850	kappa	0.3045022837671282				outputs_round8/figures/fig3_source_data.tsv
B_power	Se0.8_Sp0.5		kappa	0.3023820705219359				outputs_round8/figures/fig3_source_data.tsv
B_power_n	Se0.8_Sp0.5	900	kappa	0.3023820705219359				outputs_round8/figures/fig3_source_data.tsv
B_power	Se0.8_Sp0.5		kappa	0.3000944348475868				outputs_round8/figures/fig3_source_data.tsv
B_power_n	Se0.8_Sp0.5	950	kappa	0.3000944348475868				outputs_round8/figures/fig3_source_data.tsv
B_power	Se0.8_Sp0.5		kappa	0.2976766214620674				outputs_round8/figures/fig3_source_data.tsv
B_power_n	Se0.8_Sp0.5	1000	kappa	0.2976766214620674				outputs_round8/figures/fig3_source_data.tsv
B_power	Se0.8_Sp0.5		kappa	0.2951588166639337				outputs_round8/figures/fig3_source_data.tsv
B_power_n	Se0.8_Sp0.5	1050	kappa	0.2951588166639337				outputs_round8/figures/fig3_source_data.tsv
B_power	Se0.8_Sp0.5		kappa	0.292565614935374				outputs_round8/figures/fig3_source_data.tsv
B_power_n	Se0.8_Sp0.5	1100	kappa	0.292565614935374				outputs_round8/figures/fig3_source_data.tsv
B_power	Se0.8_Sp0.5		kappa	0.2899171435799559				outputs_round8/figures/fig3_source_data.tsv
B_power_n	Se0.8_Sp0.5	1150	kappa	0.2899171435799559				outputs_round8/figures/fig3_source_data.tsv
B_power	Se0.8_Sp0.5		kappa	0.2872299341328926				outputs_round8/figures/fig3_source_data.tsv
B_power_n	Se0.8_Sp0.5	1200	kappa	0.2872299341328926				outputs_round8/figures/fig3_source_data.tsv
B_power	Se0.8_Sp0.5		kappa	0.2845176039887931				outputs_round8/figures/fig3_source_data.tsv
B_power_n	Se0.8_Sp0.5	1250	kappa	0.2845176039887931				outputs_round8/figures/fig3_source_data.tsv
B_power	Se0.8_Sp0.5		kappa	0.2817913942207566				outputs_round8/figures/fig3_source_data.tsv
B_power_n	Se0.8_Sp0.5	1300	kappa	0.2817913942207566				outputs_round8/figures/fig3_source_data.tsv
B_power	Se0.8_Sp0.5		kappa	0.2790605973182216				outputs_round8/figures/fig3_source_data.tsv
B_power_n	Se0.8_Sp0.5	1350	kappa	0.2790605973182216				outputs_round8/figures/fig3_source_data.tsv
B_power	Se0.8_Sp0.5		kappa	0.276332899869961				outputs_round8/figures/fig3_source_data.tsv
B_power_n	Se0.8_Sp0.5	1400	kappa	0.276332899869961				outputs_round8/figures/fig3_source_data.tsv
B_power	Se0.8_Sp0.5		kappa	0.2736146589588715				outputs_round8/figures/fig3_source_data.tsv
B_power_n	Se0.8_Sp0.5	1450	kappa	0.2736146589588715				outputs_round8/figures/fig3_source_data.tsv
B_power	Se0.8_Sp0.5		kappa	0.2709111264793239				outputs_round8/figures/fig3_source_data.tsv
B_power_n	Se0.8_Sp0.5	1500	kappa	0.2709111264793239				outputs_round8/figures/fig3_source_data.tsv
B_power	Se0.8_Sp0.5		kappa	0.2682266322361296				outputs_round8/figures/fig3_source_data.tsv
B_power_n	Se0.8_Sp0.5	1550	kappa	0.2682266322361296				outputs_round8/figures/fig3_source_data.tsv
B_power	Se0.8_Sp0.5		kappa	0.2655647341935052				outputs_round8/figures/fig3_source_data.tsv
B_power_n	Se0.8_Sp0.5	1600	kappa	0.2655647341935052				outputs_round8/figures/fig3_source_data.tsv
B_power	Se0.8_Sp0.5		kappa	0.2629283423741687				outputs_round8/figures/fig3_source_data.tsv
B_power_n	Se0.8_Sp0.5	1650	kappa	0.2629283423741687				outputs_round8/figures/fig3_source_data.tsv
B_power	Se0.8_Sp0.5		kappa	0.2603198214949794				outputs_round8/figures/fig3_source_data.tsv
B_power_n	Se0.8_Sp0.5	1700	kappa	0.2603198214949794				outputs_round8/figures/fig3_source_data.tsv
B_power	Se0.8_Sp0.5		kappa	0.25774107634695				outputs_round8/figures/fig3_source_data.tsv
B_power_n	Se0.8_Sp0.5	1750	kappa	0.25774107634695				outputs_round8/figures/fig3_source_data.tsv
B_power	Se0.8_Sp0.5		kappa	0.2551936230981601				outputs_round8/figures/fig3_source_data.tsv
B_power_n	Se0.8_Sp0.5	1800	kappa	0.2551936230981601				outputs_round8/figures/fig3_source_data.tsv
B_power	Se0.8_Sp0.5		kappa	0.2526786490558698				outputs_round8/figures/fig3_source_data.tsv
B_power_n	Se0.8_Sp0.5	1850	kappa	0.2526786490558698				outputs_round8/figures/fig3_source_data.tsv
B_power	Se0.8_Sp0.5		kappa	0.2501970629232889				outputs_round8/figures/fig3_source_data.tsv
B_power_n	Se0.8_Sp0.5	1900	kappa	0.2501970629232889				outputs_round8/figures/fig3_source_data.tsv
B_power	Se0.8_Sp0.5		kappa	0.2477495371934371				outputs_round8/figures/fig3_source_data.tsv
B_power_n	Se0.8_Sp0.5	1950	kappa	0.2477495371934371				outputs_round8/figures/fig3_source_data.tsv
B_power	Se0.8_Sp0.5		kappa	0.245336544012139				outputs_round8/figures/fig3_source_data.tsv
B_power_n	Se0.8_Sp0.5	2000	kappa	0.245336544012139				outputs_round8/figures/fig3_source_data.tsv
B_power	Se0.8_Sp0.5		kappa	0.2231159080267478				outputs_round8/figures/fig3_source_data.tsv
B_power_n	Se0.8_Sp0.5	2500	kappa	0.2231159080267478				outputs_round8/figures/fig3_source_data.tsv
B_power	Se0.8_Sp0.5		kappa	0.204144339769376				outputs_round8/figures/fig3_source_data.tsv
B_power_n	Se0.8_Sp0.5	3000	kappa	0.204144339769376				outputs_round8/figures/fig3_source_data.tsv
B_power	Se0.8_Sp0.5		kappa	0.1879325211700457				outputs_round8/figures/fig3_source_data.tsv
B_power_n	Se0.8_Sp0.5	3500	kappa	0.1879325211700457				outputs_round8/figures/fig3_source_data.tsv
B_power	Se0.8_Sp0.5		kappa	0.1739917010344952				outputs_round8/figures/fig3_source_data.tsv
B_power_n	Se0.8_Sp0.5	4000	kappa	0.1739917010344952				outputs_round8/figures/fig3_source_data.tsv
B_power	Se0.8_Sp0.5		kappa	0.1619102608977498				outputs_round8/figures/fig3_source_data.tsv
B_power_n	Se0.8_Sp0.5	4500	kappa	0.1619102608977498				outputs_round8/figures/fig3_source_data.tsv
B_power	Se0.8_Sp0.5		kappa	0.1513572805141364				outputs_round8/figures/fig3_source_data.tsv
B_power_n	Se0.8_Sp0.5	5000	kappa	0.1513572805141364				outputs_round8/figures/fig3_source_data.tsv
B_power	Se0.8_Sp0.5		kappa	0.1420698847804913				outputs_round8/figures/fig3_source_data.tsv
B_power_n	Se0.8_Sp0.5	5500	kappa	0.1420698847804913				outputs_round8/figures/fig3_source_data.tsv
B_power	Se0.8_Sp0.5		kappa	0.1338391311128617				outputs_round8/figures/fig3_source_data.tsv
B_power_n	Se0.8_Sp0.5	6000	kappa	0.1338391311128617				outputs_round8/figures/fig3_source_data.tsv
B_power	Se0.8_Sp0.5		kappa	0.126498003751929				outputs_round8/figures/fig3_source_data.tsv
B_power_n	Se0.8_Sp0.5	6500	kappa	0.126498003751929				outputs_round8/figures/fig3_source_data.tsv
B_power	Se0.8_Sp0.5		kappa	0.1199119705063577				outputs_round8/figures/fig3_source_data.tsv
B_power_n	Se0.8_Sp0.5	7000	kappa	0.1199119705063577				outputs_round8/figures/fig3_source_data.tsv
B_power	Se0.8_Sp0.5		kappa	0.1139717536492139				outputs_round8/figures/fig3_source_data.tsv
B_power_n	Se0.8_Sp0.5	7500	kappa	0.1139717536492139				outputs_round8/figures/fig3_source_data.tsv
B_power	Se0.8_Sp0.5		kappa	0.1085878379796459				outputs_round8/figures/fig3_source_data.tsv
B_power_n	Se0.8_Sp0.5	8000	kappa	0.1085878379796459				outputs_round8/figures/fig3_source_data.tsv
B_power	Se0.8_Sp0.5		kappa	0.1036862946468249				outputs_round8/figures/fig3_source_data.tsv
B_power_n	Se0.8_Sp0.5	8500	kappa	0.1036862946468249				outputs_round8/figures/fig3_source_data.tsv
B_power	Se0.8_Sp0.5		kappa	0.0992055895510611				outputs_round8/figures/fig3_source_data.tsv
B_power_n	Se0.8_Sp0.5	9000	kappa	0.0992055895510611				outputs_round8/figures/fig3_source_data.tsv
B_power	Se0.8_Sp0.5		kappa	0.0950941272037255				outputs_round8/figures/fig3_source_data.tsv
B_power_n	Se0.8_Sp0.5	9500	kappa	0.0950941272037255				outputs_round8/figures/fig3_source_data.tsv
B_power	Se0.8_Sp0.5		kappa	0.091308345777186				outputs_round8/figures/fig3_source_data.tsv
B_power_n	Se0.8_Sp0.5	10000	kappa	0.091308345777186				outputs_round8/figures/fig3_source_data.tsv
B_power	Se0.8_Sp0.5		kappa	0.0878112276698347				outputs_round8/figures/fig3_source_data.tsv
B_power_n	Se0.8_Sp0.5	10500	kappa	0.0878112276698347				outputs_round8/figures/fig3_source_data.tsv
B_power	Se0.8_Sp0.5		kappa	0.0845711255441239				outputs_round8/figures/fig3_source_data.tsv
B_power_n	Se0.8_Sp0.5	11000	kappa	0.0845711255441239				outputs_round8/figures/fig3_source_data.tsv
B_power	Se0.8_Sp0.5		kappa	0.0815608297276281				outputs_round8/figures/fig3_source_data.tsv
B_power_n	Se0.8_Sp0.5	11500	kappa	0.0815608297276281				outputs_round8/figures/fig3_source_data.tsv
B_power	Se0.8_Sp0.5		kappa	0.0787568217305881				outputs_round8/figures/fig3_source_data.tsv
B_power_n	Se0.8_Sp0.5	12000	kappa	0.0787568217305881				outputs_round8/figures/fig3_source_data.tsv
B_power	Se0.8_Sp0.5		kappa	0.0761386724005529				outputs_round8/figures/fig3_source_data.tsv
B_power_n	Se0.8_Sp0.5	12500	kappa	0.0761386724005529				outputs_round8/figures/fig3_source_data.tsv
B_power	Se0.8_Sp0.5		kappa	0.0736885533366673				outputs_round8/figures/fig3_source_data.tsv
B_power_n	Se0.8_Sp0.5	13000	kappa	0.0736885533366673				outputs_round8/figures/fig3_source_data.tsv
B_power	Se0.8_Sp0.5		kappa	0.0713908376470145				outputs_round8/figures/fig3_source_data.tsv
B_power_n	Se0.8_Sp0.5	13500	kappa	0.0713908376470145				outputs_round8/figures/fig3_source_data.tsv
B_power	Se0.8_Sp0.5		kappa	0.069231771681762				outputs_round8/figures/fig3_source_data.tsv
B_power_n	Se0.8_Sp0.5	14000	kappa	0.069231771681762				outputs_round8/figures/fig3_source_data.tsv
B_power	Se0.8_Sp0.5		kappa	0.0671992035326856				outputs_round8/figures/fig3_source_data.tsv
B_power_n	Se0.8_Sp0.5	14500	kappa	0.0671992035326856				outputs_round8/figures/fig3_source_data.tsv
B_power	Se0.8_Sp0.5		kappa	0.0652823572277895				outputs_round8/figures/fig3_source_data.tsv
B_power_n	Se0.8_Sp0.5	15000	kappa	0.0652823572277895				outputs_round8/figures/fig3_source_data.tsv
B_power	Se0.8_Sp0.5		kappa	0.0634716439355366				outputs_round8/figures/fig3_source_data.tsv
B_power_n	Se0.8_Sp0.5	15500	kappa	0.0634716439355366				outputs_round8/figures/fig3_source_data.tsv
B_power	Se0.8_Sp0.5		kappa	0.0617585033198656				outputs_round8/figures/fig3_source_data.tsv
B_power_n	Se0.8_Sp0.5	16000	kappa	0.0617585033198656				outputs_round8/figures/fig3_source_data.tsv
B_power	Se0.8_Sp0.5		kappa	0.0601352695954332				outputs_round8/figures/fig3_source_data.tsv
B_power_n	Se0.8_Sp0.5	16500	kappa	0.0601352695954332				outputs_round8/figures/fig3_source_data.tsv
B_power	Se0.8_Sp0.5		kappa	0.0585950579254002				outputs_round8/figures/fig3_source_data.tsv
B_power_n	Se0.8_Sp0.5	17000	kappa	0.0585950579254002				outputs_round8/figures/fig3_source_data.tsv
B_power	Se0.8_Sp0.5		kappa	0.0571316676576958				outputs_round8/figures/fig3_source_data.tsv
B_power_n	Se0.8_Sp0.5	17500	kappa	0.0571316676576958				outputs_round8/figures/fig3_source_data.tsv
B_power	Se0.8_Sp0.5		kappa	0.0557394995665053				outputs_round8/figures/fig3_source_data.tsv
B_power_n	Se0.8_Sp0.5	18000	kappa	0.0557394995665053				outputs_round8/figures/fig3_source_data.tsv
B_power	Se0.8_Sp0.5		kappa	0.054413484796022				outputs_round8/figures/fig3_source_data.tsv
B_power_n	Se0.8_Sp0.5	18500	kappa	0.054413484796022				outputs_round8/figures/fig3_source_data.tsv
B_power	Se0.8_Sp0.5		kappa	0.0531490236250896				outputs_round8/figures/fig3_source_data.tsv
B_power_n	Se0.8_Sp0.5	19000	kappa	0.0531490236250896				outputs_round8/figures/fig3_source_data.tsv
B_power	Se0.8_Sp0.5		kappa	0.0519419325083475				outputs_round8/figures/fig3_source_data.tsv
B_power_n	Se0.8_Sp0.5	19500	kappa	0.0519419325083475				outputs_round8/figures/fig3_source_data.tsv
B_power	Se0.8_Sp0.5		kappa	0.0507883981202661				outputs_round8/figures/fig3_source_data.tsv
B_power_n	Se0.8_Sp0.5	20000	kappa	0.0507883981202661				outputs_round8/figures/fig3_source_data.tsv
B_power	Se0.9_Sp0.6		kappa	0.0				outputs_round8/figures/fig3_source_data.tsv
B_power_n	Se0.9_Sp0.6	0	kappa	0.0				outputs_round8/figures/fig3_source_data.tsv
B_power	Se0.9_Sp0.6		kappa	0.0486805126589788				outputs_round8/figures/fig3_source_data.tsv
B_power_n	Se0.9_Sp0.6	5	kappa	0.0486805126589788				outputs_round8/figures/fig3_source_data.tsv
B_power	Se0.9_Sp0.6		kappa	0.0907095161142788				outputs_round8/figures/fig3_source_data.tsv
B_power_n	Se0.9_Sp0.6	10	kappa	0.0907095161142788				outputs_round8/figures/fig3_source_data.tsv
B_power	Se0.9_Sp0.6		kappa	0.1273403697507766				outputs_round8/figures/fig3_source_data.tsv
B_power_n	Se0.9_Sp0.6	15	kappa	0.1273403697507766				outputs_round8/figures/fig3_source_data.tsv
B_power	Se0.9_Sp0.6		kappa	0.1595302571252379				outputs_round8/figures/fig3_source_data.tsv
B_power_n	Se0.9_Sp0.6	20	kappa	0.1595302571252379				outputs_round8/figures/fig3_source_data.tsv
B_power	Se0.9_Sp0.6		kappa	0.1880227902582067				outputs_round8/figures/fig3_source_data.tsv
B_power_n	Se0.9_Sp0.6	25	kappa	0.1880227902582067				outputs_round8/figures/fig3_source_data.tsv
B_power	Se0.9_Sp0.6		kappa	0.2134044282913303				outputs_round8/figures/fig3_source_data.tsv
B_power_n	Se0.9_Sp0.6	30	kappa	0.2134044282913303				outputs_round8/figures/fig3_source_data.tsv
B_power	Se0.9_Sp0.6		kappa	0.2361439088762326				outputs_round8/figures/fig3_source_data.tsv
B_power_n	Se0.9_Sp0.6	35	kappa	0.2361439088762326				outputs_round8/figures/fig3_source_data.tsv
B_power	Se0.9_Sp0.6		kappa	0.2566203743638399				outputs_round8/figures/fig3_source_data.tsv
B_power_n	Se0.9_Sp0.6	40	kappa	0.2566203743638399				outputs_round8/figures/fig3_source_data.tsv
B_power	Se0.9_Sp0.6		kappa	0.2751438018142531				outputs_round8/figures/fig3_source_data.tsv
B_power_n	Se0.9_Sp0.6	45	kappa	0.2751438018142531				outputs_round8/figures/fig3_source_data.tsv
B_power	Se0.9_Sp0.6		kappa	0.2919700865605433				outputs_round8/figures/fig3_source_data.tsv
B_power_n	Se0.9_Sp0.6	50	kappa	0.2919700865605433				outputs_round8/figures/fig3_source_data.tsv
B_power	Se0.9_Sp0.6		kappa	0.3073123434385644				outputs_round8/figures/fig3_source_data.tsv
B_power_n	Se0.9_Sp0.6	55	kappa	0.3073123434385644				outputs_round8/figures/fig3_source_data.tsv
B_power	Se0.9_Sp0.6		kappa	0.3213494878211237				outputs_round8/figures/fig3_source_data.tsv
B_power_n	Se0.9_Sp0.6	60	kappa	0.3213494878211237				outputs_round8/figures/fig3_source_data.tsv
B_power	Se0.9_Sp0.6		kappa	0.3342328308678171				outputs_round8/figures/fig3_source_data.tsv
B_power_n	Se0.9_Sp0.6	65	kappa	0.3342328308678171				outputs_round8/figures/fig3_source_data.tsv
B_power	Se0.9_Sp0.6		kappa	0.3460912052117265				outputs_round8/figures/fig3_source_data.tsv
B_power_n	Se0.9_Sp0.6	70	kappa	0.3460912052117265				outputs_round8/figures/fig3_source_data.tsv
B_power	Se0.9_Sp0.6		kappa	0.3570349894289639				outputs_round8/figures/fig3_source_data.tsv
B_power_n	Se0.9_Sp0.6	75	kappa	0.3570349894289639				outputs_round8/figures/fig3_source_data.tsv
B_power	Se0.9_Sp0.6		kappa	0.3671592977692763				outputs_round8/figures/fig3_source_data.tsv
B_power_n	Se0.9_Sp0.6	80	kappa	0.3671592977692763				outputs_round8/figures/fig3_source_data.tsv
B_power	Se0.9_Sp0.6		kappa	0.3765465303926848				outputs_round8/figures/fig3_source_data.tsv
B_power_n	Se0.9_Sp0.6	85	kappa	0.3765465303926848				outputs_round8/figures/fig3_source_data.tsv
B_power	Se0.9_Sp0.6		kappa	0.3852684288530442				outputs_round8/figures/fig3_source_data.tsv
B_power_n	Se0.9_Sp0.6	90	kappa	0.3852684288530442				outputs_round8/figures/fig3_source_data.tsv
B_power	Se0.9_Sp0.6		kappa	0.3933877453018787				outputs_round8/figures/fig3_source_data.tsv
B_power_n	Se0.9_Sp0.6	95	kappa	0.3933877453018787				outputs_round8/figures/fig3_source_data.tsv
B_power	Se0.9_Sp0.6		kappa	0.4009596075313022				outputs_round8/figures/fig3_source_data.tsv
B_power_n	Se0.9_Sp0.6	100	kappa	0.4009596075313022				outputs_round8/figures/fig3_source_data.tsv
B_power	Se0.9_Sp0.6		kappa	0.4080326426114092				outputs_round8/figures/fig3_source_data.tsv
B_power_n	Se0.9_Sp0.6	105	kappa	0.4080326426114092				outputs_round8/figures/fig3_source_data.tsv
B_power	Se0.9_Sp0.6		kappa	0.414649907503611				outputs_round8/figures/fig3_source_data.tsv
B_power_n	Se0.9_Sp0.6	110	kappa	0.414649907503611				outputs_round8/figures/fig3_source_data.tsv
B_power	Se0.9_Sp0.6		kappa	0.4208496642582239				outputs_round8/figures/fig3_source_data.tsv
B_power_n	Se0.9_Sp0.6	115	kappa	0.4208496642582239				outputs_round8/figures/fig3_source_data.tsv
B_power	Se0.9_Sp0.6		kappa	0.4266660292570993				outputs_round8/figures/fig3_source_data.tsv
B_power_n	Se0.9_Sp0.6	120	kappa	0.4266660292570993				outputs_round8/figures/fig3_source_data.tsv
B_power	Se0.9_Sp0.6		kappa	0.432129519747956				outputs_round8/figures/fig3_source_data.tsv
B_power_n	Se0.9_Sp0.6	125	kappa	0.432129519747956				outputs_round8/figures/fig3_source_data.tsv
B_power	Se0.9_Sp0.6		kappa	0.437267516139609				outputs_round8/figures/fig3_source_data.tsv
B_power_n	Se0.9_Sp0.6	130	kappa	0.437267516139609				outputs_round8/figures/fig3_source_data.tsv
B_power	Se0.9_Sp0.6		kappa	0.4421046548267566				outputs_round8/figures/fig3_source_data.tsv
B_power_n	Se0.9_Sp0.6	135	kappa	0.4421046548267566				outputs_round8/figures/fig3_source_data.tsv
B_power	Se0.9_Sp0.6		kappa	0.4466631634261692				outputs_round8/figures/fig3_source_data.tsv
B_power_n	Se0.9_Sp0.6	140	kappa	0.4466631634261692				outputs_round8/figures/fig3_source_data.tsv
B_power	Se0.9_Sp0.6		kappa	0.4509631480390094				outputs_round8/figures/fig3_source_data.tsv
B_power_n	Se0.9_Sp0.6	145	kappa	0.4509631480390094				outputs_round8/figures/fig3_source_data.tsv
B_power	Se0.9_Sp0.6		kappa	0.455022840362183				outputs_round8/figures/fig3_source_data.tsv
B_power_n	Se0.9_Sp0.6	150	kappa	0.455022840362183				outputs_round8/figures/fig3_source_data.tsv
B_power	Se0.9_Sp0.6		kappa	0.4588588110469419				outputs_round8/figures/fig3_source_data.tsv
B_power_n	Se0.9_Sp0.6	155	kappa	0.4588588110469419				outputs_round8/figures/fig3_source_data.tsv
B_power	Se0.9_Sp0.6		kappa	0.4624861545636503				outputs_round8/figures/fig3_source_data.tsv
B_power_n	Se0.9_Sp0.6	160	kappa	0.4624861545636503				outputs_round8/figures/fig3_source_data.tsv
B_power	Se0.9_Sp0.6		kappa	0.4659186499155843				outputs_round8/figures/fig3_source_data.tsv
B_power_n	Se0.9_Sp0.6	165	kappa	0.4659186499155843				outputs_round8/figures/fig3_source_data.tsv
B_power	Se0.9_Sp0.6		kappa	0.4691689008042897				outputs_round8/figures/fig3_source_data.tsv
B_power_n	Se0.9_Sp0.6	170	kappa	0.4691689008042897				outputs_round8/figures/fig3_source_data.tsv
B_power	Se0.9_Sp0.6		kappa	0.4722484582476807				outputs_round8/figures/fig3_source_data.tsv
B_power_n	Se0.9_Sp0.6	175	kappa	0.4722484582476807				outputs_round8/figures/fig3_source_data.tsv
B_power	Se0.9_Sp0.6		kappa	0.4751679281613529				outputs_round8/figures/fig3_source_data.tsv
B_power_n	Se0.9_Sp0.6	180	kappa	0.4751679281613529				outputs_round8/figures/fig3_source_data.tsv
B_power	Se0.9_Sp0.6		kappa	0.4779370660113258				outputs_round8/figures/fig3_source_data.tsv
B_power_n	Se0.9_Sp0.6	185	kappa	0.4779370660113258				outputs_round8/figures/fig3_source_data.tsv
B_power	Se0.9_Sp0.6		kappa	0.480564860315247				outputs_round8/figures/fig3_source_data.tsv
B_power_n	Se0.9_Sp0.6	190	kappa	0.480564860315247				outputs_round8/figures/fig3_source_data.tsv
B_power	Se0.9_Sp0.6		kappa	0.4830596064953356				outputs_round8/figures/fig3_source_data.tsv
B_power_n	Se0.9_Sp0.6	195	kappa	0.4830596064953356				outputs_round8/figures/fig3_source_data.tsv
B_power	Se0.9_Sp0.6		kappa	0.4854289723591036				outputs_round8/figures/fig3_source_data.tsv
B_power_n	Se0.9_Sp0.6	200	kappa	0.4854289723591036				outputs_round8/figures/fig3_source_data.tsv
B_power	Se0.9_Sp0.6		kappa	0.5035647304955418				outputs_round8/figures/fig3_source_data.tsv
B_power_n	Se0.9_Sp0.6	250	kappa	0.5035647304955418				outputs_round8/figures/fig3_source_data.tsv
B_power	Se0.9_Sp0.6		kappa	0.514566409335417				outputs_round8/figures/fig3_source_data.tsv
B_power_n	Se0.9_Sp0.6	300	kappa	0.514566409335417				outputs_round8/figures/fig3_source_data.tsv
B_power	Se0.9_Sp0.6		kappa	0.5210887690044141				outputs_round8/figures/fig3_source_data.tsv
B_power_n	Se0.9_Sp0.6	350	kappa	0.5210887690044141				outputs_round8/figures/fig3_source_data.tsv
B_power	Se0.9_Sp0.6		kappa	0.5246404669741032				outputs_round8/figures/fig3_source_data.tsv
B_power_n	Se0.9_Sp0.6	400	kappa	0.5246404669741032				outputs_round8/figures/fig3_source_data.tsv
B_power	Se0.9_Sp0.6		kappa	0.5261410038239793				outputs_round8/figures/fig3_source_data.tsv
B_power_n	Se0.9_Sp0.6	450	kappa	0.5261410038239793				outputs_round8/figures/fig3_source_data.tsv
B_power	Se0.9_Sp0.6		kappa	0.526181742289448				outputs_round8/figures/fig3_source_data.tsv
B_power_n	Se0.9_Sp0.6	500	kappa	0.526181742289448				outputs_round8/figures/fig3_source_data.tsv
B_power	Se0.9_Sp0.6		kappa	0.5251595136918595				outputs_round8/figures/fig3_source_data.tsv
B_power_n	Se0.9_Sp0.6	550	kappa	0.5251595136918595				outputs_round8/figures/fig3_source_data.tsv
B_power	Se0.9_Sp0.6		kappa	0.5233499085237135				outputs_round8/figures/fig3_source_data.tsv
B_power_n	Se0.9_Sp0.6	600	kappa	0.5233499085237135				outputs_round8/figures/fig3_source_data.tsv
B_power	Se0.9_Sp0.6		kappa	0.5209497921588809				outputs_round8/figures/fig3_source_data.tsv
B_power_n	Se0.9_Sp0.6	650	kappa	0.5209497921588809				outputs_round8/figures/fig3_source_data.tsv
B_power	Se0.9_Sp0.6		kappa	0.518103133000122				outputs_round8/figures/fig3_source_data.tsv
B_power_n	Se0.9_Sp0.6	700	kappa	0.518103133000122				outputs_round8/figures/fig3_source_data.tsv
B_power	Se0.9_Sp0.6		kappa	0.5149173132220384				outputs_round8/figures/fig3_source_data.tsv
B_power_n	Se0.9_Sp0.6	750	kappa	0.5149173132220384				outputs_round8/figures/fig3_source_data.tsv
B_power	Se0.9_Sp0.6		kappa	0.5114737751492517				outputs_round8/figures/fig3_source_data.tsv
B_power_n	Se0.9_Sp0.6	800	kappa	0.5114737751492517				outputs_round8/figures/fig3_source_data.tsv
B_power	Se0.9_Sp0.6		kappa	0.5078351712130006				outputs_round8/figures/fig3_source_data.tsv
B_power_n	Se0.9_Sp0.6	850	kappa	0.5078351712130006				outputs_round8/figures/fig3_source_data.tsv
B_power	Se0.9_Sp0.6		kappa	0.5040502864285756				outputs_round8/figures/fig3_source_data.tsv
B_power_n	Se0.9_Sp0.6	900	kappa	0.5040502864285756				outputs_round8/figures/fig3_source_data.tsv
B_power	Se0.9_Sp0.6		kappa	0.5001575020528358				outputs_round8/figures/fig3_source_data.tsv
B_power_n	Se0.9_Sp0.6	950	kappa	0.5001575020528358				outputs_round8/figures/fig3_source_data.tsv
B_power	Se0.9_Sp0.6		kappa	0.4961872802599188				outputs_round8/figures/fig3_source_data.tsv
B_power_n	Se0.9_Sp0.6	1000	kappa	0.4961872802599188				outputs_round8/figures/fig3_source_data.tsv
B_power	Se0.9_Sp0.6		kappa	0.4921639774569599				outputs_round8/figures/fig3_source_data.tsv
B_power_n	Se0.9_Sp0.6	1050	kappa	0.4921639774569599				outputs_round8/figures/fig3_source_data.tsv
B_power	Se0.9_Sp0.6		kappa	0.4881071881893723				outputs_round8/figures/fig3_source_data.tsv
B_power_n	Se0.9_Sp0.6	1100	kappa	0.4881071881893723				outputs_round8/figures/fig3_source_data.tsv
B_power	Se0.9_Sp0.6		kappa	0.4840327550642172				outputs_round8/figures/fig3_source_data.tsv
B_power_n	Se0.9_Sp0.6	1150	kappa	0.4840327550642172				outputs_round8/figures/fig3_source_data.tsv
B_power	Se0.9_Sp0.6		kappa	0.4799535372710138				outputs_round8/figures/fig3_source_data.tsv
B_power_n	Se0.9_Sp0.6	1200	kappa	0.4799535372710138				outputs_round8/figures/fig3_source_data.tsv
B_power	Se0.9_Sp0.6		kappa	0.475880002098671				outputs_round8/figures/fig3_source_data.tsv
B_power_n	Se0.9_Sp0.6	1250	kappa	0.475880002098671				outputs_round8/figures/fig3_source_data.tsv
B_power	Se0.9_Sp0.6		kappa	0.4718206849604184				outputs_round8/figures/fig3_source_data.tsv
B_power_n	Se0.9_Sp0.6	1300	kappa	0.4718206849604184				outputs_round8/figures/fig3_source_data.tsv
B_power	Se0.9_Sp0.6		kappa	0.4677825505606986				outputs_round8/figures/fig3_source_data.tsv
B_power_n	Se0.9_Sp0.6	1350	kappa	0.4677825505606986				outputs_round8/figures/fig3_source_data.tsv
B_power	Se0.9_Sp0.6		kappa	0.4637712789175035				outputs_round8/figures/fig3_source_data.tsv
B_power_n	Se0.9_Sp0.6	1400	kappa	0.4637712789175035				outputs_round8/figures/fig3_source_data.tsv
B_power	Se0.9_Sp0.6		kappa	0.4597914936841624				outputs_round8/figures/fig3_source_data.tsv
B_power_n	Se0.9_Sp0.6	1450	kappa	0.4597914936841624				outputs_round8/figures/fig3_source_data.tsv
B_power	Se0.9_Sp0.6		kappa	0.4558469457488506				outputs_round8/figures/fig3_source_data.tsv
B_power_n	Se0.9_Sp0.6	1500	kappa	0.4558469457488506				outputs_round8/figures/fig3_source_data.tsv
B_power	Se0.9_Sp0.6		kappa	0.4519406618694883				outputs_round8/figures/fig3_source_data.tsv
B_power_n	Se0.9_Sp0.6	1550	kappa	0.4519406618694883				outputs_round8/figures/fig3_source_data.tsv
B_power	Se0.9_Sp0.6		kappa	0.4480750657521919				outputs_round8/figures/fig3_source_data.tsv
B_power_n	Se0.9_Sp0.6	1600	kappa	0.4480750657521919				outputs_round8/figures/fig3_source_data.tsv
B_power	Se0.9_Sp0.6		kappa	0.4442520772489542				outputs_round8/figures/fig3_source_data.tsv
B_power_n	Se0.9_Sp0.6	1650	kappa	0.4442520772489542				outputs_round8/figures/fig3_source_data.tsv
B_power	Se0.9_Sp0.6		kappa	0.4404731940599044				outputs_round8/figures/fig3_source_data.tsv
B_power_n	Se0.9_Sp0.6	1700	kappa	0.4404731940599044				outputs_round8/figures/fig3_source_data.tsv
B_power	Se0.9_Sp0.6		kappa	0.4367395593554753				outputs_round8/figures/fig3_source_data.tsv
B_power_n	Se0.9_Sp0.6	1750	kappa	0.4367395593554753				outputs_round8/figures/fig3_source_data.tsv
B_power	Se0.9_Sp0.6		kappa	0.4330520179981434				outputs_round8/figures/fig3_source_data.tsv
B_power_n	Se0.9_Sp0.6	1800	kappa	0.4330520179981434				outputs_round8/figures/fig3_source_data.tsv
B_power	Se0.9_Sp0.6		kappa	0.4294111634809164				outputs_round8/figures/fig3_source_data.tsv
B_power_n	Se0.9_Sp0.6	1850	kappa	0.4294111634809164				outputs_round8/figures/fig3_source_data.tsv
B_power	Se0.9_Sp0.6		kappa	0.4258173772662864				outputs_round8/figures/fig3_source_data.tsv
B_power_n	Se0.9_Sp0.6	1900	kappa	0.4258173772662864				outputs_round8/figures/fig3_source_data.tsv
B_power	Se0.9_Sp0.6		kappa	0.4222708618729356				outputs_round8/figures/fig3_source_data.tsv
B_power_n	Se0.9_Sp0.6	1950	kappa	0.4222708618729356				outputs_round8/figures/fig3_source_data.tsv
B_power	Se0.9_Sp0.6		kappa	0.418771668794543				outputs_round8/figures/fig3_source_data.tsv
B_power_n	Se0.9_Sp0.6	2000	kappa	0.418771668794543				outputs_round8/figures/fig3_source_data.tsv
B_power	Se0.9_Sp0.6		kappa	0.3863241008582498				outputs_round8/figures/fig3_source_data.tsv
B_power_n	Se0.9_Sp0.6	2500	kappa	0.3863241008582498				outputs_round8/figures/fig3_source_data.tsv
B_power	Se0.9_Sp0.6		kappa	0.358135719995249				outputs_round8/figures/fig3_source_data.tsv
B_power_n	Se0.9_Sp0.6	3000	kappa	0.358135719995249				outputs_round8/figures/fig3_source_data.tsv
B_power	Se0.9_Sp0.6		kappa	0.3335792662825927				outputs_round8/figures/fig3_source_data.tsv
B_power_n	Se0.9_Sp0.6	3500	kappa	0.3335792662825927				outputs_round8/figures/fig3_source_data.tsv
B_power	Se0.9_Sp0.6		kappa	0.3120638645254715				outputs_round8/figures/fig3_source_data.tsv
B_power_n	Se0.9_Sp0.6	4000	kappa	0.3120638645254715				outputs_round8/figures/fig3_source_data.tsv
B_power	Se0.9_Sp0.6		kappa	0.2930908070303262				outputs_round8/figures/fig3_source_data.tsv
B_power_n	Se0.9_Sp0.6	4500	kappa	0.2930908070303262				outputs_round8/figures/fig3_source_data.tsv
B_power	Se0.9_Sp0.6		kappa	0.2762522258036481				outputs_round8/figures/fig3_source_data.tsv
B_power_n	Se0.9_Sp0.6	5000	kappa	0.2762522258036481				outputs_round8/figures/fig3_source_data.tsv
B_power	Se0.9_Sp0.6		kappa	0.2612170888419077				outputs_round8/figures/fig3_source_data.tsv
B_power_n	Se0.9_Sp0.6	5500	kappa	0.2612170888419077				outputs_round8/figures/fig3_source_data.tsv
B_power	Se0.9_Sp0.6		kappa	0.2477163604651906				outputs_round8/figures/fig3_source_data.tsv
B_power_n	Se0.9_Sp0.6	6000	kappa	0.2477163604651906				outputs_round8/figures/fig3_source_data.tsv
B_power	Se0.9_Sp0.6		kappa	0.2355302802113031				outputs_round8/figures/fig3_source_data.tsv
B_power_n	Se0.9_Sp0.6	6500	kappa	0.2355302802113031				outputs_round8/figures/fig3_source_data.tsv
B_power	Se0.9_Sp0.6		kappa	0.224478154314206				outputs_round8/figures/fig3_source_data.tsv
B_power_n	Se0.9_Sp0.6	7000	kappa	0.224478154314206				outputs_round8/figures/fig3_source_data.tsv
B_power	Se0.9_Sp0.6		kappa	0.2144103554267852				outputs_round8/figures/fig3_source_data.tsv
B_power_n	Se0.9_Sp0.6	7500	kappa	0.2144103554267852				outputs_round8/figures/fig3_source_data.tsv
B_power	Se0.9_Sp0.6		kappa	0.2052020973378736				outputs_round8/figures/fig3_source_data.tsv
B_power_n	Se0.9_Sp0.6	8000	kappa	0.2052020973378736				outputs_round8/figures/fig3_source_data.tsv
B_power	Se0.9_Sp0.6		kappa	0.1967485890315473				outputs_round8/figures/fig3_source_data.tsv
B_power_n	Se0.9_Sp0.6	8500	kappa	0.1967485890315473				outputs_round8/figures/fig3_source_data.tsv
B_power	Se0.9_Sp0.6		kappa	0.1889612473827723				outputs_round8/figures/fig3_source_data.tsv
B_power_n	Se0.9_Sp0.6	9000	kappa	0.1889612473827723				outputs_round8/figures/fig3_source_data.tsv
B_power	Se0.9_Sp0.6		kappa	0.1817647201447147				outputs_round8/figures/fig3_source_data.tsv
B_power_n	Se0.9_Sp0.6	9500	kappa	0.1817647201447147				outputs_round8/figures/fig3_source_data.tsv
B_power	Se0.9_Sp0.6		kappa	0.1750945304470849				outputs_round8/figures/fig3_source_data.tsv
B_power_n	Se0.9_Sp0.6	10000	kappa	0.1750945304470849				outputs_round8/figures/fig3_source_data.tsv
B_power	Se0.9_Sp0.6		kappa	0.1688952001971108				outputs_round8/figures/fig3_source_data.tsv
B_power_n	Se0.9_Sp0.6	10500	kappa	0.1688952001971108				outputs_round8/figures/fig3_source_data.tsv
B_power	Se0.9_Sp0.6		kappa	0.1631187446640607				outputs_round8/figures/fig3_source_data.tsv
B_power_n	Se0.9_Sp0.6	11000	kappa	0.1631187446640607				outputs_round8/figures/fig3_source_data.tsv
B_power	Se0.9_Sp0.6		kappa	0.1577234566232489				outputs_round8/figures/fig3_source_data.tsv
B_power_n	Se0.9_Sp0.6	11500	kappa	0.1577234566232489				outputs_round8/figures/fig3_source_data.tsv
B_power	Se0.9_Sp0.6		kappa	0.1526729179027685				outputs_round8/figures/fig3_source_data.tsv
B_power_n	Se0.9_Sp0.6	12000	kappa	0.1526729179027685				outputs_round8/figures/fig3_source_data.tsv
B_power	Se0.9_Sp0.6		kappa	0.1479351907217273				outputs_round8/figures/fig3_source_data.tsv
B_power_n	Se0.9_Sp0.6	12500	kappa	0.1479351907217273				outputs_round8/figures/fig3_source_data.tsv
B_power	Se0.9_Sp0.6		kappa	0.1434821521187575				outputs_round8/figures/fig3_source_data.tsv
B_power_n	Se0.9_Sp0.6	13000	kappa	0.1434821521187575				outputs_round8/figures/fig3_source_data.tsv
B_power	Se0.9_Sp0.6		kappa	0.1392889429948663				outputs_round8/figures/fig3_source_data.tsv
B_power_n	Se0.9_Sp0.6	13500	kappa	0.1392889429948663				outputs_round8/figures/fig3_source_data.tsv
B_power	Se0.9_Sp0.6		kappa	0.1353335095322555				outputs_round8/figures/fig3_source_data.tsv
B_power_n	Se0.9_Sp0.6	14000	kappa	0.1353335095322555				outputs_round8/figures/fig3_source_data.tsv
B_power	Se0.9_Sp0.6		kappa	0.1315962195102118				outputs_round8/figures/fig3_source_data.tsv
B_power_n	Se0.9_Sp0.6	14500	kappa	0.1315962195102118				outputs_round8/figures/fig3_source_data.tsv
B_power	Se0.9_Sp0.6		kappa	0.1280595396938944				outputs_round8/figures/fig3_source_data.tsv
B_power_n	Se0.9_Sp0.6	15000	kappa	0.1280595396938944				outputs_round8/figures/fig3_source_data.tsv
B_power	Se0.9_Sp0.6		kappa	0.124707763295916				outputs_round8/figures/fig3_source_data.tsv
B_power_n	Se0.9_Sp0.6	15500	kappa	0.124707763295916				outputs_round8/figures/fig3_source_data.tsv
B_power	Se0.9_Sp0.6		kappa	0.1215267787065272				outputs_round8/figures/fig3_source_data.tsv
B_power_n	Se0.9_Sp0.6	16000	kappa	0.1215267787065272				outputs_round8/figures/fig3_source_data.tsv
B_power	Se0.9_Sp0.6		kappa	0.1185038724059901				outputs_round8/figures/fig3_source_data.tsv
B_power_n	Se0.9_Sp0.6	16500	kappa	0.1185038724059901				outputs_round8/figures/fig3_source_data.tsv
B_power	Se0.9_Sp0.6		kappa	0.1156275603245497				outputs_round8/figures/fig3_source_data.tsv
B_power_n	Se0.9_Sp0.6	17000	kappa	0.1156275603245497				outputs_round8/figures/fig3_source_data.tsv
B_power	Se0.9_Sp0.6		kappa	0.1128874429852007				outputs_round8/figures/fig3_source_data.tsv
B_power_n	Se0.9_Sp0.6	17500	kappa	0.1128874429852007				outputs_round8/figures/fig3_source_data.tsv
B_power	Se0.9_Sp0.6		kappa	0.1102740806158513				outputs_round8/figures/fig3_source_data.tsv
B_power_n	Se0.9_Sp0.6	18000	kappa	0.1102740806158513				outputs_round8/figures/fig3_source_data.tsv
B_power	Se0.9_Sp0.6		kappa	0.1077788850985925				outputs_round8/figures/fig3_source_data.tsv
B_power_n	Se0.9_Sp0.6	18500	kappa	0.1077788850985925				outputs_round8/figures/fig3_source_data.tsv
B_power	Se0.9_Sp0.6		kappa	0.105394026171504				outputs_round8/figures/fig3_source_data.tsv
B_power_n	Se0.9_Sp0.6	19000	kappa	0.105394026171504				outputs_round8/figures/fig3_source_data.tsv
B_power	Se0.9_Sp0.6		kappa	0.1031123497410222				outputs_round8/figures/fig3_source_data.tsv
B_power_n	Se0.9_Sp0.6	19500	kappa	0.1031123497410222				outputs_round8/figures/fig3_source_data.tsv
B_power	Se0.9_Sp0.6		kappa	0.1009273065222682				outputs_round8/figures/fig3_source_data.tsv
B_power_n	Se0.9_Sp0.6	20000	kappa	0.1009273065222682				outputs_round8/figures/fig3_source_data.tsv
B_power	Se0.9_Sp0.7		kappa	0.0				outputs_round8/figures/fig3_source_data.tsv
B_power_n	Se0.9_Sp0.7	0	kappa	0.0				outputs_round8/figures/fig3_source_data.tsv
B_power	Se0.9_Sp0.7		kappa	0.0581350969274497				outputs_round8/figures/fig3_source_data.tsv
B_power_n	Se0.9_Sp0.7	5	kappa	0.0581350969274497				outputs_round8/figures/fig3_source_data.tsv
B_power	Se0.9_Sp0.7		kappa	0.1078830964261836				outputs_round8/figures/fig3_source_data.tsv
B_power_n	Se0.9_Sp0.7	10	kappa	0.1078830964261836				outputs_round8/figures/fig3_source_data.tsv
B_power	Se0.9_Sp0.7		kappa	0.1509169419591546				outputs_round8/figures/fig3_source_data.tsv
B_power_n	Se0.9_Sp0.7	15	kappa	0.1509169419591546				outputs_round8/figures/fig3_source_data.tsv
B_power	Se0.9_Sp0.7		kappa	0.1884924563418208				outputs_round8/figures/fig3_source_data.tsv
B_power_n	Se0.9_Sp0.7	20	kappa	0.1884924563418208				outputs_round8/figures/fig3_source_data.tsv
B_power	Se0.9_Sp0.7		kappa	0.2215707160473526				outputs_round8/figures/fig3_source_data.tsv
B_power_n	Se0.9_Sp0.7	25	kappa	0.2215707160473526				outputs_round8/figures/fig3_source_data.tsv
B_power	Se0.9_Sp0.7		kappa	0.2508997308860259				outputs_round8/figures/fig3_source_data.tsv
B_power_n	Se0.9_Sp0.7	30	kappa	0.2508997308860259				outputs_round8/figures/fig3_source_data.tsv
B_power	Se0.9_Sp0.7		kappa	0.2770703881022721				outputs_round8/figures/fig3_source_data.tsv
B_power_n	Se0.9_Sp0.7	35	kappa	0.2770703881022721				outputs_round8/figures/fig3_source_data.tsv
B_power	Se0.9_Sp0.7		kappa	0.3005556490991747				outputs_round8/figures/fig3_source_data.tsv
B_power_n	Se0.9_Sp0.7	40	kappa	0.3005556490991747				outputs_round8/figures/fig3_source_data.tsv
B_power	Se0.9_Sp0.7		kappa	0.3217385698880786				outputs_round8/figures/fig3_source_data.tsv
B_power_n	Se0.9_Sp0.7	45	kappa	0.3217385698880786				outputs_round8/figures/fig3_source_data.tsv
B_power	Se0.9_Sp0.7		kappa	0.3409326944426544				outputs_round8/figures/fig3_source_data.tsv
B_power_n	Se0.9_Sp0.7	50	kappa	0.3409326944426544				outputs_round8/figures/fig3_source_data.tsv
B_power	Se0.9_Sp0.7		kappa	0.3583971379337297				outputs_round8/figures/fig3_source_data.tsv
B_power_n	Se0.9_Sp0.7	55	kappa	0.3583971379337297				outputs_round8/figures/fig3_source_data.tsv
B_power	Se0.9_Sp0.7		kappa	0.3743479058712506				outputs_round8/figures/fig3_source_data.tsv
B_power_n	Se0.9_Sp0.7	60	kappa	0.3743479058712506				outputs_round8/figures/fig3_source_data.tsv
B_power	Se0.9_Sp0.7		kappa	0.3889665012972363				outputs_round8/figures/fig3_source_data.tsv
B_power_n	Se0.9_Sp0.7	65	kappa	0.3889665012972363				outputs_round8/figures/fig3_source_data.tsv
B_power	Se0.9_Sp0.7		kappa	0.4024065489693263				outputs_round8/figures/fig3_source_data.tsv
B_power_n	Se0.9_Sp0.7	70	kappa	0.4024065489693263				outputs_round8/figures/fig3_source_data.tsv
B_power	Se0.9_Sp0.7		kappa	0.4147989498344053				outputs_round8/figures/fig3_source_data.tsv
B_power_n	Se0.9_Sp0.7	75	kappa	0.4147989498344053				outputs_round8/figures/fig3_source_data.tsv
B_power	Se0.9_Sp0.7		kappa	0.426255932658727				outputs_round8/figures/fig3_source_data.tsv
B_power_n	Se0.9_Sp0.7	80	kappa	0.426255932658727				outputs_round8/figures/fig3_source_data.tsv
B_power	Se0.9_Sp0.7		kappa	0.4368742686256665				outputs_round8/figures/fig3_source_data.tsv
B_power_n	Se0.9_Sp0.7	85	kappa	0.4368742686256665				outputs_round8/figures/fig3_source_data.tsv
B_power	Se0.9_Sp0.7		kappa	0.4467378439302643				outputs_round8/figures/fig3_source_data.tsv
B_power_n	Se0.9_Sp0.7	90	kappa	0.4467378439302643				outputs_round8/figures/fig3_source_data.tsv
B_power	Se0.9_Sp0.7		kappa	0.4559197351390656				outputs_round8/figures/fig3_source_data.tsv
B_power_n	Se0.9_Sp0.7	95	kappa	0.4559197351390656				outputs_round8/figures/fig3_source_data.tsv
B_power	Se0.9_Sp0.7		kappa	0.4644838959399947				outputs_round8/figures/fig3_source_data.tsv
B_power_n	Se0.9_Sp0.7	100	kappa	0.4644838959399947				outputs_round8/figures/fig3_source_data.tsv
B_power	Se0.9_Sp0.7		kappa	0.4724865376078438				outputs_round8/figures/fig3_source_data.tsv
B_power_n	Se0.9_Sp0.7	105	kappa	0.4724865376078438				outputs_round8/figures/fig3_source_data.tsv
B_power	Se0.9_Sp0.7		kappa	0.4799772661646277				outputs_round8/figures/fig3_source_data.tsv
B_power_n	Se0.9_Sp0.7	110	kappa	0.4799772661646277				outputs_round8/figures/fig3_source_data.tsv
B_power	Se0.9_Sp0.7		kappa	0.4870000248363491				outputs_round8/figures/fig3_source_data.tsv
B_power_n	Se0.9_Sp0.7	115	kappa	0.4870000248363491				outputs_round8/figures/fig3_source_data.tsv
B_power	Se0.9_Sp0.7		kappa	0.4935938796202415				outputs_round8/figures/fig3_source_data.tsv
B_power_n	Se0.9_Sp0.7	120	kappa	0.4935938796202415				outputs_round8/figures/fig3_source_data.tsv
B_power	Se0.9_Sp0.7		kappa	0.4997936776099785				outputs_round8/figures/fig3_source_data.tsv
B_power_n	Se0.9_Sp0.7	125	kappa	0.4997936776099785				outputs_round8/figures/fig3_source_data.tsv
B_power	Se0.9_Sp0.7		kappa	0.5056306014917793				outputs_round8/figures/fig3_source_data.tsv
B_power_n	Se0.9_Sp0.7	130	kappa	0.5056306014917793				outputs_round8/figures/fig3_source_data.tsv
B_power	Se0.9_Sp0.7		kappa	0.5111326388269775				outputs_round8/figures/fig3_source_data.tsv
B_power_n	Se0.9_Sp0.7	135	kappa	0.5111326388269775				outputs_round8/figures/fig3_source_data.tsv
B_power	Se0.9_Sp0.7		kappa	0.5163249810174644				outputs_round8/figures/fig3_source_data.tsv
B_power_n	Se0.9_Sp0.7	140	kappa	0.5163249810174644				outputs_round8/figures/fig3_source_data.tsv
B_power	Se0.9_Sp0.7		kappa	0.5212303639468487				outputs_round8/figures/fig3_source_data.tsv
B_power_n	Se0.9_Sp0.7	145	kappa	0.5212303639468487				outputs_round8/figures/fig3_source_data.tsv
B_power	Se0.9_Sp0.7		kappa	0.5258693600081512				outputs_round8/figures/fig3_source_data.tsv
B_power_n	Se0.9_Sp0.7	150	kappa	0.5258693600081512				outputs_round8/figures/fig3_source_data.tsv
B_power	Se0.9_Sp0.7		kappa	0.5302606294239668				outputs_round8/figures/fig3_source_data.tsv
B_power_n	Se0.9_Sp0.7	155	kappa	0.5302606294239668				outputs_round8/figures/fig3_source_data.tsv
B_power	Se0.9_Sp0.7		kappa	0.5344211373290172				outputs_round8/figures/fig3_source_data.tsv
B_power_n	Se0.9_Sp0.7	160	kappa	0.5344211373290172				outputs_round8/figures/fig3_source_data.tsv
B_power	Se0.9_Sp0.7		kappa	0.5383663419358582				outputs_round8/figures/fig3_source_data.tsv
B_power_n	Se0.9_Sp0.7	165	kappa	0.5383663419358582				outputs_round8/figures/fig3_source_data.tsv
B_power	Se0.9_Sp0.7		kappa	0.542110358180058				outputs_round8/figures/fig3_source_data.tsv
B_power_n	Se0.9_Sp0.7	170	kappa	0.542110358180058				outputs_round8/figures/fig3_source_data.tsv
B_power	Se0.9_Sp0.7		kappa	0.5456661004935068				outputs_round8/figures/fig3_source_data.tsv
B_power_n	Se0.9_Sp0.7	175	kappa	0.5456661004935068				outputs_round8/figures/fig3_source_data.tsv
B_power	Se0.9_Sp0.7		kappa	0.5490454077469573				outputs_round8/figures/fig3_source_data.tsv
B_power_n	Se0.9_Sp0.7	180	kappa	0.5490454077469573				outputs_round8/figures/fig3_source_data.tsv
B_power	Se0.9_Sp0.7		kappa	0.5522591529068313				outputs_round8/figures/fig3_source_data.tsv
B_power_n	Se0.9_Sp0.7	185	kappa	0.5522591529068313				outputs_round8/figures/fig3_source_data.tsv
B_power	Se0.9_Sp0.7		kappa	0.5553173395444607				outputs_round8/figures/fig3_source_data.tsv
B_power_n	Se0.9_Sp0.7	190	kappa	0.5553173395444607				outputs_round8/figures/fig3_source_data.tsv
B_power	Se0.9_Sp0.7		kappa	0.5582291870008139				outputs_round8/figures/fig3_source_data.tsv
B_power_n	Se0.9_Sp0.7	195	kappa	0.5582291870008139				outputs_round8/figures/fig3_source_data.tsv
B_power	Se0.9_Sp0.7		kappa	0.5610032057326043				outputs_round8/figures/fig3_source_data.tsv
B_power_n	Se0.9_Sp0.7	200	kappa	0.5610032057326043				outputs_round8/figures/fig3_source_data.tsv
B_power	Se0.9_Sp0.7		kappa	0.5826426352420462				outputs_round8/figures/fig3_source_data.tsv
B_power_n	Se0.9_Sp0.7	250	kappa	0.5826426352420462				outputs_round8/figures/fig3_source_data.tsv
B_power	Se0.9_Sp0.7		kappa	0.5964596693575115				outputs_round8/figures/fig3_source_data.tsv
B_power_n	Se0.9_Sp0.7	300	kappa	0.5964596693575115				outputs_round8/figures/fig3_source_data.tsv
B_power	Se0.9_Sp0.7		kappa	0.6053592094720909				outputs_round8/figures/fig3_source_data.tsv
B_power_n	Se0.9_Sp0.7	350	kappa	0.6053592094720909				outputs_round8/figures/fig3_source_data.tsv
B_power	Se0.9_Sp0.7		kappa	0.6109822780910658				outputs_round8/figures/fig3_source_data.tsv
B_power_n	Se0.9_Sp0.7	400	kappa	0.6109822780910658				outputs_round8/figures/fig3_source_data.tsv
B_power	Se0.9_Sp0.7		kappa	0.6143253677850113				outputs_round8/figures/fig3_source_data.tsv
B_power_n	Se0.9_Sp0.7	450	kappa	0.6143253677850113				outputs_round8/figures/fig3_source_data.tsv
B_power	Se0.9_Sp0.7		kappa	0.616028119871825				outputs_round8/figures/fig3_source_data.tsv
B_power_n	Se0.9_Sp0.7	500	kappa	0.616028119871825				outputs_round8/figures/fig3_source_data.tsv
B_power	Se0.9_Sp0.7		kappa	0.6165195688444893				outputs_round8/figures/fig3_source_data.tsv
B_power_n	Se0.9_Sp0.7	550	kappa	0.6165195688444893				outputs_round8/figures/fig3_source_data.tsv
B_power	Se0.9_Sp0.7		kappa	0.616097931383603				outputs_round8/figures/fig3_source_data.tsv
B_power_n	Se0.9_Sp0.7	600	kappa	0.616097931383603				outputs_round8/figures/fig3_source_data.tsv
B_power	Se0.9_Sp0.7		kappa	0.6149766899187747				outputs_round8/figures/fig3_source_data.tsv
B_power_n	Se0.9_Sp0.7	650	kappa	0.6149766899187747				outputs_round8/figures/fig3_source_data.tsv
B_power	Se0.9_Sp0.7		kappa	0.6133124887258734				outputs_round8/figures/fig3_source_data.tsv
B_power_n	Se0.9_Sp0.7	700	kappa	0.6133124887258734				outputs_round8/figures/fig3_source_data.tsv
B_power	Se0.9_Sp0.7		kappa	0.6112226993614694				outputs_round8/figures/fig3_source_data.tsv
B_power_n	Se0.9_Sp0.7	750	kappa	0.6112226993614694				outputs_round8/figures/fig3_source_data.tsv
B_power	Se0.9_Sp0.7		kappa	0.6087968588128463				outputs_round8/figures/fig3_source_data.tsv
B_power_n	Se0.9_Sp0.7	800	kappa	0.6087968588128463				outputs_round8/figures/fig3_source_data.tsv
B_power	Se0.9_Sp0.7		kappa	0.6061043365322176				outputs_round8/figures/fig3_source_data.tsv
B_power_n	Se0.9_Sp0.7	850	kappa	0.6061043365322176				outputs_round8/figures/fig3_source_data.tsv
B_power	Se0.9_Sp0.7		kappa	0.6031996050009436				outputs_round8/figures/fig3_source_data.tsv
B_power_n	Se0.9_Sp0.7	900	kappa	0.6031996050009436				outputs_round8/figures/fig3_source_data.tsv
B_power	Se0.9_Sp0.7		kappa	0.6001259441665225				outputs_round8/figures/fig3_source_data.tsv
B_power_n	Se0.9_Sp0.7	950	kappa	0.6001259441665225				outputs_round8/figures/fig3_source_data.tsv
B_power	Se0.9_Sp0.7		kappa	0.5969180968177746				outputs_round8/figures/fig3_source_data.tsv
B_power_n	Se0.9_Sp0.7	1000	kappa	0.5969180968177746				outputs_round8/figures/fig3_source_data.tsv
B_power	Se0.9_Sp0.7		kappa	0.5936042056663985				outputs_round8/figures/fig3_source_data.tsv
B_power_n	Se0.9_Sp0.7	1050	kappa	0.5936042056663985				outputs_round8/figures/fig3_source_data.tsv
B_power	Se0.9_Sp0.7		kappa	0.5902072488632087				outputs_round8/figures/fig3_source_data.tsv
B_power_n	Se0.9_Sp0.7	1100	kappa	0.5902072488632087				outputs_round8/figures/fig3_source_data.tsv
B_power	Se0.9_Sp0.7		kappa	0.5867461190417196				outputs_round8/figures/fig3_source_data.tsv
B_power_n	Se0.9_Sp0.7	1150	kappa	0.5867461190417196				outputs_round8/figures/fig3_source_data.tsv
B_power	Se0.9_Sp0.7		kappa	0.5832364449260882				outputs_round8/figures/fig3_source_data.tsv
B_power_n	Se0.9_Sp0.7	1200	kappa	0.5832364449260882				outputs_round8/figures/fig3_source_data.tsv
B_power	Se0.9_Sp0.7		kappa	0.5796912243029946				outputs_round8/figures/fig3_source_data.tsv
B_power_n	Se0.9_Sp0.7	1250	kappa	0.5796912243029946				outputs_round8/figures/fig3_source_data.tsv
B_power	Se0.9_Sp0.7		kappa	0.5761213169232068				outputs_round8/figures/fig3_source_data.tsv
B_power_n	Se0.9_Sp0.7	1300	kappa	0.5761213169232068				outputs_round8/figures/fig3_source_data.tsv
B_power	Se0.9_Sp0.7		kappa	0.5725358321214935				outputs_round8/figures/fig3_source_data.tsv
B_power_n	Se0.9_Sp0.7	1350	kappa	0.5725358321214935				outputs_round8/figures/fig3_source_data.tsv
B_power	Se0.9_Sp0.7		kappa	0.5689424364123159				outputs_round8/figures/fig3_source_data.tsv
B_power_n	Se0.9_Sp0.7	1400	kappa	0.5689424364123159				outputs_round8/figures/fig3_source_data.tsv
B_power	Se0.9_Sp0.7		kappa	0.5653475996276339				outputs_round8/figures/fig3_source_data.tsv
B_power_n	Se0.9_Sp0.7	1450	kappa	0.5653475996276339				outputs_round8/figures/fig3_source_data.tsv
B_power	Se0.9_Sp0.7		kappa	0.5617567934020066				outputs_round8/figures/fig3_source_data.tsv
B_power_n	Se0.9_Sp0.7	1500	kappa	0.5617567934020066				outputs_round8/figures/fig3_source_data.tsv
B_power	Se0.9_Sp0.7		kappa	0.5581746523796755				outputs_round8/figures/fig3_source_data.tsv
B_power_n	Se0.9_Sp0.7	1550	kappa	0.5581746523796755				outputs_round8/figures/fig3_source_data.tsv
B_power	Se0.9_Sp0.7		kappa	0.5546051060177372				outputs_round8/figures/fig3_source_data.tsv
B_power_n	Se0.9_Sp0.7	1600	kappa	0.5546051060177372				outputs_round8/figures/fig3_source_data.tsv
B_power	Se0.9_Sp0.7		kappa	0.5510514870169515				outputs_round8/figures/fig3_source_data.tsv
B_power_n	Se0.9_Sp0.7	1650	kappa	0.5510514870169515				outputs_round8/figures/fig3_source_data.tsv
B_power	Se0.9_Sp0.7		kappa	0.5475166210402815				outputs_round8/figures/fig3_source_data.tsv
B_power_n	Se0.9_Sp0.7	1700	kappa	0.5475166210402815				outputs_round8/figures/fig3_source_data.tsv
B_power	Se0.9_Sp0.7		kappa	0.5440029013488074				outputs_round8/figures/fig3_source_data.tsv
B_power_n	Se0.9_Sp0.7	1750	kappa	0.5440029013488074				outputs_round8/figures/fig3_source_data.tsv
B_power	Se0.9_Sp0.7		kappa	0.5405123512034937				outputs_round8/figures/fig3_source_data.tsv
B_power_n	Se0.9_Sp0.7	1800	kappa	0.5405123512034937				outputs_round8/figures/fig3_source_data.tsv
B_power	Se0.9_Sp0.7		kappa	0.5370466762842299				outputs_round8/figures/fig3_source_data.tsv
B_power_n	Se0.9_Sp0.7	1850	kappa	0.5370466762842299				outputs_round8/figures/fig3_source_data.tsv
B_power	Se0.9_Sp0.7		kappa	0.5336073089175671				outputs_round8/figures/fig3_source_data.tsv
B_power_n	Se0.9_Sp0.7	1900	kappa	0.5336073089175671				outputs_round8/figures/fig3_source_data.tsv
B_power	Se0.9_Sp0.7		kappa	0.5301954455476274				outputs_round8/figures/fig3_source_data.tsv
B_power_n	Se0.9_Sp0.7	1950	kappa	0.5301954455476274				outputs_round8/figures/fig3_source_data.tsv
B_power	Se0.9_Sp0.7		kappa	0.5268120786056747				outputs_round8/figures/fig3_source_data.tsv
B_power_n	Se0.9_Sp0.7	2000	kappa	0.5268120786056747				outputs_round8/figures/fig3_source_data.tsv
B_power	Se0.9_Sp0.7		kappa	0.4946627688533718				outputs_round8/figures/fig3_source_data.tsv
B_power_n	Se0.9_Sp0.7	2500	kappa	0.4946627688533718				outputs_round8/figures/fig3_source_data.tsv
B_power	Se0.9_Sp0.7		kappa	0.4656375974317328				outputs_round8/figures/fig3_source_data.tsv
B_power_n	Se0.9_Sp0.7	3000	kappa	0.4656375974317328				outputs_round8/figures/fig3_source_data.tsv
B_power	Se0.9_Sp0.7		kappa	0.4395377097499807				outputs_round8/figures/fig3_source_data.tsv
B_power_n	Se0.9_Sp0.7	3500	kappa	0.4395377097499807				outputs_round8/figures/fig3_source_data.tsv
B_power	Se0.9_Sp0.7		kappa	0.4160448815699695				outputs_round8/figures/fig3_source_data.tsv
B_power_n	Se0.9_Sp0.7	4000	kappa	0.4160448815699695				outputs_round8/figures/fig3_source_data.tsv
B_power	Se0.9_Sp0.7		kappa	0.3948377877827382				outputs_round8/figures/fig3_source_data.tsv
B_power_n	Se0.9_Sp0.7	4500	kappa	0.3948377877827382				outputs_round8/figures/fig3_source_data.tsv
B_power	Se0.9_Sp0.7		kappa	0.3756256218340128				outputs_round8/figures/fig3_source_data.tsv
B_power_n	Se0.9_Sp0.7	5000	kappa	0.3756256218340128				outputs_round8/figures/fig3_source_data.tsv
B_power	Se0.9_Sp0.7		kappa	0.3581552460258399				outputs_round8/figures/fig3_source_data.tsv
B_power_n	Se0.9_Sp0.7	5500	kappa	0.3581552460258399				outputs_round8/figures/fig3_source_data.tsv
B_power	Se0.9_Sp0.7		kappa	0.3422095875559687				outputs_round8/figures/fig3_source_data.tsv
B_power_n	Se0.9_Sp0.7	6000	kappa	0.3422095875559687				outputs_round8/figures/fig3_source_data.tsv
B_power	Se0.9_Sp0.7		kappa	0.3276034147838295				outputs_round8/figures/fig3_source_data.tsv
B_power_n	Se0.9_Sp0.7	6500	kappa	0.3276034147838295				outputs_round8/figures/fig3_source_data.tsv
B_power	Se0.9_Sp0.7		kappa	0.314178699916219				outputs_round8/figures/fig3_source_data.tsv
B_power_n	Se0.9_Sp0.7	7000	kappa	0.314178699916219				outputs_round8/figures/fig3_source_data.tsv
B_power	Se0.9_Sp0.7		kappa	0.3018003362241731				outputs_round8/figures/fig3_source_data.tsv
B_power_n	Se0.9_Sp0.7	7500	kappa	0.3018003362241731				outputs_round8/figures/fig3_source_data.tsv
B_power	Se0.9_Sp0.7		kappa	0.2903524305121367				outputs_round8/figures/fig3_source_data.tsv
B_power_n	Se0.9_Sp0.7	8000	kappa	0.2903524305121367				outputs_round8/figures/fig3_source_data.tsv
B_power	Se0.9_Sp0.7		kappa	0.279735184025789				outputs_round8/figures/fig3_source_data.tsv
B_power_n	Se0.9_Sp0.7	8500	kappa	0.279735184025789				outputs_round8/figures/fig3_source_data.tsv
B_power	Se0.9_Sp0.7		kappa	0.2698623021933683				outputs_round8/figures/fig3_source_data.tsv
B_power_n	Se0.9_Sp0.7	9000	kappa	0.2698623021933683				outputs_round8/figures/fig3_source_data.tsv
B_power	Se0.9_Sp0.7		kappa	0.2606588547403886				outputs_round8/figures/fig3_source_data.tsv
B_power_n	Se0.9_Sp0.7	9500	kappa	0.2606588547403886				outputs_round8/figures/fig3_source_data.tsv
B_power	Se0.9_Sp0.7		kappa	0.2520595097675532				outputs_round8/figures/fig3_source_data.tsv
B_power_n	Se0.9_Sp0.7	10000	kappa	0.2520595097675532				outputs_round8/figures/fig3_source_data.tsv
B_power	Se0.9_Sp0.7		kappa	0.244007074610346				outputs_round8/figures/fig3_source_data.tsv
B_power_n	Se0.9_Sp0.7	10500	kappa	0.244007074610346				outputs_round8/figures/fig3_source_data.tsv
B_power	Se0.9_Sp0.7		kappa	0.2364512870608942				outputs_round8/figures/fig3_source_data.tsv
B_power_n	Se0.9_Sp0.7	11000	kappa	0.2364512870608942				outputs_round8/figures/fig3_source_data.tsv
B_power	Se0.9_Sp0.7		kappa	0.2293478106333983				outputs_round8/figures/fig3_source_data.tsv
B_power_n	Se0.9_Sp0.7	11500	kappa	0.2293478106333983				outputs_round8/figures/fig3_source_data.tsv
B_power	Se0.9_Sp0.7		kappa	0.2226573962743447				outputs_round8/figures/fig3_source_data.tsv
B_power_n	Se0.9_Sp0.7	12000	kappa	0.2226573962743447				outputs_round8/figures/fig3_source_data.tsv
B_power	Se0.9_Sp0.7		kappa	0.2163451801529947				outputs_round8/figures/fig3_source_data.tsv
B_power_n	Se0.9_Sp0.7	12500	kappa	0.2163451801529947				outputs_round8/figures/fig3_source_data.tsv
B_power	Se0.9_Sp0.7		kappa	0.210380093047747				outputs_round8/figures/fig3_source_data.tsv
B_power_n	Se0.9_Sp0.7	13000	kappa	0.210380093047747				outputs_round8/figures/fig3_source_data.tsv
B_power	Se0.9_Sp0.7		kappa	0.204734361573202				outputs_round8/figures/fig3_source_data.tsv
B_power_n	Se0.9_Sp0.7	13500	kappa	0.204734361573202				outputs_round8/figures/fig3_source_data.tsv
B_power	Se0.9_Sp0.7		kappa	0.199383085277318				outputs_round8/figures/fig3_source_data.tsv
B_power_n	Se0.9_Sp0.7	14000	kappa	0.199383085277318				outputs_round8/figures/fig3_source_data.tsv
B_power	Se0.9_Sp0.7		kappa	0.1943038766616868				outputs_round8/figures/fig3_source_data.tsv
B_power_n	Se0.9_Sp0.7	14500	kappa	0.1943038766616868				outputs_round8/figures/fig3_source_data.tsv
B_power	Se0.9_Sp0.7		kappa	0.1894765535945134				outputs_round8/figures/fig3_source_data.tsv
B_power_n	Se0.9_Sp0.7	15000	kappa	0.1894765535945134				outputs_round8/figures/fig3_source_data.tsv
B_power	Se0.9_Sp0.7		kappa	0.1848828755206				outputs_round8/figures/fig3_source_data.tsv
B_power_n	Se0.9_Sp0.7	15500	kappa	0.1848828755206				outputs_round8/figures/fig3_source_data.tsv
B_power	Se0.9_Sp0.7		kappa	0.1805063164254233				outputs_round8/figures/fig3_source_data.tsv
B_power_n	Se0.9_Sp0.7	16000	kappa	0.1805063164254233				outputs_round8/figures/fig3_source_data.tsv
B_power	Se0.9_Sp0.7		kappa	0.1763318687605349				outputs_round8/figures/fig3_source_data.tsv
B_power_n	Se0.9_Sp0.7	16500	kappa	0.1763318687605349				outputs_round8/figures/fig3_source_data.tsv
B_power	Se0.9_Sp0.7		kappa	0.1723458735473701				outputs_round8/figures/fig3_source_data.tsv
B_power_n	Se0.9_Sp0.7	17000	kappa	0.1723458735473701				outputs_round8/figures/fig3_source_data.tsv
B_power	Se0.9_Sp0.7		kappa	0.168535872695272				outputs_round8/figures/fig3_source_data.tsv
B_power_n	Se0.9_Sp0.7	17500	kappa	0.168535872695272				outputs_round8/figures/fig3_source_data.tsv
B_power	Se0.9_Sp0.7		kappa	0.1648904802356972				outputs_round8/figures/fig3_source_data.tsv
B_power_n	Se0.9_Sp0.7	18000	kappa	0.1648904802356972				outputs_round8/figures/fig3_source_data.tsv
B_power	Se0.9_Sp0.7		kappa	0.1613992697187073				outputs_round8/figures/fig3_source_data.tsv
B_power_n	Se0.9_Sp0.7	18500	kappa	0.1613992697187073				outputs_round8/figures/fig3_source_data.tsv
B_power	Se0.9_Sp0.7		kappa	0.158052675463868				outputs_round8/figures/fig3_source_data.tsv
B_power_n	Se0.9_Sp0.7	19000	kappa	0.158052675463868				outputs_round8/figures/fig3_source_data.tsv
B_power	Se0.9_Sp0.7		kappa	0.1548419057247341				outputs_round8/figures/fig3_source_data.tsv
B_power_n	Se0.9_Sp0.7	19500	kappa	0.1548419057247341				outputs_round8/figures/fig3_source_data.tsv
B_power	Se0.9_Sp0.7		kappa	0.1517588661291677				outputs_round8/figures/fig3_source_data.tsv
B_power_n	Se0.9_Sp0.7	20000	kappa	0.1517588661291677				outputs_round8/figures/fig3_source_data.tsv
B_power	Se0.9_Sp0.8		kappa	0.0				outputs_round8/figures/fig3_source_data.tsv
B_power_n	Se0.9_Sp0.8	0	kappa	0.0				outputs_round8/figures/fig3_source_data.tsv
B_power	Se0.9_Sp0.8		kappa	0.0674989921744105				outputs_round8/figures/fig3_source_data.tsv
B_power_n	Se0.9_Sp0.8	5	kappa	0.0674989921744105				outputs_round8/figures/fig3_source_data.tsv
B_power	Se0.9_Sp0.8		kappa	0.1247538246107995				outputs_round8/figures/fig3_source_data.tsv
B_power_n	Se0.9_Sp0.8	10	kappa	0.1247538246107995				outputs_round8/figures/fig3_source_data.tsv
B_power	Se0.9_Sp0.8		kappa	0.1739169770877087				outputs_round8/figures/fig3_source_data.tsv
B_power_n	Se0.9_Sp0.8	15	kappa	0.1739169770877087				outputs_round8/figures/fig3_source_data.tsv
B_power	Se0.9_Sp0.8		kappa	0.2165774010711874				outputs_round8/figures/fig3_source_data.tsv
B_power_n	Se0.9_Sp0.8	20	kappa	0.2165774010711874				outputs_round8/figures/fig3_source_data.tsv
B_power	Se0.9_Sp0.8		kappa	0.2539336084026716				outputs_round8/figures/fig3_source_data.tsv
B_power_n	Se0.9_Sp0.8	25	kappa	0.2539336084026716				outputs_round8/figures/fig3_source_data.tsv
B_power	Se0.9_Sp0.8		kappa	0.286906654879652				outputs_round8/figures/fig3_source_data.tsv
B_power_n	Se0.9_Sp0.8	30	kappa	0.286906654879652				outputs_round8/figures/fig3_source_data.tsv
B_power	Se0.9_Sp0.8		kappa	0.316216036670432				outputs_round8/figures/fig3_source_data.tsv
B_power_n	Se0.9_Sp0.8	35	kappa	0.316216036670432				outputs_round8/figures/fig3_source_data.tsv
B_power	Se0.9_Sp0.8		kappa	0.3424319657979116				outputs_round8/figures/fig3_source_data.tsv
B_power_n	Se0.9_Sp0.8	40	kappa	0.3424319657979116				outputs_round8/figures/fig3_source_data.tsv
B_power	Se0.9_Sp0.8		kappa	0.3660121784364291				outputs_round8/figures/fig3_source_data.tsv
B_power_n	Se0.9_Sp0.8	45	kappa	0.3660121784364291				outputs_round8/figures/fig3_source_data.tsv
B_power	Se0.9_Sp0.8		kappa	0.3873283642467559				outputs_round8/figures/fig3_source_data.tsv
B_power_n	Se0.9_Sp0.8	50	kappa	0.3873283642467559				outputs_round8/figures/fig3_source_data.tsv
B_power	Se0.9_Sp0.8		kappa	0.406685477848779				outputs_round8/figures/fig3_source_data.tsv
B_power_n	Se0.9_Sp0.8	55	kappa	0.406685477848779				outputs_round8/figures/fig3_source_data.tsv
B_power	Se0.9_Sp0.8		kappa	0.4243360728112478				outputs_round8/figures/fig3_source_data.tsv
B_power_n	Se0.9_Sp0.8	60	kappa	0.4243360728112478				outputs_round8/figures/fig3_source_data.tsv
B_power	Se0.9_Sp0.8		kappa	0.4404910932652133				outputs_round8/figures/fig3_source_data.tsv
B_power_n	Se0.9_Sp0.8	65	kappa	0.4404910932652133				outputs_round8/figures/fig3_source_data.tsv
B_power	Se0.9_Sp0.8		kappa	0.4553281040749954				outputs_round8/figures/fig3_source_data.tsv
B_power_n	Se0.9_Sp0.8	70	kappa	0.4553281040749954				outputs_round8/figures/fig3_source_data.tsv
B_power	Se0.9_Sp0.8		kappa	0.4689976418746022				outputs_round8/figures/fig3_source_data.tsv
B_power_n	Se0.9_Sp0.8	75	kappa	0.4689976418746022				outputs_round8/figures/fig3_source_data.tsv
B_power	Se0.9_Sp0.8		kappa	0.4816281691769541				outputs_round8/figures/fig3_source_data.tsv
B_power_n	Se0.9_Sp0.8	80	kappa	0.4816281691769541				outputs_round8/figures/fig3_source_data.tsv
B_power	Se0.9_Sp0.8		kappa	0.4933299773470929				outputs_round8/figures/fig3_source_data.tsv
B_power_n	Se0.9_Sp0.8	85	kappa	0.4933299773470929				outputs_round8/figures/fig3_source_data.tsv
B_power	Se0.9_Sp0.8		kappa	0.5041982897475649				outputs_round8/figures/fig3_source_data.tsv
B_power_n	Se0.9_Sp0.8	90	kappa	0.5041982897475649				outputs_round8/figures/fig3_source_data.tsv
B_power	Se0.9_Sp0.8		kappa	0.5143157499652701				outputs_round8/figures/fig3_source_data.tsv
B_power_n	Se0.9_Sp0.8	95	kappa	0.5143157499652701				outputs_round8/figures/fig3_source_data.tsv
B_power	Se0.9_Sp0.8		kappa	0.5237544327355956				outputs_round8/figures/fig3_source_data.tsv
B_power_n	Se0.9_Sp0.8	100	kappa	0.5237544327355956				outputs_round8/figures/fig3_source_data.tsv
B_power	Se0.9_Sp0.8		kappa	0.5325774810726142				outputs_round8/figures/fig3_source_data.tsv
B_power_n	Se0.9_Sp0.8	105	kappa	0.5325774810726142				outputs_round8/figures/fig3_source_data.tsv
B_power	Se0.9_Sp0.8		kappa	0.5408404482311867				outputs_round8/figures/fig3_source_data.tsv
B_power_n	Se0.9_Sp0.8	110	kappa	0.5408404482311867				outputs_round8/figures/fig3_source_data.tsv
B_power	Se0.9_Sp0.8		kappa	0.5485924047769546				outputs_round8/figures/fig3_source_data.tsv
B_power_n	Se0.9_Sp0.8	115	kappa	0.5485924047769546				outputs_round8/figures/fig3_source_data.tsv
B_power	Se0.9_Sp0.8		kappa	0.5558768573716524				outputs_round8/figures/fig3_source_data.tsv
B_power_n	Se0.9_Sp0.8	120	kappa	0.5558768573716524				outputs_round8/figures/fig3_source_data.tsv
B_power	Se0.9_Sp0.8		kappa	0.5627325156034985				outputs_round8/figures/fig3_source_data.tsv
B_power_n	Se0.9_Sp0.8	125	kappa	0.5627325156034985				outputs_round8/figures/fig3_source_data.tsv
B_power	Se0.9_Sp0.8		kappa	0.5691939353960418				outputs_round8/figures/fig3_source_data.tsv
B_power_n	Se0.9_Sp0.8	130	kappa	0.5691939353960418				outputs_round8/figures/fig3_source_data.tsv
B_power	Se0.9_Sp0.8		kappa	0.5752920615655358				outputs_round8/figures/fig3_source_data.tsv
B_power_n	Se0.9_Sp0.8	135	kappa	0.5752920615655358				outputs_round8/figures/fig3_source_data.tsv
B_power	Se0.9_Sp0.8		kappa	0.5810546875000001				outputs_round8/figures/fig3_source_data.tsv
B_power_n	Se0.9_Sp0.8	140	kappa	0.5810546875000001				outputs_round8/figures/fig3_source_data.tsv
B_power	Se0.9_Sp0.8		kappa	0.5865068463633458				outputs_round8/figures/fig3_source_data.tsv
B_power_n	Se0.9_Sp0.8	145	kappa	0.5865068463633458				outputs_round8/figures/fig3_source_data.tsv
B_power	Se0.9_Sp0.8		kappa	0.5916711454365084				outputs_round8/figures/fig3_source_data.tsv
B_power_n	Se0.9_Sp0.8	150	kappa	0.5916711454365084				outputs_round8/figures/fig3_source_data.tsv
B_power	Se0.9_Sp0.8		kappa	0.5965680530103029				outputs_round8/figures/fig3_source_data.tsv
B_power_n	Se0.9_Sp0.8	155	kappa	0.5965680530103029				outputs_round8/figures/fig3_source_data.tsv
B_power	Se0.9_Sp0.8		kappa	0.6012161455044122				outputs_round8/figures/fig3_source_data.tsv
B_power_n	Se0.9_Sp0.8	160	kappa	0.6012161455044122				outputs_round8/figures/fig3_source_data.tsv
B_power	Se0.9_Sp0.8		kappa	0.6056323211003566				outputs_round8/figures/fig3_source_data.tsv
B_power_n	Se0.9_Sp0.8	165	kappa	0.6056323211003566				outputs_round8/figures/fig3_source_data.tsv
B_power	Se0.9_Sp0.8		kappa	0.6098319850653392				outputs_round8/figures/fig3_source_data.tsv
B_power_n	Se0.9_Sp0.8	170	kappa	0.6098319850653392				outputs_round8/figures/fig3_source_data.tsv
B_power	Se0.9_Sp0.8		kappa	0.613829211048926				outputs_round8/figures/fig3_source_data.tsv
B_power_n	Se0.9_Sp0.8	175	kappa	0.613829211048926				outputs_round8/figures/fig3_source_data.tsv
B_power	Se0.9_Sp0.8		kappa	0.6176368819100031				outputs_round8/figures/fig3_source_data.tsv
B_power_n	Se0.9_Sp0.8	180	kappa	0.6176368819100031				outputs_round8/figures/fig3_source_data.tsv
B_power	Se0.9_Sp0.8		kappa	0.6212668130419469				outputs_round8/figures/fig3_source_data.tsv
B_power_n	Se0.9_Sp0.8	185	kappa	0.6212668130419469				outputs_round8/figures/fig3_source_data.tsv
B_power	Se0.9_Sp0.8		kappa	0.6247298606821229				outputs_round8/figures/fig3_source_data.tsv
B_power_n	Se0.9_Sp0.8	190	kappa	0.6247298606821229				outputs_round8/figures/fig3_source_data.tsv
B_power	Se0.9_Sp0.8		kappa	0.6280360172962673				outputs_round8/figures/fig3_source_data.tsv
B_power_n	Se0.9_Sp0.8	195	kappa	0.6280360172962673				outputs_round8/figures/fig3_source_data.tsv
B_power	Se0.9_Sp0.8		kappa	0.6311944958021402				outputs_round8/figures/fig3_source_data.tsv
B_power_n	Se0.9_Sp0.8	200	kappa	0.6311944958021402				outputs_round8/figures/fig3_source_data.tsv
B_power	Se0.9_Sp0.8		kappa	0.6562537913821984				outputs_round8/figures/fig3_source_data.tsv
B_power_n	Se0.9_Sp0.8	250	kappa	0.6562537913821984				outputs_round8/figures/fig3_source_data.tsv
B_power	Se0.9_Sp0.8		kappa	0.6729609203326299				outputs_round8/figures/fig3_source_data.tsv
B_power_n	Se0.9_Sp0.8	300	kappa	0.6729609203326299				outputs_round8/figures/fig3_source_data.tsv
B_power	Se0.9_Sp0.8		kappa	0.6844193937999659				outputs_round8/figures/fig3_source_data.tsv
B_power_n	Se0.9_Sp0.8	350	kappa	0.6844193937999659				outputs_round8/figures/fig3_source_data.tsv
B_power	Se0.9_Sp0.8		kappa	0.6923722685373741				outputs_round8/figures/fig3_source_data.tsv
B_power_n	Se0.9_Sp0.8	400	kappa	0.6923722685373741				outputs_round8/figures/fig3_source_data.tsv
B_power	Se0.9_Sp0.8		kappa	0.6978737981295084				outputs_round8/figures/fig3_source_data.tsv
B_power_n	Se0.9_Sp0.8	450	kappa	0.6978737981295084				outputs_round8/figures/fig3_source_data.tsv
B_power	Se0.9_Sp0.8		kappa	0.7015989380841047				outputs_round8/figures/fig3_source_data.tsv
B_power_n	Se0.9_Sp0.8	500	kappa	0.7015989380841047				outputs_round8/figures/fig3_source_data.tsv
B_power	Se0.9_Sp0.8		kappa	0.7039997295559266				outputs_round8/figures/fig3_source_data.tsv
B_power_n	Se0.9_Sp0.8	550	kappa	0.7039997295559266				outputs_round8/figures/fig3_source_data.tsv
B_power	Se0.9_Sp0.8		kappa	0.7053902086532384				outputs_round8/figures/fig3_source_data.tsv
B_power_n	Se0.9_Sp0.8	600	kappa	0.7053902086532384				outputs_round8/figures/fig3_source_data.tsv
B_power	Se0.9_Sp0.8		kappa	0.7059952551173087				outputs_round8/figures/fig3_source_data.tsv
B_power_n	Se0.9_Sp0.8	650	kappa	0.7059952551173087				outputs_round8/figures/fig3_source_data.tsv
B_power	Se0.9_Sp0.8		kappa	0.705980066445183				outputs_round8/figures/fig3_source_data.tsv
B_power_n	Se0.9_Sp0.8	700	kappa	0.705980066445183				outputs_round8/figures/fig3_source_data.tsv
B_power	Se0.9_Sp0.8		kappa	0.7054686666331673				outputs_round8/figures/fig3_source_data.tsv
B_power_n	Se0.9_Sp0.8	750	kappa	0.7054686666331673				outputs_round8/figures/fig3_source_data.tsv
B_power	Se0.9_Sp0.8		kappa	0.7045559309991924				outputs_round8/figures/fig3_source_data.tsv
B_power_n	Se0.9_Sp0.8	800	kappa	0.7045559309991924				outputs_round8/figures/fig3_source_data.tsv
B_power	Se0.9_Sp0.8		kappa	0.7033156308310611				outputs_round8/figures/fig3_source_data.tsv
B_power_n	Se0.9_Sp0.8	850	kappa	0.7033156308310611				outputs_round8/figures/fig3_source_data.tsv
B_power	Se0.9_Sp0.8		kappa	0.7018059544448649				outputs_round8/figures/fig3_source_data.tsv
B_power_n	Se0.9_Sp0.8	900	kappa	0.7018059544448649				outputs_round8/figures/fig3_source_data.tsv
B_power	Se0.9_Sp0.8		kappa	0.7000733823050008				outputs_round8/figures/fig3_source_data.tsv
B_power_n	Se0.9_Sp0.8	950	kappa	0.7000733823050008				outputs_round8/figures/fig3_source_data.tsv
B_power	Se0.9_Sp0.8		kappa	0.6981554615369144				outputs_round8/figures/fig3_source_data.tsv
B_power_n	Se0.9_Sp0.8	1000	kappa	0.6981554615369144				outputs_round8/figures/fig3_source_data.tsv
B_power	Se0.9_Sp0.8		kappa	0.6960828280070974				outputs_round8/figures/fig3_source_data.tsv
B_power_n	Se0.9_Sp0.8	1050	kappa	0.6960828280070974				outputs_round8/figures/fig3_source_data.tsv
B_power	Se0.9_Sp0.8		kappa	0.6938807037099863				outputs_round8/figures/fig3_source_data.tsv
B_power_n	Se0.9_Sp0.8	1100	kappa	0.6938807037099863				outputs_round8/figures/fig3_source_data.tsv
B_power	Se0.9_Sp0.8		kappa	0.6915700216902985				outputs_round8/figures/fig3_source_data.tsv
B_power_n	Se0.9_Sp0.8	1150	kappa	0.6915700216902985				outputs_round8/figures/fig3_source_data.tsv
B_power	Se0.9_Sp0.8		kappa	0.6891682822639138				outputs_round8/figures/fig3_source_data.tsv
B_power_n	Se0.9_Sp0.8	1200	kappa	0.6891682822639138				outputs_round8/figures/fig3_source_data.tsv
B_power	Se0.9_Sp0.8		kappa	0.6866902125293844				outputs_round8/figures/fig3_source_data.tsv
B_power_n	Se0.9_Sp0.8	1250	kappa	0.6866902125293844				outputs_round8/figures/fig3_source_data.tsv
B_power	Se0.9_Sp0.8		kappa	0.6841482799315663				outputs_round8/figures/fig3_source_data.tsv
B_power_n	Se0.9_Sp0.8	1300	kappa	0.6841482799315663				outputs_round8/figures/fig3_source_data.tsv
B_power	Se0.9_Sp0.8		kappa	0.6815530962013819				outputs_round8/figures/fig3_source_data.tsv
B_power_n	Se0.9_Sp0.8	1350	kappa	0.6815530962013819				outputs_round8/figures/fig3_source_data.tsv
B_power	Se0.9_Sp0.8		kappa	0.6789137380191695				outputs_round8/figures/fig3_source_data.tsv
B_power_n	Se0.9_Sp0.8	1400	kappa	0.6789137380191695				outputs_round8/figures/fig3_source_data.tsv
B_power	Se0.9_Sp0.8		kappa	0.6762380037528034				outputs_round8/figures/fig3_source_data.tsv
B_power_n	Se0.9_Sp0.8	1450	kappa	0.6762380037528034				outputs_round8/figures/fig3_source_data.tsv
B_power	Se0.9_Sp0.8		kappa	0.6735326206483164				outputs_round8/figures/fig3_source_data.tsv
B_power_n	Se0.9_Sp0.8	1500	kappa	0.6735326206483164				outputs_round8/figures/fig3_source_data.tsv
B_power	Se0.9_Sp0.8		kappa	0.6708034132705455				outputs_round8/figures/fig3_source_data.tsv
B_power_n	Se0.9_Sp0.8	1550	kappa	0.6708034132705455				outputs_round8/figures/fig3_source_data.tsv
B_power	Se0.9_Sp0.8		kappa	0.668055441383749				outputs_round8/figures/fig3_source_data.tsv
B_power_n	Se0.9_Sp0.8	1600	kappa	0.668055441383749				outputs_round8/figures/fig3_source_data.tsv
B_power	Se0.9_Sp0.8		kappa	0.665293113542245				outputs_round8/figures/fig3_source_data.tsv
B_power_n	Se0.9_Sp0.8	1650	kappa	0.665293113542245				outputs_round8/figures/fig3_source_data.tsv
B_power	Se0.9_Sp0.8		kappa	0.6625202812330989				outputs_round8/figures/fig3_source_data.tsv
B_power_n	Se0.9_Sp0.8	1700	kappa	0.6625202812330989				outputs_round8/figures/fig3_source_data.tsv
B_power	Se0.9_Sp0.8		kappa	0.6597403173406368				outputs_round8/figures/fig3_source_data.tsv
B_power_n	Se0.9_Sp0.8	1750	kappa	0.6597403173406368				outputs_round8/figures/fig3_source_data.tsv
B_power	Se0.9_Sp0.8		kappa	0.6569561818901971				outputs_round8/figures/fig3_source_data.tsv
B_power_n	Se0.9_Sp0.8	1800	kappa	0.6569561818901971				outputs_round8/figures/fig3_source_data.tsv
B_power	Se0.9_Sp0.8		kappa	0.654170477407973				outputs_round8/figures/fig3_source_data.tsv
B_power_n	Se0.9_Sp0.8	1850	kappa	0.654170477407973				outputs_round8/figures/fig3_source_data.tsv
B_power	Se0.9_Sp0.8		kappa	0.6513854957559316				outputs_round8/figures/fig3_source_data.tsv
B_power_n	Se0.9_Sp0.8	1900	kappa	0.6513854957559316				outputs_round8/figures/fig3_source_data.tsv
B_power	Se0.9_Sp0.8		kappa	0.6486032579301518				outputs_round8/figures/fig3_source_data.tsv
B_power_n	Se0.9_Sp0.8	1950	kappa	0.6486032579301518				outputs_round8/figures/fig3_source_data.tsv
B_power	Se0.9_Sp0.8		kappa	0.6458255480213551				outputs_round8/figures/fig3_source_data.tsv
B_power_n	Se0.9_Sp0.8	2000	kappa	0.6458255480213551				outputs_round8/figures/fig3_source_data.tsv
B_power	Se0.9_Sp0.8		kappa	0.6185685210553894				outputs_round8/figures/fig3_source_data.tsv
B_power_n	Se0.9_Sp0.8	2500	kappa	0.6185685210553894				outputs_round8/figures/fig3_source_data.tsv
B_power	Se0.9_Sp0.8		kappa	0.5927216907202411				outputs_round8/figures/fig3_source_data.tsv
B_power_n	Se0.9_Sp0.8	3000	kappa	0.5927216907202411				outputs_round8/figures/fig3_source_data.tsv
B_power	Se0.9_Sp0.8		kappa	0.5685292768689804				outputs_round8/figures/fig3_source_data.tsv
B_power_n	Se0.9_Sp0.8	3500	kappa	0.5685292768689804				outputs_round8/figures/fig3_source_data.tsv
B_power	Se0.9_Sp0.8		kappa	0.5459928516230017				outputs_round8/figures/fig3_source_data.tsv
B_power_n	Se0.9_Sp0.8	4000	kappa	0.5459928516230017				outputs_round8/figures/fig3_source_data.tsv
B_power	Se0.9_Sp0.8		kappa	0.525026177775811				outputs_round8/figures/fig3_source_data.tsv
B_power_n	Se0.9_Sp0.8	4500	kappa	0.525026177775811				outputs_round8/figures/fig3_source_data.tsv
B_power	Se0.9_Sp0.8		kappa	0.5055136795764223				outputs_round8/figures/fig3_source_data.tsv
B_power_n	Se0.9_Sp0.8	5000	kappa	0.5055136795764223				outputs_round8/figures/fig3_source_data.tsv
B_power	Se0.9_Sp0.8		kappa	0.4873343073991846				outputs_round8/figures/fig3_source_data.tsv
B_power_n	Se0.9_Sp0.8	5500	kappa	0.4873343073991846				outputs_round8/figures/fig3_source_data.tsv
B_power	Se0.9_Sp0.8		kappa	0.4703714899539264				outputs_round8/figures/fig3_source_data.tsv
B_power_n	Se0.9_Sp0.8	6000	kappa	0.4703714899539264				outputs_round8/figures/fig3_source_data.tsv
B_power	Se0.9_Sp0.8		kappa	0.4545170660686245				outputs_round8/figures/fig3_source_data.tsv
B_power_n	Se0.9_Sp0.8	6500	kappa	0.4545170660686245				outputs_round8/figures/fig3_source_data.tsv
B_power	Se0.9_Sp0.8		kappa	0.4396724994088436				outputs_round8/figures/fig3_source_data.tsv
B_power_n	Se0.9_Sp0.8	7000	kappa	0.4396724994088436				outputs_round8/figures/fig3_source_data.tsv
B_power	Se0.9_Sp0.8		kappa	0.4257488545839542				outputs_round8/figures/fig3_source_data.tsv
B_power_n	Se0.9_Sp0.8	7500	kappa	0.4257488545839542				outputs_round8/figures/fig3_source_data.tsv
B_power	Se0.9_Sp0.8		kappa	0.4126662275792322				outputs_round8/figures/fig3_source_data.tsv
B_power_n	Se0.9_Sp0.8	8000	kappa	0.4126662275792322				outputs_round8/figures/fig3_source_data.tsv
B_power	Se0.9_Sp0.8		kappa	0.4003529642460293				outputs_round8/figures/fig3_source_data.tsv
B_power_n	Se0.9_Sp0.8	8500	kappa	0.4003529642460293				outputs_round8/figures/fig3_source_data.tsv
B_power	Se0.9_Sp0.8		kappa	0.3887448286618964				outputs_round8/figures/fig3_source_data.tsv
B_power_n	Se0.9_Sp0.8	9000	kappa	0.3887448286618964				outputs_round8/figures/fig3_source_data.tsv
B_power	Se0.9_Sp0.8		kappa	0.3777841981704042				outputs_round8/figures/fig3_source_data.tsv
B_power_n	Se0.9_Sp0.8	9500	kappa	0.3777841981704042				outputs_round8/figures/fig3_source_data.tsv
B_power	Se0.9_Sp0.8		kappa	0.367419319040119				outputs_round8/figures/fig3_source_data.tsv
B_power_n	Se0.9_Sp0.8	10000	kappa	0.367419319040119				outputs_round8/figures/fig3_source_data.tsv
B_power	Se0.9_Sp0.8		kappa	0.3576036349357716				outputs_round8/figures/fig3_source_data.tsv
B_power_n	Se0.9_Sp0.8	10500	kappa	0.3576036349357716				outputs_round8/figures/fig3_source_data.tsv
B_power	Se0.9_Sp0.8		kappa	0.3482951895048162				outputs_round8/figures/fig3_source_data.tsv
B_power_n	Se0.9_Sp0.8	11000	kappa	0.3482951895048162				outputs_round8/figures/fig3_source_data.tsv
B_power	Se0.9_Sp0.8		kappa	0.3394560991609393				outputs_round8/figures/fig3_source_data.tsv
B_power_n	Se0.9_Sp0.8	11500	kappa	0.3394560991609393				outputs_round8/figures/fig3_source_data.tsv
B_power	Se0.9_Sp0.8		kappa	0.3310520899004469				outputs_round8/figures/fig3_source_data.tsv
B_power_n	Se0.9_Sp0.8	12000	kappa	0.3310520899004469				outputs_round8/figures/fig3_source_data.tsv
B_power	Se0.9_Sp0.8		kappa	0.3230520912926435				outputs_round8/figures/fig3_source_data.tsv
B_power_n	Se0.9_Sp0.8	12500	kappa	0.3230520912926435				outputs_round8/figures/fig3_source_data.tsv
B_power	Se0.9_Sp0.8		kappa	0.315427880876908				outputs_round8/figures/fig3_source_data.tsv
B_power_n	Se0.9_Sp0.8	13000	kappa	0.315427880876908				outputs_round8/figures/fig3_source_data.tsv
B_power	Se0.9_Sp0.8		kappa	0.308153772664805				outputs_round8/figures/fig3_source_data.tsv
B_power_n	Se0.9_Sp0.8	13500	kappa	0.308153772664805				outputs_round8/figures/fig3_source_data.tsv
B_power	Se0.9_Sp0.8		kappa	0.3012063440637038				outputs_round8/figures/fig3_source_data.tsv
B_power_n	Se0.9_Sp0.8	14000	kappa	0.3012063440637038				outputs_round8/figures/fig3_source_data.tsv
B_power	Se0.9_Sp0.8		kappa	0.2945641961920213				outputs_round8/figures/fig3_source_data.tsv
B_power_n	Se0.9_Sp0.8	14500	kappa	0.2945641961920213				outputs_round8/figures/fig3_source_data.tsv
B_power	Se0.9_Sp0.8		kappa	0.2882077431859799				outputs_round8/figures/fig3_source_data.tsv
B_power_n	Se0.9_Sp0.8	15000	kappa	0.2882077431859799				outputs_round8/figures/fig3_source_data.tsv
B_power	Se0.9_Sp0.8		kappa	0.2821190266761383				outputs_round8/figures/fig3_source_data.tsv
B_power_n	Se0.9_Sp0.8	15500	kappa	0.2821190266761383				outputs_round8/figures/fig3_source_data.tsv
B_power	Se0.9_Sp0.8		kappa	0.2762815521285329				outputs_round8/figures/fig3_source_data.tsv
B_power_n	Se0.9_Sp0.8	16000	kappa	0.2762815521285329				outputs_round8/figures/fig3_source_data.tsv
B_power	Se0.9_Sp0.8		kappa	0.2706801441988918				outputs_round8/figures/fig3_source_data.tsv
B_power_n	Se0.9_Sp0.8	16500	kappa	0.2706801441988918				outputs_round8/figures/fig3_source_data.tsv
B_power	Se0.9_Sp0.8		kappa	0.2653008186425259				outputs_round8/figures/fig3_source_data.tsv
B_power_n	Se0.9_Sp0.8	17000	kappa	0.2653008186425259				outputs_round8/figures/fig3_source_data.tsv
B_power	Se0.9_Sp0.8		kappa	0.2601306686626044				outputs_round8/figures/fig3_source_data.tsv
B_power_n	Se0.9_Sp0.8	17500	kappa	0.2601306686626044				outputs_round8/figures/fig3_source_data.tsv
B_power	Se0.9_Sp0.8		kappa	0.2551577638718248				outputs_round8/figures/fig3_source_data.tsv
B_power_n	Se0.9_Sp0.8	18000	kappa	0.2551577638718248				outputs_round8/figures/fig3_source_data.tsv
B_power	Se0.9_Sp0.8		kappa	0.2503710602930485				outputs_round8/figures/fig3_source_data.tsv
B_power_n	Se0.9_Sp0.8	18500	kappa	0.2503710602930485				outputs_round8/figures/fig3_source_data.tsv
B_power	Se0.9_Sp0.8		kappa	0.2457603200390358				outputs_round8/figures/fig3_source_data.tsv
B_power_n	Se0.9_Sp0.8	19000	kappa	0.2457603200390358				outputs_round8/figures/fig3_source_data.tsv
B_power	Se0.9_Sp0.8		kappa	0.241316039495042				outputs_round8/figures/fig3_source_data.tsv
B_power_n	Se0.9_Sp0.8	19500	kappa	0.241316039495042				outputs_round8/figures/fig3_source_data.tsv
B_power	Se0.9_Sp0.8		kappa	0.2370293849852896				outputs_round8/figures/fig3_source_data.tsv
B_power_n	Se0.9_Sp0.8	20000	kappa	0.2370293849852896				outputs_round8/figures/fig3_source_data.tsv
B_power	Se0.9_Sp0.9		kappa	0.0				outputs_round8/figures/fig3_source_data.tsv
B_power_n	Se0.9_Sp0.9	0	kappa	0.0				outputs_round8/figures/fig3_source_data.tsv
B_power	Se0.9_Sp0.9		kappa	0.0767734970146434				outputs_round8/figures/fig3_source_data.tsv
B_power_n	Se0.9_Sp0.9	5	kappa	0.0767734970146434				outputs_round8/figures/fig3_source_data.tsv
B_power	Se0.9_Sp0.9		kappa	0.1413296417397492				outputs_round8/figures/fig3_source_data.tsv
B_power_n	Se0.9_Sp0.9	10	kappa	0.1413296417397492				outputs_round8/figures/fig3_source_data.tsv
B_power	Se0.9_Sp0.9		kappa	0.1963613674822889				outputs_round8/figures/fig3_source_data.tsv
B_power_n	Se0.9_Sp0.9	15	kappa	0.1963613674822889				outputs_round8/figures/fig3_source_data.tsv
B_power	Se0.9_Sp0.9		kappa	0.2438243542624437				outputs_round8/figures/fig3_source_data.tsv
B_power_n	Se0.9_Sp0.9	20	kappa	0.2438243542624437				outputs_round8/figures/fig3_source_data.tsv
B_power	Se0.9_Sp0.9		kappa	0.2851731670621997				outputs_round8/figures/fig3_source_data.tsv
B_power_n	Se0.9_Sp0.9	25	kappa	0.2851731670621997				outputs_round8/figures/fig3_source_data.tsv
B_power	Se0.9_Sp0.9		kappa	0.3215120975118272				outputs_round8/figures/fig3_source_data.tsv
B_power_n	Se0.9_Sp0.9	30	kappa	0.3215120975118272				outputs_round8/figures/fig3_source_data.tsv
B_power	Se0.9_Sp0.9		kappa	0.3536946133090604				outputs_round8/figures/fig3_source_data.tsv
B_power_n	Se0.9_Sp0.9	35	kappa	0.3536946133090604				outputs_round8/figures/fig3_source_data.tsv
B_power	Se0.9_Sp0.9		kappa	0.3823907455012849				outputs_round8/figures/fig3_source_data.tsv
B_power_n	Se0.9_Sp0.9	40	kappa	0.3823907455012849				outputs_round8/figures/fig3_source_data.tsv
B_power	Se0.9_Sp0.9		kappa	0.4081338581880129				outputs_round8/figures/fig3_source_data.tsv
B_power_n	Se0.9_Sp0.9	45	kappa	0.4081338581880129				outputs_round8/figures/fig3_source_data.tsv
B_power	Se0.9_Sp0.9		kappa	0.431353803004524				outputs_round8/figures/fig3_source_data.tsv
B_power_n	Se0.9_Sp0.9	50	kappa	0.431353803004524				outputs_round8/figures/fig3_source_data.tsv
B_power	Se0.9_Sp0.9		kappa	0.4524008685560981				outputs_round8/figures/fig3_source_data.tsv
B_power_n	Se0.9_Sp0.9	55	kappa	0.4524008685560981				outputs_round8/figures/fig3_source_data.tsv
B_power	Se0.9_Sp0.9		kappa	0.4715633745841212				outputs_round8/figures/fig3_source_data.tsv
B_power_n	Se0.9_Sp0.9	60	kappa	0.4715633745841212				outputs_round8/figures/fig3_source_data.tsv
B_power	Se0.9_Sp0.9		kappa	0.4890807950526807				outputs_round8/figures/fig3_source_data.tsv
B_power_n	Se0.9_Sp0.9	65	kappa	0.4890807950526807				outputs_round8/figures/fig3_source_data.tsv
B_power	Se0.9_Sp0.9		kappa	0.5051536818646115				outputs_round8/figures/fig3_source_data.tsv
B_power_n	Se0.9_Sp0.9	70	kappa	0.5051536818646115				outputs_round8/figures/fig3_source_data.tsv
B_power	Se0.9_Sp0.9		kappa	0.519951263671819				outputs_round8/figures/fig3_source_data.tsv
B_power_n	Se0.9_Sp0.9	75	kappa	0.519951263671819				outputs_round8/figures/fig3_source_data.tsv
B_power	Se0.9_Sp0.9		kappa	0.5336173313528209				outputs_round8/figures/fig3_source_data.tsv
B_power_n	Se0.9_Sp0.9	80	kappa	0.5336173313528209				outputs_round8/figures/fig3_source_data.tsv
B_power	Se0.9_Sp0.9		kappa	0.5462748445311547				outputs_round8/figures/fig3_source_data.tsv
B_power_n	Se0.9_Sp0.9	85	kappa	0.5462748445311547				outputs_round8/figures/fig3_source_data.tsv
B_power	Se0.9_Sp0.9		kappa	0.5580295720503253				outputs_round8/figures/fig3_source_data.tsv
B_power_n	Se0.9_Sp0.9	90	kappa	0.5580295720503253				outputs_round8/figures/fig3_source_data.tsv
B_power	Se0.9_Sp0.9		kappa	0.5689729947795124				outputs_round8/figures/fig3_source_data.tsv
B_power_n	Se0.9_Sp0.9	95	kappa	0.5689729947795124				outputs_round8/figures/fig3_source_data.tsv
B_power	Se0.9_Sp0.9		kappa	0.5791846394393104				outputs_round8/figures/fig3_source_data.tsv
B_power_n	Se0.9_Sp0.9	100	kappa	0.5791846394393104				outputs_round8/figures/fig3_source_data.tsv
B_power	Se0.9_Sp0.9		kappa	0.5887339694449956				outputs_round8/figures/fig3_source_data.tsv
B_power_n	Se0.9_Sp0.9	105	kappa	0.5887339694449956				outputs_round8/figures/fig3_source_data.tsv
B_power	Se0.9_Sp0.9		kappa	0.5976819278552482				outputs_round8/figures/fig3_source_data.tsv
B_power_n	Se0.9_Sp0.9	110	kappa	0.5976819278552482				outputs_round8/figures/fig3_source_data.tsv
B_power	Se0.9_Sp0.9		kappa	0.6060822048814447				outputs_round8/figures/fig3_source_data.tsv
B_power_n	Se0.9_Sp0.9	115	kappa	0.6060822048814447				outputs_round8/figures/fig3_source_data.tsv
B_power	Se0.9_Sp0.9		kappa	0.6139822856651476				outputs_round8/figures/fig3_source_data.tsv
B_power_n	Se0.9_Sp0.9	120	kappa	0.6139822856651476				outputs_round8/figures/fig3_source_data.tsv
B_power	Se0.9_Sp0.9		kappa	0.6214243215165888				outputs_round8/figures/fig3_source_data.tsv
B_power_n	Se0.9_Sp0.9	125	kappa	0.6214243215165888				outputs_round8/figures/fig3_source_data.tsv
B_power	Se0.9_Sp0.9		kappa	0.6284458583686355				outputs_round8/figures/fig3_source_data.tsv
B_power_n	Se0.9_Sp0.9	130	kappa	0.6284458583686355				outputs_round8/figures/fig3_source_data.tsv
B_power	Se0.9_Sp0.9		kappa	0.6350804490209518				outputs_round8/figures/fig3_source_data.tsv
B_power_n	Se0.9_Sp0.9	135	kappa	0.6350804490209518				outputs_round8/figures/fig3_source_data.tsv
B_power	Se0.9_Sp0.9		kappa	0.6413581702428672				outputs_round8/figures/fig3_source_data.tsv
B_power_n	Se0.9_Sp0.9	140	kappa	0.6413581702428672				outputs_round8/figures/fig3_source_data.tsv
B_power	Se0.9_Sp0.9		kappa	0.6473060615483539				outputs_round8/figures/fig3_source_data.tsv
B_power_n	Se0.9_Sp0.9	145	kappa	0.6473060615483539				outputs_round8/figures/fig3_source_data.tsv
B_power	Se0.9_Sp0.9		kappa	0.6529484991443769				outputs_round8/figures/fig3_source_data.tsv
B_power_n	Se0.9_Sp0.9	150	kappa	0.6529484991443769				outputs_round8/figures/fig3_source_data.tsv
B_power	Se0.9_Sp0.9		kappa	0.6583075159581631				outputs_round8/figures/fig3_source_data.tsv
B_power_n	Se0.9_Sp0.9	155	kappa	0.6583075159581631				outputs_round8/figures/fig3_source_data.tsv
B_power	Se0.9_Sp0.9		kappa	0.6634030766014529				outputs_round8/figures/fig3_source_data.tsv
B_power_n	Se0.9_Sp0.9	160	kappa	0.6634030766014529				outputs_round8/figures/fig3_source_data.tsv
B_power	Se0.9_Sp0.9		kappa	0.6682533145048524				outputs_round8/figures/fig3_source_data.tsv
B_power_n	Se0.9_Sp0.9	165	kappa	0.6682533145048524				outputs_round8/figures/fig3_source_data.tsv
B_power	Se0.9_Sp0.9		kappa	0.6728747371583058				outputs_round8/figures/fig3_source_data.tsv
B_power_n	Se0.9_Sp0.9	170	kappa	0.6728747371583058				outputs_round8/figures/fig3_source_data.tsv
B_power	Se0.9_Sp0.9		kappa	0.6772824043525355				outputs_round8/figures/fig3_source_data.tsv
B_power_n	Se0.9_Sp0.9	175	kappa	0.6772824043525355				outputs_round8/figures/fig3_source_data.tsv
B_power	Se0.9_Sp0.9		kappa	0.6814900834761722				outputs_round8/figures/fig3_source_data.tsv
B_power_n	Se0.9_Sp0.9	180	kappa	0.6814900834761722				outputs_round8/figures/fig3_source_data.tsv
B_power	Se0.9_Sp0.9		kappa	0.6855103852419875				outputs_round8/figures/fig3_source_data.tsv
B_power_n	Se0.9_Sp0.9	185	kappa	0.6855103852419875				outputs_round8/figures/fig3_source_data.tsv
B_power	Se0.9_Sp0.9		kappa	0.6893548826604651				outputs_round8/figures/fig3_source_data.tsv
B_power_n	Se0.9_Sp0.9	190	kappa	0.6893548826604651				outputs_round8/figures/fig3_source_data.tsv
B_power	Se0.9_Sp0.9		kappa	0.6930342156244893				outputs_round8/figures/fig3_source_data.tsv
B_power_n	Se0.9_Sp0.9	195	kappa	0.6930342156244893				outputs_round8/figures/fig3_source_data.tsv
B_power	Se0.9_Sp0.9		kappa	0.6965581830952942				outputs_round8/figures/fig3_source_data.tsv
B_power_n	Se0.9_Sp0.9	200	kappa	0.6965581830952942				outputs_round8/figures/fig3_source_data.tsv
B_power	Se0.9_Sp0.9		kappa	0.7249461430504549				outputs_round8/figures/fig3_source_data.tsv
B_power_n	Se0.9_Sp0.9	250	kappa	0.7249461430504549				outputs_round8/figures/fig3_source_data.tsv
B_power	Se0.9_Sp0.9		kappa	0.7445857199095863				outputs_round8/figures/fig3_source_data.tsv
B_power_n	Se0.9_Sp0.9	300	kappa	0.7445857199095863				outputs_round8/figures/fig3_source_data.tsv
B_power	Se0.9_Sp0.9		kappa	0.7587380401126952				outputs_round8/figures/fig3_source_data.tsv
B_power_n	Se0.9_Sp0.9	350	kappa	0.7587380401126952				outputs_round8/figures/fig3_source_data.tsv
B_power	Se0.9_Sp0.9		kappa	0.7692245537770382				outputs_round8/figures/fig3_source_data.tsv
B_power_n	Se0.9_Sp0.9	400	kappa	0.7692245537770382				outputs_round8/figures/fig3_source_data.tsv
B_power	Se0.9_Sp0.9		kappa	0.7771425046972771				outputs_round8/figures/fig3_source_data.tsv
B_power_n	Se0.9_Sp0.9	450	kappa	0.7771425046972771				outputs_round8/figures/fig3_source_data.tsv
B_power	Se0.9_Sp0.9		kappa	0.7831922983896845				outputs_round8/figures/fig3_source_data.tsv
B_power_n	Se0.9_Sp0.9	500	kappa	0.7831922983896845				outputs_round8/figures/fig3_source_data.tsv
B_power	Se0.9_Sp0.9		kappa	0.7878420148051407				outputs_round8/figures/fig3_source_data.tsv
B_power_n	Se0.9_Sp0.9	550	kappa	0.7878420148051407				outputs_round8/figures/fig3_source_data.tsv
B_power	Se0.9_Sp0.9		kappa	0.7914163470704297				outputs_round8/figures/fig3_source_data.tsv
B_power_n	Se0.9_Sp0.9	600	kappa	0.7914163470704297				outputs_round8/figures/fig3_source_data.tsv
B_power	Se0.9_Sp0.9		kappa	0.7941475891466926				outputs_round8/figures/fig3_source_data.tsv
B_power_n	Se0.9_Sp0.9	650	kappa	0.7941475891466926				outputs_round8/figures/fig3_source_data.tsv
B_power	Se0.9_Sp0.9		kappa	0.7962063111059074				outputs_round8/figures/fig3_source_data.tsv
B_power_n	Se0.9_Sp0.9	700	kappa	0.7962063111059074				outputs_round8/figures/fig3_source_data.tsv
B_power	Se0.9_Sp0.9		kappa	0.7977205749062695				outputs_round8/figures/fig3_source_data.tsv
B_power_n	Se0.9_Sp0.9	750	kappa	0.7977205749062695				outputs_round8/figures/fig3_source_data.tsv
B_power	Se0.9_Sp0.9		kappa	0.7987883923964074				outputs_round8/figures/fig3_source_data.tsv
B_power_n	Se0.9_Sp0.9	800	kappa	0.7987883923964074				outputs_round8/figures/fig3_source_data.tsv
B_power	Se0.9_Sp0.9		kappa	0.7994860446855596				outputs_round8/figures/fig3_source_data.tsv
B_power_n	Se0.9_Sp0.9	850	kappa	0.7994860446855596				outputs_round8/figures/fig3_source_data.tsv
B_power	Se0.9_Sp0.9		kappa	0.7998737827551023				outputs_round8/figures/fig3_source_data.tsv
B_power_n	Se0.9_Sp0.9	900	kappa	0.7998737827551023				outputs_round8/figures/fig3_source_data.tsv
B_power	Se0.9_Sp0.9		kappa	0.799999823087169				outputs_round8/figures/fig3_source_data.tsv
B_power_n	Se0.9_Sp0.9	950	kappa	0.799999823087169				outputs_round8/figures/fig3_source_data.tsv
B_power	Se0.9_Sp0.9		kappa	0.7999032049903207				outputs_round8/figures/fig3_source_data.tsv
B_power_n	Se0.9_Sp0.9	1000	kappa	0.7999032049903207				outputs_round8/figures/fig3_source_data.tsv
B_power	Se0.9_Sp0.9		kappa	0.7996158708071616				outputs_round8/figures/fig3_source_data.tsv
B_power_n	Se0.9_Sp0.9	1050	kappa	0.7996158708071616				outputs_round8/figures/fig3_source_data.tsv
B_power	Se0.9_Sp0.9		kappa	0.7991642048919048				outputs_round8/figures/fig3_source_data.tsv
B_power_n	Se0.9_Sp0.9	1100	kappa	0.7991642048919048				outputs_round8/figures/fig3_source_data.tsv
B_power	Se0.9_Sp0.9		kappa	0.7985701888161152				outputs_round8/figures/fig3_source_data.tsv
B_power_n	Se0.9_Sp0.9	1150	kappa	0.7985701888161152				outputs_round8/figures/fig3_source_data.tsv
B_power	Se0.9_Sp0.9		kappa	0.7978522799969832				outputs_round8/figures/fig3_source_data.tsv
B_power_n	Se0.9_Sp0.9	1200	kappa	0.7978522799969832				outputs_round8/figures/fig3_source_data.tsv
B_power	Se0.9_Sp0.9		kappa	0.7970260880368899				outputs_round8/figures/fig3_source_data.tsv
B_power_n	Se0.9_Sp0.9	1250	kappa	0.7970260880368899				outputs_round8/figures/fig3_source_data.tsv
B_power	Se0.9_Sp0.9		kappa	0.7961049011012058				outputs_round8/figures/fig3_source_data.tsv
B_power_n	Se0.9_Sp0.9	1300	kappa	0.7961049011012058				outputs_round8/figures/fig3_source_data.tsv
B_power	Se0.9_Sp0.9		kappa	0.7951000997432415				outputs_round8/figures/fig3_source_data.tsv
B_power_n	Se0.9_Sp0.9	1350	kappa	0.7951000997432415				outputs_round8/figures/fig3_source_data.tsv
B_power	Se0.9_Sp0.9		kappa	0.7940214852872489				outputs_round8/figures/fig3_source_data.tsv
B_power_n	Se0.9_Sp0.9	1400	kappa	0.7940214852872489				outputs_round8/figures/fig3_source_data.tsv
B_power	Se0.9_Sp0.9		kappa	0.7928775426654879				outputs_round8/figures/fig3_source_data.tsv
B_power_n	Se0.9_Sp0.9	1450	kappa	0.7928775426654879				outputs_round8/figures/fig3_source_data.tsv
B_power	Se0.9_Sp0.9		kappa	0.7916756524809996				outputs_round8/figures/fig3_source_data.tsv
B_power_n	Se0.9_Sp0.9	1500	kappa	0.7916756524809996				outputs_round8/figures/fig3_source_data.tsv
B_power	Se0.9_Sp0.9		kappa	0.7904222633818648				outputs_round8/figures/fig3_source_data.tsv
B_power_n	Se0.9_Sp0.9	1550	kappa	0.7904222633818648				outputs_round8/figures/fig3_source_data.tsv
B_power	Se0.9_Sp0.9		kappa	0.7891230331502131				outputs_round8/figures/fig3_source_data.tsv
B_power_n	Se0.9_Sp0.9	1600	kappa	0.7891230331502131				outputs_round8/figures/fig3_source_data.tsv
B_power	Se0.9_Sp0.9		kappa	0.787782944935562				outputs_round8/figures/fig3_source_data.tsv
B_power_n	Se0.9_Sp0.9	1650	kappa	0.787782944935562				outputs_round8/figures/fig3_source_data.tsv
B_power	Se0.9_Sp0.9		kappa	0.7864064035950008				outputs_round8/figures/fig3_source_data.tsv
B_power_n	Se0.9_Sp0.9	1700	kappa	0.7864064035950008				outputs_round8/figures/fig3_source_data.tsv
B_power	Se0.9_Sp0.9		kappa	0.784997316001824				outputs_round8/figures/fig3_source_data.tsv
B_power_n	Se0.9_Sp0.9	1750	kappa	0.784997316001824				outputs_round8/figures/fig3_source_data.tsv
B_power	Se0.9_Sp0.9		kappa	0.7835591583506483				outputs_round8/figures/fig3_source_data.tsv
B_power_n	Se0.9_Sp0.9	1800	kappa	0.7835591583506483				outputs_round8/figures/fig3_source_data.tsv
B_power	Se0.9_Sp0.9		kappa	0.7820950328505892				outputs_round8/figures/fig3_source_data.tsv
B_power_n	Se0.9_Sp0.9	1850	kappa	0.7820950328505892				outputs_round8/figures/fig3_source_data.tsv
B_power	Se0.9_Sp0.9		kappa	0.780607715708263				outputs_round8/figures/fig3_source_data.tsv
B_power_n	Se0.9_Sp0.9	1900	kappa	0.780607715708263				outputs_round8/figures/fig3_source_data.tsv
B_power	Se0.9_Sp0.9		kappa	0.7790996979226003				outputs_round8/figures/fig3_source_data.tsv
B_power_n	Se0.9_Sp0.9	1950	kappa	0.7790996979226003				outputs_round8/figures/fig3_source_data.tsv
B_power	Se0.9_Sp0.9		kappa	0.7775732201169301				outputs_round8/figures/fig3_source_data.tsv
B_power_n	Se0.9_Sp0.9	2000	kappa	0.7775732201169301				outputs_round8/figures/fig3_source_data.tsv
B_power	Se0.9_Sp0.9		kappa	0.7616563016338168				outputs_round8/figures/fig3_source_data.tsv
B_power_n	Se0.9_Sp0.9	2500	kappa	0.7616563016338168				outputs_round8/figures/fig3_source_data.tsv
B_power	Se0.9_Sp0.9		kappa	0.745274707839789				outputs_round8/figures/fig3_source_data.tsv
B_power_n	Se0.9_Sp0.9	3000	kappa	0.745274707839789				outputs_round8/figures/fig3_source_data.tsv
B_power	Se0.9_Sp0.9		kappa	0.7289801781713318				outputs_round8/figures/fig3_source_data.tsv
B_power_n	Se0.9_Sp0.9	3500	kappa	0.7289801781713318				outputs_round8/figures/fig3_source_data.tsv
B_power	Se0.9_Sp0.9		kappa	0.7130226242378261				outputs_round8/figures/fig3_source_data.tsv
B_power_n	Se0.9_Sp0.9	4000	kappa	0.7130226242378261				outputs_round8/figures/fig3_source_data.tsv
B_power	Se0.9_Sp0.9		kappa	0.6975189070119702				outputs_round8/figures/fig3_source_data.tsv
B_power_n	Se0.9_Sp0.9	4500	kappa	0.6975189070119702				outputs_round8/figures/fig3_source_data.tsv
B_power	Se0.9_Sp0.9		kappa	0.68252103770728				outputs_round8/figures/fig3_source_data.tsv
B_power_n	Se0.9_Sp0.9	5000	kappa	0.68252103770728				outputs_round8/figures/fig3_source_data.tsv
B_power	Se0.9_Sp0.9		kappa	0.6680472466080591				outputs_round8/figures/fig3_source_data.tsv
B_power_n	Se0.9_Sp0.9	5500	kappa	0.6680472466080591				outputs_round8/figures/fig3_source_data.tsv
B_power	Se0.9_Sp0.9		kappa	0.6540974302857188				outputs_round8/figures/fig3_source_data.tsv
B_power_n	Se0.9_Sp0.9	6000	kappa	0.6540974302857188				outputs_round8/figures/fig3_source_data.tsv
B_power	Se0.9_Sp0.9		kappa	0.6406613513585429				outputs_round8/figures/fig3_source_data.tsv
B_power_n	Se0.9_Sp0.9	6500	kappa	0.6406613513585429				outputs_round8/figures/fig3_source_data.tsv
B_power	Se0.9_Sp0.9		kappa	0.6277232109888488				outputs_round8/figures/fig3_source_data.tsv
B_power_n	Se0.9_Sp0.9	7000	kappa	0.6277232109888488				outputs_round8/figures/fig3_source_data.tsv
B_power	Se0.9_Sp0.9		kappa	0.6152642934986472				outputs_round8/figures/fig3_source_data.tsv
B_power_n	Se0.9_Sp0.9	7500	kappa	0.6152642934986472				outputs_round8/figures/fig3_source_data.tsv
B_power	Se0.9_Sp0.9		kappa	0.6032645356177967				outputs_round8/figures/fig3_source_data.tsv
B_power_n	Se0.9_Sp0.9	8000	kappa	0.6032645356177967				outputs_round8/figures/fig3_source_data.tsv
B_power	Se0.9_Sp0.9		kappa	0.5917034720314447				outputs_round8/figures/fig3_source_data.tsv
B_power_n	Se0.9_Sp0.9	8500	kappa	0.5917034720314447				outputs_round8/figures/fig3_source_data.tsv
B_power	Se0.9_Sp0.9		kappa	0.5805608076462727				outputs_round8/figures/fig3_source_data.tsv
B_power_n	Se0.9_Sp0.9	9000	kappa	0.5805608076462727				outputs_round8/figures/fig3_source_data.tsv
B_power	Se0.9_Sp0.9		kappa	0.5698167608160117				outputs_round8/figures/fig3_source_data.tsv
B_power_n	Se0.9_Sp0.9	9500	kappa	0.5698167608160117				outputs_round8/figures/fig3_source_data.tsv
B_power	Se0.9_Sp0.9		kappa	0.5594522633252473				outputs_round8/figures/fig3_source_data.tsv
B_power_n	Se0.9_Sp0.9	10000	kappa	0.5594522633252473				outputs_round8/figures/fig3_source_data.tsv
B_power	Se0.9_Sp0.9		kappa	0.5494490695726411				outputs_round8/figures/fig3_source_data.tsv
B_power_n	Se0.9_Sp0.9	10500	kappa	0.5494490695726411				outputs_round8/figures/fig3_source_data.tsv
B_power	Se0.9_Sp0.9		kappa	0.5397898077457564				outputs_round8/figures/fig3_source_data.tsv
B_power_n	Se0.9_Sp0.9	11000	kappa	0.5397898077457564				outputs_round8/figures/fig3_source_data.tsv
B_power	Se0.9_Sp0.9		kappa	0.5304579938851968				outputs_round8/figures/fig3_source_data.tsv
B_power_n	Se0.9_Sp0.9	11500	kappa	0.5304579938851968				outputs_round8/figures/fig3_source_data.tsv
B_power	Se0.9_Sp0.9		kappa	0.5214380223623148				outputs_round8/figures/fig3_source_data.tsv
B_power_n	Se0.9_Sp0.9	12000	kappa	0.5214380223623148				outputs_round8/figures/fig3_source_data.tsv
B_power	Se0.9_Sp0.9		kappa	0.5127151416285094				outputs_round8/figures/fig3_source_data.tsv
B_power_n	Se0.9_Sp0.9	12500	kappa	0.5127151416285094				outputs_round8/figures/fig3_source_data.tsv
B_power	Se0.9_Sp0.9		kappa	0.5042754210879045				outputs_round8/figures/fig3_source_data.tsv
B_power_n	Se0.9_Sp0.9	13000	kappa	0.5042754210879045				outputs_round8/figures/fig3_source_data.tsv
B_power	Se0.9_Sp0.9		kappa	0.4961057129784483				outputs_round8/figures/fig3_source_data.tsv
B_power_n	Se0.9_Sp0.9	13500	kappa	0.4961057129784483				outputs_round8/figures/fig3_source_data.tsv
B_power	Se0.9_Sp0.9		kappa	0.4881936118430021				outputs_round8/figures/fig3_source_data.tsv
B_power_n	Se0.9_Sp0.9	14000	kappa	0.4881936118430021				outputs_round8/figures/fig3_source_data.tsv
B_power	Se0.9_Sp0.9		kappa	0.4805274132987245				outputs_round8/figures/fig3_source_data.tsv
B_power_n	Se0.9_Sp0.9	14500	kappa	0.4805274132987245				outputs_round8/figures/fig3_source_data.tsv
B_power	Se0.9_Sp0.9		kappa	0.4730960732230798				outputs_round8/figures/fig3_source_data.tsv
B_power_n	Se0.9_Sp0.9	15000	kappa	0.4730960732230798				outputs_round8/figures/fig3_source_data.tsv
B_power	Se0.9_Sp0.9		kappa	0.4658891680736843				outputs_round8/figures/fig3_source_data.tsv
B_power_n	Se0.9_Sp0.9	15500	kappa	0.4658891680736843				outputs_round8/figures/fig3_source_data.tsv
B_power	Se0.9_Sp0.9		kappa	0.4588968567854966				outputs_round8/figures/fig3_source_data.tsv
B_power_n	Se0.9_Sp0.9	16000	kappa	0.4588968567854966				outputs_round8/figures/fig3_source_data.tsv
B_power	Se0.9_Sp0.9		kappa	0.4521098445019013				outputs_round8/figures/fig3_source_data.tsv
B_power_n	Se0.9_Sp0.9	16500	kappa	0.4521098445019013				outputs_round8/figures/fig3_source_data.tsv
B_power	Se0.9_Sp0.9		kappa	0.4455193482688384				outputs_round8/figures/fig3_source_data.tsv
B_power_n	Se0.9_Sp0.9	17000	kappa	0.4455193482688384				outputs_round8/figures/fig3_source_data.tsv
B_power	Se0.9_Sp0.9		kappa	0.4391170647348956				outputs_round8/figures/fig3_source_data.tsv
B_power_n	Se0.9_Sp0.9	17500	kappa	0.4391170647348956				outputs_round8/figures/fig3_source_data.tsv
B_power	Se0.9_Sp0.9		kappa	0.4328951398426113				outputs_round8/figures/fig3_source_data.tsv
B_power_n	Se0.9_Sp0.9	18000	kappa	0.4328951398426113				outputs_round8/figures/fig3_source_data.tsv
B_power	Se0.9_Sp0.9		kappa	0.4268461404585061				outputs_round8/figures/fig3_source_data.tsv
B_power_n	Se0.9_Sp0.9	18500	kappa	0.4268461404585061				outputs_round8/figures/fig3_source_data.tsv
B_power	Se0.9_Sp0.9		kappa	0.4209630278654803				outputs_round8/figures/fig3_source_data.tsv
B_power_n	Se0.9_Sp0.9	19000	kappa	0.4209630278654803				outputs_round8/figures/fig3_source_data.tsv
B_power	Se0.9_Sp0.9		kappa	0.4152391330270363				outputs_round8/figures/fig3_source_data.tsv
B_power_n	Se0.9_Sp0.9	19500	kappa	0.4152391330270363				outputs_round8/figures/fig3_source_data.tsv
B_power	Se0.9_Sp0.9		kappa	0.4096681335253033				outputs_round8/figures/fig3_source_data.tsv
B_power_n	Se0.9_Sp0.9	20000	kappa	0.4096681335253033				outputs_round8/figures/fig3_source_data.tsv
B_power	Se0.9_Sp0.95		kappa	0.0				outputs_round8/figures/fig3_source_data.tsv
B_power_n	Se0.9_Sp0.95	0	kappa	0.0				outputs_round8/figures/fig3_source_data.tsv
B_power	Se0.9_Sp0.95		kappa	0.0813776270859187				outputs_round8/figures/fig3_source_data.tsv
B_power_n	Se0.9_Sp0.95	5	kappa	0.0813776270859187				outputs_round8/figures/fig3_source_data.tsv
B_power	Se0.9_Sp0.95		kappa	0.1495093646591047				outputs_round8/figures/fig3_source_data.tsv
B_power_n	Se0.9_Sp0.95	10	kappa	0.1495093646591047				outputs_round8/figures/fig3_source_data.tsv
B_power	Se0.9_Sp0.95		kappa	0.2073814503972976				outputs_round8/figures/fig3_source_data.tsv
B_power_n	Se0.9_Sp0.95	15	kappa	0.2073814503972976				outputs_round8/figures/fig3_source_data.tsv
B_power	Se0.9_Sp0.95		kappa	0.2571452177726372				outputs_round8/figures/fig3_source_data.tsv
B_power_n	Se0.9_Sp0.95	20	kappa	0.2571452177726372				outputs_round8/figures/fig3_source_data.tsv
B_power	Se0.9_Sp0.95		kappa	0.3003898162952199				outputs_round8/figures/fig3_source_data.tsv
B_power_n	Se0.9_Sp0.95	25	kappa	0.3003898162952199				outputs_round8/figures/fig3_source_data.tsv
B_power	Se0.9_Sp0.95		kappa	0.3383145868551211				outputs_round8/figures/fig3_source_data.tsv
B_power_n	Se0.9_Sp0.95	30	kappa	0.3383145868551211				outputs_round8/figures/fig3_source_data.tsv
B_power	Se0.9_Sp0.95		kappa	0.3718416777908234				outputs_round8/figures/fig3_source_data.tsv
B_power_n	Se0.9_Sp0.95	35	kappa	0.3718416777908234				outputs_round8/figures/fig3_source_data.tsv
B_power	Se0.9_Sp0.95		kappa	0.4016917517175652				outputs_round8/figures/fig3_source_data.tsv
B_power_n	Se0.9_Sp0.95	40	kappa	0.4016917517175652				outputs_round8/figures/fig3_source_data.tsv
B_power	Se0.9_Sp0.95		kappa	0.4284361650527562				outputs_round8/figures/fig3_source_data.tsv
B_power_n	Se0.9_Sp0.95	45	kappa	0.4284361650527562				outputs_round8/figures/fig3_source_data.tsv
B_power	Se0.9_Sp0.95		kappa	0.4525337303162927				outputs_round8/figures/fig3_source_data.tsv
B_power_n	Se0.9_Sp0.95	50	kappa	0.4525337303162927				outputs_round8/figures/fig3_source_data.tsv
B_power	Se0.9_Sp0.95		kappa	0.4743571262416554				outputs_round8/figures/fig3_source_data.tsv
B_power_n	Se0.9_Sp0.95	55	kappa	0.4743571262416554				outputs_round8/figures/fig3_source_data.tsv
B_power	Se0.9_Sp0.95		kappa	0.4942122042483198				outputs_round8/figures/fig3_source_data.tsv
B_power_n	Se0.9_Sp0.95	60	kappa	0.4942122042483198				outputs_round8/figures/fig3_source_data.tsv
B_power	Se0.9_Sp0.95		kappa	0.5123523247774877				outputs_round8/figures/fig3_source_data.tsv
B_power_n	Se0.9_Sp0.95	65	kappa	0.5123523247774877				outputs_round8/figures/fig3_source_data.tsv
B_power	Se0.9_Sp0.95		kappa	0.5289891548071206				outputs_round8/figures/fig3_source_data.tsv
B_power_n	Se0.9_Sp0.95	70	kappa	0.5289891548071206				outputs_round8/figures/fig3_source_data.tsv
B_power	Se0.9_Sp0.95		kappa	0.5443009053968884				outputs_round8/figures/fig3_source_data.tsv
B_power_n	Se0.9_Sp0.95	75	kappa	0.5443009053968884				outputs_round8/figures/fig3_source_data.tsv
B_power	Se0.9_Sp0.95		kappa	0.558438690443328				outputs_round8/figures/fig3_source_data.tsv
B_power_n	Se0.9_Sp0.95	80	kappa	0.558438690443328				outputs_round8/figures/fig3_source_data.tsv
B_power	Se0.9_Sp0.95		kappa	0.5715314882631929				outputs_round8/figures/fig3_source_data.tsv
B_power_n	Se0.9_Sp0.95	85	kappa	0.5715314882631929				outputs_round8/figures/fig3_source_data.tsv
B_power	Se0.9_Sp0.95		kappa	0.5836900515100781				outputs_round8/figures/fig3_source_data.tsv
B_power_n	Se0.9_Sp0.95	90	kappa	0.5836900515100781				outputs_round8/figures/fig3_source_data.tsv
B_power	Se0.9_Sp0.95		kappa	0.5950100166159921				outputs_round8/figures/fig3_source_data.tsv
B_power_n	Se0.9_Sp0.95	95	kappa	0.5950100166159921				outputs_round8/figures/fig3_source_data.tsv
B_power	Se0.9_Sp0.95		kappa	0.6055743976435585				outputs_round8/figures/fig3_source_data.tsv
B_power_n	Se0.9_Sp0.95	100	kappa	0.6055743976435585				outputs_round8/figures/fig3_source_data.tsv
B_power	Se0.9_Sp0.95		kappa	0.6154556021899431				outputs_round8/figures/fig3_source_data.tsv
B_power_n	Se0.9_Sp0.95	105	kappa	0.6154556021899431				outputs_round8/figures/fig3_source_data.tsv
B_power	Se0.9_Sp0.95		kappa	0.6247170729002687				outputs_round8/figures/fig3_source_data.tsv
B_power_n	Se0.9_Sp0.95	110	kappa	0.6247170729002687				outputs_round8/figures/fig3_source_data.tsv
B_power	Se0.9_Sp0.95		kappa	0.6334146332747567				outputs_round8/figures/fig3_source_data.tsv
B_power_n	Se0.9_Sp0.95	115	kappa	0.6334146332747567				outputs_round8/figures/fig3_source_data.tsv
B_power	Se0.9_Sp0.95		kappa	0.6415975981055481				outputs_round8/figures/fig3_source_data.tsv
B_power_n	Se0.9_Sp0.95	120	kappa	0.6415975981055481				outputs_round8/figures/fig3_source_data.tsv
B_power	Se0.9_Sp0.95		kappa	0.6493096952079951				outputs_round8/figures/fig3_source_data.tsv
B_power_n	Se0.9_Sp0.95	125	kappa	0.6493096952079951				outputs_round8/figures/fig3_source_data.tsv
B_power	Se0.9_Sp0.95		kappa	0.6565898348289212				outputs_round8/figures/fig3_source_data.tsv
B_power_n	Se0.9_Sp0.95	130	kappa	0.6565898348289212				outputs_round8/figures/fig3_source_data.tsv
B_power	Se0.9_Sp0.95		kappa	0.6634727553126122				outputs_round8/figures/fig3_source_data.tsv
B_power_n	Se0.9_Sp0.95	135	kappa	0.6634727553126122				outputs_round8/figures/fig3_source_data.tsv
B_power	Se0.9_Sp0.95		kappa	0.6699895676364903				outputs_round8/figures/fig3_source_data.tsv
B_power_n	Se0.9_Sp0.95	140	kappa	0.6699895676364903				outputs_round8/figures/fig3_source_data.tsv
B_power	Se0.9_Sp0.95		kappa	0.6761682168263219				outputs_round8/figures/fig3_source_data.tsv
B_power_n	Se0.9_Sp0.95	145	kappa	0.6761682168263219				outputs_round8/figures/fig3_source_data.tsv
B_power	Se0.9_Sp0.95		kappa	0.6820338746862494				outputs_round8/figures/fig3_source_data.tsv
B_power_n	Se0.9_Sp0.95	150	kappa	0.6820338746862494				outputs_round8/figures/fig3_source_data.tsv
B_power	Se0.9_Sp0.95		kappa	0.687609275483245				outputs_round8/figures/fig3_source_data.tsv
B_power_n	Se0.9_Sp0.95	155	kappa	0.687609275483245				outputs_round8/figures/fig3_source_data.tsv
B_power	Se0.9_Sp0.95		kappa	0.692915004024593				outputs_round8/figures/fig3_source_data.tsv
B_power_n	Se0.9_Sp0.95	160	kappa	0.692915004024593				outputs_round8/figures/fig3_source_data.tsv
B_power	Se0.9_Sp0.95		kappa	0.6979697438234412				outputs_round8/figures/fig3_source_data.tsv
B_power_n	Se0.9_Sp0.95	165	kappa	0.6979697438234412				outputs_round8/figures/fig3_source_data.tsv
B_power	Se0.9_Sp0.95		kappa	0.702790491658054				outputs_round8/figures/fig3_source_data.tsv
B_power_n	Se0.9_Sp0.95	170	kappa	0.702790491658054				outputs_round8/figures/fig3_source_data.tsv
B_power	Se0.9_Sp0.95		kappa	0.7073927437169939				outputs_round8/figures/fig3_source_data.tsv
B_power_n	Se0.9_Sp0.95	175	kappa	0.7073927437169939				outputs_round8/figures/fig3_source_data.tsv
B_power	Se0.9_Sp0.95		kappa	0.7117906576254494				outputs_round8/figures/fig3_source_data.tsv
B_power_n	Se0.9_Sp0.95	180	kappa	0.7117906576254494				outputs_round8/figures/fig3_source_data.tsv
B_power	Se0.9_Sp0.95		kappa	0.7159971939215668				outputs_round8/figures/fig3_source_data.tsv
B_power_n	Se0.9_Sp0.95	185	kappa	0.7159971939215668				outputs_round8/figures/fig3_source_data.tsv
B_power	Se0.9_Sp0.95		kappa	0.7200242399606244				outputs_round8/figures/fig3_source_data.tsv
B_power_n	Se0.9_Sp0.95	190	kappa	0.7200242399606244				outputs_round8/figures/fig3_source_data.tsv
B_power	Se0.9_Sp0.95		kappa	0.7238827187417178				outputs_round8/figures/fig3_source_data.tsv
B_power_n	Se0.9_Sp0.95	195	kappa	0.7238827187417178				outputs_round8/figures/fig3_source_data.tsv
B_power	Se0.9_Sp0.95		kappa	0.7275826847549314				outputs_round8/figures/fig3_source_data.tsv
B_power_n	Se0.9_Sp0.95	200	kappa	0.7275826847549314				outputs_round8/figures/fig3_source_data.tsv
B_power	Se0.9_Sp0.95		kappa	0.7575993052406176				outputs_round8/figures/fig3_source_data.tsv
B_power_n	Se0.9_Sp0.95	250	kappa	0.7575993052406176				outputs_round8/figures/fig3_source_data.tsv
B_power	Se0.9_Sp0.95		kappa	0.7787128719223265				outputs_round8/figures/fig3_source_data.tsv
B_power_n	Se0.9_Sp0.95	300	kappa	0.7787128719223265				outputs_round8/figures/fig3_source_data.tsv
B_power	Se0.9_Sp0.95		kappa	0.7942506149258656				outputs_round8/figures/fig3_source_data.tsv
B_power_n	Se0.9_Sp0.95	350	kappa	0.7942506149258656				outputs_round8/figures/fig3_source_data.tsv
B_power	Se0.9_Sp0.95		kappa	0.8060660153323879				outputs_round8/figures/fig3_source_data.tsv
B_power_n	Se0.9_Sp0.95	400	kappa	0.8060660153323879				outputs_round8/figures/fig3_source_data.tsv
B_power	Se0.9_Sp0.95		kappa	0.8152734246700477				outputs_round8/figures/fig3_source_data.tsv
B_power_n	Se0.9_Sp0.95	450	kappa	0.8152734246700477				outputs_round8/figures/fig3_source_data.tsv
B_power	Se0.9_Sp0.95		kappa	0.8225830979707452				outputs_round8/figures/fig3_source_data.tsv
B_power_n	Se0.9_Sp0.95	500	kappa	0.8225830979707452				outputs_round8/figures/fig3_source_data.tsv
B_power	Se0.9_Sp0.95		kappa	0.8284691377282941				outputs_round8/figures/fig3_source_data.tsv
B_power_n	Se0.9_Sp0.95	550	kappa	0.8284691377282941				outputs_round8/figures/fig3_source_data.tsv
B_power	Se0.9_Sp0.95		kappa	0.8332601078611207				outputs_round8/figures/fig3_source_data.tsv
B_power_n	Se0.9_Sp0.95	600	kappa	0.8332601078611207				outputs_round8/figures/fig3_source_data.tsv
B_power	Se0.9_Sp0.95		kappa	0.8371908980837311				outputs_round8/figures/fig3_source_data.tsv
B_power_n	Se0.9_Sp0.95	650	kappa	0.8371908980837311				outputs_round8/figures/fig3_source_data.tsv
B_power	Se0.9_Sp0.95		kappa	0.8404338848983629				outputs_round8/figures/fig3_source_data.tsv
B_power_n	Se0.9_Sp0.95	700	kappa	0.8404338848983629				outputs_round8/figures/fig3_source_data.tsv
B_power	Se0.9_Sp0.95		kappa	0.8431184295908594				outputs_round8/figures/fig3_source_data.tsv
B_power_n	Se0.9_Sp0.95	750	kappa	0.8431184295908594				outputs_round8/figures/fig3_source_data.tsv
B_power	Se0.9_Sp0.95		kappa	0.8453435069846352				outputs_round8/figures/fig3_source_data.tsv
B_power_n	Se0.9_Sp0.95	800	kappa	0.8453435069846352				outputs_round8/figures/fig3_source_data.tsv
B_power	Se0.9_Sp0.95		kappa	0.8471861317765993				outputs_round8/figures/fig3_source_data.tsv
B_power_n	Se0.9_Sp0.95	850	kappa	0.8471861317765993				outputs_round8/figures/fig3_source_data.tsv
B_power	Se0.9_Sp0.95		kappa	0.8487071282169134				outputs_round8/figures/fig3_source_data.tsv
B_power_n	Se0.9_Sp0.95	900	kappa	0.8487071282169134				outputs_round8/figures/fig3_source_data.tsv
B_power	Se0.9_Sp0.95		kappa	0.849955171537282				outputs_round8/figures/fig3_source_data.tsv
B_power_n	Se0.9_Sp0.95	950	kappa	0.849955171537282				outputs_round8/figures/fig3_source_data.tsv
B_power	Se0.9_Sp0.95		kappa	0.8509696763707219				outputs_round8/figures/fig3_source_data.tsv
B_power_n	Se0.9_Sp0.95	1000	kappa	0.8509696763707219				outputs_round8/figures/fig3_source_data.tsv
B_power	Se0.9_Sp0.95		kappa	0.8517828985179764				outputs_round8/figures/fig3_source_data.tsv
B_power_n	Se0.9_Sp0.95	1050	kappa	0.8517828985179764				outputs_round8/figures/fig3_source_data.tsv
B_power	Se0.9_Sp0.95		kappa	0.852421489157703				outputs_round8/figures/fig3_source_data.tsv
B_power_n	Se0.9_Sp0.95	1100	kappa	0.852421489157703				outputs_round8/figures/fig3_source_data.tsv
B_power	Se0.9_Sp0.95		kappa	0.8529076610003212				outputs_round8/figures/fig3_source_data.tsv
B_power_n	Se0.9_Sp0.95	1150	kappa	0.8529076610003212				outputs_round8/figures/fig3_source_data.tsv
B_power	Se0.9_Sp0.95		kappa	0.8532600749080521				outputs_round8/figures/fig3_source_data.tsv
B_power_n	Se0.9_Sp0.95	1200	kappa	0.8532600749080521				outputs_round8/figures/fig3_source_data.tsv
B_power	Se0.9_Sp0.95		kappa	0.8534945221514949				outputs_round8/figures/fig3_source_data.tsv
B_power_n	Se0.9_Sp0.95	1250	kappa	0.8534945221514949				outputs_round8/figures/fig3_source_data.tsv
B_power	Se0.9_Sp0.95		kappa	0.8536244552256951				outputs_round8/figures/fig3_source_data.tsv
B_power_n	Se0.9_Sp0.95	1300	kappa	0.8536244552256951				outputs_round8/figures/fig3_source_data.tsv
B_power	Se0.9_Sp0.95		kappa	0.8536614050443715				outputs_round8/figures/fig3_source_data.tsv
B_power_n	Se0.9_Sp0.95	1350	kappa	0.8536614050443715				outputs_round8/figures/fig3_source_data.tsv
B_power	Se0.9_Sp0.95		kappa	0.8536153119092628				outputs_round8/figures/fig3_source_data.tsv
B_power_n	Se0.9_Sp0.95	1400	kappa	0.8536153119092628				outputs_round8/figures/fig3_source_data.tsv
B_power	Se0.9_Sp0.95		kappa	0.8534947903531681				outputs_round8/figures/fig3_source_data.tsv
B_power_n	Se0.9_Sp0.95	1450	kappa	0.8534947903531681				outputs_round8/figures/fig3_source_data.tsv
B_power	Se0.9_Sp0.95		kappa	0.8533073427736582				outputs_round8/figures/fig3_source_data.tsv
B_power_n	Se0.9_Sp0.95	1500	kappa	0.8533073427736582				outputs_round8/figures/fig3_source_data.tsv
B_power	Se0.9_Sp0.95		kappa	0.8530595330487627				outputs_round8/figures/fig3_source_data.tsv
B_power_n	Se0.9_Sp0.95	1550	kappa	0.8530595330487627				outputs_round8/figures/fig3_source_data.tsv
B_power	Se0.9_Sp0.95		kappa	0.8527571286154185				outputs_round8/figures/fig3_source_data.tsv
B_power_n	Se0.9_Sp0.95	1600	kappa	0.8527571286154185				outputs_round8/figures/fig3_source_data.tsv
B_power	Se0.9_Sp0.95		kappa	0.8524052174977818				outputs_round8/figures/fig3_source_data.tsv
B_power_n	Se0.9_Sp0.95	1650	kappa	0.8524052174977818				outputs_round8/figures/fig3_source_data.tsv
B_power	Se0.9_Sp0.95		kappa	0.8520083052910432				outputs_round8/figures/fig3_source_data.tsv
B_power_n	Se0.9_Sp0.95	1700	kappa	0.8520083052910432				outputs_round8/figures/fig3_source_data.tsv
B_power	Se0.9_Sp0.95		kappa	0.8515703959949672				outputs_round8/figures/fig3_source_data.tsv
B_power_n	Se0.9_Sp0.95	1750	kappa	0.8515703959949672				outputs_round8/figures/fig3_source_data.tsv
B_power	Se0.9_Sp0.95		kappa	0.8510950597500799				outputs_round8/figures/fig3_source_data.tsv
B_power_n	Se0.9_Sp0.95	1800	kappa	0.8510950597500799				outputs_round8/figures/fig3_source_data.tsv
B_power	Se0.9_Sp0.95		kappa	0.8505854898872305				outputs_round8/figures/fig3_source_data.tsv
B_power_n	Se0.9_Sp0.95	1850	kappa	0.8505854898872305				outputs_round8/figures/fig3_source_data.tsv
B_power	Se0.9_Sp0.95		kappa	0.8500445512071289				outputs_round8/figures/fig3_source_data.tsv
B_power_n	Se0.9_Sp0.95	1900	kappa	0.8500445512071289				outputs_round8/figures/fig3_source_data.tsv
B_power	Se0.9_Sp0.95		kappa	0.8494748210234389				outputs_round8/figures/fig3_source_data.tsv
B_power_n	Se0.9_Sp0.95	1950	kappa	0.8494748210234389				outputs_round8/figures/fig3_source_data.tsv
B_power	Se0.9_Sp0.95		kappa	0.8488786242039928				outputs_round8/figures/fig3_source_data.tsv
B_power_n	Se0.9_Sp0.95	2000	kappa	0.8488786242039928				outputs_round8/figures/fig3_source_data.tsv
B_power	Se0.9_Sp0.95		kappa	0.8418414947709285				outputs_round8/figures/fig3_source_data.tsv
B_power_n	Se0.9_Sp0.95	2500	kappa	0.8418414947709285				outputs_round8/figures/fig3_source_data.tsv
B_power	Se0.9_Sp0.95		kappa	0.8336208677458915				outputs_round8/figures/fig3_source_data.tsv
B_power_n	Se0.9_Sp0.95	3000	kappa	0.8336208677458915				outputs_round8/figures/fig3_source_data.tsv
B_power	Se0.9_Sp0.95		kappa	0.8248328928516387				outputs_round8/figures/fig3_source_data.tsv
B_power_n	Se0.9_Sp0.95	3500	kappa	0.8248328928516387				outputs_round8/figures/fig3_source_data.tsv
B_power	Se0.9_Sp0.95		kappa	0.8157843587160694				outputs_round8/figures/fig3_source_data.tsv
B_power_n	Se0.9_Sp0.95	4000	kappa	0.8157843587160694				outputs_round8/figures/fig3_source_data.tsv
B_power	Se0.9_Sp0.95		kappa	0.8066429061367508				outputs_round8/figures/fig3_source_data.tsv
B_power_n	Se0.9_Sp0.95	4500	kappa	0.8066429061367508				outputs_round8/figures/fig3_source_data.tsv
B_power	Se0.9_Sp0.95		kappa	0.7975061356329683				outputs_round8/figures/fig3_source_data.tsv
B_power_n	Se0.9_Sp0.95	5000	kappa	0.7975061356329683				outputs_round8/figures/fig3_source_data.tsv
B_power	Se0.9_Sp0.95		kappa	0.7884333535546608				outputs_round8/figures/fig3_source_data.tsv
B_power_n	Se0.9_Sp0.95	5500	kappa	0.7884333535546608				outputs_round8/figures/fig3_source_data.tsv
B_power	Se0.9_Sp0.95		kappa	0.7794615665983058				outputs_round8/figures/fig3_source_data.tsv
B_power_n	Se0.9_Sp0.95	6000	kappa	0.7794615665983058				outputs_round8/figures/fig3_source_data.tsv
B_power	Se0.9_Sp0.95		kappa	0.7706141407035524				outputs_round8/figures/fig3_source_data.tsv
B_power_n	Se0.9_Sp0.95	6500	kappa	0.7706141407035524				outputs_round8/figures/fig3_source_data.tsv
B_power	Se0.9_Sp0.95		kappa	0.7619057662293837				outputs_round8/figures/fig3_source_data.tsv
B_power_n	Se0.9_Sp0.95	7000	kappa	0.7619057662293837				outputs_round8/figures/fig3_source_data.tsv
B_power	Se0.9_Sp0.95		kappa	0.753345442139669				outputs_round8/figures/fig3_source_data.tsv
B_power_n	Se0.9_Sp0.95	7500	kappa	0.753345442139669				outputs_round8/figures/fig3_source_data.tsv
B_power	Se0.9_Sp0.95		kappa	0.7449383409784944				outputs_round8/figures/fig3_source_data.tsv
B_power_n	Se0.9_Sp0.95	8000	kappa	0.7449383409784944				outputs_round8/figures/fig3_source_data.tsv
B_power	Se0.9_Sp0.95		kappa	0.7366870132603661				outputs_round8/figures/fig3_source_data.tsv
B_power_n	Se0.9_Sp0.95	8500	kappa	0.7366870132603661				outputs_round8/figures/fig3_source_data.tsv
B_power	Se0.9_Sp0.95		kappa	0.7285921871803627				outputs_round8/figures/fig3_source_data.tsv
B_power_n	Se0.9_Sp0.95	9000	kappa	0.7285921871803627				outputs_round8/figures/fig3_source_data.tsv
B_power	Se0.9_Sp0.95		kappa	0.7206533123410107				outputs_round8/figures/fig3_source_data.tsv
B_power_n	Se0.9_Sp0.95	9500	kappa	0.7206533123410107				outputs_round8/figures/fig3_source_data.tsv
B_power	Se0.9_Sp0.95		kappa	0.7128689369845				outputs_round8/figures/fig3_source_data.tsv
B_power_n	Se0.9_Sp0.95	10000	kappa	0.7128689369845				outputs_round8/figures/fig3_source_data.tsv
B_power	Se0.9_Sp0.95		kappa	0.7052369742649506				outputs_round8/figures/fig3_source_data.tsv
B_power_n	Se0.9_Sp0.95	10500	kappa	0.7052369742649506				outputs_round8/figures/fig3_source_data.tsv
B_power	Se0.9_Sp0.95		kappa	0.6977548929697357				outputs_round8/figures/fig3_source_data.tsv
B_power_n	Se0.9_Sp0.95	11000	kappa	0.6977548929697357				outputs_round8/figures/fig3_source_data.tsv
B_power	Se0.9_Sp0.95		kappa	0.6904198558156308				outputs_round8/figures/fig3_source_data.tsv
B_power_n	Se0.9_Sp0.95	11500	kappa	0.6904198558156308				outputs_round8/figures/fig3_source_data.tsv
B_power	Se0.9_Sp0.95		kappa	0.6832288207508825				outputs_round8/figures/fig3_source_data.tsv
B_power_n	Se0.9_Sp0.95	12000	kappa	0.6832288207508825				outputs_round8/figures/fig3_source_data.tsv
B_power	Se0.9_Sp0.95		kappa	0.6761786157600274				outputs_round8/figures/fig3_source_data.tsv
B_power_n	Se0.9_Sp0.95	12500	kappa	0.6761786157600274				outputs_round8/figures/fig3_source_data.tsv
B_power	Se0.9_Sp0.95		kappa	0.6692659944367884				outputs_round8/figures/fig3_source_data.tsv
B_power_n	Se0.9_Sp0.95	13000	kappa	0.6692659944367884				outputs_round8/figures/fig3_source_data.tsv
B_power	Se0.9_Sp0.95		kappa	0.6624876774332562				outputs_round8/figures/fig3_source_data.tsv
B_power_n	Se0.9_Sp0.95	13500	kappa	0.6624876774332562				outputs_round8/figures/fig3_source_data.tsv
B_power	Se0.9_Sp0.95		kappa	0.6558403834283426				outputs_round8/figures/fig3_source_data.tsv
B_power_n	Se0.9_Sp0.95	14000	kappa	0.6558403834283426				outputs_round8/figures/fig3_source_data.tsv
B_power	Se0.9_Sp0.95		kappa	0.6493208522473704				outputs_round8/figures/fig3_source_data.tsv
B_power_n	Se0.9_Sp0.95	14500	kappa	0.6493208522473704				outputs_round8/figures/fig3_source_data.tsv
B_power	Se0.9_Sp0.95		kappa	0.6429258620566916				outputs_round8/figures/fig3_source_data.tsv
B_power_n	Se0.9_Sp0.95	15000	kappa	0.6429258620566916				outputs_round8/figures/fig3_source_data.tsv
B_power	Se0.9_Sp0.95		kappa	0.6366522420548304				outputs_round8/figures/fig3_source_data.tsv
B_power_n	Se0.9_Sp0.95	15500	kappa	0.6366522420548304				outputs_round8/figures/fig3_source_data.tsv
B_power	Se0.9_Sp0.95		kappa	0.630496881720748				outputs_round8/figures/fig3_source_data.tsv
B_power_n	Se0.9_Sp0.95	16000	kappa	0.630496881720748				outputs_round8/figures/fig3_source_data.tsv
B_power	Se0.9_Sp0.95		kappa	0.6244567374176018				outputs_round8/figures/fig3_source_data.tsv
B_power_n	Se0.9_Sp0.95	16500	kappa	0.6244567374176018				outputs_round8/figures/fig3_source_data.tsv
B_power	Se0.9_Sp0.95		kappa	0.618528836957877				outputs_round8/figures/fig3_source_data.tsv
B_power_n	Se0.9_Sp0.95	17000	kappa	0.618528836957877				outputs_round8/figures/fig3_source_data.tsv
B_power	Se0.9_Sp0.95		kappa	0.6127102825930063				outputs_round8/figures/fig3_source_data.tsv
B_power_n	Se0.9_Sp0.95	17500	kappa	0.6127102825930063				outputs_round8/figures/fig3_source_data.tsv
B_power	Se0.9_Sp0.95		kappa	0.6069982527838503				outputs_round8/figures/fig3_source_data.tsv
B_power_n	Se0.9_Sp0.95	18000	kappa	0.6069982527838503				outputs_round8/figures/fig3_source_data.tsv
B_power	Se0.9_Sp0.95		kappa	0.6013900030278794				outputs_round8/figures/fig3_source_data.tsv
B_power_n	Se0.9_Sp0.95	18500	kappa	0.6013900030278794				outputs_round8/figures/fig3_source_data.tsv
B_power	Se0.9_Sp0.95		kappa	0.5958828659576855				outputs_round8/figures/fig3_source_data.tsv
B_power_n	Se0.9_Sp0.95	19000	kappa	0.5958828659576855				outputs_round8/figures/fig3_source_data.tsv
B_power	Se0.9_Sp0.95		kappa	0.590474250878594				outputs_round8/figures/fig3_source_data.tsv
B_power_n	Se0.9_Sp0.95	19500	kappa	0.590474250878594				outputs_round8/figures/fig3_source_data.tsv
B_power	Se0.9_Sp0.95		kappa	0.5851616428770352				outputs_round8/figures/fig3_source_data.tsv
B_power_n	Se0.9_Sp0.95	20000	kappa	0.5851616428770352				outputs_round8/figures/fig3_source_data.tsv
B_power	Se0.9_Sp0.99		kappa	0.0				outputs_round8/figures/fig3_source_data.tsv
B_power_n	Se0.9_Sp0.99	0	kappa	0.0				outputs_round8/figures/fig3_source_data.tsv
B_power	Se0.9_Sp0.99		kappa	0.0850451759838318				outputs_round8/figures/fig3_source_data.tsv
B_power_n	Se0.9_Sp0.99	5	kappa	0.0850451759838318				outputs_round8/figures/fig3_source_data.tsv
B_power	Se0.9_Sp0.99		kappa	0.1560020695204191				outputs_round8/figures/fig3_source_data.tsv
B_power_n	Se0.9_Sp0.99	10	kappa	0.1560020695204191				outputs_round8/figures/fig3_source_data.tsv
B_power	Se0.9_Sp0.99		kappa	0.2161027054072023				outputs_round8/figures/fig3_source_data.tsv
B_power_n	Se0.9_Sp0.99	15	kappa	0.2161027054072023				outputs_round8/figures/fig3_source_data.tsv
B_power	Se0.9_Sp0.99		kappa	0.2676607171063016				outputs_round8/figures/fig3_source_data.tsv
B_power_n	Se0.9_Sp0.99	20	kappa	0.2676607171063016				outputs_round8/figures/fig3_source_data.tsv
B_power	Se0.9_Sp0.99		kappa	0.3123759158493316				outputs_round8/figures/fig3_source_data.tsv
B_power_n	Se0.9_Sp0.99	25	kappa	0.3123759158493316				outputs_round8/figures/fig3_source_data.tsv
B_power	Se0.9_Sp0.99		kappa	0.3515251926111455				outputs_round8/figures/fig3_source_data.tsv
B_power_n	Se0.9_Sp0.99	30	kappa	0.3515251926111455				outputs_round8/figures/fig3_source_data.tsv
B_power	Se0.9_Sp0.99		kappa	0.3860863463102661				outputs_round8/figures/fig3_source_data.tsv
B_power_n	Se0.9_Sp0.99	35	kappa	0.3860863463102661				outputs_round8/figures/fig3_source_data.tsv
B_power	Se0.9_Sp0.99		kappa	0.4168208115234759				outputs_round8/figures/fig3_source_data.tsv
B_power_n	Se0.9_Sp0.99	40	kappa	0.4168208115234759				outputs_round8/figures/fig3_source_data.tsv
B_power	Se0.9_Sp0.99		kappa	0.444330366962721				outputs_round8/figures/fig3_source_data.tsv
B_power_n	Se0.9_Sp0.99	45	kappa	0.444330366962721				outputs_round8/figures/fig3_source_data.tsv
B_power	Se0.9_Sp0.99		kappa	0.4690968965681429				outputs_round8/figures/fig3_source_data.tsv
B_power_n	Se0.9_Sp0.99	50	kappa	0.4690968965681429				outputs_round8/figures/fig3_source_data.tsv
B_power	Se0.9_Sp0.99		kappa	0.4915108317351901				outputs_round8/figures/fig3_source_data.tsv
B_power_n	Se0.9_Sp0.99	55	kappa	0.4915108317351901				outputs_round8/figures/fig3_source_data.tsv
B_power	Se0.9_Sp0.99		kappa	0.5118918635889458				outputs_round8/figures/fig3_source_data.tsv
B_power_n	Se0.9_Sp0.99	60	kappa	0.5118918635889458				outputs_round8/figures/fig3_source_data.tsv
B_power	Se0.9_Sp0.99		kappa	0.5305042700607854				outputs_round8/figures/fig3_source_data.tsv
B_power_n	Se0.9_Sp0.99	65	kappa	0.5305042700607854				outputs_round8/figures/fig3_source_data.tsv
B_power	Se0.9_Sp0.99		kappa	0.5475684234336121				outputs_round8/figures/fig3_source_data.tsv
B_power_n	Se0.9_Sp0.99	70	kappa	0.5475684234336121				outputs_round8/figures/fig3_source_data.tsv
B_power	Se0.9_Sp0.99		kappa	0.5632695445450829				outputs_round8/figures/fig3_source_data.tsv
B_power_n	Se0.9_Sp0.99	75	kappa	0.5632695445450829				outputs_round8/figures/fig3_source_data.tsv
B_power	Se0.9_Sp0.99		kappa	0.5777644427472589				outputs_round8/figures/fig3_source_data.tsv
B_power_n	Se0.9_Sp0.99	80	kappa	0.5777644427472589				outputs_round8/figures/fig3_source_data.tsv
B_power	Se0.9_Sp0.99		kappa	0.5911867623509875				outputs_round8/figures/fig3_source_data.tsv
B_power_n	Se0.9_Sp0.99	85	kappa	0.5911867623509875				outputs_round8/figures/fig3_source_data.tsv
B_power	Se0.9_Sp0.99		kappa	0.6036511079112092				outputs_round8/figures/fig3_source_data.tsv
B_power_n	Se0.9_Sp0.99	90	kappa	0.6036511079112092				outputs_round8/figures/fig3_source_data.tsv
B_power	Se0.9_Sp0.99		kappa	0.6152563182621206				outputs_round8/figures/fig3_source_data.tsv
B_power_n	Se0.9_Sp0.99	95	kappa	0.6152563182621206				outputs_round8/figures/fig3_source_data.tsv
B_power	Se0.9_Sp0.99		kappa	0.6260880874194187				outputs_round8/figures/fig3_source_data.tsv
B_power_n	Se0.9_Sp0.99	100	kappa	0.6260880874194187				outputs_round8/figures/fig3_source_data.tsv
B_power	Se0.9_Sp0.99		kappa	0.636221079466312				outputs_round8/figures/fig3_source_data.tsv
B_power_n	Se0.9_Sp0.99	105	kappa	0.636221079466312				outputs_round8/figures/fig3_source_data.tsv
B_power	Se0.9_Sp0.99		kappa	0.6457206478490134				outputs_round8/figures/fig3_source_data.tsv
B_power_n	Se0.9_Sp0.99	110	kappa	0.6457206478490134				outputs_round8/figures/fig3_source_data.tsv
B_power	Se0.9_Sp0.99		kappa	0.6546442427997734				outputs_round8/figures/fig3_source_data.tsv
B_power_n	Se0.9_Sp0.99	115	kappa	0.6546442427997734				outputs_round8/figures/fig3_source_data.tsv
B_power	Se0.9_Sp0.99		kappa	0.6630425709515859				outputs_round8/figures/fig3_source_data.tsv
B_power_n	Se0.9_Sp0.99	120	kappa	0.6630425709515859				outputs_round8/figures/fig3_source_data.tsv
B_power	Se0.9_Sp0.99		kappa	0.6709605565976074				outputs_round8/figures/fig3_source_data.tsv
B_power_n	Se0.9_Sp0.99	125	kappa	0.6709605565976074				outputs_round8/figures/fig3_source_data.tsv
B_power	Se0.9_Sp0.99		kappa	0.6784381430821378				outputs_round8/figures/fig3_source_data.tsv
B_power_n	Se0.9_Sp0.99	130	kappa	0.6784381430821378				outputs_round8/figures/fig3_source_data.tsv
B_power	Se0.9_Sp0.99		kappa	0.6855109645058389				outputs_round8/figures/fig3_source_data.tsv
B_power_n	Se0.9_Sp0.99	135	kappa	0.6855109645058389				outputs_round8/figures/fig3_source_data.tsv
B_power	Se0.9_Sp0.99		kappa	0.6922109115864123				outputs_round8/figures/fig3_source_data.tsv
B_power_n	Se0.9_Sp0.99	140	kappa	0.6922109115864123				outputs_round8/figures/fig3_source_data.tsv
B_power	Se0.9_Sp0.99		kappa	0.6985666106350998				outputs_round8/figures/fig3_source_data.tsv
B_power_n	Se0.9_Sp0.99	145	kappa	0.6985666106350998				outputs_round8/figures/fig3_source_data.tsv
B_power	Se0.9_Sp0.99		kappa	0.7046038308245607				outputs_round8/figures/fig3_source_data.tsv
B_power_n	Se0.9_Sp0.99	150	kappa	0.7046038308245607				outputs_round8/figures/fig3_source_data.tsv
B_power	Se0.9_Sp0.99		kappa	0.7103458319681425				outputs_round8/figures/fig3_source_data.tsv
B_power_n	Se0.9_Sp0.99	155	kappa	0.7103458319681425				outputs_round8/figures/fig3_source_data.tsv
B_power	Se0.9_Sp0.99		kappa	0.7158136627071964				outputs_round8/figures/fig3_source_data.tsv
B_power_n	Se0.9_Sp0.99	160	kappa	0.7158136627071964				outputs_round8/figures/fig3_source_data.tsv
B_power	Se0.9_Sp0.99		kappa	0.7210264171651298				outputs_round8/figures/fig3_source_data.tsv
B_power_n	Se0.9_Sp0.99	165	kappa	0.7210264171651298				outputs_round8/figures/fig3_source_data.tsv
B_power	Se0.9_Sp0.99		kappa	0.7260014566642394				outputs_round8/figures/fig3_source_data.tsv
B_power_n	Se0.9_Sp0.99	170	kappa	0.7260014566642394				outputs_round8/figures/fig3_source_data.tsv
B_power	Se0.9_Sp0.99		kappa	0.7307546019307284				outputs_round8/figures/fig3_source_data.tsv
B_power_n	Se0.9_Sp0.99	175	kappa	0.7307546019307284				outputs_round8/figures/fig3_source_data.tsv
B_power	Se0.9_Sp0.99		kappa	0.7353003002713433				outputs_round8/figures/fig3_source_data.tsv
B_power_n	Se0.9_Sp0.99	180	kappa	0.7353003002713433				outputs_round8/figures/fig3_source_data.tsv
B_power	Se0.9_Sp0.99		kappa	0.7396517714431727				outputs_round8/figures/fig3_source_data.tsv
B_power_n	Se0.9_Sp0.99	185	kappa	0.7396517714431727				outputs_round8/figures/fig3_source_data.tsv
B_power	Se0.9_Sp0.99		kappa	0.7438211353188808				outputs_round8/figures/fig3_source_data.tsv
B_power_n	Se0.9_Sp0.99	190	kappa	0.7438211353188808				outputs_round8/figures/fig3_source_data.tsv
B_power	Se0.9_Sp0.99		kappa	0.7478195239439634				outputs_round8/figures/fig3_source_data.tsv
B_power_n	Se0.9_Sp0.99	195	kappa	0.7478195239439634				outputs_round8/figures/fig3_source_data.tsv
B_power	Se0.9_Sp0.99		kappa	0.7516571801677766				outputs_round8/figures/fig3_source_data.tsv
B_power_n	Se0.9_Sp0.99	200	kappa	0.7516571801677766				outputs_round8/figures/fig3_source_data.tsv
B_power	Se0.9_Sp0.99		kappa	0.7829592696322918				outputs_round8/figures/fig3_source_data.tsv
B_power_n	Se0.9_Sp0.99	250	kappa	0.7829592696322918				outputs_round8/figures/fig3_source_data.tsv
B_power	Se0.9_Sp0.99		kappa	0.8052532937629812				outputs_round8/figures/fig3_source_data.tsv
B_power_n	Se0.9_Sp0.99	300	kappa	0.8052532937629812				outputs_round8/figures/fig3_source_data.tsv
B_power	Se0.9_Sp0.99		kappa	0.8219140874336237				outputs_round8/figures/fig3_source_data.tsv
B_power_n	Se0.9_Sp0.99	350	kappa	0.8219140874336237				outputs_round8/figures/fig3_source_data.tsv
B_power	Se0.9_Sp0.99		kappa	0.8348178392950045				outputs_round8/figures/fig3_source_data.tsv
B_power_n	Se0.9_Sp0.99	400	kappa	0.8348178392950045				outputs_round8/figures/fig3_source_data.tsv
B_power	Se0.9_Sp0.99		kappa	0.8450908391307232				outputs_round8/figures/fig3_source_data.tsv
B_power_n	Se0.9_Sp0.99	450	kappa	0.8450908391307232				outputs_round8/figures/fig3_source_data.tsv
B_power	Se0.9_Sp0.99		kappa	0.8534501028636633				outputs_round8/figures/fig3_source_data.tsv
B_power_n	Se0.9_Sp0.99	500	kappa	0.8534501028636633				outputs_round8/figures/fig3_source_data.tsv
B_power	Se0.9_Sp0.99		kappa	0.8603737941253962				outputs_round8/figures/fig3_source_data.tsv
B_power_n	Se0.9_Sp0.99	550	kappa	0.8603737941253962				outputs_round8/figures/fig3_source_data.tsv
B_power	Se0.9_Sp0.99		kappa	0.8661930362147369				outputs_round8/figures/fig3_source_data.tsv
B_power_n	Se0.9_Sp0.99	600	kappa	0.8661930362147369				outputs_round8/figures/fig3_source_data.tsv
B_power	Se0.9_Sp0.99		kappa	0.8711443976743207				outputs_round8/figures/fig3_source_data.tsv
B_power_n	Se0.9_Sp0.99	650	kappa	0.8711443976743207				outputs_round8/figures/fig3_source_data.tsv
B_power	Se0.9_Sp0.99		kappa	0.875401394393497				outputs_round8/figures/fig3_source_data.tsv
B_power_n	Se0.9_Sp0.99	700	kappa	0.875401394393497				outputs_round8/figures/fig3_source_data.tsv
B_power	Se0.9_Sp0.99		kappa	0.8790941840973682				outputs_round8/figures/fig3_source_data.tsv
B_power_n	Se0.9_Sp0.99	750	kappa	0.8790941840973682				outputs_round8/figures/fig3_source_data.tsv
B_power	Se0.9_Sp0.99		kappa	0.8823223129824096				outputs_round8/figures/fig3_source_data.tsv
B_power_n	Se0.9_Sp0.99	800	kappa	0.8823223129824096				outputs_round8/figures/fig3_source_data.tsv
B_power	Se0.9_Sp0.99		kappa	0.8851632152878912				outputs_round8/figures/fig3_source_data.tsv
B_power_n	Se0.9_Sp0.99	850	kappa	0.8851632152878912				outputs_round8/figures/fig3_source_data.tsv
B_power	Se0.9_Sp0.99		kappa	0.8876780298779617				outputs_round8/figures/fig3_source_data.tsv
B_power_n	Se0.9_Sp0.99	900	kappa	0.8876780298779617				outputs_round8/figures/fig3_source_data.tsv
B_power	Se0.9_Sp0.99		kappa	0.8899156725197537				outputs_round8/figures/fig3_source_data.tsv
B_power_n	Se0.9_Sp0.99	950	kappa	0.8899156725197537				outputs_round8/figures/fig3_source_data.tsv
B_power	Se0.9_Sp0.99		kappa	0.8919157450793471				outputs_round8/figures/fig3_source_data.tsv
B_power_n	Se0.9_Sp0.99	1000	kappa	0.8919157450793471				outputs_round8/figures/fig3_source_data.tsv
B_power	Se0.9_Sp0.99		kappa	0.893710651577875				outputs_round8/figures/fig3_source_data.tsv
B_power_n	Se0.9_Sp0.99	1050	kappa	0.893710651577875				outputs_round8/figures/fig3_source_data.tsv
B_power	Se0.9_Sp0.99		kappa	0.8953271624174857				outputs_round8/figures/fig3_source_data.tsv
B_power_n	Se0.9_Sp0.99	1100	kappa	0.8953271624174857				outputs_round8/figures/fig3_source_data.tsv
B_power	Se0.9_Sp0.99		kappa	0.8967875876760691				outputs_round8/figures/fig3_source_data.tsv
B_power_n	Se0.9_Sp0.99	1150	kappa	0.8967875876760691				outputs_round8/figures/fig3_source_data.tsv
B_power	Se0.9_Sp0.99		kappa	0.8981106688978339				outputs_round8/figures/fig3_source_data.tsv
B_power_n	Se0.9_Sp0.99	1200	kappa	0.8981106688978339				outputs_round8/figures/fig3_source_data.tsv
B_power	Se0.9_Sp0.99		kappa	0.8993122651469075				outputs_round8/figures/fig3_source_data.tsv
B_power_n	Se0.9_Sp0.99	1250	kappa	0.8993122651469075				outputs_round8/figures/fig3_source_data.tsv
B_power	Se0.9_Sp0.99		kappa	0.9004058866479873				outputs_round8/figures/fig3_source_data.tsv
B_power_n	Se0.9_Sp0.99	1300	kappa	0.9004058866479873				outputs_round8/figures/fig3_source_data.tsv
B_power	Se0.9_Sp0.99		kappa	0.9014031141068184				outputs_round8/figures/fig3_source_data.tsv
B_power_n	Se0.9_Sp0.99	1350	kappa	0.9014031141068184				outputs_round8/figures/fig3_source_data.tsv
B_power	Se0.9_Sp0.99		kappa	0.90231393129771				outputs_round8/figures/fig3_source_data.tsv
B_power_n	Se0.9_Sp0.99	1400	kappa	0.90231393129771				outputs_round8/figures/fig3_source_data.tsv
B_power	Se0.9_Sp0.99		kappa	0.9031469911505924				outputs_round8/figures/fig3_source_data.tsv
B_power_n	Se0.9_Sp0.99	1450	kappa	0.9031469911505924				outputs_round8/figures/fig3_source_data.tsv
B_power	Se0.9_Sp0.99		kappa	0.9039098303501246				outputs_round8/figures/fig3_source_data.tsv
B_power_n	Se0.9_Sp0.99	1500	kappa	0.9039098303501246				outputs_round8/figures/fig3_source_data.tsv
B_power	Se0.9_Sp0.99		kappa	0.9046090437071392				outputs_round8/figures/fig3_source_data.tsv
B_power_n	Se0.9_Sp0.99	1550	kappa	0.9046090437071392				outputs_round8/figures/fig3_source_data.tsv
B_power	Se0.9_Sp0.99		kappa	0.9052504268335684				outputs_round8/figures/fig3_source_data.tsv
B_power_n	Se0.9_Sp0.99	1600	kappa	0.9052504268335684				outputs_round8/figures/fig3_source_data.tsv
B_power	Se0.9_Sp0.99		kappa	0.9058390936451398				outputs_round8/figures/fig3_source_data.tsv
B_power_n	Se0.9_Sp0.99	1650	kappa	0.9058390936451398				outputs_round8/figures/fig3_source_data.tsv
B_power	Se0.9_Sp0.99		kappa	0.9063795737251764				outputs_round8/figures/fig3_source_data.tsv
B_power_n	Se0.9_Sp0.99	1700	kappa	0.9063795737251764				outputs_round8/figures/fig3_source_data.tsv
B_power	Se0.9_Sp0.99		kappa	0.90687589346456				outputs_round8/figures/fig3_source_data.tsv
B_power_n	Se0.9_Sp0.99	1750	kappa	0.90687589346456				outputs_round8/figures/fig3_source_data.tsv
B_power	Se0.9_Sp0.99		kappa	0.907331644046597				outputs_round8/figures/fig3_source_data.tsv
B_power_n	Se0.9_Sp0.99	1800	kappa	0.907331644046597				outputs_round8/figures/fig3_source_data.tsv
B_power	Se0.9_Sp0.99		kappa	0.9077500386996076				outputs_round8/figures/fig3_source_data.tsv
B_power_n	Se0.9_Sp0.99	1850	kappa	0.9077500386996076				outputs_round8/figures/fig3_source_data.tsv
B_power	Se0.9_Sp0.99		kappa	0.9081339611431544				outputs_round8/figures/fig3_source_data.tsv
B_power_n	Se0.9_Sp0.99	1900	kappa	0.9081339611431544				outputs_round8/figures/fig3_source_data.tsv
B_power	Se0.9_Sp0.99		kappa	0.9084860067687376				outputs_round8/figures/fig3_source_data.tsv
B_power_n	Se0.9_Sp0.99	1950	kappa	0.9084860067687376				outputs_round8/figures/fig3_source_data.tsv
B_power	Se0.9_Sp0.99		kappa	0.9088085177951764				outputs_round8/figures/fig3_source_data.tsv
B_power_n	Se0.9_Sp0.99	2000	kappa	0.9088085177951764				outputs_round8/figures/fig3_source_data.tsv
B_power	Se0.9_Sp0.99		kappa	0.910793178657014				outputs_round8/figures/fig3_source_data.tsv
B_power_n	Se0.9_Sp0.99	2500	kappa	0.910793178657014				outputs_round8/figures/fig3_source_data.tsv
B_power	Se0.9_Sp0.99		kappa	0.9113035716744148				outputs_round8/figures/fig3_source_data.tsv
B_power_n	Se0.9_Sp0.99	3000	kappa	0.9113035716744148				outputs_round8/figures/fig3_source_data.tsv
B_power	Se0.9_Sp0.99		kappa	0.9109683479140452				outputs_round8/figures/fig3_source_data.tsv
B_power_n	Se0.9_Sp0.99	3500	kappa	0.9109683479140452				outputs_round8/figures/fig3_source_data.tsv
B_power	Se0.9_Sp0.99		kappa	0.9101056877523716				outputs_round8/figures/fig3_source_data.tsv
B_power_n	Se0.9_Sp0.99	4000	kappa	0.9101056877523716				outputs_round8/figures/fig3_source_data.tsv
B_power	Se0.9_Sp0.99		kappa	0.908893875419398				outputs_round8/figures/fig3_source_data.tsv
B_power_n	Se0.9_Sp0.99	4500	kappa	0.908893875419398				outputs_round8/figures/fig3_source_data.tsv
B_power	Se0.9_Sp0.99		kappa	0.907440549834774				outputs_round8/figures/fig3_source_data.tsv
B_power_n	Se0.9_Sp0.99	5000	kappa	0.907440549834774				outputs_round8/figures/fig3_source_data.tsv
B_power	Se0.9_Sp0.99		kappa	0.905814525143835				outputs_round8/figures/fig3_source_data.tsv
B_power_n	Se0.9_Sp0.99	5500	kappa	0.905814525143835				outputs_round8/figures/fig3_source_data.tsv
B_power	Se0.9_Sp0.99		kappa	0.9040618334702908				outputs_round8/figures/fig3_source_data.tsv
B_power_n	Se0.9_Sp0.99	6000	kappa	0.9040618334702908				outputs_round8/figures/fig3_source_data.tsv
B_power	Se0.9_Sp0.99		kappa	0.9022144202674568				outputs_round8/figures/fig3_source_data.tsv
B_power_n	Se0.9_Sp0.99	6500	kappa	0.9022144202674568				outputs_round8/figures/fig3_source_data.tsv
B_power	Se0.9_Sp0.99		kappa	0.9002951397153328				outputs_round8/figures/fig3_source_data.tsv
B_power_n	Se0.9_Sp0.99	7000	kappa	0.9002951397153328				outputs_round8/figures/fig3_source_data.tsv
B_power	Se0.9_Sp0.99		kappa	0.8983207652868473				outputs_round8/figures/fig3_source_data.tsv
B_power_n	Se0.9_Sp0.99	7500	kappa	0.8983207652868473				outputs_round8/figures/fig3_source_data.tsv
B_power	Se0.9_Sp0.99		kappa	0.8963038784120754				outputs_round8/figures/fig3_source_data.tsv
B_power_n	Se0.9_Sp0.99	8000	kappa	0.8963038784120754				outputs_round8/figures/fig3_source_data.tsv
B_power	Se0.9_Sp0.99		kappa	0.8942540944780167				outputs_round8/figures/fig3_source_data.tsv
B_power_n	Se0.9_Sp0.99	8500	kappa	0.8942540944780167				outputs_round8/figures/fig3_source_data.tsv
B_power	Se0.9_Sp0.99		kappa	0.892178882432203				outputs_round8/figures/fig3_source_data.tsv
B_power_n	Se0.9_Sp0.99	9000	kappa	0.892178882432203				outputs_round8/figures/fig3_source_data.tsv
B_power	Se0.9_Sp0.99		kappa	0.89008412692522				outputs_round8/figures/fig3_source_data.tsv
B_power_n	Se0.9_Sp0.99	9500	kappa	0.89008412692522				outputs_round8/figures/fig3_source_data.tsv
B_power	Se0.9_Sp0.99		kappa	0.8879745226518598				outputs_round8/figures/fig3_source_data.tsv
B_power_n	Se0.9_Sp0.99	10000	kappa	0.8879745226518598				outputs_round8/figures/fig3_source_data.tsv
B_power	Se0.9_Sp0.99		kappa	0.8858538565576403				outputs_round8/figures/fig3_source_data.tsv
B_power_n	Se0.9_Sp0.99	10500	kappa	0.8858538565576403				outputs_round8/figures/fig3_source_data.tsv
B_power	Se0.9_Sp0.99		kappa	0.8837252134272887				outputs_round8/figures/fig3_source_data.tsv
B_power_n	Se0.9_Sp0.99	11000	kappa	0.8837252134272887				outputs_round8/figures/fig3_source_data.tsv
B_power	Se0.9_Sp0.99		kappa	0.8815911280720535				outputs_round8/figures/fig3_source_data.tsv
B_power_n	Se0.9_Sp0.99	11500	kappa	0.8815911280720535				outputs_round8/figures/fig3_source_data.tsv
B_power	Se0.9_Sp0.99		kappa	0.8794536996261355				outputs_round8/figures/fig3_source_data.tsv
B_power_n	Se0.9_Sp0.99	12000	kappa	0.8794536996261355				outputs_round8/figures/fig3_source_data.tsv
B_power	Se0.9_Sp0.99		kappa	0.8773146785191318				outputs_round8/figures/fig3_source_data.tsv
B_power_n	Se0.9_Sp0.99	12500	kappa	0.8773146785191318				outputs_round8/figures/fig3_source_data.tsv
B_power	Se0.9_Sp0.99		kappa	0.875175533452614				outputs_round8/figures/fig3_source_data.tsv
B_power_n	Se0.9_Sp0.99	13000	kappa	0.875175533452614				outputs_round8/figures/fig3_source_data.tsv
B_power	Se0.9_Sp0.99		kappa	0.8730375035457208				outputs_round8/figures/fig3_source_data.tsv
B_power_n	Se0.9_Sp0.99	13500	kappa	0.8730375035457208				outputs_round8/figures/fig3_source_data.tsv
B_power	Se0.9_Sp0.99		kappa	0.8709016393442623				outputs_round8/figures/fig3_source_data.tsv
B_power_n	Se0.9_Sp0.99	14000	kappa	0.8709016393442623				outputs_round8/figures/fig3_source_data.tsv
B_power	Se0.9_Sp0.99		kappa	0.8687688353721814				outputs_round8/figures/fig3_source_data.tsv
B_power_n	Se0.9_Sp0.99	14500	kappa	0.8687688353721814				outputs_round8/figures/fig3_source_data.tsv
B_power	Se0.9_Sp0.99		kappa	0.8666398561922812				outputs_round8/figures/fig3_source_data.tsv
B_power_n	Se0.9_Sp0.99	15000	kappa	0.8666398561922812				outputs_round8/figures/fig3_source_data.tsv
B_power	Se0.9_Sp0.99		kappa	0.8645153574371196				outputs_round8/figures/fig3_source_data.tsv
B_power_n	Se0.9_Sp0.99	15500	kappa	0.8645153574371196				outputs_round8/figures/fig3_source_data.tsv
B_power	Se0.9_Sp0.99		kappa	0.8623959029069724				outputs_round8/figures/fig3_source_data.tsv
B_power_n	Se0.9_Sp0.99	16000	kappa	0.8623959029069724				outputs_round8/figures/fig3_source_data.tsv
B_power	Se0.9_Sp0.99		kappa	0.8602819785665843				outputs_round8/figures/fig3_source_data.tsv
B_power_n	Se0.9_Sp0.99	16500	kappa	0.8602819785665843				outputs_round8/figures/fig3_source_data.tsv
B_power	Se0.9_Sp0.99		kappa	0.8581740040773596				outputs_round8/figures/fig3_source_data.tsv
B_power_n	Se0.9_Sp0.99	17000	kappa	0.8581740040773596				outputs_round8/figures/fig3_source_data.tsv
B_power	Se0.9_Sp0.99		kappa	0.8560723423565129				outputs_round8/figures/fig3_source_data.tsv
B_power_n	Se0.9_Sp0.99	17500	kappa	0.8560723423565129				outputs_round8/figures/fig3_source_data.tsv
B_power	Se0.9_Sp0.99		kappa	0.8539773075457913				outputs_round8/figures/fig3_source_data.tsv
B_power_n	Se0.9_Sp0.99	18000	kappa	0.8539773075457913				outputs_round8/figures/fig3_source_data.tsv
B_power	Se0.9_Sp0.99		kappa	0.8518891716898627				outputs_round8/figures/fig3_source_data.tsv
B_power_n	Se0.9_Sp0.99	18500	kappa	0.8518891716898627				outputs_round8/figures/fig3_source_data.tsv
B_power	Se0.9_Sp0.99		kappa	0.8498081703614753				outputs_round8/figures/fig3_source_data.tsv
B_power_n	Se0.9_Sp0.99	19000	kappa	0.8498081703614753				outputs_round8/figures/fig3_source_data.tsv
B_power	Se0.9_Sp0.99		kappa	0.8477345074219582				outputs_round8/figures/fig3_source_data.tsv
B_power_n	Se0.9_Sp0.99	19500	kappa	0.8477345074219582				outputs_round8/figures/fig3_source_data.tsv
B_power	Se0.9_Sp0.99		kappa	0.8456683590680218				outputs_round8/figures/fig3_source_data.tsv
B_power_n	Se0.9_Sp0.99	20000	kappa	0.8456683590680218				outputs_round8/figures/fig3_source_data.tsv
B_power	Se0.9_Sp0.5		kappa	0.0				outputs_round8/figures/fig3_source_data.tsv
B_power_n	Se0.9_Sp0.5	0	kappa	0.0				outputs_round8/figures/fig3_source_data.tsv
B_power	Se0.9_Sp0.5		kappa	0.0391339154777294				outputs_round8/figures/fig3_source_data.tsv
B_power_n	Se0.9_Sp0.5	5	kappa	0.0391339154777294				outputs_round8/figures/fig3_source_data.tsv
B_power	Se0.9_Sp0.5		kappa	0.0732248549155636				outputs_round8/figures/fig3_source_data.tsv
B_power_n	Se0.9_Sp0.5	10	kappa	0.0732248549155636				outputs_round8/figures/fig3_source_data.tsv
B_power	Se0.9_Sp0.5		kappa	0.1031653074143753				outputs_round8/figures/fig3_source_data.tsv
B_power_n	Se0.9_Sp0.5	15	kappa	0.1031653074143753				outputs_round8/figures/fig3_source_data.tsv
B_power	Se0.9_Sp0.5		kappa	0.1296490487409612				outputs_round8/figures/fig3_source_data.tsv
B_power_n	Se0.9_Sp0.5	20	kappa	0.1296490487409612				outputs_round8/figures/fig3_source_data.tsv
B_power	Se0.9_Sp0.5		kappa	0.1532235285028755				outputs_round8/figures/fig3_source_data.tsv
B_power_n	Se0.9_Sp0.5	25	kappa	0.1532235285028755				outputs_round8/figures/fig3_source_data.tsv
B_power	Se0.9_Sp0.5		kappa	0.1743265142937365				outputs_round8/figures/fig3_source_data.tsv
B_power_n	Se0.9_Sp0.5	30	kappa	0.1743265142937365				outputs_round8/figures/fig3_source_data.tsv
B_power	Se0.9_Sp0.5		kappa	0.1933122490316625				outputs_round8/figures/fig3_source_data.tsv
B_power_n	Se0.9_Sp0.5	35	kappa	0.1933122490316625				outputs_round8/figures/fig3_source_data.tsv
B_power	Se0.9_Sp0.5		kappa	0.2104704633887513				outputs_round8/figures/fig3_source_data.tsv
B_power_n	Se0.9_Sp0.5	40	kappa	0.2104704633887513				outputs_round8/figures/fig3_source_data.tsv
B_power	Se0.9_Sp0.5		kappa	0.226040421082068				outputs_round8/figures/fig3_source_data.tsv
B_power_n	Se0.9_Sp0.5	45	kappa	0.226040421082068				outputs_round8/figures/fig3_source_data.tsv
B_power	Se0.9_Sp0.5		kappa	0.2402214478388905				outputs_round8/figures/fig3_source_data.tsv
B_power_n	Se0.9_Sp0.5	50	kappa	0.2402214478388905				outputs_round8/figures/fig3_source_data.tsv
B_power	Se0.9_Sp0.5		kappa	0.2531809299539614				outputs_round8/figures/fig3_source_data.tsv
B_power_n	Se0.9_Sp0.5	55	kappa	0.2531809299539614				outputs_round8/figures/fig3_source_data.tsv
B_power	Se0.9_Sp0.5		kappa	0.2650604645982795				outputs_round8/figures/fig3_source_data.tsv
B_power_n	Se0.9_Sp0.5	60	kappa	0.2650604645982795				outputs_round8/figures/fig3_source_data.tsv
B_power	Se0.9_Sp0.5		kappa	0.2759806416616821				outputs_round8/figures/fig3_source_data.tsv
B_power_n	Se0.9_Sp0.5	65	kappa	0.2759806416616821				outputs_round8/figures/fig3_source_data.tsv
B_power	Se0.9_Sp0.5		kappa	0.2860447996634766				outputs_round8/figures/fig3_source_data.tsv
B_power_n	Se0.9_Sp0.5	70	kappa	0.2860447996634766				outputs_round8/figures/fig3_source_data.tsv
B_power	Se0.9_Sp0.5		kappa	0.2953420036617859				outputs_round8/figures/fig3_source_data.tsv
B_power_n	Se0.9_Sp0.5	75	kappa	0.2953420036617859				outputs_round8/figures/fig3_source_data.tsv
B_power	Se0.9_Sp0.5		kappa	0.3039494269020783				outputs_round8/figures/fig3_source_data.tsv
B_power_n	Se0.9_Sp0.5	80	kappa	0.3039494269020783				outputs_round8/figures/fig3_source_data.tsv
B_power	Se0.9_Sp0.5		kappa	0.3119342709928984				outputs_round8/figures/fig3_source_data.tsv
B_power_n	Se0.9_Sp0.5	85	kappa	0.3119342709928984				outputs_round8/figures/fig3_source_data.tsv
B_power	Se0.9_Sp0.5		kappa	0.3193553256637863				outputs_round8/figures/fig3_source_data.tsv
B_power_n	Se0.9_Sp0.5	90	kappa	0.3193553256637863				outputs_round8/figures/fig3_source_data.tsv
B_power	Se0.9_Sp0.5		kappa	0.3262642446368555				outputs_round8/figures/fig3_source_data.tsv
B_power_n	Se0.9_Sp0.5	95	kappa	0.3262642446368555				outputs_round8/figures/fig3_source_data.tsv
B_power	Se0.9_Sp0.5		kappa	0.332706596117957				outputs_round8/figures/fig3_source_data.tsv
B_power_n	Se0.9_Sp0.5	100	kappa	0.332706596117957				outputs_round8/figures/fig3_source_data.tsv
B_power	Se0.9_Sp0.5		kappa	0.3387227330275418				outputs_round8/figures/fig3_source_data.tsv
B_power_n	Se0.9_Sp0.5	105	kappa	0.3387227330275418				outputs_round8/figures/fig3_source_data.tsv
B_power	Se0.9_Sp0.5		kappa	0.3443485180551147				outputs_round8/figures/fig3_source_data.tsv
B_power_n	Se0.9_Sp0.5	110	kappa	0.3443485180551147				outputs_round8/figures/fig3_source_data.tsv
B_power	Se0.9_Sp0.5		kappa	0.3496159310284543				outputs_round8/figures/fig3_source_data.tsv
B_power_n	Se0.9_Sp0.5	115	kappa	0.3496159310284543				outputs_round8/figures/fig3_source_data.tsv
B_power	Se0.9_Sp0.5		kappa	0.3545535802959582				outputs_round8/figures/fig3_source_data.tsv
B_power_n	Se0.9_Sp0.5	120	kappa	0.3545535802959582				outputs_round8/figures/fig3_source_data.tsv
B_power	Se0.9_Sp0.5		kappa	0.3591871353656334				outputs_round8/figures/fig3_source_data.tsv
B_power_n	Se0.9_Sp0.5	125	kappa	0.3591871353656334				outputs_round8/figures/fig3_source_data.tsv
B_power	Se0.9_Sp0.5		kappa	0.3635396945925822				outputs_round8/figures/fig3_source_data.tsv
B_power_n	Se0.9_Sp0.5	130	kappa	0.3635396945925822				outputs_round8/figures/fig3_source_data.tsv
B_power	Se0.9_Sp0.5		kappa	0.3676320990135192				outputs_round8/figures/fig3_source_data.tsv
B_power_n	Se0.9_Sp0.5	135	kappa	0.3676320990135192				outputs_round8/figures/fig3_source_data.tsv
B_power	Se0.9_Sp0.5		kappa	0.3714832013111174				outputs_round8/figures/fig3_source_data.tsv
B_power_n	Se0.9_Sp0.5	140	kappa	0.3714832013111174				outputs_round8/figures/fig3_source_data.tsv
B_power	Se0.9_Sp0.5		kappa	0.3751100972184342				outputs_round8/figures/fig3_source_data.tsv
B_power_n	Se0.9_Sp0.5	145	kappa	0.3751100972184342				outputs_round8/figures/fig3_source_data.tsv
B_power	Se0.9_Sp0.5		kappa	0.3785283253435053				outputs_round8/figures/fig3_source_data.tsv
B_power_n	Se0.9_Sp0.5	150	kappa	0.3785283253435053				outputs_round8/figures/fig3_source_data.tsv
B_power	Se0.9_Sp0.5		kappa	0.3817520403302561				outputs_round8/figures/fig3_source_data.tsv
B_power_n	Se0.9_Sp0.5	155	kappa	0.3817520403302561				outputs_round8/figures/fig3_source_data.tsv
B_power	Se0.9_Sp0.5		kappa	0.3847941634162608				outputs_round8/figures/fig3_source_data.tsv
B_power_n	Se0.9_Sp0.5	160	kappa	0.3847941634162608				outputs_round8/figures/fig3_source_data.tsv
B_power	Se0.9_Sp0.5		kappa	0.3876665137562323				outputs_round8/figures/fig3_source_data.tsv
B_power_n	Se0.9_Sp0.5	165	kappa	0.3876665137562323				outputs_round8/figures/fig3_source_data.tsv
B_power	Se0.9_Sp0.5		kappa	0.3903799233182294				outputs_round8/figures/fig3_source_data.tsv
B_power_n	Se0.9_Sp0.5	170	kappa	0.3903799233182294				outputs_round8/figures/fig3_source_data.tsv
B_power	Se0.9_Sp0.5		kappa	0.3929443377009864				outputs_round8/figures/fig3_source_data.tsv
B_power_n	Se0.9_Sp0.5	175	kappa	0.3929443377009864				outputs_round8/figures/fig3_source_data.tsv
B_power	Se0.9_Sp0.5		kappa	0.3953689048447456				outputs_round8/figures/fig3_source_data.tsv
B_power_n	Se0.9_Sp0.5	180	kappa	0.3953689048447456				outputs_round8/figures/fig3_source_data.tsv
B_power	Se0.9_Sp0.5		kappa	0.3976620532983888				outputs_round8/figures/fig3_source_data.tsv
B_power_n	Se0.9_Sp0.5	185	kappa	0.3976620532983888				outputs_round8/figures/fig3_source_data.tsv
B_power	Se0.9_Sp0.5		kappa	0.3998315614496767				outputs_round8/figures/fig3_source_data.tsv
B_power_n	Se0.9_Sp0.5	190	kappa	0.3998315614496767				outputs_round8/figures/fig3_source_data.tsv
B_power	Se0.9_Sp0.5		kappa	0.401884618912921				outputs_round8/figures/fig3_source_data.tsv
B_power_n	Se0.9_Sp0.5	195	kappa	0.401884618912921				outputs_round8/figures/fig3_source_data.tsv
B_power	Se0.9_Sp0.5		kappa	0.4038278810913536				outputs_round8/figures/fig3_source_data.tsv
B_power_n	Se0.9_Sp0.5	200	kappa	0.4038278810913536				outputs_round8/figures/fig3_source_data.tsv
B_power	Se0.9_Sp0.5		kappa	0.4183876079919068				outputs_round8/figures/fig3_source_data.tsv
B_power_n	Se0.9_Sp0.5	250	kappa	0.4183876079919068				outputs_round8/figures/fig3_source_data.tsv
B_power	Se0.9_Sp0.5		kappa	0.4266902521595968				outputs_round8/figures/fig3_source_data.tsv
B_power_n	Se0.9_Sp0.5	300	kappa	0.4266902521595968				outputs_round8/figures/fig3_source_data.tsv
B_power	Se0.9_Sp0.5		kappa	0.4310754699039591				outputs_round8/figures/fig3_source_data.tsv
B_power_n	Se0.9_Sp0.5	350	kappa	0.4310754699039591				outputs_round8/figures/fig3_source_data.tsv
B_power	Se0.9_Sp0.5		kappa	0.4328807486290595				outputs_round8/figures/fig3_source_data.tsv
B_power_n	Se0.9_Sp0.5	400	kappa	0.4328807486290595				outputs_round8/figures/fig3_source_data.tsv
B_power	Se0.9_Sp0.5		kappa	0.4329238376414343				outputs_round8/figures/fig3_source_data.tsv
B_power_n	Se0.9_Sp0.5	450	kappa	0.4329238376414343				outputs_round8/figures/fig3_source_data.tsv
B_power	Se0.9_Sp0.5		kappa	0.4317311512165568				outputs_round8/figures/fig3_source_data.tsv
B_power_n	Se0.9_Sp0.5	500	kappa	0.4317311512165568				outputs_round8/figures/fig3_source_data.tsv
B_power	Se0.9_Sp0.5		kappa	0.4296555903435809				outputs_round8/figures/fig3_source_data.tsv
B_power_n	Se0.9_Sp0.5	550	kappa	0.4296555903435809				outputs_round8/figures/fig3_source_data.tsv
B_power	Se0.9_Sp0.5		kappa	0.4269415676050612				outputs_round8/figures/fig3_source_data.tsv
B_power_n	Se0.9_Sp0.5	600	kappa	0.4269415676050612				outputs_round8/figures/fig3_source_data.tsv
B_power	Se0.9_Sp0.5		kappa	0.4237629091720908				outputs_round8/figures/fig3_source_data.tsv
B_power_n	Se0.9_Sp0.5	650	kappa	0.4237629091720908				outputs_round8/figures/fig3_source_data.tsv
B_power	Se0.9_Sp0.5		kappa	0.4202459674927385				outputs_round8/figures/fig3_source_data.tsv
B_power_n	Se0.9_Sp0.5	700	kappa	0.4202459674927385				outputs_round8/figures/fig3_source_data.tsv
B_power	Se0.9_Sp0.5		kappa	0.4164842603656605				outputs_round8/figures/fig3_source_data.tsv
B_power_n	Se0.9_Sp0.5	750	kappa	0.4164842603656605				outputs_round8/figures/fig3_source_data.tsv
B_power	Se0.9_Sp0.5		kappa	0.4125480475470294				outputs_round8/figures/fig3_source_data.tsv
B_power_n	Se0.9_Sp0.5	800	kappa	0.4125480475470294				outputs_round8/figures/fig3_source_data.tsv
B_power	Se0.9_Sp0.5		kappa	0.4084907724852287				outputs_round8/figures/fig3_source_data.tsv
B_power_n	Se0.9_Sp0.5	850	kappa	0.4084907724852287				outputs_round8/figures/fig3_source_data.tsv
B_power	Se0.9_Sp0.5		kappa	0.4043535016126004				outputs_round8/figures/fig3_source_data.tsv
B_power_n	Se0.9_Sp0.5	900	kappa	0.4043535016126004				outputs_round8/figures/fig3_source_data.tsv
B_power	Se0.9_Sp0.5		kappa	0.4001680493422603				outputs_round8/figures/fig3_source_data.tsv
B_power_n	Se0.9_Sp0.5	950	kappa	0.4001680493422603				outputs_round8/figures/fig3_source_data.tsv
B_power	Se0.9_Sp0.5		kappa	0.3959592195277773				outputs_round8/figures/fig3_source_data.tsv
B_power_n	Se0.9_Sp0.5	1000	kappa	0.3959592195277773				outputs_round8/figures/fig3_source_data.tsv
B_power	Se0.9_Sp0.5		kappa	0.3917464401962575				outputs_round8/figures/fig3_source_data.tsv
B_power_n	Se0.9_Sp0.5	1050	kappa	0.3917464401962575				outputs_round8/figures/fig3_source_data.tsv
B_power	Se0.9_Sp0.5		kappa	0.3875449736467938				outputs_round8/figures/fig3_source_data.tsv
B_power_n	Se0.9_Sp0.5	1100	kappa	0.3875449736467938				outputs_round8/figures/fig3_source_data.tsv
B_power	Se0.9_Sp0.5		kappa	0.3833668242376217				outputs_round8/figures/fig3_source_data.tsv
B_power_n	Se0.9_Sp0.5	1150	kappa	0.3833668242376217				outputs_round8/figures/fig3_source_data.tsv
B_power	Se0.9_Sp0.5		kappa	0.3792214276040271				outputs_round8/figures/fig3_source_data.tsv
B_power_n	Se0.9_Sp0.5	1200	kappa	0.3792214276040271				outputs_round8/figures/fig3_source_data.tsv
B_power	Se0.9_Sp0.5		kappa	0.3751161796276925				outputs_round8/figures/fig3_source_data.tsv
B_power_n	Se0.9_Sp0.5	1250	kappa	0.3751161796276925				outputs_round8/figures/fig3_source_data.tsv
B_power	Se0.9_Sp0.5		kappa	0.3710568464125676				outputs_round8/figures/fig3_source_data.tsv
B_power_n	Se0.9_Sp0.5	1300	kappa	0.3710568464125676				outputs_round8/figures/fig3_source_data.tsv
B_power	Se0.9_Sp0.5		kappa	0.3670478848694278				outputs_round8/figures/fig3_source_data.tsv
B_power_n	Se0.9_Sp0.5	1350	kappa	0.3670478848694278				outputs_round8/figures/fig3_source_data.tsv
B_power	Se0.9_Sp0.5		kappa	0.3630926954293038				outputs_round8/figures/fig3_source_data.tsv
B_power_n	Se0.9_Sp0.5	1400	kappa	0.3630926954293038				outputs_round8/figures/fig3_source_data.tsv
B_power	Se0.9_Sp0.5		kappa	0.3591938227197379				outputs_round8/figures/fig3_source_data.tsv
B_power_n	Se0.9_Sp0.5	1450	kappa	0.3591938227197379				outputs_round8/figures/fig3_source_data.tsv
B_power	Se0.9_Sp0.5		kappa	0.3553531159839725				outputs_round8/figures/fig3_source_data.tsv
B_power_n	Se0.9_Sp0.5	1500	kappa	0.3553531159839725				outputs_round8/figures/fig3_source_data.tsv
B_power	Se0.9_Sp0.5		kappa	0.3515718580975356				outputs_round8/figures/fig3_source_data.tsv
B_power_n	Se0.9_Sp0.5	1550	kappa	0.3515718580975356				outputs_round8/figures/fig3_source_data.tsv
B_power	Se0.9_Sp0.5		kappa	0.3478508699012169				outputs_round8/figures/fig3_source_data.tsv
B_power_n	Se0.9_Sp0.5	1600	kappa	0.3478508699012169				outputs_round8/figures/fig3_source_data.tsv
B_power	Se0.9_Sp0.5		kappa	0.3441905949941831				outputs_round8/figures/fig3_source_data.tsv
B_power_n	Se0.9_Sp0.5	1650	kappa	0.3441905949941831				outputs_round8/figures/fig3_source_data.tsv
B_power	Se0.9_Sp0.5		kappa	0.3405911689575477				outputs_round8/figures/fig3_source_data.tsv
B_power_n	Se0.9_Sp0.5	1700	kappa	0.3405911689575477				outputs_round8/figures/fig3_source_data.tsv
B_power	Se0.9_Sp0.5		kappa	0.337052476096536				outputs_round8/figures/fig3_source_data.tsv
B_power_n	Se0.9_Sp0.5	1750	kappa	0.337052476096536				outputs_round8/figures/fig3_source_data.tsv
B_power	Se0.9_Sp0.5		kappa	0.3335741961204481				outputs_round8/figures/fig3_source_data.tsv
B_power_n	Se0.9_Sp0.5	1800	kappa	0.3335741961204481				outputs_round8/figures/fig3_source_data.tsv
B_power	Se0.9_Sp0.5		kappa	0.3301558426683313				outputs_round8/figures/fig3_source_data.tsv
B_power_n	Se0.9_Sp0.5	1850	kappa	0.3301558426683313				outputs_round8/figures/fig3_source_data.tsv
B_power	Se0.9_Sp0.5		kappa	0.326796795194454				outputs_round8/figures/fig3_source_data.tsv
B_power_n	Se0.9_Sp0.5	1900	kappa	0.326796795194454				outputs_round8/figures/fig3_source_data.tsv
B_power	Se0.9_Sp0.5		kappa	0.3234963254222473				outputs_round8/figures/fig3_source_data.tsv
B_power_n	Se0.9_Sp0.5	1950	kappa	0.3234963254222473				outputs_round8/figures/fig3_source_data.tsv
B_power	Se0.9_Sp0.5		kappa	0.3202536193368599				outputs_round8/figures/fig3_source_data.tsv
B_power_n	Se0.9_Sp0.5	2000	kappa	0.3202536193368599				outputs_round8/figures/fig3_source_data.tsv
B_power	Se0.9_Sp0.5		kappa	0.2907922230918838				outputs_round8/figures/fig3_source_data.tsv
B_power_n	Se0.9_Sp0.5	2500	kappa	0.2907922230918838				outputs_round8/figures/fig3_source_data.tsv
B_power	Se0.9_Sp0.5		kappa	0.2660137283947674				outputs_round8/figures/fig3_source_data.tsv
B_power_n	Se0.9_Sp0.5	3000	kappa	0.2660137283947674				outputs_round8/figures/fig3_source_data.tsv
B_power	Se0.9_Sp0.5		kappa	0.2449903084716209				outputs_round8/figures/fig3_source_data.tsv
B_power_n	Se0.9_Sp0.5	3500	kappa	0.2449903084716209				outputs_round8/figures/fig3_source_data.tsv
B_power	Se0.9_Sp0.5		kappa	0.2269735132400422				outputs_round8/figures/fig3_source_data.tsv
B_power_n	Se0.9_Sp0.5	4000	kappa	0.2269735132400422				outputs_round8/figures/fig3_source_data.tsv
B_power	Se0.9_Sp0.5		kappa	0.2113829209507812				outputs_round8/figures/fig3_source_data.tsv
B_power_n	Se0.9_Sp0.5	4500	kappa	0.2113829209507812				outputs_round8/figures/fig3_source_data.tsv
B_power	Se0.9_Sp0.5		kappa	0.1977706100242776				outputs_round8/figures/fig3_source_data.tsv
B_power_n	Se0.9_Sp0.5	5000	kappa	0.1977706100242776				outputs_round8/figures/fig3_source_data.tsv
B_power	Se0.9_Sp0.5		kappa	0.1857888029814774				outputs_round8/figures/fig3_source_data.tsv
B_power_n	Se0.9_Sp0.5	5500	kappa	0.1857888029814774				outputs_round8/figures/fig3_source_data.tsv
B_power	Se0.9_Sp0.5		kappa	0.1751648180726915				outputs_round8/figures/fig3_source_data.tsv
B_power_n	Se0.9_Sp0.5	6000	kappa	0.1751648180726915				outputs_round8/figures/fig3_source_data.tsv
B_power	Se0.9_Sp0.5		kappa	0.1656825228339593				outputs_round8/figures/fig3_source_data.tsv
B_power_n	Se0.9_Sp0.5	6500	kappa	0.1656825228339593				outputs_round8/figures/fig3_source_data.tsv
B_power	Se0.9_Sp0.5		kappa	0.1571687437594764				outputs_round8/figures/fig3_source_data.tsv
B_power_n	Se0.9_Sp0.5	7000	kappa	0.1571687437594764				outputs_round8/figures/fig3_source_data.tsv
B_power	Se0.9_Sp0.5		kappa	0.1494832840212963				outputs_round8/figures/fig3_source_data.tsv
B_power_n	Se0.9_Sp0.5	7500	kappa	0.1494832840212963				outputs_round8/figures/fig3_source_data.tsv
B_power	Se0.9_Sp0.5		kappa	0.1425115352758713				outputs_round8/figures/fig3_source_data.tsv
B_power_n	Se0.9_Sp0.5	8000	kappa	0.1425115352758713				outputs_round8/figures/fig3_source_data.tsv
B_power	Se0.9_Sp0.5		kappa	0.1361589558553215				outputs_round8/figures/fig3_source_data.tsv
B_power_n	Se0.9_Sp0.5	8500	kappa	0.1361589558553215				outputs_round8/figures/fig3_source_data.tsv
B_power	Se0.9_Sp0.5		kappa	0.1303469004456378				outputs_round8/figures/fig3_source_data.tsv
B_power_n	Se0.9_Sp0.5	9000	kappa	0.1303469004456378				outputs_round8/figures/fig3_source_data.tsv
B_power	Se0.9_Sp0.5		kappa	0.1250094372172999				outputs_round8/figures/fig3_source_data.tsv
B_power_n	Se0.9_Sp0.5	9500	kappa	0.1250094372172999				outputs_round8/figures/fig3_source_data.tsv
B_power	Se0.9_Sp0.5		kappa	0.1200908936689998				outputs_round8/figures/fig3_source_data.tsv
B_power_n	Se0.9_Sp0.5	10000	kappa	0.1200908936689998				outputs_round8/figures/fig3_source_data.tsv
B_power	Se0.9_Sp0.5		kappa	0.115543945780437				outputs_round8/figures/fig3_source_data.tsv
B_power_n	Se0.9_Sp0.5	10500	kappa	0.115543945780437				outputs_round8/figures/fig3_source_data.tsv
B_power	Se0.9_Sp0.5		kappa	0.1113281163622904				outputs_round8/figures/fig3_source_data.tsv
B_power_n	Se0.9_Sp0.5	11000	kappa	0.1113281163622904				outputs_round8/figures/fig3_source_data.tsv
B_power	Se0.9_Sp0.5		kappa	0.1074085846301456				outputs_round8/figures/fig3_source_data.tsv
B_power_n	Se0.9_Sp0.5	11500	kappa	0.1074085846301456				outputs_round8/figures/fig3_source_data.tsv
B_power	Se0.9_Sp0.5		kappa	0.1037552347167921				outputs_round8/figures/fig3_source_data.tsv
B_power_n	Se0.9_Sp0.5	12000	kappa	0.1037552347167921				outputs_round8/figures/fig3_source_data.tsv
B_power	Se0.9_Sp0.5		kappa	0.1003418892698077				outputs_round8/figures/fig3_source_data.tsv
B_power_n	Se0.9_Sp0.5	12500	kappa	0.1003418892698077				outputs_round8/figures/fig3_source_data.tsv
B_power	Se0.9_Sp0.5		kappa	0.0971456876357341				outputs_round8/figures/fig3_source_data.tsv
B_power_n	Se0.9_Sp0.5	13000	kappa	0.0971456876357341				outputs_round8/figures/fig3_source_data.tsv
B_power	Se0.9_Sp0.5		kappa	0.0941465779000885				outputs_round8/figures/fig3_source_data.tsv
B_power_n	Se0.9_Sp0.5	13500	kappa	0.0941465779000885				outputs_round8/figures/fig3_source_data.tsv
B_power	Se0.9_Sp0.5		kappa	0.0913268992637441				outputs_round8/figures/fig3_source_data.tsv
B_power_n	Se0.9_Sp0.5	14000	kappa	0.0913268992637441				outputs_round8/figures/fig3_source_data.tsv
B_power	Se0.9_Sp0.5		kappa	0.0886710366079699				outputs_round8/figures/fig3_source_data.tsv
B_power_n	Se0.9_Sp0.5	14500	kappa	0.0886710366079699				outputs_round8/figures/fig3_source_data.tsv
B_power	Se0.9_Sp0.5		kappa	0.0861651331364747				outputs_round8/figures/fig3_source_data.tsv
B_power_n	Se0.9_Sp0.5	15000	kappa	0.0861651331364747				outputs_round8/figures/fig3_source_data.tsv
B_power	Se0.9_Sp0.5		kappa	0.0837968500402896				outputs_round8/figures/fig3_source_data.tsv
B_power_n	Se0.9_Sp0.5	15500	kappa	0.0837968500402896				outputs_round8/figures/fig3_source_data.tsv
B_power	Se0.9_Sp0.5		kappa	0.0815551644657979				outputs_round8/figures/fig3_source_data.tsv
B_power_n	Se0.9_Sp0.5	16000	kappa	0.0815551644657979				outputs_round8/figures/fig3_source_data.tsv
B_power	Se0.9_Sp0.5		kappa	0.0794301988620079				outputs_round8/figures/fig3_source_data.tsv
B_power_n	Se0.9_Sp0.5	16500	kappa	0.0794301988620079				outputs_round8/figures/fig3_source_data.tsv
B_power	Se0.9_Sp0.5		kappa	0.0774130761744665				outputs_round8/figures/fig3_source_data.tsv
B_power_n	Se0.9_Sp0.5	17000	kappa	0.0774130761744665				outputs_round8/figures/fig3_source_data.tsv
B_power	Se0.9_Sp0.5		kappa	0.0754957964384636				outputs_round8/figures/fig3_source_data.tsv
B_power_n	Se0.9_Sp0.5	17500	kappa	0.0754957964384636				outputs_round8/figures/fig3_source_data.tsv
B_power	Se0.9_Sp0.5		kappa	0.0736711311761951				outputs_round8/figures/fig3_source_data.tsv
B_power_n	Se0.9_Sp0.5	18000	kappa	0.0736711311761951				outputs_round8/figures/fig3_source_data.tsv
B_power	Se0.9_Sp0.5		kappa	0.0719325326756141				outputs_round8/figures/fig3_source_data.tsv
B_power_n	Se0.9_Sp0.5	18500	kappa	0.0719325326756141				outputs_round8/figures/fig3_source_data.tsv
B_power	Se0.9_Sp0.5		kappa	0.0702740557634731				outputs_round8/figures/fig3_source_data.tsv
B_power_n	Se0.9_Sp0.5	19000	kappa	0.0702740557634731				outputs_round8/figures/fig3_source_data.tsv
B_power	Se0.9_Sp0.5		kappa	0.0686902901124262				outputs_round8/figures/fig3_source_data.tsv
B_power_n	Se0.9_Sp0.5	19500	kappa	0.0686902901124262				outputs_round8/figures/fig3_source_data.tsv
B_power	Se0.9_Sp0.5		kappa	0.0671763014653379				outputs_round8/figures/fig3_source_data.tsv
B_power_n	Se0.9_Sp0.5	20000	kappa	0.0671763014653379				outputs_round8/figures/fig3_source_data.tsv
B_power	Se0.95_Sp0.6		kappa	0.0				outputs_round8/figures/fig3_source_data.tsv
B_power_n	Se0.95_Sp0.6	0	kappa	0.0				outputs_round8/figures/fig3_source_data.tsv
B_power	Se0.95_Sp0.6		kappa	0.0993488061445981				outputs_round8/figures/fig3_source_data.tsv
B_power_n	Se0.95_Sp0.6	5	kappa	0.0993488061445981				outputs_round8/figures/fig3_source_data.tsv
B_power	Se0.95_Sp0.6		kappa	0.1742104632747285				outputs_round8/figures/fig3_source_data.tsv
B_power_n	Se0.95_Sp0.6	10	kappa	0.1742104632747285				outputs_round8/figures/fig3_source_data.tsv
B_power	Se0.95_Sp0.6		kappa	0.2325760447266188				outputs_round8/figures/fig3_source_data.tsv
B_power_n	Se0.95_Sp0.6	15	kappa	0.2325760447266188				outputs_round8/figures/fig3_source_data.tsv
B_power	Se0.95_Sp0.6		kappa	0.2793010007041199				outputs_round8/figures/fig3_source_data.tsv
B_power_n	Se0.95_Sp0.6	20	kappa	0.2793010007041199				outputs_round8/figures/fig3_source_data.tsv
B_power	Se0.95_Sp0.6		kappa	0.3175057485761958				outputs_round8/figures/fig3_source_data.tsv
B_power_n	Se0.95_Sp0.6	25	kappa	0.3175057485761958				outputs_round8/figures/fig3_source_data.tsv
B_power	Se0.95_Sp0.6		kappa	0.3492871056400036				outputs_round8/figures/fig3_source_data.tsv
B_power_n	Se0.95_Sp0.6	30	kappa	0.3492871056400036				outputs_round8/figures/fig3_source_data.tsv
B_power	Se0.95_Sp0.6		kappa	0.3761061946902652				outputs_round8/figures/fig3_source_data.tsv
B_power_n	Se0.95_Sp0.6	35	kappa	0.3761061946902652				outputs_round8/figures/fig3_source_data.tsv
B_power	Se0.95_Sp0.6		kappa	0.3990123757849174				outputs_round8/figures/fig3_source_data.tsv
B_power_n	Se0.95_Sp0.6	40	kappa	0.3990123757849174				outputs_round8/figures/fig3_source_data.tsv
B_power	Se0.95_Sp0.6		kappa	0.4187787486047826				outputs_round8/figures/fig3_source_data.tsv
B_power_n	Se0.95_Sp0.6	45	kappa	0.4187787486047826				outputs_round8/figures/fig3_source_data.tsv
B_power	Se0.95_Sp0.6		kappa	0.4359874499563675				outputs_round8/figures/fig3_source_data.tsv
B_power_n	Se0.95_Sp0.6	50	kappa	0.4359874499563675				outputs_round8/figures/fig3_source_data.tsv
B_power	Se0.95_Sp0.6		kappa	0.4510851858349411				outputs_round8/figures/fig3_source_data.tsv
B_power_n	Se0.95_Sp0.6	55	kappa	0.4510851858349411				outputs_round8/figures/fig3_source_data.tsv
B_power	Se0.95_Sp0.6		kappa	0.464420450110576				outputs_round8/figures/fig3_source_data.tsv
B_power_n	Se0.95_Sp0.6	60	kappa	0.464420450110576				outputs_round8/figures/fig3_source_data.tsv
B_power	Se0.95_Sp0.6		kappa	0.4762691086991809				outputs_round8/figures/fig3_source_data.tsv
B_power_n	Se0.95_Sp0.6	65	kappa	0.4762691086991809				outputs_round8/figures/fig3_source_data.tsv
B_power	Se0.95_Sp0.6		kappa	0.4868523821921375				outputs_round8/figures/fig3_source_data.tsv
B_power_n	Se0.95_Sp0.6	70	kappa	0.4868523821921375				outputs_round8/figures/fig3_source_data.tsv
B_power	Se0.95_Sp0.6		kappa	0.4963497376057919				outputs_round8/figures/fig3_source_data.tsv
B_power_n	Se0.95_Sp0.6	75	kappa	0.4963497376057919				outputs_round8/figures/fig3_source_data.tsv
B_power	Se0.95_Sp0.6		kappa	0.504908294921988				outputs_round8/figures/fig3_source_data.tsv
B_power_n	Se0.95_Sp0.6	80	kappa	0.504908294921988				outputs_round8/figures/fig3_source_data.tsv
B_power	Se0.95_Sp0.6		kappa	0.5126498002663115				outputs_round8/figures/fig3_source_data.tsv
B_power_n	Se0.95_Sp0.6	85	kappa	0.5126498002663115				outputs_round8/figures/fig3_source_data.tsv
B_power	Se0.95_Sp0.6		kappa	0.5196758697656363				outputs_round8/figures/fig3_source_data.tsv
B_power_n	Se0.95_Sp0.6	90	kappa	0.5196758697656363				outputs_round8/figures/fig3_source_data.tsv
B_power	Se0.95_Sp0.6		kappa	0.526071984567483				outputs_round8/figures/fig3_source_data.tsv
B_power_n	Se0.95_Sp0.6	95	kappa	0.526071984567483				outputs_round8/figures/fig3_source_data.tsv
B_power	Se0.95_Sp0.6		kappa	0.5319105707575157				outputs_round8/figures/fig3_source_data.tsv
B_power_n	Se0.95_Sp0.6	100	kappa	0.5319105707575157				outputs_round8/figures/fig3_source_data.tsv
B_power	Se0.95_Sp0.6		kappa	0.5372533997318517				outputs_round8/figures/fig3_source_data.tsv
B_power_n	Se0.95_Sp0.6	105	kappa	0.5372533997318517				outputs_round8/figures/fig3_source_data.tsv
B_power	Se0.95_Sp0.6		kappa	0.5421534777419241				outputs_round8/figures/fig3_source_data.tsv
B_power_n	Se0.95_Sp0.6	110	kappa	0.5421534777419241				outputs_round8/figures/fig3_source_data.tsv
B_power	Se0.95_Sp0.6		kappa	0.5466565470959492				outputs_round8/figures/fig3_source_data.tsv
B_power_n	Se0.95_Sp0.6	115	kappa	0.5466565470959492				outputs_round8/figures/fig3_source_data.tsv
B_power	Se0.95_Sp0.6		kappa	0.5508022890484737				outputs_round8/figures/fig3_source_data.tsv
B_power_n	Se0.95_Sp0.6	120	kappa	0.5508022890484737				outputs_round8/figures/fig3_source_data.tsv
B_power	Se0.95_Sp0.6		kappa	0.5546252953199623				outputs_round8/figures/fig3_source_data.tsv
B_power_n	Se0.95_Sp0.6	125	kappa	0.5546252953199623				outputs_round8/figures/fig3_source_data.tsv
B_power	Se0.95_Sp0.6		kappa	0.5581558585537214				outputs_round8/figures/fig3_source_data.tsv
B_power_n	Se0.95_Sp0.6	130	kappa	0.5581558585537214				outputs_round8/figures/fig3_source_data.tsv
B_power	Se0.95_Sp0.6		kappa	0.5614206198929994				outputs_round8/figures/fig3_source_data.tsv
B_power_n	Se0.95_Sp0.6	135	kappa	0.5614206198929994				outputs_round8/figures/fig3_source_data.tsv
B_power	Se0.95_Sp0.6		kappa	0.5644431029278599				outputs_round8/figures/fig3_source_data.tsv
B_power_n	Se0.95_Sp0.6	140	kappa	0.5644431029278599				outputs_round8/figures/fig3_source_data.tsv
B_power	Se0.95_Sp0.6		kappa	0.5672441566126433				outputs_round8/figures/fig3_source_data.tsv
B_power_n	Se0.95_Sp0.6	145	kappa	0.5672441566126433				outputs_round8/figures/fig3_source_data.tsv
B_power	Se0.95_Sp0.6		kappa	0.569842324759337				outputs_round8/figures/fig3_source_data.tsv
B_power_n	Se0.95_Sp0.6	150	kappa	0.569842324759337				outputs_round8/figures/fig3_source_data.tsv
B_power	Se0.95_Sp0.6		kappa	0.5722541559254721				outputs_round8/figures/fig3_source_data.tsv
B_power_n	Se0.95_Sp0.6	155	kappa	0.5722541559254721				outputs_round8/figures/fig3_source_data.tsv
B_power	Se0.95_Sp0.6		kappa	0.5744944646207523				outputs_round8/figures/fig3_source_data.tsv
B_power_n	Se0.95_Sp0.6	160	kappa	0.5744944646207523				outputs_round8/figures/fig3_source_data.tsv
B_power	Se0.95_Sp0.6		kappa	0.5765765525268357				outputs_round8/figures/fig3_source_data.tsv
B_power_n	Se0.95_Sp0.6	165	kappa	0.5765765525268357				outputs_round8/figures/fig3_source_data.tsv
B_power	Se0.95_Sp0.6		kappa	0.5785123966942147				outputs_round8/figures/fig3_source_data.tsv
B_power_n	Se0.95_Sp0.6	170	kappa	0.5785123966942147				outputs_round8/figures/fig3_source_data.tsv
B_power	Se0.95_Sp0.6		kappa	0.5803128103277057				outputs_round8/figures/fig3_source_data.tsv
B_power_n	Se0.95_Sp0.6	175	kappa	0.5803128103277057				outputs_round8/figures/fig3_source_data.tsv
B_power	Se0.95_Sp0.6		kappa	0.5819875807081071				outputs_round8/figures/fig3_source_data.tsv
B_power_n	Se0.95_Sp0.6	180	kappa	0.5819875807081071				outputs_round8/figures/fig3_source_data.tsv
B_power	Se0.95_Sp0.6		kappa	0.5835455879553433				outputs_round8/figures/fig3_source_data.tsv
B_power_n	Se0.95_Sp0.6	185	kappa	0.5835455879553433				outputs_round8/figures/fig3_source_data.tsv
B_power	Se0.95_Sp0.6		kappa	0.5849949076676646				outputs_round8/figures/fig3_source_data.tsv
B_power_n	Se0.95_Sp0.6	190	kappa	0.5849949076676646				outputs_round8/figures/fig3_source_data.tsv
B_power	Se0.95_Sp0.6		kappa	0.5863428999343032				outputs_round8/figures/fig3_source_data.tsv
B_power_n	Se0.95_Sp0.6	195	kappa	0.5863428999343032				outputs_round8/figures/fig3_source_data.tsv
B_power	Se0.95_Sp0.6		kappa	0.5875962867864907				outputs_round8/figures/fig3_source_data.tsv
B_power_n	Se0.95_Sp0.6	200	kappa	0.5875962867864907				outputs_round8/figures/fig3_source_data.tsv
B_power	Se0.95_Sp0.6		kappa	0.5960631599270699				outputs_round8/figures/fig3_source_data.tsv
B_power_n	Se0.95_Sp0.6	250	kappa	0.5960631599270699				outputs_round8/figures/fig3_source_data.tsv
B_power	Se0.95_Sp0.6		kappa	0.5995474767707798				outputs_round8/figures/fig3_source_data.tsv
B_power_n	Se0.95_Sp0.6	300	kappa	0.5995474767707798				outputs_round8/figures/fig3_source_data.tsv
B_power	Se0.95_Sp0.6		kappa	0.6000898530261216				outputs_round8/figures/fig3_source_data.tsv
B_power_n	Se0.95_Sp0.6	350	kappa	0.6000898530261216				outputs_round8/figures/fig3_source_data.tsv
B_power	Se0.95_Sp0.6		kappa	0.5987804822264206				outputs_round8/figures/fig3_source_data.tsv
B_power_n	Se0.95_Sp0.6	400	kappa	0.5987804822264206				outputs_round8/figures/fig3_source_data.tsv
B_power	Se0.95_Sp0.6		kappa	0.5962533365589692				outputs_round8/figures/fig3_source_data.tsv
B_power_n	Se0.95_Sp0.6	450	kappa	0.5962533365589692				outputs_round8/figures/fig3_source_data.tsv
B_power	Se0.95_Sp0.6		kappa	0.5929011299998007				outputs_round8/figures/fig3_source_data.tsv
B_power_n	Se0.95_Sp0.6	500	kappa	0.5929011299998007				outputs_round8/figures/fig3_source_data.tsv
B_power	Se0.95_Sp0.6		kappa	0.588979268944157				outputs_round8/figures/fig3_source_data.tsv
B_power_n	Se0.95_Sp0.6	550	kappa	0.588979268944157				outputs_round8/figures/fig3_source_data.tsv
B_power	Se0.95_Sp0.6		kappa	0.5846603699424721				outputs_round8/figures/fig3_source_data.tsv
B_power_n	Se0.95_Sp0.6	600	kappa	0.5846603699424721				outputs_round8/figures/fig3_source_data.tsv
B_power	Se0.95_Sp0.6		kappa	0.5800647523654933				outputs_round8/figures/fig3_source_data.tsv
B_power_n	Se0.95_Sp0.6	650	kappa	0.5800647523654933				outputs_round8/figures/fig3_source_data.tsv
B_power	Se0.95_Sp0.6		kappa	0.5752784101396665				outputs_round8/figures/fig3_source_data.tsv
B_power_n	Se0.95_Sp0.6	700	kappa	0.5752784101396665				outputs_round8/figures/fig3_source_data.tsv
B_power	Se0.95_Sp0.6		kappa	0.5703640744125411				outputs_round8/figures/fig3_source_data.tsv
B_power_n	Se0.95_Sp0.6	750	kappa	0.5703640744125411				outputs_round8/figures/fig3_source_data.tsv
B_power	Se0.95_Sp0.6		kappa	0.5653682776135326				outputs_round8/figures/fig3_source_data.tsv
B_power_n	Se0.95_Sp0.6	800	kappa	0.5653682776135326				outputs_round8/figures/fig3_source_data.tsv
B_power	Se0.95_Sp0.6		kappa	0.5603260078591181				outputs_round8/figures/fig3_source_data.tsv
B_power_n	Se0.95_Sp0.6	850	kappa	0.5603260078591181				outputs_round8/figures/fig3_source_data.tsv
B_power	Se0.95_Sp0.6		kappa	0.555263859915709				outputs_round8/figures/fig3_source_data.tsv
B_power_n	Se0.95_Sp0.6	900	kappa	0.555263859915709				outputs_round8/figures/fig3_source_data.tsv
B_power	Se0.95_Sp0.6		kappa	0.5502022193915589				outputs_round8/figures/fig3_source_data.tsv
B_power_n	Se0.95_Sp0.6	950	kappa	0.5502022193915589				outputs_round8/figures/fig3_source_data.tsv
B_power	Se0.95_Sp0.6		kappa	0.5451568085879065				outputs_round8/figures/fig3_source_data.tsv
B_power_n	Se0.95_Sp0.6	1000	kappa	0.5451568085879065				outputs_round8/figures/fig3_source_data.tsv
B_power	Se0.95_Sp0.6		kappa	0.5401398008896421				outputs_round8/figures/fig3_source_data.tsv
B_power_n	Se0.95_Sp0.6	1050	kappa	0.5401398008896421				outputs_round8/figures/fig3_source_data.tsv
B_power	Se0.95_Sp0.6		kappa	0.5351606373908513				outputs_round8/figures/fig3_source_data.tsv
B_power_n	Se0.95_Sp0.6	1100	kappa	0.5351606373908513				outputs_round8/figures/fig3_source_data.tsv
B_power	Se0.95_Sp0.6		kappa	0.530226634153661				outputs_round8/figures/fig3_source_data.tsv
B_power_n	Se0.95_Sp0.6	1150	kappa	0.530226634153661				outputs_round8/figures/fig3_source_data.tsv
B_power	Se0.95_Sp0.6		kappa	0.5253434397620906				outputs_round8/figures/fig3_source_data.tsv
B_power_n	Se0.95_Sp0.6	1200	kappa	0.5253434397620906				outputs_round8/figures/fig3_source_data.tsv
B_power	Se0.95_Sp0.6		kappa	0.5205153841920471				outputs_round8/figures/fig3_source_data.tsv
B_power_n	Se0.95_Sp0.6	1250	kappa	0.5205153841920471				outputs_round8/figures/fig3_source_data.tsv
B_power	Se0.95_Sp0.6		kappa	0.5157457476813111				outputs_round8/figures/fig3_source_data.tsv
B_power_n	Se0.95_Sp0.6	1300	kappa	0.5157457476813111				outputs_round8/figures/fig3_source_data.tsv
B_power	Se0.95_Sp0.6		kappa	0.511036969967053				outputs_round8/figures/fig3_source_data.tsv
B_power_n	Se0.95_Sp0.6	1350	kappa	0.511036969967053				outputs_round8/figures/fig3_source_data.tsv
B_power	Se0.95_Sp0.6		kappa	0.506390814558059				outputs_round8/figures/fig3_source_data.tsv
B_power_n	Se0.95_Sp0.6	1400	kappa	0.506390814558059				outputs_round8/figures/fig3_source_data.tsv
B_power	Se0.95_Sp0.6		kappa	0.5018084987411496				outputs_round8/figures/fig3_source_data.tsv
B_power_n	Se0.95_Sp0.6	1450	kappa	0.5018084987411496				outputs_round8/figures/fig3_source_data.tsv
B_power	Se0.95_Sp0.6		kappa	0.4972907972203382				outputs_round8/figures/fig3_source_data.tsv
B_power_n	Se0.95_Sp0.6	1500	kappa	0.4972907972203382				outputs_round8/figures/fig3_source_data.tsv
B_power	Se0.95_Sp0.6		kappa	0.4928381252840448				outputs_round8/figures/fig3_source_data.tsv
B_power_n	Se0.95_Sp0.6	1550	kappa	0.4928381252840448				outputs_round8/figures/fig3_source_data.tsv
B_power	Se0.95_Sp0.6		kappa	0.4884506059455522				outputs_round8/figures/fig3_source_data.tsv
B_power_n	Se0.95_Sp0.6	1600	kappa	0.4884506059455522				outputs_round8/figures/fig3_source_data.tsv
B_power	Se0.95_Sp0.6		kappa	0.4841281244403281				outputs_round8/figures/fig3_source_data.tsv
B_power_n	Se0.95_Sp0.6	1650	kappa	0.4841281244403281				outputs_round8/figures/fig3_source_data.tsv
B_power	Se0.95_Sp0.6		kappa	0.4798703726785494				outputs_round8/figures/fig3_source_data.tsv
B_power_n	Se0.95_Sp0.6	1700	kappa	0.4798703726785494				outputs_round8/figures/fig3_source_data.tsv
B_power	Se0.95_Sp0.6		kappa	0.4756768856645741				outputs_round8/figures/fig3_source_data.tsv
B_power_n	Se0.95_Sp0.6	1750	kappa	0.4756768856645741				outputs_round8/figures/fig3_source_data.tsv
B_power	Se0.95_Sp0.6		kappa	0.4715470714529302				outputs_round8/figures/fig3_source_data.tsv
B_power_n	Se0.95_Sp0.6	1800	kappa	0.4715470714529302				outputs_round8/figures/fig3_source_data.tsv
B_power	Se0.95_Sp0.6		kappa	0.4674802358741975				outputs_round8/figures/fig3_source_data.tsv
B_power_n	Se0.95_Sp0.6	1850	kappa	0.4674802358741975				outputs_round8/figures/fig3_source_data.tsv
B_power	Se0.95_Sp0.6		kappa	0.4634756030065258				outputs_round8/figures/fig3_source_data.tsv
B_power_n	Se0.95_Sp0.6	1900	kappa	0.4634756030065258				outputs_round8/figures/fig3_source_data.tsv
B_power	Se0.95_Sp0.6		kappa	0.4595323321695677				outputs_round8/figures/fig3_source_data.tsv
B_power_n	Se0.95_Sp0.6	1950	kappa	0.4595323321695677				outputs_round8/figures/fig3_source_data.tsv
B_power	Se0.95_Sp0.6		kappa	0.4556495320628985				outputs_round8/figures/fig3_source_data.tsv
B_power_n	Se0.95_Sp0.6	2000	kappa	0.4556495320628985				outputs_round8/figures/fig3_source_data.tsv
B_power	Se0.95_Sp0.6		kappa	0.4199338525584975				outputs_round8/figures/fig3_source_data.tsv
B_power_n	Se0.95_Sp0.6	2500	kappa	0.4199338525584975				outputs_round8/figures/fig3_source_data.tsv
B_power	Se0.95_Sp0.6		kappa	0.3891916706045027				outputs_round8/figures/fig3_source_data.tsv
B_power_n	Se0.95_Sp0.6	3000	kappa	0.3891916706045027				outputs_round8/figures/fig3_source_data.tsv
B_power	Se0.95_Sp0.6		kappa	0.3625351872387615				outputs_round8/figures/fig3_source_data.tsv
B_power_n	Se0.95_Sp0.6	3500	kappa	0.3625351872387615				outputs_round8/figures/fig3_source_data.tsv
B_power	Se0.95_Sp0.6		kappa	0.3392368492593675				outputs_round8/figures/fig3_source_data.tsv
B_power_n	Se0.95_Sp0.6	4000	kappa	0.3392368492593675				outputs_round8/figures/fig3_source_data.tsv
B_power	Se0.95_Sp0.6		kappa	0.3187173349224924				outputs_round8/figures/fig3_source_data.tsv
B_power_n	Se0.95_Sp0.6	4500	kappa	0.3187173349224924				outputs_round8/figures/fig3_source_data.tsv
B_power	Se0.95_Sp0.6		kappa	0.3005168614524059				outputs_round8/figures/fig3_source_data.tsv
B_power_n	Se0.95_Sp0.6	5000	kappa	0.3005168614524059				outputs_round8/figures/fig3_source_data.tsv
B_power	Se0.95_Sp0.6		kappa	0.284268656643342				outputs_round8/figures/fig3_source_data.tsv
B_power_n	Se0.95_Sp0.6	5500	kappa	0.284268656643342				outputs_round8/figures/fig3_source_data.tsv
B_power	Se0.95_Sp0.6		kappa	0.2696777916939238				outputs_round8/figures/fig3_source_data.tsv
B_power_n	Se0.95_Sp0.6	6000	kappa	0.2696777916939238				outputs_round8/figures/fig3_source_data.tsv
B_power	Se0.95_Sp0.6		kappa	0.2565049950115904				outputs_round8/figures/fig3_source_data.tsv
B_power_n	Se0.95_Sp0.6	6500	kappa	0.2565049950115904				outputs_round8/figures/fig3_source_data.tsv
B_power	Se0.95_Sp0.6		kappa	0.244554414011006				outputs_round8/figures/fig3_source_data.tsv
B_power_n	Se0.95_Sp0.6	7000	kappa	0.244554414011006				outputs_round8/figures/fig3_source_data.tsv
B_power	Se0.95_Sp0.6		kappa	0.2336643564499238				outputs_round8/figures/fig3_source_data.tsv
B_power_n	Se0.95_Sp0.6	7500	kappa	0.2336643564499238				outputs_round8/figures/fig3_source_data.tsv
B_power	Se0.95_Sp0.6		kappa	0.2237002464547826				outputs_round8/figures/fig3_source_data.tsv
B_power_n	Se0.95_Sp0.6	8000	kappa	0.2237002464547826				outputs_round8/figures/fig3_source_data.tsv
B_power	Se0.95_Sp0.6		kappa	0.2145492237218994				outputs_round8/figures/fig3_source_data.tsv
B_power_n	Se0.95_Sp0.6	8500	kappa	0.2145492237218994				outputs_round8/figures/fig3_source_data.tsv
B_power	Se0.95_Sp0.6		kappa	0.2061159668859589				outputs_round8/figures/fig3_source_data.tsv
B_power_n	Se0.95_Sp0.6	9000	kappa	0.2061159668859589				outputs_round8/figures/fig3_source_data.tsv
B_power	Se0.95_Sp0.6		kappa	0.1983194351579252				outputs_round8/figures/fig3_source_data.tsv
B_power_n	Se0.95_Sp0.6	9500	kappa	0.1983194351579252				outputs_round8/figures/fig3_source_data.tsv
B_power	Se0.95_Sp0.6		kappa	0.1910903043436446				outputs_round8/figures/fig3_source_data.tsv
B_power_n	Se0.95_Sp0.6	10000	kappa	0.1910903043436446				outputs_round8/figures/fig3_source_data.tsv
B_power	Se0.95_Sp0.6		kappa	0.1843689324217204				outputs_round8/figures/fig3_source_data.tsv
B_power_n	Se0.95_Sp0.6	10500	kappa	0.1843689324217204				outputs_round8/figures/fig3_source_data.tsv
B_power	Se0.95_Sp0.6		kappa	0.1781037324426998				outputs_round8/figures/fig3_source_data.tsv
B_power_n	Se0.95_Sp0.6	11000	kappa	0.1781037324426998				outputs_round8/figures/fig3_source_data.tsv
B_power	Se0.95_Sp0.6		kappa	0.1722498613567976				outputs_round8/figures/fig3_source_data.tsv
B_power_n	Se0.95_Sp0.6	11500	kappa	0.1722498613567976				outputs_round8/figures/fig3_source_data.tsv
B_power	Se0.95_Sp0.6		kappa	0.1667681558690689				outputs_round8/figures/fig3_source_data.tsv
B_power_n	Se0.95_Sp0.6	12000	kappa	0.1667681558690689				outputs_round8/figures/fig3_source_data.tsv
B_power	Se0.95_Sp0.6		kappa	0.1616242629464417				outputs_round8/figures/fig3_source_data.tsv
B_power_n	Se0.95_Sp0.6	12500	kappa	0.1616242629464417				outputs_round8/figures/fig3_source_data.tsv
B_power	Se0.95_Sp0.6		kappa	0.156787924840271				outputs_round8/figures/fig3_source_data.tsv
B_power_n	Se0.95_Sp0.6	13000	kappa	0.156787924840271				outputs_round8/figures/fig3_source_data.tsv
B_power	Se0.95_Sp0.6		kappa	0.1522323876263266				outputs_round8/figures/fig3_source_data.tsv
B_power_n	Se0.95_Sp0.6	13500	kappa	0.1522323876263266				outputs_round8/figures/fig3_source_data.tsv
B_power	Se0.95_Sp0.6		kappa	0.1479339091416825				outputs_round8/figures/fig3_source_data.tsv
B_power_n	Se0.95_Sp0.6	14000	kappa	0.1479339091416825				outputs_round8/figures/fig3_source_data.tsv
B_power	Se0.95_Sp0.6		kappa	0.1438713474145764				outputs_round8/figures/fig3_source_data.tsv
B_power_n	Se0.95_Sp0.6	14500	kappa	0.1438713474145764				outputs_round8/figures/fig3_source_data.tsv
B_power	Se0.95_Sp0.6		kappa	0.1400258146699757				outputs_round8/figures/fig3_source_data.tsv
B_power_n	Se0.95_Sp0.6	15000	kappa	0.1400258146699757				outputs_round8/figures/fig3_source_data.tsv
B_power	Se0.95_Sp0.6		kappa	0.136380385062467				outputs_round8/figures/fig3_source_data.tsv
B_power_n	Se0.95_Sp0.6	15500	kappa	0.136380385062467				outputs_round8/figures/fig3_source_data.tsv
B_power	Se0.95_Sp0.6		kappa	0.132919846666955				outputs_round8/figures/fig3_source_data.tsv
B_power_n	Se0.95_Sp0.6	16000	kappa	0.132919846666955				outputs_round8/figures/fig3_source_data.tsv
B_power	Se0.95_Sp0.6		kappa	0.1296304901139862				outputs_round8/figures/fig3_source_data.tsv
B_power_n	Se0.95_Sp0.6	16500	kappa	0.1296304901139862				outputs_round8/figures/fig3_source_data.tsv
B_power	Se0.95_Sp0.6		kappa	0.1264999277143268				outputs_round8/figures/fig3_source_data.tsv
B_power_n	Se0.95_Sp0.6	17000	kappa	0.1264999277143268				outputs_round8/figures/fig3_source_data.tsv
B_power	Se0.95_Sp0.6		kappa	0.1235169380692676				outputs_round8/figures/fig3_source_data.tsv
B_power_n	Se0.95_Sp0.6	17500	kappa	0.1235169380692676				outputs_round8/figures/fig3_source_data.tsv
B_power	Se0.95_Sp0.6		kappa	0.1206713320785538				outputs_round8/figures/fig3_source_data.tsv
B_power_n	Se0.95_Sp0.6	18000	kappa	0.1206713320785538				outputs_round8/figures/fig3_source_data.tsv
B_power	Se0.95_Sp0.6		kappa	0.1179538369893897				outputs_round8/figures/fig3_source_data.tsv
B_power_n	Se0.95_Sp0.6	18500	kappa	0.1179538369893897				outputs_round8/figures/fig3_source_data.tsv
B_power	Se0.95_Sp0.6		kappa	0.1153559957177417				outputs_round8/figures/fig3_source_data.tsv
B_power_n	Se0.95_Sp0.6	19000	kappa	0.1153559957177417				outputs_round8/figures/fig3_source_data.tsv
B_power	Se0.95_Sp0.6		kappa	0.112870079147769				outputs_round8/figures/fig3_source_data.tsv
B_power_n	Se0.95_Sp0.6	19500	kappa	0.112870079147769				outputs_round8/figures/fig3_source_data.tsv
B_power	Se0.95_Sp0.6		kappa	0.1104890095003832				outputs_round8/figures/fig3_source_data.tsv
B_power_n	Se0.95_Sp0.6	20000	kappa	0.1104890095003832				outputs_round8/figures/fig3_source_data.tsv
B_power	Se0.95_Sp0.7		kappa	0.0				outputs_round8/figures/fig3_source_data.tsv
B_power_n	Se0.95_Sp0.7	0	kappa	0.0				outputs_round8/figures/fig3_source_data.tsv
B_power	Se0.95_Sp0.7		kappa	0.1163667546124511				outputs_round8/figures/fig3_source_data.tsv
B_power_n	Se0.95_Sp0.7	5	kappa	0.1163667546124511				outputs_round8/figures/fig3_source_data.tsv
B_power	Se0.95_Sp0.7		kappa	0.2027084575419477				outputs_round8/figures/fig3_source_data.tsv
B_power_n	Se0.95_Sp0.7	10	kappa	0.2027084575419477				outputs_round8/figures/fig3_source_data.tsv
B_power	Se0.95_Sp0.7		kappa	0.2692592759124335				outputs_round8/figures/fig3_source_data.tsv
B_power_n	Se0.95_Sp0.7	15	kappa	0.2692592759124335				outputs_round8/figures/fig3_source_data.tsv
B_power	Se0.95_Sp0.7		kappa	0.3220769487008671				outputs_round8/figures/fig3_source_data.tsv
B_power_n	Se0.95_Sp0.7	20	kappa	0.3220769487008671				outputs_round8/figures/fig3_source_data.tsv
B_power	Se0.95_Sp0.7		kappa	0.364975988732221				outputs_round8/figures/fig3_source_data.tsv
B_power_n	Se0.95_Sp0.7	25	kappa	0.364975988732221				outputs_round8/figures/fig3_source_data.tsv
B_power	Se0.95_Sp0.7		kappa	0.4004780539579681				outputs_round8/figures/fig3_source_data.tsv
B_power_n	Se0.95_Sp0.7	30	kappa	0.4004780539579681				outputs_round8/figures/fig3_source_data.tsv
B_power	Se0.95_Sp0.7		kappa	0.4303168962663676				outputs_round8/figures/fig3_source_data.tsv
B_power_n	Se0.95_Sp0.7	35	kappa	0.4303168962663676				outputs_round8/figures/fig3_source_data.tsv
B_power	Se0.95_Sp0.7		kappa	0.4557237966181583				outputs_round8/figures/fig3_source_data.tsv
B_power_n	Se0.95_Sp0.7	40	kappa	0.4557237966181583				outputs_round8/figures/fig3_source_data.tsv
B_power	Se0.95_Sp0.7		kappa	0.4775972976287361				outputs_round8/figures/fig3_source_data.tsv
B_power_n	Se0.95_Sp0.7	45	kappa	0.4775972976287361				outputs_round8/figures/fig3_source_data.tsv
B_power	Se0.95_Sp0.7		kappa	0.4966084882492868				outputs_round8/figures/fig3_source_data.tsv
B_power_n	Se0.95_Sp0.7	50	kappa	0.4966084882492868				outputs_round8/figures/fig3_source_data.tsv
B_power	Se0.95_Sp0.7		kappa	0.5132686908963958				outputs_round8/figures/fig3_source_data.tsv
B_power_n	Se0.95_Sp0.7	55	kappa	0.5132686908963958				outputs_round8/figures/fig3_source_data.tsv
B_power	Se0.95_Sp0.7		kappa	0.5279743350549468				outputs_round8/figures/fig3_source_data.tsv
B_power_n	Se0.95_Sp0.7	60	kappa	0.5279743350549468				outputs_round8/figures/fig3_source_data.tsv
B_power	Se0.95_Sp0.7		kappa	0.5410375109207607				outputs_round8/figures/fig3_source_data.tsv
B_power_n	Se0.95_Sp0.7	65	kappa	0.5410375109207607				outputs_round8/figures/fig3_source_data.tsv
B_power	Se0.95_Sp0.7		kappa	0.5527072652244595				outputs_round8/figures/fig3_source_data.tsv
B_power_n	Se0.95_Sp0.7	70	kappa	0.5527072652244595				outputs_round8/figures/fig3_source_data.tsv
B_power	Se0.95_Sp0.7		kappa	0.5631847545729185				outputs_round8/figures/fig3_source_data.tsv
B_power_n	Se0.95_Sp0.7	75	kappa	0.5631847545729185				outputs_round8/figures/fig3_source_data.tsv
B_power	Se0.95_Sp0.7		kappa	0.5726342284984551				outputs_round8/figures/fig3_source_data.tsv
B_power_n	Se0.95_Sp0.7	80	kappa	0.5726342284984551				outputs_round8/figures/fig3_source_data.tsv
B_power	Se0.95_Sp0.7		kappa	0.581191122465272				outputs_round8/figures/fig3_source_data.tsv
B_power_n	Se0.95_Sp0.7	85	kappa	0.581191122465272				outputs_round8/figures/fig3_source_data.tsv
B_power	Se0.95_Sp0.7		kappa	0.5889681107799816				outputs_round8/figures/fig3_source_data.tsv
B_power_n	Se0.95_Sp0.7	90	kappa	0.5889681107799816				outputs_round8/figures/fig3_source_data.tsv
B_power	Se0.95_Sp0.7		kappa	0.5960596951969773				outputs_round8/figures/fig3_source_data.tsv
B_power_n	Se0.95_Sp0.7	95	kappa	0.5960596951969773				outputs_round8/figures/fig3_source_data.tsv
B_power	Se0.95_Sp0.7		kappa	0.6025457264824106				outputs_round8/figures/fig3_source_data.tsv
B_power_n	Se0.95_Sp0.7	100	kappa	0.6025457264824106				outputs_round8/figures/fig3_source_data.tsv
B_power	Se0.95_Sp0.7		kappa	0.6084941376224673				outputs_round8/figures/fig3_source_data.tsv
B_power_n	Se0.95_Sp0.7	105	kappa	0.6084941376224673				outputs_round8/figures/fig3_source_data.tsv
B_power	Se0.95_Sp0.7		kappa	0.6139630871696253				outputs_round8/figures/fig3_source_data.tsv
B_power_n	Se0.95_Sp0.7	110	kappa	0.6139630871696253				outputs_round8/figures/fig3_source_data.tsv
B_power	Se0.95_Sp0.7		kappa	0.619002656086971				outputs_round8/figures/fig3_source_data.tsv
B_power_n	Se0.95_Sp0.7	115	kappa	0.619002656086971				outputs_round8/figures/fig3_source_data.tsv
B_power	Se0.95_Sp0.7		kappa	0.6236562029671039				outputs_round8/figures/fig3_source_data.tsv
B_power_n	Se0.95_Sp0.7	120	kappa	0.6236562029671039				outputs_round8/figures/fig3_source_data.tsv
B_power	Se0.95_Sp0.7		kappa	0.6279614552631249				outputs_round8/figures/fig3_source_data.tsv
B_power_n	Se0.95_Sp0.7	125	kappa	0.6279614552631249				outputs_round8/figures/fig3_source_data.tsv
B_power	Se0.95_Sp0.7		kappa	0.6319513946388925				outputs_round8/figures/fig3_source_data.tsv
B_power_n	Se0.95_Sp0.7	130	kappa	0.6319513946388925				outputs_round8/figures/fig3_source_data.tsv
B_power	Se0.95_Sp0.7		kappa	0.635654980374044				outputs_round8/figures/fig3_source_data.tsv
B_power_n	Se0.95_Sp0.7	135	kappa	0.635654980374044				outputs_round8/figures/fig3_source_data.tsv
B_power	Se0.95_Sp0.7		kappa	0.639097744360902				outputs_round8/figures/fig3_source_data.tsv
B_power_n	Se0.95_Sp0.7	140	kappa	0.639097744360902				outputs_round8/figures/fig3_source_data.tsv
B_power	Se0.95_Sp0.7		kappa	0.64230228352113				outputs_round8/figures/fig3_source_data.tsv
B_power_n	Se0.95_Sp0.7	145	kappa	0.64230228352113				outputs_round8/figures/fig3_source_data.tsv
B_power	Se0.95_Sp0.7		kappa	0.6452886696986844				outputs_round8/figures/fig3_source_data.tsv
B_power_n	Se0.95_Sp0.7	150	kappa	0.6452886696986844				outputs_round8/figures/fig3_source_data.tsv
B_power	Se0.95_Sp0.7		kappa	0.6480747927257294				outputs_round8/figures/fig3_source_data.tsv
B_power_n	Se0.95_Sp0.7	155	kappa	0.6480747927257294				outputs_round8/figures/fig3_source_data.tsv
B_power	Se0.95_Sp0.7		kappa	0.6506766490362876				outputs_round8/figures/fig3_source_data.tsv
B_power_n	Se0.95_Sp0.7	160	kappa	0.6506766490362876				outputs_round8/figures/fig3_source_data.tsv
B_power	Se0.95_Sp0.7		kappa	0.6531085856510187				outputs_round8/figures/fig3_source_data.tsv
B_power_n	Se0.95_Sp0.7	165	kappa	0.6531085856510187				outputs_round8/figures/fig3_source_data.tsv
B_power	Se0.95_Sp0.7		kappa	0.655383507382067				outputs_round8/figures/fig3_source_data.tsv
B_power_n	Se0.95_Sp0.7	170	kappa	0.655383507382067				outputs_round8/figures/fig3_source_data.tsv
B_power	Se0.95_Sp0.7		kappa	0.657513053567975				outputs_round8/figures/fig3_source_data.tsv
B_power_n	Se0.95_Sp0.7	175	kappa	0.657513053567975				outputs_round8/figures/fig3_source_data.tsv
B_power	Se0.95_Sp0.7		kappa	0.6595077494410546				outputs_round8/figures/fig3_source_data.tsv
B_power_n	Se0.95_Sp0.7	180	kappa	0.6595077494410546				outputs_round8/figures/fig3_source_data.tsv
B_power	Se0.95_Sp0.7		kappa	0.6613771362759396				outputs_round8/figures/fig3_source_data.tsv
B_power_n	Se0.95_Sp0.7	185	kappa	0.6613771362759396				outputs_round8/figures/fig3_source_data.tsv
B_power	Se0.95_Sp0.7		kappa	0.6631298837103058				outputs_round8/figures/fig3_source_data.tsv
B_power_n	Se0.95_Sp0.7	190	kappa	0.6631298837103058				outputs_round8/figures/fig3_source_data.tsv
B_power	Se0.95_Sp0.7		kappa	0.6647738870232578				outputs_round8/figures/fig3_source_data.tsv
B_power_n	Se0.95_Sp0.7	195	kappa	0.6647738870232578				outputs_round8/figures/fig3_source_data.tsv
B_power	Se0.95_Sp0.7		kappa	0.6663163516703137				outputs_round8/figures/fig3_source_data.tsv
B_power_n	Se0.95_Sp0.7	200	kappa	0.6663163516703137				outputs_round8/figures/fig3_source_data.tsv
B_power	Se0.95_Sp0.7		kappa	0.6773720940211736				outputs_round8/figures/fig3_source_data.tsv
B_power_n	Se0.95_Sp0.7	250	kappa	0.6773720940211736				outputs_round8/figures/fig3_source_data.tsv
B_power	Se0.95_Sp0.7		kappa	0.6830585007741626				outputs_round8/figures/fig3_source_data.tsv
B_power_n	Se0.95_Sp0.7	300	kappa	0.6830585007741626				outputs_round8/figures/fig3_source_data.tsv
B_power	Se0.95_Sp0.7		kappa	0.685547662623693				outputs_round8/figures/fig3_source_data.tsv
B_power_n	Se0.95_Sp0.7	350	kappa	0.685547662623693				outputs_round8/figures/fig3_source_data.tsv
B_power	Se0.95_Sp0.7		kappa	0.6859975788320748				outputs_round8/figures/fig3_source_data.tsv
B_power_n	Se0.95_Sp0.7	400	kappa	0.6859975788320748				outputs_round8/figures/fig3_source_data.tsv
B_power	Se0.95_Sp0.7		kappa	0.6850814810513932				outputs_round8/figures/fig3_source_data.tsv
B_power_n	Se0.95_Sp0.7	450	kappa	0.6850814810513932				outputs_round8/figures/fig3_source_data.tsv
B_power	Se0.95_Sp0.7		kappa	0.6832169759323905				outputs_round8/figures/fig3_source_data.tsv
B_power_n	Se0.95_Sp0.7	500	kappa	0.6832169759323905				outputs_round8/figures/fig3_source_data.tsv
B_power	Se0.95_Sp0.7		kappa	0.6806764604824056				outputs_round8/figures/fig3_source_data.tsv
B_power_n	Se0.95_Sp0.7	550	kappa	0.6806764604824056				outputs_round8/figures/fig3_source_data.tsv
B_power	Se0.95_Sp0.7		kappa	0.6776448737866347				outputs_round8/figures/fig3_source_data.tsv
B_power_n	Se0.95_Sp0.7	600	kappa	0.6776448737866347				outputs_round8/figures/fig3_source_data.tsv
B_power	Se0.95_Sp0.7		kappa	0.6742519310439854				outputs_round8/figures/fig3_source_data.tsv
B_power_n	Se0.95_Sp0.7	650	kappa	0.6742519310439854				outputs_round8/figures/fig3_source_data.tsv
B_power	Se0.95_Sp0.7		kappa	0.6705910911518386				outputs_round8/figures/fig3_source_data.tsv
B_power_n	Se0.95_Sp0.7	700	kappa	0.6705910911518386				outputs_round8/figures/fig3_source_data.tsv
B_power	Se0.95_Sp0.7		kappa	0.6667312183927598				outputs_round8/figures/fig3_source_data.tsv
B_power_n	Se0.95_Sp0.7	750	kappa	0.6667312183927598				outputs_round8/figures/fig3_source_data.tsv
B_power	Se0.95_Sp0.7		kappa	0.6627240227819414				outputs_round8/figures/fig3_source_data.tsv
B_power_n	Se0.95_Sp0.7	800	kappa	0.6627240227819414				outputs_round8/figures/fig3_source_data.tsv
B_power	Se0.95_Sp0.7		kappa	0.6586089599768402				outputs_round8/figures/fig3_source_data.tsv
B_power_n	Se0.95_Sp0.7	850	kappa	0.6586089599768402				outputs_round8/figures/fig3_source_data.tsv
B_power	Se0.95_Sp0.7		kappa	0.6544165479068825				outputs_round8/figures/fig3_source_data.tsv
B_power_n	Se0.95_Sp0.7	900	kappa	0.6544165479068825				outputs_round8/figures/fig3_source_data.tsv
B_power	Se0.95_Sp0.7		kappa	0.6501706662053928				outputs_round8/figures/fig3_source_data.tsv
B_power_n	Se0.95_Sp0.7	950	kappa	0.6501706662053928				outputs_round8/figures/fig3_source_data.tsv
B_power	Se0.95_Sp0.7		kappa	0.6458901844732508				outputs_round8/figures/fig3_source_data.tsv
B_power_n	Se0.95_Sp0.7	1000	kappa	0.6458901844732508				outputs_round8/figures/fig3_source_data.tsv
B_power	Se0.95_Sp0.7		kappa	0.6415901371241667				outputs_round8/figures/fig3_source_data.tsv
B_power_n	Se0.95_Sp0.7	1050	kappa	0.6415901371241667				outputs_round8/figures/fig3_source_data.tsv
B_power	Se0.95_Sp0.7		kappa	0.6372825854116703				outputs_round8/figures/fig3_source_data.tsv
B_power_n	Se0.95_Sp0.7	1100	kappa	0.6372825854116703				outputs_round8/figures/fig3_source_data.tsv
B_power	Se0.95_Sp0.7		kappa	0.6329772595345524				outputs_round8/figures/fig3_source_data.tsv
B_power_n	Se0.95_Sp0.7	1150	kappa	0.6329772595345524				outputs_round8/figures/fig3_source_data.tsv
B_power	Se0.95_Sp0.7		kappa	0.6286820434807935				outputs_round8/figures/fig3_source_data.tsv
B_power_n	Se0.95_Sp0.7	1200	kappa	0.6286820434807935				outputs_round8/figures/fig3_source_data.tsv
B_power	Se0.95_Sp0.7		kappa	0.624403345671791				outputs_round8/figures/fig3_source_data.tsv
B_power_n	Se0.95_Sp0.7	1250	kappa	0.624403345671791				outputs_round8/figures/fig3_source_data.tsv
B_power	Se0.95_Sp0.7		kappa	0.6201463855065027				outputs_round8/figures/fig3_source_data.tsv
B_power_n	Se0.95_Sp0.7	1300	kappa	0.6201463855065027				outputs_round8/figures/fig3_source_data.tsv
B_power	Se0.95_Sp0.7		kappa	0.6159154171728759				outputs_round8/figures/fig3_source_data.tsv
B_power_n	Se0.95_Sp0.7	1350	kappa	0.6159154171728759				outputs_round8/figures/fig3_source_data.tsv
B_power	Se0.95_Sp0.7		kappa	0.611713906111603				outputs_round8/figures/fig3_source_data.tsv
B_power_n	Se0.95_Sp0.7	1400	kappa	0.611713906111603				outputs_round8/figures/fig3_source_data.tsv
B_power	Se0.95_Sp0.7		kappa	0.6075446693551586				outputs_round8/figures/fig3_source_data.tsv
B_power_n	Se0.95_Sp0.7	1450	kappa	0.6075446693551586				outputs_round8/figures/fig3_source_data.tsv
B_power	Se0.95_Sp0.7		kappa	0.603409988028013				outputs_round8/figures/fig3_source_data.tsv
B_power_n	Se0.95_Sp0.7	1500	kappa	0.603409988028013				outputs_round8/figures/fig3_source_data.tsv
B_power	Se0.95_Sp0.7		kappa	0.599311698193942				outputs_round8/figures/fig3_source_data.tsv
B_power_n	Se0.95_Sp0.7	1550	kappa	0.599311698193942				outputs_round8/figures/fig3_source_data.tsv
B_power	Se0.95_Sp0.7		kappa	0.5952512647165487				outputs_round8/figures/fig3_source_data.tsv
B_power_n	Se0.95_Sp0.7	1600	kappa	0.5952512647165487				outputs_round8/figures/fig3_source_data.tsv
B_power	Se0.95_Sp0.7		kappa	0.5912298416866896				outputs_round8/figures/fig3_source_data.tsv
B_power_n	Se0.95_Sp0.7	1650	kappa	0.5912298416866896				outputs_round8/figures/fig3_source_data.tsv
B_power	Se0.95_Sp0.7		kappa	0.5872483221476511				outputs_round8/figures/fig3_source_data.tsv
B_power_n	Se0.95_Sp0.7	1700	kappa	0.5872483221476511				outputs_round8/figures/fig3_source_data.tsv
B_power	Se0.95_Sp0.7		kappa	0.5833073792342574				outputs_round8/figures/fig3_source_data.tsv
B_power_n	Se0.95_Sp0.7	1750	kappa	0.5833073792342574				outputs_round8/figures/fig3_source_data.tsv
B_power	Se0.95_Sp0.7		kappa	0.5794075003786978				outputs_round8/figures/fig3_source_data.tsv
B_power_n	Se0.95_Sp0.7	1800	kappa	0.5794075003786978				outputs_round8/figures/fig3_source_data.tsv
B_power	Se0.95_Sp0.7		kappa	0.5755490158834796				outputs_round8/figures/fig3_source_data.tsv
B_power_n	Se0.95_Sp0.7	1850	kappa	0.5755490158834796				outputs_round8/figures/fig3_source_data.tsv
B_power	Se0.95_Sp0.7		kappa	0.5717321228917708				outputs_round8/figures/fig3_source_data.tsv
B_power_n	Se0.95_Sp0.7	1900	kappa	0.5717321228917708				outputs_round8/figures/fig3_source_data.tsv
B_power	Se0.95_Sp0.7		kappa	0.5679569055767054				outputs_round8/figures/fig3_source_data.tsv
B_power_n	Se0.95_Sp0.7	1950	kappa	0.5679569055767054				outputs_round8/figures/fig3_source_data.tsv
B_power	Se0.95_Sp0.7		kappa	0.5642233522088597				outputs_round8/figures/fig3_source_data.tsv
B_power_n	Se0.95_Sp0.7	2000	kappa	0.5642233522088597				outputs_round8/figures/fig3_source_data.tsv
B_power	Se0.95_Sp0.7		kappa	0.529131728694906				outputs_round8/figures/fig3_source_data.tsv
B_power_n	Se0.95_Sp0.7	2500	kappa	0.529131728694906				outputs_round8/figures/fig3_source_data.tsv
B_power	Se0.95_Sp0.7		kappa	0.4978468472488732				outputs_round8/figures/fig3_source_data.tsv
B_power_n	Se0.95_Sp0.7	3000	kappa	0.4978468472488732				outputs_round8/figures/fig3_source_data.tsv
B_power	Se0.95_Sp0.7		kappa	0.4699008317882598				outputs_round8/figures/fig3_source_data.tsv
B_power_n	Se0.95_Sp0.7	3500	kappa	0.4699008317882598				outputs_round8/figures/fig3_source_data.tsv
B_power	Se0.95_Sp0.7		kappa	0.4448392180836487				outputs_round8/figures/fig3_source_data.tsv
B_power_n	Se0.95_Sp0.7	4000	kappa	0.4448392180836487				outputs_round8/figures/fig3_source_data.tsv
B_power	Se0.95_Sp0.7		kappa	0.4222636900417709				outputs_round8/figures/fig3_source_data.tsv
B_power_n	Se0.95_Sp0.7	4500	kappa	0.4222636900417709				outputs_round8/figures/fig3_source_data.tsv
B_power	Se0.95_Sp0.7		kappa	0.4018360504758028				outputs_round8/figures/fig3_source_data.tsv
B_power_n	Se0.95_Sp0.7	5000	kappa	0.4018360504758028				outputs_round8/figures/fig3_source_data.tsv
B_power	Se0.95_Sp0.7		kappa	0.3832719119279569				outputs_round8/figures/fig3_source_data.tsv
B_power_n	Se0.95_Sp0.7	5500	kappa	0.3832719119279569				outputs_round8/figures/fig3_source_data.tsv
B_power	Se0.95_Sp0.7		kappa	0.3663324024917231				outputs_round8/figures/fig3_source_data.tsv
B_power_n	Se0.95_Sp0.7	6000	kappa	0.3663324024917231				outputs_round8/figures/fig3_source_data.tsv
B_power	Se0.95_Sp0.7		kappa	0.3508163654343012				outputs_round8/figures/fig3_source_data.tsv
B_power_n	Se0.95_Sp0.7	6500	kappa	0.3508163654343012				outputs_round8/figures/fig3_source_data.tsv
B_power	Se0.95_Sp0.7		kappa	0.3365536902122265				outputs_round8/figures/fig3_source_data.tsv
B_power_n	Se0.95_Sp0.7	7000	kappa	0.3365536902122265				outputs_round8/figures/fig3_source_data.tsv
B_power	Se0.95_Sp0.7		kappa	0.323399814096324				outputs_round8/figures/fig3_source_data.tsv
B_power_n	Se0.95_Sp0.7	7500	kappa	0.323399814096324				outputs_round8/figures/fig3_source_data.tsv
B_power	Se0.95_Sp0.7		kappa	0.3112312535728975				outputs_round8/figures/fig3_source_data.tsv
B_power_n	Se0.95_Sp0.7	8000	kappa	0.3112312535728975				outputs_round8/figures/fig3_source_data.tsv
B_power	Se0.95_Sp0.7		kappa	0.2999419892416409				outputs_round8/figures/fig3_source_data.tsv
B_power_n	Se0.95_Sp0.7	8500	kappa	0.2999419892416409				outputs_round8/figures/fig3_source_data.tsv
B_power	Se0.95_Sp0.7		kappa	0.2894405405185156				outputs_round8/figures/fig3_source_data.tsv
B_power_n	Se0.95_Sp0.7	9000	kappa	0.2894405405185156				outputs_round8/figures/fig3_source_data.tsv
B_power	Se0.95_Sp0.7		kappa	0.2796475920870489				outputs_round8/figures/fig3_source_data.tsv
B_power_n	Se0.95_Sp0.7	9500	kappa	0.2796475920870489				outputs_round8/figures/fig3_source_data.tsv
B_power	Se0.95_Sp0.7		kappa	0.270494060286149				outputs_round8/figures/fig3_source_data.tsv
B_power_n	Se0.95_Sp0.7	10000	kappa	0.270494060286149				outputs_round8/figures/fig3_source_data.tsv
B_power	Se0.95_Sp0.7		kappa	0.2619195105147053				outputs_round8/figures/fig3_source_data.tsv
B_power_n	Se0.95_Sp0.7	10500	kappa	0.2619195105147053				outputs_round8/figures/fig3_source_data.tsv
B_power	Se0.95_Sp0.7		kappa	0.2538708554766045				outputs_round8/figures/fig3_source_data.tsv
B_power_n	Se0.95_Sp0.7	11000	kappa	0.2538708554766045				outputs_round8/figures/fig3_source_data.tsv
B_power	Se0.95_Sp0.7		kappa	0.2463012789973187				outputs_round8/figures/fig3_source_data.tsv
B_power_n	Se0.95_Sp0.7	11500	kappa	0.2463012789973187				outputs_round8/figures/fig3_source_data.tsv
B_power	Se0.95_Sp0.7		kappa	0.2391693418400864				outputs_round8/figures/fig3_source_data.tsv
B_power_n	Se0.95_Sp0.7	12000	kappa	0.2391693418400864				outputs_round8/figures/fig3_source_data.tsv
B_power	Se0.95_Sp0.7		kappa	0.2324382350757763				outputs_round8/figures/fig3_source_data.tsv
B_power_n	Se0.95_Sp0.7	12500	kappa	0.2324382350757763				outputs_round8/figures/fig3_source_data.tsv
B_power	Se0.95_Sp0.7		kappa	0.2260751536717502				outputs_round8/figures/fig3_source_data.tsv
B_power_n	Se0.95_Sp0.7	13000	kappa	0.2260751536717502				outputs_round8/figures/fig3_source_data.tsv
B_power	Se0.95_Sp0.7		kappa	0.2200507685134403				outputs_round8/figures/fig3_source_data.tsv
B_power_n	Se0.95_Sp0.7	13500	kappa	0.2200507685134403				outputs_round8/figures/fig3_source_data.tsv
B_power	Se0.95_Sp0.7		kappa	0.2143387794133905				outputs_round8/figures/fig3_source_data.tsv
B_power_n	Se0.95_Sp0.7	14000	kappa	0.2143387794133905				outputs_round8/figures/fig3_source_data.tsv
B_power	Se0.95_Sp0.7		kappa	0.2089155350715085				outputs_round8/figures/fig3_source_data.tsv
B_power_n	Se0.95_Sp0.7	14500	kappa	0.2089155350715085				outputs_round8/figures/fig3_source_data.tsv
B_power	Se0.95_Sp0.7		kappa	0.2037597086386315				outputs_round8/figures/fig3_source_data.tsv
B_power_n	Se0.95_Sp0.7	15000	kappa	0.2037597086386315				outputs_round8/figures/fig3_source_data.tsv
B_power	Se0.95_Sp0.7		kappa	0.198852019665124				outputs_round8/figures/fig3_source_data.tsv
B_power_n	Se0.95_Sp0.7	15500	kappa	0.198852019665124				outputs_round8/figures/fig3_source_data.tsv
B_power	Se0.95_Sp0.7		kappa	0.1941749949110646				outputs_round8/figures/fig3_source_data.tsv
B_power_n	Se0.95_Sp0.7	16000	kappa	0.1941749949110646				outputs_round8/figures/fig3_source_data.tsv
B_power	Se0.95_Sp0.7		kappa	0.1897127618497655				outputs_round8/figures/fig3_source_data.tsv
B_power_n	Se0.95_Sp0.7	16500	kappa	0.1897127618497655				outputs_round8/figures/fig3_source_data.tsv
B_power	Se0.95_Sp0.7		kappa	0.1854508697849585				outputs_round8/figures/fig3_source_data.tsv
B_power_n	Se0.95_Sp0.7	17000	kappa	0.1854508697849585				outputs_round8/figures/fig3_source_data.tsv
B_power	Se0.95_Sp0.7		kappa	0.181376134380511				outputs_round8/figures/fig3_source_data.tsv
B_power_n	Se0.95_Sp0.7	17500	kappa	0.181376134380511				outputs_round8/figures/fig3_source_data.tsv
B_power	Se0.95_Sp0.7		kappa	0.1774765021136694				outputs_round8/figures/fig3_source_data.tsv
B_power_n	Se0.95_Sp0.7	18000	kappa	0.1774765021136694				outputs_round8/figures/fig3_source_data.tsv
B_power	Se0.95_Sp0.7		kappa	0.1737409317426367				outputs_round8/figures/fig3_source_data.tsv
B_power_n	Se0.95_Sp0.7	18500	kappa	0.1737409317426367				outputs_round8/figures/fig3_source_data.tsv
B_power	Se0.95_Sp0.7		kappa	0.1701592903533802				outputs_round8/figures/fig3_source_data.tsv
B_power_n	Se0.95_Sp0.7	19000	kappa	0.1701592903533802				outputs_round8/figures/fig3_source_data.tsv
B_power	Se0.95_Sp0.7		kappa	0.1667222619397989				outputs_round8/figures/fig3_source_data.tsv
B_power_n	Se0.95_Sp0.7	19500	kappa	0.1667222619397989				outputs_round8/figures/fig3_source_data.tsv
B_power	Se0.95_Sp0.7		kappa	0.1634212667922218				outputs_round8/figures/fig3_source_data.tsv
B_power_n	Se0.95_Sp0.7	20000	kappa	0.1634212667922218				outputs_round8/figures/fig3_source_data.tsv
B_power	Se0.95_Sp0.8		kappa	0.0				outputs_round8/figures/fig3_source_data.tsv
B_power_n	Se0.95_Sp0.8	0	kappa	0.0				outputs_round8/figures/fig3_source_data.tsv
B_power	Se0.95_Sp0.8		kappa	0.133084312826421				outputs_round8/figures/fig3_source_data.tsv
B_power_n	Se0.95_Sp0.8	5	kappa	0.133084312826421				outputs_round8/figures/fig3_source_data.tsv
B_power	Se0.95_Sp0.8		kappa	0.2303404134513646				outputs_round8/figures/fig3_source_data.tsv
B_power_n	Se0.95_Sp0.8	10	kappa	0.2303404134513646				outputs_round8/figures/fig3_source_data.tsv
B_power	Se0.95_Sp0.8		kappa	0.3044767463347644				outputs_round8/figures/fig3_source_data.tsv
B_power_n	Se0.95_Sp0.8	15	kappa	0.3044767463347644				outputs_round8/figures/fig3_source_data.tsv
B_power	Se0.95_Sp0.8		kappa	0.3628270016464409				outputs_round8/figures/fig3_source_data.tsv
B_power_n	Se0.95_Sp0.8	20	kappa	0.3628270016464409				outputs_round8/figures/fig3_source_data.tsv
B_power	Se0.95_Sp0.8		kappa	0.4099198302449644				outputs_round8/figures/fig3_source_data.tsv
B_power_n	Se0.95_Sp0.8	25	kappa	0.4099198302449644				outputs_round8/figures/fig3_source_data.tsv
B_power	Se0.95_Sp0.8		kappa	0.4487029092371635				outputs_round8/figures/fig3_source_data.tsv
B_power_n	Se0.95_Sp0.8	30	kappa	0.4487029092371635				outputs_round8/figures/fig3_source_data.tsv
B_power	Se0.95_Sp0.8		kappa	0.4811774695726021				outputs_round8/figures/fig3_source_data.tsv
B_power_n	Se0.95_Sp0.8	35	kappa	0.4811774695726021				outputs_round8/figures/fig3_source_data.tsv
B_power	Se0.95_Sp0.8		kappa	0.5087499287465088				outputs_round8/figures/fig3_source_data.tsv
B_power_n	Se0.95_Sp0.8	40	kappa	0.5087499287465088				outputs_round8/figures/fig3_source_data.tsv
B_power	Se0.95_Sp0.8		kappa	0.532437596424565				outputs_round8/figures/fig3_source_data.tsv
B_power_n	Se0.95_Sp0.8	45	kappa	0.532437596424565				outputs_round8/figures/fig3_source_data.tsv
B_power	Se0.95_Sp0.8		kappa	0.552994535112829				outputs_round8/figures/fig3_source_data.tsv
B_power_n	Se0.95_Sp0.8	50	kappa	0.552994535112829				outputs_round8/figures/fig3_source_data.tsv
B_power	Se0.95_Sp0.8		kappa	0.570991536180972				outputs_round8/figures/fig3_source_data.tsv
B_power_n	Se0.95_Sp0.8	55	kappa	0.570991536180972				outputs_round8/figures/fig3_source_data.tsv
B_power	Se0.95_Sp0.8		kappa	0.5868686093789386				outputs_round8/figures/fig3_source_data.tsv
B_power_n	Se0.95_Sp0.8	60	kappa	0.5868686093789386				outputs_round8/figures/fig3_source_data.tsv
B_power	Se0.95_Sp0.8		kappa	0.6009704098796892				outputs_round8/figures/fig3_source_data.tsv
B_power_n	Se0.95_Sp0.8	65	kappa	0.6009704098796892				outputs_round8/figures/fig3_source_data.tsv
B_power	Se0.95_Sp0.8		kappa	0.6135707410972093				outputs_round8/figures/fig3_source_data.tsv
B_power_n	Se0.95_Sp0.8	70	kappa	0.6135707410972093				outputs_round8/figures/fig3_source_data.tsv
B_power	Se0.95_Sp0.8		kappa	0.6248898711828326				outputs_round8/figures/fig3_source_data.tsv
B_power_n	Se0.95_Sp0.8	75	kappa	0.6248898711828326				outputs_round8/figures/fig3_source_data.tsv
B_power	Se0.95_Sp0.8		kappa	0.6351070075252172				outputs_round8/figures/fig3_source_data.tsv
B_power_n	Se0.95_Sp0.8	80	kappa	0.6351070075252172				outputs_round8/figures/fig3_source_data.tsv
B_power	Se0.95_Sp0.8		kappa	0.6443694384780607				outputs_round8/figures/fig3_source_data.tsv
B_power_n	Se0.95_Sp0.8	85	kappa	0.6443694384780607				outputs_round8/figures/fig3_source_data.tsv
B_power	Se0.95_Sp0.8		kappa	0.6527993368387687				outputs_round8/figures/fig3_source_data.tsv
B_power_n	Se0.95_Sp0.8	90	kappa	0.6527993368387687				outputs_round8/figures/fig3_source_data.tsv
B_power	Se0.95_Sp0.8		kappa	0.6604988942997277				outputs_round8/figures/fig3_source_data.tsv
B_power_n	Se0.95_Sp0.8	95	kappa	0.6604988942997277				outputs_round8/figures/fig3_source_data.tsv
B_power	Se0.95_Sp0.8		kappa	0.6675542457945951				outputs_round8/figures/fig3_source_data.tsv
B_power_n	Se0.95_Sp0.8	100	kappa	0.6675542457945951				outputs_round8/figures/fig3_source_data.tsv
B_power	Se0.95_Sp0.8		kappa	0.6740385038988498				outputs_round8/figures/fig3_source_data.tsv
B_power_n	Se0.95_Sp0.8	105	kappa	0.6740385038988498				outputs_round8/figures/fig3_source_data.tsv
B_power	Se0.95_Sp0.8		kappa	0.6800141301637433				outputs_round8/figures/fig3_source_data.tsv
B_power_n	Se0.95_Sp0.8	110	kappa	0.6800141301637433				outputs_round8/figures/fig3_source_data.tsv
B_power	Se0.95_Sp0.8		kappa	0.6855348064831503				outputs_round8/figures/fig3_source_data.tsv
B_power_n	Se0.95_Sp0.8	115	kappa	0.6855348064831503				outputs_round8/figures/fig3_source_data.tsv
B_power	Se0.95_Sp0.8		kappa	0.6906469252992157				outputs_round8/figures/fig3_source_data.tsv
B_power_n	Se0.95_Sp0.8	120	kappa	0.6906469252992157				outputs_round8/figures/fig3_source_data.tsv
B_power	Se0.95_Sp0.8		kappa	0.6953907862473908				outputs_round8/figures/fig3_source_data.tsv
B_power_n	Se0.95_Sp0.8	125	kappa	0.6953907862473908				outputs_round8/figures/fig3_source_data.tsv
B_power	Se0.95_Sp0.8		kappa	0.6998015645638944				outputs_round8/figures/fig3_source_data.tsv
B_power_n	Se0.95_Sp0.8	130	kappa	0.6998015645638944				outputs_round8/figures/fig3_source_data.tsv
B_power	Se0.95_Sp0.8		kappa	0.7039101004782555				outputs_round8/figures/fig3_source_data.tsv
B_power_n	Se0.95_Sp0.8	135	kappa	0.7039101004782555				outputs_round8/figures/fig3_source_data.tsv
B_power	Se0.95_Sp0.8		kappa	0.70774354704413				outputs_round8/figures/fig3_source_data.tsv
B_power_n	Se0.95_Sp0.8	140	kappa	0.70774354704413				outputs_round8/figures/fig3_source_data.tsv
B_power	Se0.95_Sp0.8		kappa	0.7113259051661649				outputs_round8/figures/fig3_source_data.tsv
B_power_n	Se0.95_Sp0.8	145	kappa	0.7113259051661649				outputs_round8/figures/fig3_source_data.tsv
B_power	Se0.95_Sp0.8		kappa	0.714678468092376				outputs_round8/figures/fig3_source_data.tsv
B_power_n	Se0.95_Sp0.8	150	kappa	0.714678468092376				outputs_round8/figures/fig3_source_data.tsv
B_power	Se0.95_Sp0.8		kappa	0.7178201927548613				outputs_round8/figures/fig3_source_data.tsv
B_power_n	Se0.95_Sp0.8	155	kappa	0.7178201927548613				outputs_round8/figures/fig3_source_data.tsv
B_power	Se0.95_Sp0.8		kappa	0.7207680116291986				outputs_round8/figures/fig3_source_data.tsv
B_power_n	Se0.95_Sp0.8	160	kappa	0.7207680116291986				outputs_round8/figures/fig3_source_data.tsv
B_power	Se0.95_Sp0.8		kappa	0.72353709593914				outputs_round8/figures/fig3_source_data.tsv
B_power_n	Se0.95_Sp0.8	165	kappa	0.72353709593914				outputs_round8/figures/fig3_source_data.tsv
B_power	Se0.95_Sp0.8		kappa	0.7261410788381746				outputs_round8/figures/fig3_source_data.tsv
B_power_n	Se0.95_Sp0.8	170	kappa	0.7261410788381746				outputs_round8/figures/fig3_source_data.tsv
B_power	Se0.95_Sp0.8		kappa	0.7285922454927287				outputs_round8/figures/fig3_source_data.tsv
B_power_n	Se0.95_Sp0.8	175	kappa	0.7285922454927287				outputs_round8/figures/fig3_source_data.tsv
B_power	Se0.95_Sp0.8		kappa	0.7309016956555372				outputs_round8/figures/fig3_source_data.tsv
B_power_n	Se0.95_Sp0.8	180	kappa	0.7309016956555372				outputs_round8/figures/fig3_source_data.tsv
B_power	Se0.95_Sp0.8		kappa	0.7330794832647097				outputs_round8/figures/fig3_source_data.tsv
B_power_n	Se0.95_Sp0.8	185	kappa	0.7330794832647097				outputs_round8/figures/fig3_source_data.tsv
B_power	Se0.95_Sp0.8		kappa	0.7351347367690924				outputs_round8/figures/fig3_source_data.tsv
B_power_n	Se0.95_Sp0.8	190	kappa	0.7351347367690924				outputs_round8/figures/fig3_source_data.tsv
B_power	Se0.95_Sp0.8		kappa	0.7370757632146098				outputs_round8/figures/fig3_source_data.tsv
B_power_n	Se0.95_Sp0.8	195	kappa	0.7370757632146098				outputs_round8/figures/fig3_source_data.tsv
B_power	Se0.95_Sp0.8		kappa	0.7389101385922213				outputs_round8/figures/fig3_source_data.tsv
B_power_n	Se0.95_Sp0.8	200	kappa	0.7389101385922213				outputs_round8/figures/fig3_source_data.tsv
B_power	Se0.95_Sp0.8		kappa	0.7526640512469349				outputs_round8/figures/fig3_source_data.tsv
B_power_n	Se0.95_Sp0.8	250	kappa	0.7526640512469349				outputs_round8/figures/fig3_source_data.tsv
B_power	Se0.95_Sp0.8		kappa	0.7607679565389109				outputs_round8/figures/fig3_source_data.tsv
B_power_n	Se0.95_Sp0.8	300	kappa	0.7607679565389109				outputs_round8/figures/fig3_source_data.tsv
B_power	Se0.95_Sp0.8		kappa	0.7654899135446689				outputs_round8/figures/fig3_source_data.tsv
B_power_n	Se0.95_Sp0.8	350	kappa	0.7654899135446689				outputs_round8/figures/fig3_source_data.tsv
B_power	Se0.95_Sp0.8		kappa	0.7680359363369206				outputs_round8/figures/fig3_source_data.tsv
B_power_n	Se0.95_Sp0.8	400	kappa	0.7680359363369206				outputs_round8/figures/fig3_source_data.tsv
B_power	Se0.95_Sp0.8		kappa	0.769106295133829				outputs_round8/figures/fig3_source_data.tsv
B_power_n	Se0.95_Sp0.8	450	kappa	0.769106295133829				outputs_round8/figures/fig3_source_data.tsv
B_power	Se0.95_Sp0.8		kappa	0.7691353109374921				outputs_round8/figures/fig3_source_data.tsv
B_power_n	Se0.95_Sp0.8	500	kappa	0.7691353109374921				outputs_round8/figures/fig3_source_data.tsv
B_power	Se0.95_Sp0.8		kappa	0.76840653577992				outputs_round8/figures/fig3_source_data.tsv
B_power_n	Se0.95_Sp0.8	550	kappa	0.76840653577992				outputs_round8/figures/fig3_source_data.tsv
B_power	Se0.95_Sp0.8		kappa	0.7671128479583769				outputs_round8/figures/fig3_source_data.tsv
B_power_n	Se0.95_Sp0.8	600	kappa	0.7671128479583769				outputs_round8/figures/fig3_source_data.tsv
B_power	Se0.95_Sp0.8		kappa	0.7653899283195265				outputs_round8/figures/fig3_source_data.tsv
B_power_n	Se0.95_Sp0.8	650	kappa	0.7653899283195265				outputs_round8/figures/fig3_source_data.tsv
B_power	Se0.95_Sp0.8		kappa	0.7633359276776628				outputs_round8/figures/fig3_source_data.tsv
B_power_n	Se0.95_Sp0.8	700	kappa	0.7633359276776628				outputs_round8/figures/fig3_source_data.tsv
B_power	Se0.95_Sp0.8		kappa	0.7610235432687718				outputs_round8/figures/fig3_source_data.tsv
B_power_n	Se0.95_Sp0.8	750	kappa	0.7610235432687718				outputs_round8/figures/fig3_source_data.tsv
B_power	Se0.95_Sp0.8		kappa	0.7585077157444531				outputs_round8/figures/fig3_source_data.tsv
B_power_n	Se0.95_Sp0.8	800	kappa	0.7585077157444531				outputs_round8/figures/fig3_source_data.tsv
B_power	Se0.95_Sp0.8		kappa	0.755830693924561				outputs_round8/figures/fig3_source_data.tsv
B_power_n	Se0.95_Sp0.8	850	kappa	0.755830693924561				outputs_round8/figures/fig3_source_data.tsv
B_power	Se0.95_Sp0.8		kappa	0.7530254608384574				outputs_round8/figures/fig3_source_data.tsv
B_power_n	Se0.95_Sp0.8	900	kappa	0.7530254608384574				outputs_round8/figures/fig3_source_data.tsv
B_power	Se0.95_Sp0.8		kappa	0.7501181079373844				outputs_round8/figures/fig3_source_data.tsv
B_power_n	Se0.95_Sp0.8	950	kappa	0.7501181079373844				outputs_round8/figures/fig3_source_data.tsv
B_power	Se0.95_Sp0.8		kappa	0.7471295158433314				outputs_round8/figures/fig3_source_data.tsv
B_power_n	Se0.95_Sp0.8	1000	kappa	0.7471295158433314				outputs_round8/figures/fig3_source_data.tsv
B_power	Se0.95_Sp0.8		kappa	0.7440765669377117				outputs_round8/figures/fig3_source_data.tsv
B_power_n	Se0.95_Sp0.8	1050	kappa	0.7440765669377117				outputs_round8/figures/fig3_source_data.tsv
B_power	Se0.95_Sp0.8		kappa	0.7409730351478211				outputs_round8/figures/fig3_source_data.tsv
B_power_n	Se0.95_Sp0.8	1100	kappa	0.7409730351478211				outputs_round8/figures/fig3_source_data.tsv
B_power	Se0.95_Sp0.8		kappa	0.7378302489015667				outputs_round8/figures/fig3_source_data.tsv
B_power_n	Se0.95_Sp0.8	1150	kappa	0.7378302489015667				outputs_round8/figures/fig3_source_data.tsv
B_power	Se0.95_Sp0.8		kappa	0.7346575919419518				outputs_round8/figures/fig3_source_data.tsv
B_power_n	Se0.95_Sp0.8	1200	kappa	0.7346575919419518				outputs_round8/figures/fig3_source_data.tsv
B_power	Se0.95_Sp0.8		kappa	0.731462886433687				outputs_round8/figures/fig3_source_data.tsv
B_power_n	Se0.95_Sp0.8	1250	kappa	0.731462886433687				outputs_round8/figures/fig3_source_data.tsv
B_power	Se0.95_Sp0.8		kappa	0.7282526894037586				outputs_round8/figures/fig3_source_data.tsv
B_power_n	Se0.95_Sp0.8	1300	kappa	0.7282526894037586				outputs_round8/figures/fig3_source_data.tsv
B_power	Se0.95_Sp0.8		kappa	0.7250325245423398				outputs_round8/figures/fig3_source_data.tsv
B_power_n	Se0.95_Sp0.8	1350	kappa	0.7250325245423398				outputs_round8/figures/fig3_source_data.tsv
B_power	Se0.95_Sp0.8		kappa	0.7218070652173914				outputs_round8/figures/fig3_source_data.tsv
B_power_n	Se0.95_Sp0.8	1400	kappa	0.7218070652173914				outputs_round8/figures/fig3_source_data.tsv
B_power	Se0.95_Sp0.8		kappa	0.7185802802636613				outputs_round8/figures/fig3_source_data.tsv
B_power_n	Se0.95_Sp0.8	1450	kappa	0.7185802802636613				outputs_round8/figures/fig3_source_data.tsv
B_power	Se0.95_Sp0.8		kappa	0.7153555510789246				outputs_round8/figures/fig3_source_data.tsv
B_power_n	Se0.95_Sp0.8	1500	kappa	0.7153555510789246				outputs_round8/figures/fig3_source_data.tsv
B_power	Se0.95_Sp0.8		kappa	0.7121357663963036				outputs_round8/figures/fig3_source_data.tsv
B_power_n	Se0.95_Sp0.8	1550	kappa	0.7121357663963036				outputs_round8/figures/fig3_source_data.tsv
B_power	Se0.95_Sp0.8		kappa	0.7089233995359233				outputs_round8/figures/fig3_source_data.tsv
B_power_n	Se0.95_Sp0.8	1600	kappa	0.7089233995359233				outputs_round8/figures/fig3_source_data.tsv
B_power	Se0.95_Sp0.8		kappa	0.7057205717936049				outputs_round8/figures/fig3_source_data.tsv
B_power_n	Se0.95_Sp0.8	1650	kappa	0.7057205717936049				outputs_round8/figures/fig3_source_data.tsv
B_power	Se0.95_Sp0.8		kappa	0.702529104777198				outputs_round8/figures/fig3_source_data.tsv
B_power_n	Se0.95_Sp0.8	1700	kappa	0.702529104777198				outputs_round8/figures/fig3_source_data.tsv
B_power	Se0.95_Sp0.8		kappa	0.6993505638685332				outputs_round8/figures/fig3_source_data.tsv
B_power_n	Se0.95_Sp0.8	1750	kappa	0.6993505638685332				outputs_round8/figures/fig3_source_data.tsv
B_power	Se0.95_Sp0.8		kappa	0.696186294512154				outputs_round8/figures/fig3_source_data.tsv
B_power_n	Se0.95_Sp0.8	1800	kappa	0.696186294512154				outputs_round8/figures/fig3_source_data.tsv
B_power	Se0.95_Sp0.8		kappa	0.6930374526694613				outputs_round8/figures/fig3_source_data.tsv
B_power_n	Se0.95_Sp0.8	1850	kappa	0.6930374526694613				outputs_round8/figures/fig3_source_data.tsv
B_power	Se0.95_Sp0.8		kappa	0.6899050304990303				outputs_round8/figures/fig3_source_data.tsv
B_power_n	Se0.95_Sp0.8	1900	kappa	0.6899050304990303				outputs_round8/figures/fig3_source_data.tsv
B_power	Se0.95_Sp0.8		kappa	0.6867898781092251				outputs_round8/figures/fig3_source_data.tsv
B_power_n	Se0.95_Sp0.8	1950	kappa	0.6867898781092251				outputs_round8/figures/fig3_source_data.tsv
B_power	Se0.95_Sp0.8		kappa	0.6836927220622471				outputs_round8/figures/fig3_source_data.tsv
B_power_n	Se0.95_Sp0.8	2000	kappa	0.6836927220622471				outputs_round8/figures/fig3_source_data.tsv
B_power	Se0.95_Sp0.8		kappa	0.6538084101811559				outputs_round8/figures/fig3_source_data.tsv
B_power_n	Se0.95_Sp0.8	2500	kappa	0.6538084101811559				outputs_round8/figures/fig3_source_data.tsv
B_power	Se0.95_Sp0.8		kappa	0.6260123748209057				outputs_round8/figures/fig3_source_data.tsv
B_power_n	Se0.95_Sp0.8	3000	kappa	0.6260123748209057				outputs_round8/figures/fig3_source_data.tsv
B_power	Se0.95_Sp0.8		kappa	0.6002655292223384				outputs_round8/figures/fig3_source_data.tsv
B_power_n	Se0.95_Sp0.8	3500	kappa	0.6002655292223384				outputs_round8/figures/fig3_source_data.tsv
B_power	Se0.95_Sp0.8		kappa	0.5764273196194223				outputs_round8/figures/fig3_source_data.tsv
B_power_n	Se0.95_Sp0.8	4000	kappa	0.5764273196194223				outputs_round8/figures/fig3_source_data.tsv
B_power	Se0.95_Sp0.8		kappa	0.5543327531328683				outputs_round8/figures/fig3_source_data.tsv
B_power_n	Se0.95_Sp0.8	4500	kappa	0.5543327531328683				outputs_round8/figures/fig3_source_data.tsv
B_power	Se0.95_Sp0.8		kappa	0.5338191955281921				outputs_round8/figures/fig3_source_data.tsv
B_power_n	Se0.95_Sp0.8	5000	kappa	0.5338191955281921				outputs_round8/figures/fig3_source_data.tsv
B_power	Se0.95_Sp0.8		kappa	0.5147357291452463				outputs_round8/figures/fig3_source_data.tsv
B_power_n	Se0.95_Sp0.8	5500	kappa	0.5147357291452463				outputs_round8/figures/fig3_source_data.tsv
B_power	Se0.95_Sp0.8		kappa	0.4969458478434404				outputs_round8/figures/fig3_source_data.tsv
B_power_n	Se0.95_Sp0.8	6000	kappa	0.4969458478434404				outputs_round8/figures/fig3_source_data.tsv
B_power	Se0.95_Sp0.8		kappa	0.4803274995224667				outputs_round8/figures/fig3_source_data.tsv
B_power_n	Se0.95_Sp0.8	6500	kappa	0.4803274995224667				outputs_round8/figures/fig3_source_data.tsv
B_power	Se0.95_Sp0.8		kappa	0.4647720976349476				outputs_round8/figures/fig3_source_data.tsv
B_power_n	Se0.95_Sp0.8	7000	kappa	0.4647720976349476				outputs_round8/figures/fig3_source_data.tsv
B_power	Se0.95_Sp0.8		kappa	0.4501831905110698				outputs_round8/figures/fig3_source_data.tsv
B_power_n	Se0.95_Sp0.8	7500	kappa	0.4501831905110698				outputs_round8/figures/fig3_source_data.tsv
B_power	Se0.95_Sp0.8		kappa	0.4364750858920615				outputs_round8/figures/fig3_source_data.tsv
B_power_n	Se0.95_Sp0.8	8000	kappa	0.4364750858920615				outputs_round8/figures/fig3_source_data.tsv
B_power	Se0.95_Sp0.8		kappa	0.4235715553547509				outputs_round8/figures/fig3_source_data.tsv
B_power_n	Se0.95_Sp0.8	8500	kappa	0.4235715553547509				outputs_round8/figures/fig3_source_data.tsv
B_power	Se0.95_Sp0.8		kappa	0.4114046648500155				outputs_round8/figures/fig3_source_data.tsv
B_power_n	Se0.95_Sp0.8	9000	kappa	0.4114046648500155				outputs_round8/figures/fig3_source_data.tsv
B_power	Se0.95_Sp0.8		kappa	0.3999137417365896				outputs_round8/figures/fig3_source_data.tsv
B_power_n	Se0.95_Sp0.8	9500	kappa	0.3999137417365896				outputs_round8/figures/fig3_source_data.tsv
B_power	Se0.95_Sp0.8		kappa	0.3890444727743407				outputs_round8/figures/fig3_source_data.tsv
B_power_n	Se0.95_Sp0.8	10000	kappa	0.3890444727743407				outputs_round8/figures/fig3_source_data.tsv
B_power	Se0.95_Sp0.8		kappa	0.3787481211122617				outputs_round8/figures/fig3_source_data.tsv
B_power_n	Se0.95_Sp0.8	10500	kappa	0.3787481211122617				outputs_round8/figures/fig3_source_data.tsv
B_power	Se0.95_Sp0.8		kappa	0.3689808484000043				outputs_round8/figures/fig3_source_data.tsv
B_power_n	Se0.95_Sp0.8	11000	kappa	0.3689808484000043				outputs_round8/figures/fig3_source_data.tsv
B_power	Se0.95_Sp0.8		kappa	0.3597031283474381				outputs_round8/figures/fig3_source_data.tsv
B_power_n	Se0.95_Sp0.8	11500	kappa	0.3597031283474381				outputs_round8/figures/fig3_source_data.tsv
B_power	Se0.95_Sp0.8		kappa	0.3508792391601412				outputs_round8/figures/fig3_source_data.tsv
B_power_n	Se0.95_Sp0.8	12000	kappa	0.3508792391601412				outputs_round8/figures/fig3_source_data.tsv
B_power	Se0.95_Sp0.8		kappa	0.3424768237011735				outputs_round8/figures/fig3_source_data.tsv
B_power_n	Se0.95_Sp0.8	12500	kappa	0.3424768237011735				outputs_round8/figures/fig3_source_data.tsv
B_power	Se0.95_Sp0.8		kappa	0.3344665076870939				outputs_round8/figures/fig3_source_data.tsv
B_power_n	Se0.95_Sp0.8	13000	kappa	0.3344665076870939				outputs_round8/figures/fig3_source_data.tsv
B_power	Se0.95_Sp0.8		kappa	0.3268215675896296				outputs_round8/figures/fig3_source_data.tsv
B_power_n	Se0.95_Sp0.8	13500	kappa	0.3268215675896296				outputs_round8/figures/fig3_source_data.tsv
B_power	Se0.95_Sp0.8		kappa	0.3195176411328214				outputs_round8/figures/fig3_source_data.tsv
B_power_n	Se0.95_Sp0.8	14000	kappa	0.3195176411328214				outputs_round8/figures/fig3_source_data.tsv
B_power	Se0.95_Sp0.8		kappa	0.3125324743368366				outputs_round8/figures/fig3_source_data.tsv
B_power_n	Se0.95_Sp0.8	14500	kappa	0.3125324743368366				outputs_round8/figures/fig3_source_data.tsv
B_power	Se0.95_Sp0.8		kappa	0.3058456999705204				outputs_round8/figures/fig3_source_data.tsv
B_power_n	Se0.95_Sp0.8	15000	kappa	0.3058456999705204				outputs_round8/figures/fig3_source_data.tsv
B_power	Se0.95_Sp0.8		kappa	0.2994386430495915				outputs_round8/figures/fig3_source_data.tsv
B_power_n	Se0.95_Sp0.8	15500	kappa	0.2994386430495915				outputs_round8/figures/fig3_source_data.tsv
B_power	Se0.95_Sp0.8		kappa	0.2932941496730983				outputs_round8/figures/fig3_source_data.tsv
B_power_n	Se0.95_Sp0.8	16000	kappa	0.2932941496730983				outputs_round8/figures/fig3_source_data.tsv
B_power	Se0.95_Sp0.8		kappa	0.2873964360441469				outputs_round8/figures/fig3_source_data.tsv
B_power_n	Se0.95_Sp0.8	16500	kappa	0.2873964360441469				outputs_round8/figures/fig3_source_data.tsv
B_power	Se0.95_Sp0.8		kappa	0.2817309549874426				outputs_round8/figures/fig3_source_data.tsv
B_power_n	Se0.95_Sp0.8	17000	kappa	0.2817309549874426				outputs_round8/figures/fig3_source_data.tsv
B_power	Se0.95_Sp0.8		kappa	0.2762842776693827				outputs_round8/figures/fig3_source_data.tsv
B_power_n	Se0.95_Sp0.8	17500	kappa	0.2762842776693827				outputs_round8/figures/fig3_source_data.tsv
B_power	Se0.95_Sp0.8		kappa	0.2710439885581472				outputs_round8/figures/fig3_source_data.tsv
B_power_n	Se0.95_Sp0.8	18000	kappa	0.2710439885581472				outputs_round8/figures/fig3_source_data.tsv
B_power	Se0.95_Sp0.8		kappa	0.265998591941317				outputs_round8/figures/fig3_source_data.tsv
B_power_n	Se0.95_Sp0.8	18500	kappa	0.265998591941317				outputs_round8/figures/fig3_source_data.tsv
B_power	Se0.95_Sp0.8		kappa	0.2611374285554479				outputs_round8/figures/fig3_source_data.tsv
B_power_n	Se0.95_Sp0.8	19000	kappa	0.2611374285554479				outputs_round8/figures/fig3_source_data.tsv
B_power	Se0.95_Sp0.8		kappa	0.2564506010827811				outputs_round8/figures/fig3_source_data.tsv
B_power_n	Se0.95_Sp0.8	19500	kappa	0.2564506010827811				outputs_round8/figures/fig3_source_data.tsv
B_power	Se0.95_Sp0.8		kappa	0.251928907440642				outputs_round8/figures/fig3_source_data.tsv
B_power_n	Se0.95_Sp0.8	20000	kappa	0.251928907440642				outputs_round8/figures/fig3_source_data.tsv
B_power	Se0.95_Sp0.9		kappa	0.0				outputs_round8/figures/fig3_source_data.tsv
B_power_n	Se0.95_Sp0.9	0	kappa	0.0				outputs_round8/figures/fig3_source_data.tsv
B_power	Se0.95_Sp0.9		kappa	0.1495093646591049				outputs_round8/figures/fig3_source_data.tsv
B_power_n	Se0.95_Sp0.9	5	kappa	0.1495093646591049				outputs_round8/figures/fig3_source_data.tsv
B_power	Se0.95_Sp0.9		kappa	0.2571452177726361				outputs_round8/figures/fig3_source_data.tsv
B_power_n	Se0.95_Sp0.9	10	kappa	0.2571452177726361				outputs_round8/figures/fig3_source_data.tsv
B_power	Se0.95_Sp0.9		kappa	0.3383145868551209				outputs_round8/figures/fig3_source_data.tsv
B_power_n	Se0.95_Sp0.9	15	kappa	0.3383145868551209				outputs_round8/figures/fig3_source_data.tsv
B_power	Se0.95_Sp0.9		kappa	0.4016917517175651				outputs_round8/figures/fig3_source_data.tsv
B_power_n	Se0.95_Sp0.9	20	kappa	0.4016917517175651				outputs_round8/figures/fig3_source_data.tsv
B_power	Se0.95_Sp0.9		kappa	0.452533730316292				outputs_round8/figures/fig3_source_data.tsv
B_power_n	Se0.95_Sp0.9	25	kappa	0.452533730316292				outputs_round8/figures/fig3_source_data.tsv
B_power	Se0.95_Sp0.9		kappa	0.4942122042483201				outputs_round8/figures/fig3_source_data.tsv
B_power_n	Se0.95_Sp0.9	30	kappa	0.4942122042483201				outputs_round8/figures/fig3_source_data.tsv
B_power	Se0.95_Sp0.9		kappa	0.5289891548071204				outputs_round8/figures/fig3_source_data.tsv
B_power_n	Se0.95_Sp0.9	35	kappa	0.5289891548071204				outputs_round8/figures/fig3_source_data.tsv
B_power	Se0.95_Sp0.9		kappa	0.5584386904433278				outputs_round8/figures/fig3_source_data.tsv
B_power_n	Se0.95_Sp0.9	40	kappa	0.5584386904433278				outputs_round8/figures/fig3_source_data.tsv
B_power	Se0.95_Sp0.9		kappa	0.5836900515100785				outputs_round8/figures/fig3_source_data.tsv
B_power_n	Se0.95_Sp0.9	45	kappa	0.5836900515100785				outputs_round8/figures/fig3_source_data.tsv
B_power	Se0.95_Sp0.9		kappa	0.6055743976435579				outputs_round8/figures/fig3_source_data.tsv
B_power_n	Se0.95_Sp0.9	50	kappa	0.6055743976435579				outputs_round8/figures/fig3_source_data.tsv
B_power	Se0.95_Sp0.9		kappa	0.624717072900268				outputs_round8/figures/fig3_source_data.tsv
B_power_n	Se0.95_Sp0.9	55	kappa	0.624717072900268				outputs_round8/figures/fig3_source_data.tsv
B_power	Se0.95_Sp0.9		kappa	0.6415975981055481				outputs_round8/figures/fig3_source_data.tsv
B_power_n	Se0.95_Sp0.9	60	kappa	0.6415975981055481				outputs_round8/figures/fig3_source_data.tsv
B_power	Se0.95_Sp0.9		kappa	0.6565898348289217				outputs_round8/figures/fig3_source_data.tsv
B_power_n	Se0.95_Sp0.9	65	kappa	0.6565898348289217				outputs_round8/figures/fig3_source_data.tsv
B_power	Se0.95_Sp0.9		kappa	0.66998956763649				outputs_round8/figures/fig3_source_data.tsv
B_power_n	Se0.95_Sp0.9	70	kappa	0.66998956763649				outputs_round8/figures/fig3_source_data.tsv
B_power	Se0.95_Sp0.9		kappa	0.682033874686249				outputs_round8/figures/fig3_source_data.tsv
B_power_n	Se0.95_Sp0.9	75	kappa	0.682033874686249				outputs_round8/figures/fig3_source_data.tsv
B_power	Se0.95_Sp0.9		kappa	0.6929150040245925				outputs_round8/figures/fig3_source_data.tsv
B_power_n	Se0.95_Sp0.9	80	kappa	0.6929150040245925				outputs_round8/figures/fig3_source_data.tsv
B_power	Se0.95_Sp0.9		kappa	0.7027904916580541				outputs_round8/figures/fig3_source_data.tsv
B_power_n	Se0.95_Sp0.9	85	kappa	0.7027904916580541				outputs_round8/figures/fig3_source_data.tsv
B_power	Se0.95_Sp0.9		kappa	0.7117906576254488				outputs_round8/figures/fig3_source_data.tsv
B_power_n	Se0.95_Sp0.9	90	kappa	0.7117906576254488				outputs_round8/figures/fig3_source_data.tsv
B_power	Se0.95_Sp0.9		kappa	0.720024239960624				outputs_round8/figures/fig3_source_data.tsv
B_power_n	Se0.95_Sp0.9	95	kappa	0.720024239960624				outputs_round8/figures/fig3_source_data.tsv
B_power	Se0.95_Sp0.9		kappa	0.727582684754931				outputs_round8/figures/fig3_source_data.tsv
B_power_n	Se0.95_Sp0.9	100	kappa	0.727582684754931				outputs_round8/figures/fig3_source_data.tsv
B_power	Se0.95_Sp0.9		kappa	0.7345434520153347				outputs_round8/figures/fig3_source_data.tsv
B_power_n	Se0.95_Sp0.9	105	kappa	0.7345434520153347				outputs_round8/figures/fig3_source_data.tsv
B_power	Se0.95_Sp0.9		kappa	0.7409725910399354				outputs_round8/figures/fig3_source_data.tsv
B_power_n	Se0.95_Sp0.9	110	kappa	0.7409725910399354				outputs_round8/figures/fig3_source_data.tsv
B_power	Se0.95_Sp0.9		kappa	0.7469267669359413				outputs_round8/figures/fig3_source_data.tsv
B_power_n	Se0.95_Sp0.9	115	kappa	0.7469267669359413				outputs_round8/figures/fig3_source_data.tsv
B_power	Se0.95_Sp0.9		kappa	0.7524548700654631				outputs_round8/figures/fig3_source_data.tsv
B_power_n	Se0.95_Sp0.9	120	kappa	0.7524548700654631				outputs_round8/figures/fig3_source_data.tsv
B_power	Se0.95_Sp0.9		kappa	0.7575993052406175				outputs_round8/figures/fig3_source_data.tsv
B_power_n	Se0.95_Sp0.9	125	kappa	0.7575993052406175				outputs_round8/figures/fig3_source_data.tsv
B_power	Se0.95_Sp0.9		kappa	0.7623970326263254				outputs_round8/figures/fig3_source_data.tsv
B_power_n	Se0.95_Sp0.9	130	kappa	0.7623970326263254				outputs_round8/figures/fig3_source_data.tsv
B_power	Se0.95_Sp0.9		kappa	0.7668804144054914				outputs_round8/figures/fig3_source_data.tsv
B_power_n	Se0.95_Sp0.9	135	kappa	0.7668804144054914				outputs_round8/figures/fig3_source_data.tsv
B_power	Se0.95_Sp0.9		kappa	0.7710779082177164				outputs_round8/figures/fig3_source_data.tsv
B_power_n	Se0.95_Sp0.9	140	kappa	0.7710779082177164				outputs_round8/figures/fig3_source_data.tsv
B_power	Se0.95_Sp0.9		kappa	0.7750146387764266				outputs_round8/figures/fig3_source_data.tsv
B_power_n	Se0.95_Sp0.9	145	kappa	0.7750146387764266				outputs_round8/figures/fig3_source_data.tsv
B_power	Se0.95_Sp0.9		kappa	0.7787128719223269				outputs_round8/figures/fig3_source_data.tsv
B_power_n	Se0.95_Sp0.9	150	kappa	0.7787128719223269				outputs_round8/figures/fig3_source_data.tsv
B_power	Se0.95_Sp0.9		kappa	0.7821924100033775				outputs_round8/figures/fig3_source_data.tsv
B_power_n	Se0.95_Sp0.9	155	kappa	0.7821924100033775				outputs_round8/figures/fig3_source_data.tsv
B_power	Se0.95_Sp0.9		kappa	0.7854709234039666				outputs_round8/figures/fig3_source_data.tsv
B_power_n	Se0.95_Sp0.9	160	kappa	0.7854709234039666				outputs_round8/figures/fig3_source_data.tsv
B_power	Se0.95_Sp0.9		kappa	0.7885642299379544				outputs_round8/figures/fig3_source_data.tsv
B_power_n	Se0.95_Sp0.9	165	kappa	0.7885642299379544				outputs_round8/figures/fig3_source_data.tsv
B_power	Se0.95_Sp0.9		kappa	0.7914865314266714				outputs_round8/figures/fig3_source_data.tsv
B_power_n	Se0.95_Sp0.9	170	kappa	0.7914865314266714				outputs_round8/figures/fig3_source_data.tsv
B_power	Se0.95_Sp0.9		kappa	0.7942506149258656				outputs_round8/figures/fig3_source_data.tsv
B_power_n	Se0.95_Sp0.9	175	kappa	0.7942506149258656				outputs_round8/figures/fig3_source_data.tsv
B_power	Se0.95_Sp0.9		kappa	0.7968680246146309				outputs_round8/figures/fig3_source_data.tsv
B_power_n	Se0.95_Sp0.9	180	kappa	0.7968680246146309				outputs_round8/figures/fig3_source_data.tsv
B_power	Se0.95_Sp0.9		kappa	0.7993492092181834				outputs_round8/figures/fig3_source_data.tsv
B_power_n	Se0.95_Sp0.9	185	kappa	0.7993492092181834				outputs_round8/figures/fig3_source_data.tsv
B_power	Se0.95_Sp0.9		kappa	0.8017036489331861				outputs_round8/figures/fig3_source_data.tsv
B_power_n	Se0.95_Sp0.9	190	kappa	0.8017036489331861				outputs_round8/figures/fig3_source_data.tsv
B_power	Se0.95_Sp0.9		kappa	0.8039399651052335				outputs_round8/figures/fig3_source_data.tsv
B_power_n	Se0.95_Sp0.9	195	kappa	0.8039399651052335				outputs_round8/figures/fig3_source_data.tsv
B_power	Se0.95_Sp0.9		kappa	0.8060660153323879				outputs_round8/figures/fig3_source_data.tsv
B_power_n	Se0.95_Sp0.9	200	kappa	0.8060660153323879				outputs_round8/figures/fig3_source_data.tsv
B_power	Se0.95_Sp0.9		kappa	0.8225830979707451				outputs_round8/figures/fig3_source_data.tsv
B_power_n	Se0.95_Sp0.9	250	kappa	0.8225830979707451				outputs_round8/figures/fig3_source_data.tsv
B_power	Se0.95_Sp0.9		kappa	0.8332601078611208				outputs_round8/figures/fig3_source_data.tsv
B_power_n	Se0.95_Sp0.9	300	kappa	0.8332601078611208				outputs_round8/figures/fig3_source_data.tsv
B_power	Se0.95_Sp0.9		kappa	0.840433884898363				outputs_round8/figures/fig3_source_data.tsv
B_power_n	Se0.95_Sp0.9	350	kappa	0.840433884898363				outputs_round8/figures/fig3_source_data.tsv
B_power	Se0.95_Sp0.9		kappa	0.8453435069846352				outputs_round8/figures/fig3_source_data.tsv
B_power_n	Se0.95_Sp0.9	400	kappa	0.8453435069846352				outputs_round8/figures/fig3_source_data.tsv
B_power	Se0.95_Sp0.9		kappa	0.8487071282169135				outputs_round8/figures/fig3_source_data.tsv
B_power_n	Se0.95_Sp0.9	450	kappa	0.8487071282169135				outputs_round8/figures/fig3_source_data.tsv
B_power	Se0.95_Sp0.9		kappa	0.8509696763707216				outputs_round8/figures/fig3_source_data.tsv
B_power_n	Se0.95_Sp0.9	500	kappa	0.8509696763707216				outputs_round8/figures/fig3_source_data.tsv
B_power	Se0.95_Sp0.9		kappa	0.8524214891577028				outputs_round8/figures/fig3_source_data.tsv
B_power_n	Se0.95_Sp0.9	550	kappa	0.8524214891577028				outputs_round8/figures/fig3_source_data.tsv
B_power	Se0.95_Sp0.9		kappa	0.8532600749080521				outputs_round8/figures/fig3_source_data.tsv
B_power_n	Se0.95_Sp0.9	600	kappa	0.8532600749080521				outputs_round8/figures/fig3_source_data.tsv
B_power	Se0.95_Sp0.9		kappa	0.853624455225695				outputs_round8/figures/fig3_source_data.tsv
B_power_n	Se0.95_Sp0.9	650	kappa	0.853624455225695				outputs_round8/figures/fig3_source_data.tsv
B_power	Se0.95_Sp0.9		kappa	0.8536153119092628				outputs_round8/figures/fig3_source_data.tsv
B_power_n	Se0.95_Sp0.9	700	kappa	0.8536153119092628				outputs_round8/figures/fig3_source_data.tsv
B_power	Se0.95_Sp0.9		kappa	0.8533073427736582				outputs_round8/figures/fig3_source_data.tsv
B_power_n	Se0.95_Sp0.9	750	kappa	0.8533073427736582				outputs_round8/figures/fig3_source_data.tsv
B_power	Se0.95_Sp0.9		kappa	0.8527571286154184				outputs_round8/figures/fig3_source_data.tsv
B_power_n	Se0.95_Sp0.9	800	kappa	0.8527571286154184				outputs_round8/figures/fig3_source_data.tsv
B_power	Se0.95_Sp0.9		kappa	0.8520083052910432				outputs_round8/figures/fig3_source_data.tsv
B_power_n	Se0.95_Sp0.9	850	kappa	0.8520083052910432				outputs_round8/figures/fig3_source_data.tsv
B_power	Se0.95_Sp0.9		kappa	0.8510950597500799				outputs_round8/figures/fig3_source_data.tsv
B_power_n	Se0.95_Sp0.9	900	kappa	0.8510950597500799				outputs_round8/figures/fig3_source_data.tsv
B_power	Se0.95_Sp0.9		kappa	0.8500445512071287				outputs_round8/figures/fig3_source_data.tsv
B_power_n	Se0.95_Sp0.9	950	kappa	0.8500445512071287				outputs_round8/figures/fig3_source_data.tsv
B_power	Se0.95_Sp0.9		kappa	0.8488786242039928				outputs_round8/figures/fig3_source_data.tsv
B_power_n	Se0.95_Sp0.9	1000	kappa	0.8488786242039928				outputs_round8/figures/fig3_source_data.tsv
B_power	Se0.95_Sp0.9		kappa	0.8476150439449783				outputs_round8/figures/fig3_source_data.tsv
B_power_n	Se0.95_Sp0.9	1050	kappa	0.8476150439449783				outputs_round8/figures/fig3_source_data.tsv
B_power	Se0.95_Sp0.9		kappa	0.8462684024302314				outputs_round8/figures/fig3_source_data.tsv
B_power_n	Se0.95_Sp0.9	1100	kappa	0.8462684024302314				outputs_round8/figures/fig3_source_data.tsv
B_power	Se0.95_Sp0.9		kappa	0.8448507933833307				outputs_round8/figures/fig3_source_data.tsv
B_power_n	Se0.95_Sp0.9	1150	kappa	0.8448507933833307				outputs_round8/figures/fig3_source_data.tsv
B_power	Se0.95_Sp0.9		kappa	0.8433723219906311				outputs_round8/figures/fig3_source_data.tsv
B_power_n	Se0.95_Sp0.9	1200	kappa	0.8433723219906311				outputs_round8/figures/fig3_source_data.tsv
B_power	Se0.95_Sp0.9		kappa	0.8418414947709284				outputs_round8/figures/fig3_source_data.tsv
B_power_n	Se0.95_Sp0.9	1250	kappa	0.8418414947709284				outputs_round8/figures/fig3_source_data.tsv
B_power	Se0.95_Sp0.9		kappa	0.8402655212208662				outputs_round8/figures/fig3_source_data.tsv
B_power_n	Se0.95_Sp0.9	1300	kappa	0.8402655212208662				outputs_round8/figures/fig3_source_data.tsv
B_power	Se0.95_Sp0.9		kappa	0.8386505496806907				outputs_round8/figures/fig3_source_data.tsv
B_power_n	Se0.95_Sp0.9	1350	kappa	0.8386505496806907				outputs_round8/figures/fig3_source_data.tsv
B_power	Se0.95_Sp0.9		kappa	0.8370018535681187				outputs_round8/figures/fig3_source_data.tsv
B_power_n	Se0.95_Sp0.9	1400	kappa	0.8370018535681187				outputs_round8/figures/fig3_source_data.tsv
B_power	Se0.95_Sp0.9		kappa	0.8353239797512924				outputs_round8/figures/fig3_source_data.tsv
B_power_n	Se0.95_Sp0.9	1450	kappa	0.8353239797512924				outputs_round8/figures/fig3_source_data.tsv
B_power	Se0.95_Sp0.9		kappa	0.8336208677458914				outputs_round8/figures/fig3_source_data.tsv
B_power_n	Se0.95_Sp0.9	1500	kappa	0.8336208677458914				outputs_round8/figures/fig3_source_data.tsv
B_power	Se0.95_Sp0.9		kappa	0.8318959462168055				outputs_round8/figures/fig3_source_data.tsv
B_power_n	Se0.95_Sp0.9	1550	kappa	0.8318959462168055				outputs_round8/figures/fig3_source_data.tsv
B_power	Se0.95_Sp0.9		kappa	0.8301522116703479				outputs_round8/figures/fig3_source_data.tsv
B_power_n	Se0.95_Sp0.9	1600	kappa	0.8301522116703479				outputs_round8/figures/fig3_source_data.tsv
B_power	Se0.95_Sp0.9		kappa	0.8283922930567253				outputs_round8/figures/fig3_source_data.tsv
B_power_n	Se0.95_Sp0.9	1650	kappa	0.8283922930567253				outputs_round8/figures/fig3_source_data.tsv
B_power	Se0.95_Sp0.9		kappa	0.8266185051403169				outputs_round8/figures/fig3_source_data.tsv
B_power_n	Se0.95_Sp0.9	1700	kappa	0.8266185051403169				outputs_round8/figures/fig3_source_data.tsv
B_power	Se0.95_Sp0.9		kappa	0.8248328928516386				outputs_round8/figures/fig3_source_data.tsv
B_power_n	Se0.95_Sp0.9	1750	kappa	0.8248328928516386				outputs_round8/figures/fig3_source_data.tsv
B_power	Se0.95_Sp0.9		kappa	0.8230372683498391				outputs_round8/figures/fig3_source_data.tsv
B_power_n	Se0.95_Sp0.9	1800	kappa	0.8230372683498391				outputs_round8/figures/fig3_source_data.tsv
B_power	Se0.95_Sp0.9		kappa	0.8212332421559012				outputs_round8/figures/fig3_source_data.tsv
B_power_n	Se0.95_Sp0.9	1850	kappa	0.8212332421559012				outputs_round8/figures/fig3_source_data.tsv
B_power	Se0.95_Sp0.9		kappa	0.8194222494342049				outputs_round8/figures/fig3_source_data.tsv
B_power_n	Se0.95_Sp0.9	1900	kappa	0.8194222494342049				outputs_round8/figures/fig3_source_data.tsv
B_power	Se0.95_Sp0.9		kappa	0.8176055722819306				outputs_round8/figures/fig3_source_data.tsv
B_power_n	Se0.95_Sp0.9	1950	kappa	0.8176055722819306				outputs_round8/figures/fig3_source_data.tsv
B_power	Se0.95_Sp0.9		kappa	0.8157843587160692				outputs_round8/figures/fig3_source_data.tsv
B_power_n	Se0.95_Sp0.9	2000	kappa	0.8157843587160692				outputs_round8/figures/fig3_source_data.tsv
B_power	Se0.95_Sp0.9		kappa	0.7975061356329685				outputs_round8/figures/fig3_source_data.tsv
B_power_n	Se0.95_Sp0.9	2500	kappa	0.7975061356329685				outputs_round8/figures/fig3_source_data.tsv
B_power	Se0.95_Sp0.9		kappa	0.779461566598306				outputs_round8/figures/fig3_source_data.tsv
B_power_n	Se0.95_Sp0.9	3000	kappa	0.779461566598306				outputs_round8/figures/fig3_source_data.tsv
B_power	Se0.95_Sp0.9		kappa	0.7619057662293838				outputs_round8/figures/fig3_source_data.tsv
B_power_n	Se0.95_Sp0.9	3500	kappa	0.7619057662293838				outputs_round8/figures/fig3_source_data.tsv
B_power	Se0.95_Sp0.9		kappa	0.7449383409784945				outputs_round8/figures/fig3_source_data.tsv
B_power_n	Se0.95_Sp0.9	4000	kappa	0.7449383409784945				outputs_round8/figures/fig3_source_data.tsv
B_power	Se0.95_Sp0.9		kappa	0.7285921871803628				outputs_round8/figures/fig3_source_data.tsv
B_power_n	Se0.95_Sp0.9	4500	kappa	0.7285921871803628				outputs_round8/figures/fig3_source_data.tsv
B_power	Se0.95_Sp0.9		kappa	0.7128689369845				outputs_round8/figures/fig3_source_data.tsv
B_power_n	Se0.95_Sp0.9	5000	kappa	0.7128689369845				outputs_round8/figures/fig3_source_data.tsv
B_power	Se0.95_Sp0.9		kappa	0.6977548929697358				outputs_round8/figures/fig3_source_data.tsv
B_power_n	Se0.95_Sp0.9	5500	kappa	0.6977548929697358				outputs_round8/figures/fig3_source_data.tsv
B_power	Se0.95_Sp0.9		kappa	0.683228820750883				outputs_round8/figures/fig3_source_data.tsv
B_power_n	Se0.95_Sp0.9	6000	kappa	0.683228820750883				outputs_round8/figures/fig3_source_data.tsv
B_power	Se0.95_Sp0.9		kappa	0.6692659944367884				outputs_round8/figures/fig3_source_data.tsv
B_power_n	Se0.95_Sp0.9	6500	kappa	0.6692659944367884				outputs_round8/figures/fig3_source_data.tsv
B_power	Se0.95_Sp0.9		kappa	0.6558403834283432				outputs_round8/figures/fig3_source_data.tsv
B_power_n	Se0.95_Sp0.9	7000	kappa	0.6558403834283432				outputs_round8/figures/fig3_source_data.tsv
B_power	Se0.95_Sp0.9		kappa	0.6429258620566914				outputs_round8/figures/fig3_source_data.tsv
B_power_n	Se0.95_Sp0.9	7500	kappa	0.6429258620566914				outputs_round8/figures/fig3_source_data.tsv
B_power	Se0.95_Sp0.9		kappa	0.6304968817207482				outputs_round8/figures/fig3_source_data.tsv
B_power_n	Se0.95_Sp0.9	8000	kappa	0.6304968817207482				outputs_round8/figures/fig3_source_data.tsv
B_power	Se0.95_Sp0.9		kappa	0.6185288369578779				outputs_round8/figures/fig3_source_data.tsv
B_power_n	Se0.95_Sp0.9	8500	kappa	0.6185288369578779				outputs_round8/figures/fig3_source_data.tsv
B_power	Se0.95_Sp0.9		kappa	0.6069982527838502				outputs_round8/figures/fig3_source_data.tsv
B_power_n	Se0.95_Sp0.9	9000	kappa	0.6069982527838502				outputs_round8/figures/fig3_source_data.tsv
B_power	Se0.95_Sp0.9		kappa	0.5958828659576862				outputs_round8/figures/fig3_source_data.tsv
B_power_n	Se0.95_Sp0.9	9500	kappa	0.5958828659576862				outputs_round8/figures/fig3_source_data.tsv
B_power	Se0.95_Sp0.9		kappa	0.5851616428770351				outputs_round8/figures/fig3_source_data.tsv
B_power_n	Se0.95_Sp0.9	10000	kappa	0.5851616428770351				outputs_round8/figures/fig3_source_data.tsv
B_power	Se0.95_Sp0.9		kappa	0.5748147598109675				outputs_round8/figures/fig3_source_data.tsv
B_power_n	Se0.95_Sp0.9	10500	kappa	0.5748147598109675				outputs_round8/figures/fig3_source_data.tsv
B_power	Se0.95_Sp0.9		kappa	0.5648235612317166				outputs_round8/figures/fig3_source_data.tsv
B_power_n	Se0.95_Sp0.9	11000	kappa	0.5648235612317166				outputs_round8/figures/fig3_source_data.tsv
B_power	Se0.95_Sp0.9		kappa	0.555170506036204				outputs_round8/figures/fig3_source_data.tsv
B_power_n	Se0.95_Sp0.9	11500	kappa	0.555170506036204				outputs_round8/figures/fig3_source_data.tsv
B_power	Se0.95_Sp0.9		kappa	0.5458391077846511				outputs_round8/figures/fig3_source_data.tsv
B_power_n	Se0.95_Sp0.9	12000	kappa	0.5458391077846511				outputs_round8/figures/fig3_source_data.tsv
B_power	Se0.95_Sp0.9		kappa	0.5368138727946742				outputs_round8/figures/fig3_source_data.tsv
B_power_n	Se0.95_Sp0.9	12500	kappa	0.5368138727946742				outputs_round8/figures/fig3_source_data.tsv
B_power	Se0.95_Sp0.9		kappa	0.5280802384780561				outputs_round8/figures/fig3_source_data.tsv
B_power_n	Se0.95_Sp0.9	13000	kappa	0.5280802384780561				outputs_round8/figures/fig3_source_data.tsv
B_power	Se0.95_Sp0.9		kappa	0.5196245133770321				outputs_round8/figures/fig3_source_data.tsv
B_power_n	Se0.95_Sp0.9	13500	kappa	0.5196245133770321				outputs_round8/figures/fig3_source_data.tsv
B_power	Se0.95_Sp0.9		kappa	0.5114338197558563				outputs_round8/figures/fig3_source_data.tsv
B_power_n	Se0.95_Sp0.9	14000	kappa	0.5114338197558563				outputs_round8/figures/fig3_source_data.tsv
B_power	Se0.95_Sp0.9		kappa	0.5034960392136966				outputs_round8/figures/fig3_source_data.tsv
B_power_n	Se0.95_Sp0.9	14500	kappa	0.5034960392136966				outputs_round8/figures/fig3_source_data.tsv
B_power	Se0.95_Sp0.9		kappa	0.495799761532487				outputs_round8/figures/fig3_source_data.tsv
B_power_n	Se0.95_Sp0.9	15000	kappa	0.495799761532487				outputs_round8/figures/fig3_source_data.tsv
B_power	Se0.95_Sp0.9		kappa	0.4883342368109806				outputs_round8/figures/fig3_source_data.tsv
B_power_n	Se0.95_Sp0.9	15500	kappa	0.4883342368109806				outputs_round8/figures/fig3_source_data.tsv
B_power	Se0.95_Sp0.9		kappa	0.4810893308333963				outputs_round8/figures/fig3_source_data.tsv
B_power_n	Se0.95_Sp0.9	16000	kappa	0.4810893308333963				outputs_round8/figures/fig3_source_data.tsv
B_power	Se0.95_Sp0.9		kappa	0.474055483557754				outputs_round8/figures/fig3_source_data.tsv
B_power_n	Se0.95_Sp0.9	16500	kappa	0.474055483557754				outputs_round8/figures/fig3_source_data.tsv
B_power	Se0.95_Sp0.9		kappa	0.4672236705719755				outputs_round8/figures/fig3_source_data.tsv
B_power_n	Se0.95_Sp0.9	17000	kappa	0.4672236705719755				outputs_round8/figures/fig3_source_data.tsv
B_power	Se0.95_Sp0.9		kappa	0.4605853673463149				outputs_round8/figures/fig3_source_data.tsv
B_power_n	Se0.95_Sp0.9	17500	kappa	0.4605853673463149				outputs_round8/figures/fig3_source_data.tsv
B_power	Se0.95_Sp0.9		kappa	0.4541325161026606				outputs_round8/figures/fig3_source_data.tsv
B_power_n	Se0.95_Sp0.9	18000	kappa	0.4541325161026606				outputs_round8/figures/fig3_source_data.tsv
B_power	Se0.95_Sp0.9		kappa	0.4478574951208425				outputs_round8/figures/fig3_source_data.tsv
B_power_n	Se0.95_Sp0.9	18500	kappa	0.4478574951208425				outputs_round8/figures/fig3_source_data.tsv
B_power	Se0.95_Sp0.9		kappa	0.4417530903063443				outputs_round8/figures/fig3_source_data.tsv
B_power_n	Se0.95_Sp0.9	19000	kappa	0.4417530903063443				outputs_round8/figures/fig3_source_data.tsv
B_power	Se0.95_Sp0.9		kappa	0.4358124688512058				outputs_round8/figures/fig3_source_data.tsv
B_power_n	Se0.95_Sp0.9	19500	kappa	0.4358124688512058				outputs_round8/figures/fig3_source_data.tsv
B_power	Se0.95_Sp0.9		kappa	0.4300291548288197				outputs_round8/figures/fig3_source_data.tsv
B_power_n	Se0.95_Sp0.9	20000	kappa	0.4300291548288197				outputs_round8/figures/fig3_source_data.tsv
B_power	Se0.95_Sp0.95		kappa	0.0				outputs_round8/figures/fig3_source_data.tsv
B_power_n	Se0.95_Sp0.95	0	kappa	0.0				outputs_round8/figures/fig3_source_data.tsv
B_power	Se0.95_Sp0.95		kappa	0.1576145892831992				outputs_round8/figures/fig3_source_data.tsv
B_power_n	Se0.95_Sp0.95	5	kappa	0.1576145892831992				outputs_round8/figures/fig3_source_data.tsv
B_power	Se0.95_Sp0.95		kappa	0.2702489583366187				outputs_round8/figures/fig3_source_data.tsv
B_power_n	Se0.95_Sp0.95	10	kappa	0.2702489583366187				outputs_round8/figures/fig3_source_data.tsv
B_power	Se0.95_Sp0.95		kappa	0.3547412344591968				outputs_round8/figures/fig3_source_data.tsv
B_power_n	Se0.95_Sp0.95	15	kappa	0.3547412344591968				outputs_round8/figures/fig3_source_data.tsv
B_power	Se0.95_Sp0.95		kappa	0.4204575567529371				outputs_round8/figures/fig3_source_data.tsv
B_power_n	Se0.95_Sp0.95	20	kappa	0.4204575567529371				outputs_round8/figures/fig3_source_data.tsv
B_power	Se0.95_Sp0.95		kappa	0.4730228467605824				outputs_round8/figures/fig3_source_data.tsv
B_power_n	Se0.95_Sp0.95	25	kappa	0.4730228467605824				outputs_round8/figures/fig3_source_data.tsv
B_power	Se0.95_Sp0.95		kappa	0.5160192001541795				outputs_round8/figures/fig3_source_data.tsv
B_power_n	Se0.95_Sp0.95	30	kappa	0.5160192001541795				outputs_round8/figures/fig3_source_data.tsv
B_power	Se0.95_Sp0.95		kappa	0.5518360722256035				outputs_round8/figures/fig3_source_data.tsv
B_power_n	Se0.95_Sp0.95	35	kappa	0.5518360722256035				outputs_round8/figures/fig3_source_data.tsv
B_power	Se0.95_Sp0.95		kappa	0.5821284922274159				outputs_round8/figures/fig3_source_data.tsv
B_power_n	Se0.95_Sp0.95	40	kappa	0.5821284922274159				outputs_round8/figures/fig3_source_data.tsv
B_power	Se0.95_Sp0.95		kappa	0.6080790963347839				outputs_round8/figures/fig3_source_data.tsv
B_power_n	Se0.95_Sp0.95	45	kappa	0.6080790963347839				outputs_round8/figures/fig3_source_data.tsv
B_power	Se0.95_Sp0.95		kappa	0.6305554451641957				outputs_round8/figures/fig3_source_data.tsv
B_power_n	Se0.95_Sp0.95	50	kappa	0.6305554451641957				outputs_round8/figures/fig3_source_data.tsv
B_power	Se0.95_Sp0.95		kappa	0.6502083988011071				outputs_round8/figures/fig3_source_data.tsv
B_power_n	Se0.95_Sp0.95	55	kappa	0.6502083988011071				outputs_round8/figures/fig3_source_data.tsv
B_power	Se0.95_Sp0.95		kappa	0.6675357998015881				outputs_round8/figures/fig3_source_data.tsv
B_power_n	Se0.95_Sp0.95	60	kappa	0.6675357998015881				outputs_round8/figures/fig3_source_data.tsv
B_power	Se0.95_Sp0.95		kappa	0.6829249450255349				outputs_round8/figures/fig3_source_data.tsv
B_power_n	Se0.95_Sp0.95	65	kappa	0.6829249450255349				outputs_round8/figures/fig3_source_data.tsv
B_power	Se0.95_Sp0.95		kappa	0.6966816551881152				outputs_round8/figures/fig3_source_data.tsv
B_power_n	Se0.95_Sp0.95	70	kappa	0.6966816551881152				outputs_round8/figures/fig3_source_data.tsv
B_power	Se0.95_Sp0.95		kappa	0.7090506296465585				outputs_round8/figures/fig3_source_data.tsv
B_power_n	Se0.95_Sp0.95	75	kappa	0.7090506296465585				outputs_round8/figures/fig3_source_data.tsv
B_power	Se0.95_Sp0.95		kappa	0.7202299894083823				outputs_round8/figures/fig3_source_data.tsv
B_power_n	Se0.95_Sp0.95	80	kappa	0.7202299894083823				outputs_round8/figures/fig3_source_data.tsv
B_power	Se0.95_Sp0.95		kappa	0.7303818563872181				outputs_round8/figures/fig3_source_data.tsv
B_power_n	Se0.95_Sp0.95	85	kappa	0.7303818563872181				outputs_round8/figures/fig3_source_data.tsv
B_power	Se0.95_Sp0.95		kappa	0.7396401745317538				outputs_round8/figures/fig3_source_data.tsv
B_power_n	Se0.95_Sp0.95	90	kappa	0.7396401745317538				outputs_round8/figures/fig3_source_data.tsv
B_power	Se0.95_Sp0.95		kappa	0.7481165768124393				outputs_round8/figures/fig3_source_data.tsv
B_power_n	Se0.95_Sp0.95	95	kappa	0.7481165768124393				outputs_round8/figures/fig3_source_data.tsv
B_power	Se0.95_Sp0.95		kappa	0.7559048449195217				outputs_round8/figures/fig3_source_data.tsv
B_power_n	Se0.95_Sp0.95	100	kappa	0.7559048449195217				outputs_round8/figures/fig3_source_data.tsv
B_power	Se0.95_Sp0.95		kappa	0.763084340353903				outputs_round8/figures/fig3_source_data.tsv
B_power_n	Se0.95_Sp0.95	105	kappa	0.763084340353903				outputs_round8/figures/fig3_source_data.tsv
B_power	Se0.95_Sp0.95		kappa	0.7697226734485367				outputs_round8/figures/fig3_source_data.tsv
B_power_n	Se0.95_Sp0.95	110	kappa	0.7697226734485367				outputs_round8/figures/fig3_source_data.tsv
B_power	Se0.95_Sp0.95		kappa	0.775877800742514				outputs_round8/figures/fig3_source_data.tsv
B_power_n	Se0.95_Sp0.95	115	kappa	0.775877800742514				outputs_round8/figures/fig3_source_data.tsv
B_power	Se0.95_Sp0.95		kappa	0.781599688625085				outputs_round8/figures/fig3_source_data.tsv
B_power_n	Se0.95_Sp0.95	120	kappa	0.781599688625085				outputs_round8/figures/fig3_source_data.tsv
B_power	Se0.95_Sp0.95		kappa	0.7869316444060896				outputs_round8/figures/fig3_source_data.tsv
B_power_n	Se0.95_Sp0.95	125	kappa	0.7869316444060896				outputs_round8/figures/fig3_source_data.tsv
B_power	Se0.95_Sp0.95		kappa	0.7919113898761556				outputs_round8/figures/fig3_source_data.tsv
B_power_n	Se0.95_Sp0.95	130	kappa	0.7919113898761556				outputs_round8/figures/fig3_source_data.tsv
B_power	Se0.95_Sp0.95		kappa	0.7965719336623921				outputs_round8/figures/fig3_source_data.tsv
B_power_n	Se0.95_Sp0.95	135	kappa	0.7965719336623921				outputs_round8/figures/fig3_source_data.tsv
B_power	Se0.95_Sp0.95		kappa	0.8009422850412252				outputs_round8/figures/fig3_source_data.tsv
B_power_n	Se0.95_Sp0.95	140	kappa	0.8009422850412252				outputs_round8/figures/fig3_source_data.tsv
B_power	Se0.95_Sp0.95		kappa	0.8050480418361119				outputs_round8/figures/fig3_source_data.tsv
B_power_n	Se0.95_Sp0.95	145	kappa	0.8050480418361119				outputs_round8/figures/fig3_source_data.tsv
B_power	Se0.95_Sp0.95		kappa	0.8089118775730884				outputs_round8/figures/fig3_source_data.tsv
B_power_n	Se0.95_Sp0.95	150	kappa	0.8089118775730884				outputs_round8/figures/fig3_source_data.tsv
B_power	Se0.95_Sp0.95		kappa	0.8125539474752929				outputs_round8/figures/fig3_source_data.tsv
B_power_n	Se0.95_Sp0.95	155	kappa	0.8125539474752929				outputs_round8/figures/fig3_source_data.tsv
B_power	Se0.95_Sp0.95		kappa	0.8159922286454416				outputs_round8/figures/fig3_source_data.tsv
B_power_n	Se0.95_Sp0.95	160	kappa	0.8159922286454416				outputs_round8/figures/fig3_source_data.tsv
B_power	Se0.95_Sp0.95		kappa	0.819242806555067				outputs_round8/figures/fig3_source_data.tsv
B_power_n	Se0.95_Sp0.95	165	kappa	0.819242806555067				outputs_round8/figures/fig3_source_data.tsv
B_power	Se0.95_Sp0.95		kappa	0.8223201174743027				outputs_round8/figures/fig3_source_data.tsv
B_power_n	Se0.95_Sp0.95	170	kappa	0.8223201174743027				outputs_round8/figures/fig3_source_data.tsv
B_power	Se0.95_Sp0.95		kappa	0.8252371545499291				outputs_round8/figures/fig3_source_data.tsv
B_power_n	Se0.95_Sp0.95	175	kappa	0.8252371545499291				outputs_round8/figures/fig3_source_data.tsv
B_power	Se0.95_Sp0.95		kappa	0.8280056437359473				outputs_round8/figures/fig3_source_data.tsv
B_power_n	Se0.95_Sp0.95	180	kappa	0.8280056437359473				outputs_round8/figures/fig3_source_data.tsv
B_power	Se0.95_Sp0.95		kappa	0.8306361945995915				outputs_round8/figures/fig3_source_data.tsv
B_power_n	Se0.95_Sp0.95	185	kappa	0.8306361945995915				outputs_round8/figures/fig3_source_data.tsv
B_power	Se0.95_Sp0.95		kappa	0.8331384300914912				outputs_round8/figures/fig3_source_data.tsv
B_power_n	Se0.95_Sp0.95	190	kappa	0.8331384300914912				outputs_round8/figures/fig3_source_data.tsv
B_power	Se0.95_Sp0.95		kappa	0.8355210986255306				outputs_round8/figures/fig3_source_data.tsv
B_power_n	Se0.95_Sp0.95	195	kappa	0.8355210986255306				outputs_round8/figures/fig3_source_data.tsv
B_power	Se0.95_Sp0.95		kappa	0.8377921712193751				outputs_round8/figures/fig3_source_data.tsv
B_power_n	Se0.95_Sp0.95	200	kappa	0.8377921712193751				outputs_round8/figures/fig3_source_data.tsv
B_power	Se0.95_Sp0.95		kappa	0.8557043561423955				outputs_round8/figures/fig3_source_data.tsv
B_power_n	Se0.95_Sp0.95	250	kappa	0.8557043561423955				outputs_round8/figures/fig3_source_data.tsv
B_power	Se0.95_Sp0.95		kappa	0.8677111788368135				outputs_round8/figures/fig3_source_data.tsv
B_power_n	Se0.95_Sp0.95	300	kappa	0.8677111788368135				outputs_round8/figures/fig3_source_data.tsv
B_power	Se0.95_Sp0.95		kappa	0.87617575054761				outputs_round8/figures/fig3_source_data.tsv
B_power_n	Se0.95_Sp0.95	350	kappa	0.87617575054761				outputs_round8/figures/fig3_source_data.tsv
B_power	Se0.95_Sp0.95		kappa	0.8823493065195811				outputs_round8/figures/fig3_source_data.tsv
B_power_n	Se0.95_Sp0.95	400	kappa	0.8823493065195811				outputs_round8/figures/fig3_source_data.tsv
B_power	Se0.95_Sp0.95		kappa	0.8869563177004102				outputs_round8/figures/fig3_source_data.tsv
B_power_n	Se0.95_Sp0.95	450	kappa	0.8869563177004102				outputs_round8/figures/fig3_source_data.tsv
B_power	Se0.95_Sp0.95		kappa	0.890445297476074				outputs_round8/figures/fig3_source_data.tsv
B_power_n	Se0.95_Sp0.95	500	kappa	0.890445297476074				outputs_round8/figures/fig3_source_data.tsv
B_power	Se0.95_Sp0.95		kappa	0.8931087686474172				outputs_round8/figures/fig3_source_data.tsv
B_power_n	Se0.95_Sp0.95	550	kappa	0.8931087686474172				outputs_round8/figures/fig3_source_data.tsv
B_power	Se0.95_Sp0.95		kappa	0.8951456527068894				outputs_round8/figures/fig3_source_data.tsv
B_power_n	Se0.95_Sp0.95	600	kappa	0.8951456527068894				outputs_round8/figures/fig3_source_data.tsv
B_power	Se0.95_Sp0.95		kappa	0.8966959334230804				outputs_round8/figures/fig3_source_data.tsv
B_power_n	Se0.95_Sp0.95	650	kappa	0.8966959334230804				outputs_round8/figures/fig3_source_data.tsv
B_power	Se0.95_Sp0.95		kappa	0.8978609782576804				outputs_round8/figures/fig3_source_data.tsv
B_power_n	Se0.95_Sp0.95	700	kappa	0.8978609782576804				outputs_round8/figures/fig3_source_data.tsv
B_power	Se0.95_Sp0.95		kappa	0.8987159941377874				outputs_round8/figures/fig3_source_data.tsv
B_power_n	Se0.95_Sp0.95	750	kappa	0.8987159941377874				outputs_round8/figures/fig3_source_data.tsv
B_power	Se0.95_Sp0.95		kappa	0.8993179542405866				outputs_round8/figures/fig3_source_data.tsv
B_power_n	Se0.95_Sp0.95	800	kappa	0.8993179542405866				outputs_round8/figures/fig3_source_data.tsv
B_power	Se0.95_Sp0.95		kappa	0.89971080724053				outputs_round8/figures/fig3_source_data.tsv
B_power_n	Se0.95_Sp0.95	850	kappa	0.89971080724053				outputs_round8/figures/fig3_source_data.tsv
B_power	Se0.95_Sp0.95		kappa	0.8999289971986338				outputs_round8/figures/fig3_source_data.tsv
B_power_n	Se0.95_Sp0.95	900	kappa	0.8999289971986338				outputs_round8/figures/fig3_source_data.tsv
B_power	Se0.95_Sp0.95		kappa	0.8999999004865216				outputs_round8/figures/fig3_source_data.tsv
B_power_n	Se0.95_Sp0.95	950	kappa	0.8999999004865216				outputs_round8/figures/fig3_source_data.tsv
B_power	Se0.95_Sp0.95		kappa	0.8999455495129708				outputs_round8/figures/fig3_source_data.tsv
B_power_n	Se0.95_Sp0.95	1000	kappa	0.8999455495129708				outputs_round8/figures/fig3_source_data.tsv
B_power	Se0.95_Sp0.95		kappa	0.8997838754416833				outputs_round8/figures/fig3_source_data.tsv
B_power_n	Se0.95_Sp0.95	1050	kappa	0.8997838754416833				outputs_round8/figures/fig3_source_data.tsv
B_power	Se0.95_Sp0.95		kappa	0.8995296195381408				outputs_round8/figures/fig3_source_data.tsv
B_power_n	Se0.95_Sp0.95	1100	kappa	0.8995296195381408				outputs_round8/figures/fig3_source_data.tsv
B_power	Se0.95_Sp0.95		kappa	0.8991950118458988				outputs_round8/figures/fig3_source_data.tsv
B_power_n	Se0.95_Sp0.95	1150	kappa	0.8991950118458988				outputs_round8/figures/fig3_source_data.tsv
B_power	Se0.95_Sp0.95		kappa	0.8987902836658225				outputs_round8/figures/fig3_source_data.tsv
B_power_n	Se0.95_Sp0.95	1200	kappa	0.8987902836658225				outputs_round8/figures/fig3_source_data.tsv
B_power	Se0.95_Sp0.95		kappa	0.8983240594584844				outputs_round8/figures/fig3_source_data.tsv
B_power_n	Se0.95_Sp0.95	1250	kappa	0.8983240594584844				outputs_round8/figures/fig3_source_data.tsv
B_power	Se0.95_Sp0.95		kappa	0.8978036600185262				outputs_round8/figures/fig3_source_data.tsv
B_power_n	Se0.95_Sp0.95	1300	kappa	0.8978036600185262				outputs_round8/figures/fig3_source_data.tsv
B_power	Se0.95_Sp0.95		kappa	0.8972353395051554				outputs_round8/figures/fig3_source_data.tsv
B_power_n	Se0.95_Sp0.95	1350	kappa	0.8972353395051554				outputs_round8/figures/fig3_source_data.tsv
B_power	Se0.95_Sp0.95		kappa	0.8966244725738398				outputs_round8/figures/fig3_source_data.tsv
B_power_n	Se0.95_Sp0.95	1400	kappa	0.8966244725738398				outputs_round8/figures/fig3_source_data.tsv
B_power	Se0.95_Sp0.95		kappa	0.8959757034490334				outputs_round8/figures/fig3_source_data.tsv
B_power_n	Se0.95_Sp0.95	1450	kappa	0.8959757034490334				outputs_round8/figures/fig3_source_data.tsv
B_power	Se0.95_Sp0.95		kappa	0.8952930656723798				outputs_round8/figures/fig3_source_data.tsv
B_power_n	Se0.95_Sp0.95	1500	kappa	0.8952930656723798				outputs_round8/figures/fig3_source_data.tsv
B_power	Se0.95_Sp0.95		kappa	0.8945800790426612				outputs_round8/figures/fig3_source_data.tsv
B_power_n	Se0.95_Sp0.95	1550	kappa	0.8945800790426612				outputs_round8/figures/fig3_source_data.tsv
B_power	Se0.95_Sp0.95		kappa	0.893839828659835				outputs_round8/figures/fig3_source_data.tsv
B_power_n	Se0.95_Sp0.95	1600	kappa	0.893839828659835				outputs_round8/figures/fig3_source_data.tsv
B_power	Se0.95_Sp0.95		kappa	0.8930750298124406				outputs_round8/figures/fig3_source_data.tsv
B_power_n	Se0.95_Sp0.95	1650	kappa	0.8930750298124406				outputs_round8/figures/fig3_source_data.tsv
B_power	Se0.95_Sp0.95		kappa	0.8922880815806248				outputs_round8/figures/fig3_source_data.tsv
B_power_n	Se0.95_Sp0.95	1700	kappa	0.8922880815806248				outputs_round8/figures/fig3_source_data.tsv
B_power	Se0.95_Sp0.95		kappa	0.8914811113797857				outputs_round8/figures/fig3_source_data.tsv
B_power_n	Se0.95_Sp0.95	1750	kappa	0.8914811113797857				outputs_round8/figures/fig3_source_data.tsv
B_power	Se0.95_Sp0.95		kappa	0.8906560121821859				outputs_round8/figures/fig3_source_data.tsv
B_power_n	Se0.95_Sp0.95	1800	kappa	0.8906560121821859				outputs_round8/figures/fig3_source_data.tsv
B_power	Se0.95_Sp0.95		kappa	0.8898144737832627				outputs_round8/figures/fig3_source_data.tsv
B_power_n	Se0.95_Sp0.95	1850	kappa	0.8898144737832627				outputs_round8/figures/fig3_source_data.tsv
B_power	Se0.95_Sp0.95		kappa	0.8889580091953794				outputs_round8/figures/fig3_source_data.tsv
B_power_n	Se0.95_Sp0.95	1900	kappa	0.8889580091953794				outputs_round8/figures/fig3_source_data.tsv
B_power	Se0.95_Sp0.95		kappa	0.8880879770324789				outputs_round8/figures/fig3_source_data.tsv
B_power_n	Se0.95_Sp0.95	1950	kappa	0.8880879770324789				outputs_round8/figures/fig3_source_data.tsv
B_power	Se0.95_Sp0.95		kappa	0.8872056005785477				outputs_round8/figures/fig3_source_data.tsv
B_power_n	Se0.95_Sp0.95	2000	kappa	0.8872056005785477				outputs_round8/figures/fig3_source_data.tsv
B_power	Se0.95_Sp0.95		kappa	0.8779020976040242				outputs_round8/figures/fig3_source_data.tsv
B_power_n	Se0.95_Sp0.95	2500	kappa	0.8779020976040242				outputs_round8/figures/fig3_source_data.tsv
B_power	Se0.95_Sp0.95		kappa	0.8681268562189551				outputs_round8/figures/fig3_source_data.tsv
B_power_n	Se0.95_Sp0.95	3000	kappa	0.8681268562189551				outputs_round8/figures/fig3_source_data.tsv
B_power	Se0.95_Sp0.95		kappa	0.8581957695996768				outputs_round8/figures/fig3_source_data.tsv
B_power_n	Se0.95_Sp0.95	3500	kappa	0.8581957695996768				outputs_round8/figures/fig3_source_data.tsv
B_power	Se0.95_Sp0.95		kappa	0.8482627444349091				outputs_round8/figures/fig3_source_data.tsv
B_power_n	Se0.95_Sp0.95	4000	kappa	0.8482627444349091				outputs_round8/figures/fig3_source_data.tsv
B_power	Se0.95_Sp0.95		kappa	0.8384094696518646				outputs_round8/figures/fig3_source_data.tsv
B_power_n	Se0.95_Sp0.95	4500	kappa	0.8384094696518646				outputs_round8/figures/fig3_source_data.tsv
B_power	Se0.95_Sp0.95		kappa	0.8286815745785561				outputs_round8/figures/fig3_source_data.tsv
B_power_n	Se0.95_Sp0.95	5000	kappa	0.8286815745785561				outputs_round8/figures/fig3_source_data.tsv
B_power	Se0.95_Sp0.95		kappa	0.8191051389339561				outputs_round8/figures/fig3_source_data.tsv
B_power_n	Se0.95_Sp0.95	5500	kappa	0.8191051389339561				outputs_round8/figures/fig3_source_data.tsv
B_power	Se0.95_Sp0.95		kappa	0.8096949695337461				outputs_round8/figures/fig3_source_data.tsv
B_power_n	Se0.95_Sp0.95	6000	kappa	0.8096949695337461				outputs_round8/figures/fig3_source_data.tsv
B_power	Se0.95_Sp0.95		kappa	0.8004590609430305				outputs_round8/figures/fig3_source_data.tsv
B_power_n	Se0.95_Sp0.95	6500	kappa	0.8004590609430305				outputs_round8/figures/fig3_source_data.tsv
B_power	Se0.95_Sp0.95		kappa	0.7914011421004715				outputs_round8/figures/fig3_source_data.tsv
B_power_n	Se0.95_Sp0.95	7000	kappa	0.7914011421004715				outputs_round8/figures/fig3_source_data.tsv
B_power	Se0.95_Sp0.95		kappa	0.7825221998357602				outputs_round8/figures/fig3_source_data.tsv
B_power_n	Se0.95_Sp0.95	7500	kappa	0.7825221998357602				outputs_round8/figures/fig3_source_data.tsv
B_power	Se0.95_Sp0.95		kappa	0.7738214260748556				outputs_round8/figures/fig3_source_data.tsv
B_power_n	Se0.95_Sp0.95	8000	kappa	0.7738214260748556				outputs_round8/figures/fig3_source_data.tsv
B_power	Se0.95_Sp0.95		kappa	0.7652968258403078				outputs_round8/figures/fig3_source_data.tsv
B_power_n	Se0.95_Sp0.95	8500	kappa	0.7652968258403078				outputs_round8/figures/fig3_source_data.tsv
B_power	Se0.95_Sp0.95		kappa	0.7569456180238338				outputs_round8/figures/fig3_source_data.tsv
B_power_n	Se0.95_Sp0.95	9000	kappa	0.7569456180238338				outputs_round8/figures/fig3_source_data.tsv
B_power	Se0.95_Sp0.95		kappa	0.7487645054494885				outputs_round8/figures/fig3_source_data.tsv
B_power_n	Se0.95_Sp0.95	9500	kappa	0.7487645054494885				outputs_round8/figures/fig3_source_data.tsv
B_power	Se0.95_Sp0.95		kappa	0.7407498601843282				outputs_round8/figures/fig3_source_data.tsv
B_power_n	Se0.95_Sp0.95	10000	kappa	0.7407498601843282				outputs_round8/figures/fig3_source_data.tsv
B_power	Se0.95_Sp0.95		kappa	0.73289785256139				outputs_round8/figures/fig3_source_data.tsv
B_power_n	Se0.95_Sp0.95	10500	kappa	0.73289785256139				outputs_round8/figures/fig3_source_data.tsv
B_power	Se0.95_Sp0.95		kappa	0.7252045420297304				outputs_round8/figures/fig3_source_data.tsv
B_power_n	Se0.95_Sp0.95	11000	kappa	0.7252045420297304				outputs_round8/figures/fig3_source_data.tsv
B_power	Se0.95_Sp0.95		kappa	0.7176659416394509				outputs_round8/figures/fig3_source_data.tsv
B_power_n	Se0.95_Sp0.95	11500	kappa	0.7176659416394509				outputs_round8/figures/fig3_source_data.tsv
B_power	Se0.95_Sp0.95		kappa	0.7102780640247253				outputs_round8/figures/fig3_source_data.tsv
B_power_n	Se0.95_Sp0.95	12000	kappa	0.7102780640247253				outputs_round8/figures/fig3_source_data.tsv
B_power	Se0.95_Sp0.95		kappa	0.703036954221778				outputs_round8/figures/fig3_source_data.tsv
B_power_n	Se0.95_Sp0.95	12500	kappa	0.703036954221778				outputs_round8/figures/fig3_source_data.tsv
B_power	Se0.95_Sp0.95		kappa	0.6959387130067309				outputs_round8/figures/fig3_source_data.tsv
B_power_n	Se0.95_Sp0.95	13000	kappa	0.6959387130067309				outputs_round8/figures/fig3_source_data.tsv
B_power	Se0.95_Sp0.95		kappa	0.688979513337008				outputs_round8/figures/fig3_source_data.tsv
B_power_n	Se0.95_Sp0.95	13500	kappa	0.688979513337008				outputs_round8/figures/fig3_source_data.tsv
B_power	Se0.95_Sp0.95		kappa	0.6821556117330762				outputs_round8/figures/fig3_source_data.tsv
B_power_n	Se0.95_Sp0.95	14000	kappa	0.6821556117330762				outputs_round8/figures/fig3_source_data.tsv
B_power	Se0.95_Sp0.95		kappa	0.675463355922648				outputs_round8/figures/fig3_source_data.tsv
B_power_n	Se0.95_Sp0.95	14500	kappa	0.675463355922648				outputs_round8/figures/fig3_source_data.tsv
B_power	Se0.95_Sp0.95		kappa	0.6688991897097194				outputs_round8/figures/fig3_source_data.tsv
B_power_n	Se0.95_Sp0.95	15000	kappa	0.6688991897097194				outputs_round8/figures/fig3_source_data.tsv
B_power	Se0.95_Sp0.95		kappa	0.662459655775978				outputs_round8/figures/fig3_source_data.tsv
B_power_n	Se0.95_Sp0.95	15500	kappa	0.662459655775978				outputs_round8/figures/fig3_source_data.tsv
B_power	Se0.95_Sp0.95		kappa	0.656141396939431				outputs_round8/figures/fig3_source_data.tsv
B_power_n	Se0.95_Sp0.95	16000	kappa	0.656141396939431				outputs_round8/figures/fig3_source_data.tsv
B_power	Se0.95_Sp0.95		kappa	0.6499411562626587				outputs_round8/figures/fig3_source_data.tsv
B_power_n	Se0.95_Sp0.95	16500	kappa	0.6499411562626587				outputs_round8/figures/fig3_source_data.tsv
B_power	Se0.95_Sp0.95		kappa	0.6438557763061079				outputs_round8/figures/fig3_source_data.tsv
B_power_n	Se0.95_Sp0.95	17000	kappa	0.6438557763061079				outputs_round8/figures/fig3_source_data.tsv
B_power	Se0.95_Sp0.95		kappa	0.6378821977501526				outputs_round8/figures/fig3_source_data.tsv
B_power_n	Se0.95_Sp0.95	17500	kappa	0.6378821977501526				outputs_round8/figures/fig3_source_data.tsv
B_power	Se0.95_Sp0.95		kappa	0.6320174575561831				outputs_round8/figures/fig3_source_data.tsv
B_power_n	Se0.95_Sp0.95	18000	kappa	0.6320174575561831				outputs_round8/figures/fig3_source_data.tsv
B_power	Se0.95_Sp0.95		kappa	0.6262586867968376				outputs_round8/figures/fig3_source_data.tsv
B_power_n	Se0.95_Sp0.95	18500	kappa	0.6262586867968376				outputs_round8/figures/fig3_source_data.tsv
B_power	Se0.95_Sp0.95		kappa	0.6206031082550921				outputs_round8/figures/fig3_source_data.tsv
B_power_n	Se0.95_Sp0.95	19000	kappa	0.6206031082550921				outputs_round8/figures/fig3_source_data.tsv
B_power	Se0.95_Sp0.95		kappa	0.6150480338687697				outputs_round8/figures/fig3_source_data.tsv
B_power_n	Se0.95_Sp0.95	19500	kappa	0.6150480338687697				outputs_round8/figures/fig3_source_data.tsv
B_power	Se0.95_Sp0.95		kappa	0.6095908620792992				outputs_round8/figures/fig3_source_data.tsv
B_power_n	Se0.95_Sp0.95	20000	kappa	0.6095908620792992				outputs_round8/figures/fig3_source_data.tsv
B_power	Se0.95_Sp0.99		kappa	0.0				outputs_round8/figures/fig3_source_data.tsv
B_power_n	Se0.95_Sp0.99	0	kappa	0.0				outputs_round8/figures/fig3_source_data.tsv
B_power	Se0.95_Sp0.99		kappa	0.1640481137895				outputs_round8/figures/fig3_source_data.tsv
B_power_n	Se0.95_Sp0.99	5	kappa	0.1640481137895				outputs_round8/figures/fig3_source_data.tsv
B_power	Se0.95_Sp0.99		kappa	0.2805926158187639				outputs_round8/figures/fig3_source_data.tsv
B_power_n	Se0.95_Sp0.99	10	kappa	0.2805926158187639				outputs_round8/figures/fig3_source_data.tsv
B_power	Se0.95_Sp0.99		kappa	0.3676549030993293				outputs_round8/figures/fig3_source_data.tsv
B_power_n	Se0.95_Sp0.99	15	kappa	0.3676549030993293				outputs_round8/figures/fig3_source_data.tsv
B_power	Se0.95_Sp0.99		kappa	0.4351640229136065				outputs_round8/figures/fig3_source_data.tsv
B_power_n	Se0.95_Sp0.99	20	kappa	0.4351640229136065				outputs_round8/figures/fig3_source_data.tsv
B_power	Se0.95_Sp0.99		kappa	0.489040472296103				outputs_round8/figures/fig3_source_data.tsv
B_power_n	Se0.95_Sp0.99	25	kappa	0.489040472296103				outputs_round8/figures/fig3_source_data.tsv
B_power	Se0.95_Sp0.99		kappa	0.5330336561084716				outputs_round8/figures/fig3_source_data.tsv
B_power_n	Se0.95_Sp0.99	30	kappa	0.5330336561084716				outputs_round8/figures/fig3_source_data.tsv
B_power	Se0.95_Sp0.99		kappa	0.5696335078534028				outputs_round8/figures/fig3_source_data.tsv
B_power_n	Se0.95_Sp0.99	35	kappa	0.5696335078534028				outputs_round8/figures/fig3_source_data.tsv
B_power	Se0.95_Sp0.99		kappa	0.6005583592827237				outputs_round8/figures/fig3_source_data.tsv
B_power_n	Se0.95_Sp0.99	40	kappa	0.6005583592827237				outputs_round8/figures/fig3_source_data.tsv
B_power	Se0.95_Sp0.99		kappa	0.6270323379530772				outputs_round8/figures/fig3_source_data.tsv
B_power_n	Se0.95_Sp0.99	45	kappa	0.6270323379530772				outputs_round8/figures/fig3_source_data.tsv
B_power	Se0.95_Sp0.99		kappa	0.6499511200268443				outputs_round8/figures/fig3_source_data.tsv
B_power_n	Se0.95_Sp0.99	50	kappa	0.6499511200268443				outputs_round8/figures/fig3_source_data.tsv
B_power	Se0.95_Sp0.99		kappa	0.6699851657848609				outputs_round8/figures/fig3_source_data.tsv
B_power_n	Se0.95_Sp0.99	55	kappa	0.6699851657848609				outputs_round8/figures/fig3_source_data.tsv
B_power	Se0.95_Sp0.99		kappa	0.6876463205348219				outputs_round8/figures/fig3_source_data.tsv
B_power_n	Se0.95_Sp0.99	60	kappa	0.6876463205348219				outputs_round8/figures/fig3_source_data.tsv
B_power	Se0.95_Sp0.99		kappa	0.7033321010019975				outputs_round8/figures/fig3_source_data.tsv
B_power_n	Se0.95_Sp0.99	65	kappa	0.7033321010019975				outputs_round8/figures/fig3_source_data.tsv
B_power	Se0.95_Sp0.99		kappa	0.7173559283990796				outputs_round8/figures/fig3_source_data.tsv
B_power_n	Se0.95_Sp0.99	70	kappa	0.7173559283990796				outputs_round8/figures/fig3_source_data.tsv
B_power	Se0.95_Sp0.99		kappa	0.7299682496005031				outputs_round8/figures/fig3_source_data.tsv
B_power_n	Se0.95_Sp0.99	75	kappa	0.7299682496005031				outputs_round8/figures/fig3_source_data.tsv
B_power	Se0.95_Sp0.99		kappa	0.7413715971037067				outputs_round8/figures/fig3_source_data.tsv
B_power_n	Se0.95_Sp0.99	80	kappa	0.7413715971037067				outputs_round8/figures/fig3_source_data.tsv
B_power	Se0.95_Sp0.99		kappa	0.7517315244555511				outputs_round8/figures/fig3_source_data.tsv
B_power_n	Se0.95_Sp0.99	85	kappa	0.7517315244555511				outputs_round8/figures/fig3_source_data.tsv
B_power	Se0.95_Sp0.99		kappa	0.7611846774856649				outputs_round8/figures/fig3_source_data.tsv
B_power_n	Se0.95_Sp0.99	90	kappa	0.7611846774856649				outputs_round8/figures/fig3_source_data.tsv
B_power	Se0.95_Sp0.99		kappa	0.7698448399556184				outputs_round8/figures/fig3_source_data.tsv
B_power_n	Se0.95_Sp0.99	95	kappa	0.7698448399556184				outputs_round8/figures/fig3_source_data.tsv
B_power	Se0.95_Sp0.99		kappa	0.7778075228853836				outputs_round8/figures/fig3_source_data.tsv
B_power_n	Se0.95_Sp0.99	100	kappa	0.7778075228853836				outputs_round8/figures/fig3_source_data.tsv
B_power	Se0.95_Sp0.99		kappa	0.7851534910382525				outputs_round8/figures/fig3_source_data.tsv
B_power_n	Se0.95_Sp0.99	105	kappa	0.7851534910382525				outputs_round8/figures/fig3_source_data.tsv
B_power	Se0.95_Sp0.99		kappa	0.7919515030592171				outputs_round8/figures/fig3_source_data.tsv
B_power_n	Se0.95_Sp0.99	110	kappa	0.7919515030592171				outputs_round8/figures/fig3_source_data.tsv
B_power	Se0.95_Sp0.99		kappa	0.7982604625024214				outputs_round8/figures/fig3_source_data.tsv
B_power_n	Se0.95_Sp0.99	115	kappa	0.7982604625024214				outputs_round8/figures/fig3_source_data.tsv
B_power	Se0.95_Sp0.99		kappa	0.8041311224000764				outputs_round8/figures/fig3_source_data.tsv
B_power_n	Se0.95_Sp0.99	120	kappa	0.8041311224000764				outputs_round8/figures/fig3_source_data.tsv
B_power	Se0.95_Sp0.99		kappa	0.8096074478674072				outputs_round8/figures/fig3_source_data.tsv
B_power_n	Se0.95_Sp0.99	125	kappa	0.8096074478674072				outputs_round8/figures/fig3_source_data.tsv
B_power	Se0.95_Sp0.99		kappa	0.8147277141914693				outputs_round8/figures/fig3_source_data.tsv
B_power_n	Se0.95_Sp0.99	130	kappa	0.8147277141914693				outputs_round8/figures/fig3_source_data.tsv
B_power	Se0.95_Sp0.99		kappa	0.8195253984338232				outputs_round8/figures/fig3_source_data.tsv
B_power_n	Se0.95_Sp0.99	135	kappa	0.8195253984338232				outputs_round8/figures/fig3_source_data.tsv
B_power	Se0.95_Sp0.99		kappa	0.8240299084697694				outputs_round8/figures/fig3_source_data.tsv
B_power_n	Se0.95_Sp0.99	140	kappa	0.8240299084697694				outputs_round8/figures/fig3_source_data.tsv
B_power	Se0.95_Sp0.99		kappa	0.8282671830240388				outputs_round8/figures/fig3_source_data.tsv
B_power_n	Se0.95_Sp0.99	145	kappa	0.8282671830240388				outputs_round8/figures/fig3_source_data.tsv
B_power	Se0.95_Sp0.99		kappa	0.8322601885717372				outputs_round8/figures/fig3_source_data.tsv
B_power_n	Se0.95_Sp0.99	150	kappa	0.8322601885717372				outputs_round8/figures/fig3_source_data.tsv
B_power	Se0.95_Sp0.99		kappa	0.8360293332099735				outputs_round8/figures/fig3_source_data.tsv
B_power_n	Se0.95_Sp0.99	155	kappa	0.8360293332099735				outputs_round8/figures/fig3_source_data.tsv
B_power	Se0.95_Sp0.99		kappa	0.8395928132476428				outputs_round8/figures/fig3_source_data.tsv
B_power_n	Se0.95_Sp0.99	160	kappa	0.8395928132476428				outputs_round8/figures/fig3_source_data.tsv
B_power	Se0.95_Sp0.99		kappa	0.8429669049374914				outputs_round8/figures/fig3_source_data.tsv
B_power_n	Se0.95_Sp0.99	165	kappa	0.8429669049374914				outputs_round8/figures/fig3_source_data.tsv
B_power	Se0.95_Sp0.99		kappa	0.8461662112200611				outputs_round8/figures/fig3_source_data.tsv
B_power_n	Se0.95_Sp0.99	170	kappa	0.8461662112200611				outputs_round8/figures/fig3_source_data.tsv
B_power	Se0.95_Sp0.99		kappa	0.8492038713705904				outputs_round8/figures/fig3_source_data.tsv
B_power_n	Se0.95_Sp0.99	175	kappa	0.8492038713705904				outputs_round8/figures/fig3_source_data.tsv
B_power	Se0.95_Sp0.99		kappa	0.8520917398967829				outputs_round8/figures/fig3_source_data.tsv
B_power_n	Se0.95_Sp0.99	180	kappa	0.8520917398967829				outputs_round8/figures/fig3_source_data.tsv
B_power	Se0.95_Sp0.99		kappa	0.8548405398235741				outputs_round8/figures/fig3_source_data.tsv
B_power_n	Se0.95_Sp0.99	185	kappa	0.8548405398235741				outputs_round8/figures/fig3_source_data.tsv
B_power	Se0.95_Sp0.99		kappa	0.8574599945433924				outputs_round8/figures/fig3_source_data.tsv
B_power_n	Se0.95_Sp0.99	190	kappa	0.8574599945433924				outputs_round8/figures/fig3_source_data.tsv
B_power	Se0.95_Sp0.99		kappa	0.8599589416491177				outputs_round8/figures/fig3_source_data.tsv
B_power_n	Se0.95_Sp0.99	195	kappa	0.8599589416491177				outputs_round8/figures/fig3_source_data.tsv
B_power	Se0.95_Sp0.99		kappa	0.8623454315581734				outputs_round8/figures/fig3_source_data.tsv
B_power_n	Se0.95_Sp0.99	200	kappa	0.8623454315581734				outputs_round8/figures/fig3_source_data.tsv
B_power	Se0.95_Sp0.99		kappa	0.8813769525363621				outputs_round8/figures/fig3_source_data.tsv
B_power_n	Se0.95_Sp0.99	250	kappa	0.8813769525363621				outputs_round8/figures/fig3_source_data.tsv
B_power	Se0.95_Sp0.99		kappa	0.89446377618948				outputs_round8/figures/fig3_source_data.tsv
B_power_n	Se0.95_Sp0.99	300	kappa	0.89446377618948				outputs_round8/figures/fig3_source_data.tsv
B_power	Se0.95_Sp0.99		kappa	0.903986762646905				outputs_round8/figures/fig3_source_data.tsv
B_power_n	Se0.95_Sp0.99	350	kappa	0.903986762646905				outputs_round8/figures/fig3_source_data.tsv
B_power	Se0.95_Sp0.99		kappa	0.9112051514941696				outputs_round8/figures/fig3_source_data.tsv
B_power_n	Se0.95_Sp0.99	400	kappa	0.9112051514941696				outputs_round8/figures/fig3_source_data.tsv
B_power	Se0.95_Sp0.99		kappa	0.9168474614320312				outputs_round8/figures/fig3_source_data.tsv
B_power_n	Se0.95_Sp0.99	450	kappa	0.9168474614320312				outputs_round8/figures/fig3_source_data.tsv
B_power	Se0.95_Sp0.99		kappa	0.9213644364529532				outputs_round8/figures/fig3_source_data.tsv
B_power_n	Se0.95_Sp0.99	500	kappa	0.9213644364529532				outputs_round8/figures/fig3_source_data.tsv
B_power	Se0.95_Sp0.99		kappa	0.9250499142863212				outputs_round8/figures/fig3_source_data.tsv
B_power_n	Se0.95_Sp0.99	550	kappa	0.9250499142863212				outputs_round8/figures/fig3_source_data.tsv
B_power	Se0.95_Sp0.99		kappa	0.9281036351970264				outputs_round8/figures/fig3_source_data.tsv
B_power_n	Se0.95_Sp0.99	600	kappa	0.9281036351970264				outputs_round8/figures/fig3_source_data.tsv
B_power	Se0.95_Sp0.99		kappa	0.9306661166987013				outputs_round8/figures/fig3_source_data.tsv
B_power_n	Se0.95_Sp0.99	650	kappa	0.9306661166987013				outputs_round8/figures/fig3_source_data.tsv
B_power	Se0.95_Sp0.99		kappa	0.9328390881760604				outputs_round8/figures/fig3_source_data.tsv
B_power_n	Se0.95_Sp0.99	700	kappa	0.9328390881760604				outputs_round8/figures/fig3_source_data.tsv
B_power	Se0.95_Sp0.99		kappa	0.934698010626278				outputs_round8/figures/fig3_source_data.tsv
B_power_n	Se0.95_Sp0.99	750	kappa	0.934698010626278				outputs_round8/figures/fig3_source_data.tsv
B_power	Se0.95_Sp0.99		kappa	0.936300041223652				outputs_round8/figures/fig3_source_data.tsv
B_power_n	Se0.95_Sp0.99	800	kappa	0.936300041223652				outputs_round8/figures/fig3_source_data.tsv
B_power	Se0.95_Sp0.99		kappa	0.9376892657380028				outputs_round8/figures/fig3_source_data.tsv
B_power_n	Se0.95_Sp0.99	850	kappa	0.9376892657380028				outputs_round8/figures/fig3_source_data.tsv
B_power	Se0.95_Sp0.99		kappa	0.9389002331069723				outputs_round8/figures/fig3_source_data.tsv
B_power_n	Se0.95_Sp0.99	900	kappa	0.9389002331069723				outputs_round8/figures/fig3_source_data.tsv
B_power	Se0.95_Sp0.99		kappa	0.939960401933532				outputs_round8/figures/fig3_source_data.tsv
B_power_n	Se0.95_Sp0.99	950	kappa	0.939960401933532				outputs_round8/figures/fig3_source_data.tsv
B_power	Se0.95_Sp0.99		kappa	0.9408918706134892				outputs_round8/figures/fig3_source_data.tsv
B_power_n	Se0.95_Sp0.99	1000	kappa	0.9408918706134892				outputs_round8/figures/fig3_source_data.tsv
B_power	Se0.95_Sp0.99		kappa	0.9417126244297228				outputs_round8/figures/fig3_source_data.tsv
B_power_n	Se0.95_Sp0.99	1050	kappa	0.9417126244297228				outputs_round8/figures/fig3_source_data.tsv
B_power	Se0.95_Sp0.99		kappa	0.9424374499517276				outputs_round8/figures/fig3_source_data.tsv
B_power_n	Se0.95_Sp0.99	1100	kappa	0.9424374499517276				outputs_round8/figures/fig3_source_data.tsv
B_power	Se0.95_Sp0.99		kappa	0.9430786158798804				outputs_round8/figures/fig3_source_data.tsv
B_power_n	Se0.95_Sp0.99	1150	kappa	0.9430786158798804				outputs_round8/figures/fig3_source_data.tsv
B_power	Se0.95_Sp0.99		kappa	0.9436463870896082				outputs_round8/figures/fig3_source_data.tsv
B_power_n	Se0.95_Sp0.99	1200	kappa	0.9436463870896082				outputs_round8/figures/fig3_source_data.tsv
B_power	Se0.95_Sp0.99		kappa	0.9441494176802742				outputs_round8/figures/fig3_source_data.tsv
B_power_n	Se0.95_Sp0.99	1250	kappa	0.9441494176802742				outputs_round8/figures/fig3_source_data.tsv
B_power	Se0.95_Sp0.99		kappa	0.9445950550009112				outputs_round8/figures/fig3_source_data.tsv
B_power_n	Se0.95_Sp0.99	1300	kappa	0.9445950550009112				outputs_round8/figures/fig3_source_data.tsv
B_power	Se0.95_Sp0.99		kappa	0.9449895773208384				outputs_round8/figures/fig3_source_data.tsv
B_power_n	Se0.95_Sp0.99	1350	kappa	0.9449895773208384				outputs_round8/figures/fig3_source_data.tsv
B_power	Se0.95_Sp0.99		kappa	0.9453383814481782				outputs_round8/figures/fig3_source_data.tsv
B_power_n	Se0.95_Sp0.99	1400	kappa	0.9453383814481782				outputs_round8/figures/fig3_source_data.tsv
B_power	Se0.95_Sp0.99		kappa	0.9456461321767514				outputs_round8/figures/fig3_source_data.tsv
B_power_n	Se0.95_Sp0.99	1450	kappa	0.9456461321767514				outputs_round8/figures/fig3_source_data.tsv
B_power	Se0.95_Sp0.99		kappa	0.945916882324704				outputs_round8/figures/fig3_source_data.tsv
B_power_n	Se0.95_Sp0.99	1500	kappa	0.945916882324704				outputs_round8/figures/fig3_source_data.tsv
B_power	Se0.95_Sp0.99		kappa	0.9461541699019392				outputs_round8/figures/fig3_source_data.tsv
B_power_n	Se0.95_Sp0.99	1550	kappa	0.9461541699019392				outputs_round8/figures/fig3_source_data.tsv
B_power	Se0.95_Sp0.99		kappa	0.9463610973338652				outputs_round8/figures/fig3_source_data.tsv
B_power_n	Se0.95_Sp0.99	1600	kappa	0.9463610973338652				outputs_round8/figures/fig3_source_data.tsv
B_power	Se0.95_Sp0.99		kappa	0.9465403964919046				outputs_round8/figures/fig3_source_data.tsv
B_power_n	Se0.95_Sp0.99	1650	kappa	0.9465403964919046				outputs_round8/figures/fig3_source_data.tsv
B_power	Se0.95_Sp0.99		kappa	0.9466944824113376				outputs_round8/figures/fig3_source_data.tsv
B_power_n	Se0.95_Sp0.99	1700	kappa	0.9466944824113376				outputs_round8/figures/fig3_source_data.tsv
B_power	Se0.95_Sp0.99		kappa	0.9468254979277084				outputs_round8/figures/fig3_source_data.tsv
B_power_n	Se0.95_Sp0.99	1750	kappa	0.9468254979277084				outputs_round8/figures/fig3_source_data.tsv
B_power	Se0.95_Sp0.99		kappa	0.9469353509738928				outputs_round8/figures/fig3_source_data.tsv
B_power_n	Se0.95_Sp0.99	1800	kappa	0.9469353509738928				outputs_round8/figures/fig3_source_data.tsv
B_power	Se0.95_Sp0.99		kappa	0.947025745908166				outputs_round8/figures/fig3_source_data.tsv
B_power_n	Se0.95_Sp0.99	1850	kappa	0.947025745908166				outputs_round8/figures/fig3_source_data.tsv
B_power	Se0.95_Sp0.99		kappa	0.9470982099588046				outputs_round8/figures/fig3_source_data.tsv
B_power_n	Se0.95_Sp0.99	1900	kappa	0.9470982099588046				outputs_round8/figures/fig3_source_data.tsv
B_power	Se0.95_Sp0.99		kappa	0.9471541156508536				outputs_round8/figures/fig3_source_data.tsv
B_power_n	Se0.95_Sp0.99	1950	kappa	0.9471541156508536				outputs_round8/figures/fig3_source_data.tsv
B_power	Se0.95_Sp0.99		kappa	0.94719469990965				outputs_round8/figures/fig3_source_data.tsv
B_power_n	Se0.95_Sp0.99	2000	kappa	0.94719469990965				outputs_round8/figures/fig3_source_data.tsv
B_power	Se0.95_Sp0.99		kappa	0.946959916658046				outputs_round8/figures/fig3_source_data.tsv
B_power_n	Se0.95_Sp0.99	2500	kappa	0.946959916658046				outputs_round8/figures/fig3_source_data.tsv
B_power	Se0.95_Sp0.99		kappa	0.9459694114569476				outputs_round8/figures/fig3_source_data.tsv
B_power_n	Se0.95_Sp0.99	3000	kappa	0.9459694114569476				outputs_round8/figures/fig3_source_data.tsv
B_power	Se0.95_Sp0.99		kappa	0.9445505109911868				outputs_round8/figures/fig3_source_data.tsv
B_power_n	Se0.95_Sp0.99	3500	kappa	0.9445505109911868				outputs_round8/figures/fig3_source_data.tsv
B_power	Se0.95_Sp0.99		kappa	0.9428678236029668				outputs_round8/figures/fig3_source_data.tsv
B_power_n	Se0.95_Sp0.99	4000	kappa	0.9428678236029668				outputs_round8/figures/fig3_source_data.tsv
B_power	Se0.95_Sp0.99		kappa	0.9410131487038002				outputs_round8/figures/fig3_source_data.tsv
B_power_n	Se0.95_Sp0.99	4500	kappa	0.9410131487038002				outputs_round8/figures/fig3_source_data.tsv
B_power	Se0.95_Sp0.99		kappa	0.9390417039955188				outputs_round8/figures/fig3_source_data.tsv
B_power_n	Se0.95_Sp0.99	5000	kappa	0.9390417039955188				outputs_round8/figures/fig3_source_data.tsv
B_power	Se0.95_Sp0.99		kappa	0.936988680153904				outputs_round8/figures/fig3_source_data.tsv
B_power_n	Se0.95_Sp0.99	5500	kappa	0.936988680153904				outputs_round8/figures/fig3_source_data.tsv
B_power	Se0.95_Sp0.99		kappa	0.9348775518789064				outputs_round8/figures/fig3_source_data.tsv
B_power_n	Se0.95_Sp0.99	6000	kappa	0.9348775518789064				outputs_round8/figures/fig3_source_data.tsv
B_power	Se0.95_Sp0.99		kappa	0.9327245674961094				outputs_round8/figures/fig3_source_data.tsv
B_power_n	Se0.95_Sp0.99	6500	kappa	0.9327245674961094				outputs_round8/figures/fig3_source_data.tsv
B_power	Se0.95_Sp0.99		kappa	0.9305413211590418				outputs_round8/figures/fig3_source_data.tsv
B_power_n	Se0.95_Sp0.99	7000	kappa	0.9305413211590418				outputs_round8/figures/fig3_source_data.tsv
B_power	Se0.95_Sp0.99		kappa	0.9283362995206056				outputs_round8/figures/fig3_source_data.tsv
B_power_n	Se0.95_Sp0.99	7500	kappa	0.9283362995206056				outputs_round8/figures/fig3_source_data.tsv
B_power	Se0.95_Sp0.99		kappa	0.9261158501714108				outputs_round8/figures/fig3_source_data.tsv
B_power_n	Se0.95_Sp0.99	8000	kappa	0.9261158501714108				outputs_round8/figures/fig3_source_data.tsv
B_power	Se0.95_Sp0.99		kappa	0.9238848092556968				outputs_round8/figures/fig3_source_data.tsv
B_power_n	Se0.95_Sp0.99	8500	kappa	0.9238848092556968				outputs_round8/figures/fig3_source_data.tsv
B_power	Se0.95_Sp0.99		kappa	0.9216469204465474				outputs_round8/figures/fig3_source_data.tsv
B_power_n	Se0.95_Sp0.99	9000	kappa	0.9216469204465474				outputs_round8/figures/fig3_source_data.tsv
B_power	Se0.95_Sp0.99		kappa	0.9194051219500692				outputs_round8/figures/fig3_source_data.tsv
B_power_n	Se0.95_Sp0.99	9500	kappa	0.9194051219500692				outputs_round8/figures/fig3_source_data.tsv
B_power	Se0.95_Sp0.99		kappa	0.9171617476153876				outputs_round8/figures/fig3_source_data.tsv
B_power_n	Se0.95_Sp0.99	10000	kappa	0.9171617476153876				outputs_round8/figures/fig3_source_data.tsv
B_power	Se0.95_Sp0.99		kappa	0.9149186707151592				outputs_round8/figures/fig3_source_data.tsv
B_power_n	Se0.95_Sp0.99	10500	kappa	0.9149186707151592				outputs_round8/figures/fig3_source_data.tsv
B_power	Se0.95_Sp0.99		kappa	0.9126774085972628				outputs_round8/figures/fig3_source_data.tsv
B_power_n	Se0.95_Sp0.99	11000	kappa	0.9126774085972628				outputs_round8/figures/fig3_source_data.tsv
B_power	Se0.95_Sp0.99		kappa	0.9104392000911296				outputs_round8/figures/fig3_source_data.tsv
B_power_n	Se0.95_Sp0.99	11500	kappa	0.9104392000911296				outputs_round8/figures/fig3_source_data.tsv
B_power	Se0.95_Sp0.99		kappa	0.9082050635991176				outputs_round8/figures/fig3_source_data.tsv
B_power_n	Se0.95_Sp0.99	12000	kappa	0.9082050635991176				outputs_round8/figures/fig3_source_data.tsv
B_power	Se0.95_Sp0.99		kappa	0.9059758412705704				outputs_round8/figures/fig3_source_data.tsv
B_power_n	Se0.95_Sp0.99	12500	kappa	0.9059758412705704				outputs_round8/figures/fig3_source_data.tsv
B_power	Se0.95_Sp0.99		kappa	0.9037522329985096				outputs_round8/figures/fig3_source_data.tsv
B_power_n	Se0.95_Sp0.99	13000	kappa	0.9037522329985096				outputs_round8/figures/fig3_source_data.tsv
B_power	Se0.95_Sp0.99		kappa	0.9015348228728038				outputs_round8/figures/fig3_source_data.tsv
B_power_n	Se0.95_Sp0.99	13500	kappa	0.9015348228728038				outputs_round8/figures/fig3_source_data.tsv
B_power	Se0.95_Sp0.99		kappa	0.8993240999724232				outputs_round8/figures/fig3_source_data.tsv
B_power_n	Se0.95_Sp0.99	14000	kappa	0.8993240999724232				outputs_round8/figures/fig3_source_data.tsv
B_power	Se0.95_Sp0.99		kappa	0.8971204748609556				outputs_round8/figures/fig3_source_data.tsv
B_power_n	Se0.95_Sp0.99	14500	kappa	0.8971204748609556				outputs_round8/figures/fig3_source_data.tsv
B_power	Se0.95_Sp0.99		kappa	0.8949242927863307				outputs_round8/figures/fig3_source_data.tsv
B_power_n	Se0.95_Sp0.99	15000	kappa	0.8949242927863307				outputs_round8/figures/fig3_source_data.tsv
B_power	Se0.95_Sp0.99		kappa	0.8927358443278516				outputs_round8/figures/fig3_source_data.tsv
B_power_n	Se0.95_Sp0.99	15500	kappa	0.8927358443278516				outputs_round8/figures/fig3_source_data.tsv
B_power	Se0.95_Sp0.99		kappa	0.8905553740480859				outputs_round8/figures/fig3_source_data.tsv
B_power_n	Se0.95_Sp0.99	16000	kappa	0.8905553740480859				outputs_round8/figures/fig3_source_data.tsv
B_power	Se0.95_Sp0.99		kappa	0.8883830875722472				outputs_round8/figures/fig3_source_data.tsv
B_power_n	Se0.95_Sp0.99	16500	kappa	0.8883830875722472				outputs_round8/figures/fig3_source_data.tsv
B_power	Se0.95_Sp0.99		kappa	0.8862191574183821				outputs_round8/figures/fig3_source_data.tsv
B_power_n	Se0.95_Sp0.99	17000	kappa	0.8862191574183821				outputs_round8/figures/fig3_source_data.tsv
B_power	Se0.95_Sp0.99		kappa	0.88406372782787				outputs_round8/figures/fig3_source_data.tsv
B_power_n	Se0.95_Sp0.99	17500	kappa	0.88406372782787				outputs_round8/figures/fig3_source_data.tsv
B_power	Se0.95_Sp0.99		kappa	0.8819169187903927				outputs_round8/figures/fig3_source_data.tsv
B_power_n	Se0.95_Sp0.99	18000	kappa	0.8819169187903927				outputs_round8/figures/fig3_source_data.tsv
B_power	Se0.95_Sp0.99		kappa	0.8797788294155833				outputs_round8/figures/fig3_source_data.tsv
B_power_n	Se0.95_Sp0.99	18500	kappa	0.8797788294155833				outputs_round8/figures/fig3_source_data.tsv
B_power	Se0.95_Sp0.99		kappa	0.8776495407715944				outputs_round8/figures/fig3_source_data.tsv
B_power_n	Se0.95_Sp0.99	19000	kappa	0.8776495407715944				outputs_round8/figures/fig3_source_data.tsv
B_power	Se0.95_Sp0.99		kappa	0.8755291182861412				outputs_round8/figures/fig3_source_data.tsv
B_power_n	Se0.95_Sp0.99	19500	kappa	0.8755291182861412				outputs_round8/figures/fig3_source_data.tsv
B_power	Se0.95_Sp0.99		kappa	0.8734176137865385				outputs_round8/figures/fig3_source_data.tsv
B_power_n	Se0.95_Sp0.99	20000	kappa	0.8734176137865385				outputs_round8/figures/fig3_source_data.tsv
B_power	Se0.95_Sp0.5		kappa	0.0				outputs_round8/figures/fig3_source_data.tsv
B_power_n	Se0.95_Sp0.5	0	kappa	0.0				outputs_round8/figures/fig3_source_data.tsv
B_power	Se0.95_Sp0.5		kappa	0.0820222976582296				outputs_round8/figures/fig3_source_data.tsv
B_power_n	Se0.95_Sp0.5	5	kappa	0.0820222976582296				outputs_round8/figures/fig3_source_data.tsv
B_power	Se0.95_Sp0.5		kappa	0.1448050675013343				outputs_round8/figures/fig3_source_data.tsv
B_power_n	Se0.95_Sp0.5	10	kappa	0.1448050675013343				outputs_round8/figures/fig3_source_data.tsv
B_power	Se0.95_Sp0.5		kappa	0.1943335999649194				outputs_round8/figures/fig3_source_data.tsv
B_power_n	Se0.95_Sp0.5	15	kappa	0.1943335999649194				outputs_round8/figures/fig3_source_data.tsv
B_power	Se0.95_Sp0.5		kappa	0.2343442300118154				outputs_round8/figures/fig3_source_data.tsv
B_power_n	Se0.95_Sp0.5	20	kappa	0.2343442300118154				outputs_round8/figures/fig3_source_data.tsv
B_power	Se0.95_Sp0.5		kappa	0.2672899272127845				outputs_round8/figures/fig3_source_data.tsv
B_power_n	Se0.95_Sp0.5	25	kappa	0.2672899272127845				outputs_round8/figures/fig3_source_data.tsv
B_power	Se0.95_Sp0.5		kappa	0.2948477354170585				outputs_round8/figures/fig3_source_data.tsv
B_power_n	Se0.95_Sp0.5	30	kappa	0.2948477354170585				outputs_round8/figures/fig3_source_data.tsv
B_power	Se0.95_Sp0.5		kappa	0.3182030884417411				outputs_round8/figures/fig3_source_data.tsv
B_power_n	Se0.95_Sp0.5	35	kappa	0.3182030884417411				outputs_round8/figures/fig3_source_data.tsv
B_power	Se0.95_Sp0.5		kappa	0.3382176466872992				outputs_round8/figures/fig3_source_data.tsv
B_power_n	Se0.95_Sp0.5	40	kappa	0.3382176466872992				outputs_round8/figures/fig3_source_data.tsv
B_power	Se0.95_Sp0.5		kappa	0.3555327689341307				outputs_round8/figures/fig3_source_data.tsv
B_power_n	Se0.95_Sp0.5	45	kappa	0.3555327689341307				outputs_round8/figures/fig3_source_data.tsv
B_power	Se0.95_Sp0.5		kappa	0.3706356869218544				outputs_round8/figures/fig3_source_data.tsv
B_power_n	Se0.95_Sp0.5	50	kappa	0.3706356869218544				outputs_round8/figures/fig3_source_data.tsv
B_power	Se0.95_Sp0.5		kappa	0.3839031785821069				outputs_round8/figures/fig3_source_data.tsv
B_power_n	Se0.95_Sp0.5	55	kappa	0.3839031785821069				outputs_round8/figures/fig3_source_data.tsv
B_power	Se0.95_Sp0.5		kappa	0.3956311875092352				outputs_round8/figures/fig3_source_data.tsv
B_power_n	Se0.95_Sp0.5	60	kappa	0.3956311875092352				outputs_round8/figures/fig3_source_data.tsv
B_power	Se0.95_Sp0.5		kappa	0.4060553962452346				outputs_round8/figures/fig3_source_data.tsv
B_power_n	Se0.95_Sp0.5	65	kappa	0.4060553962452346				outputs_round8/figures/fig3_source_data.tsv
B_power	Se0.95_Sp0.5		kappa	0.4153658205511061				outputs_round8/figures/fig3_source_data.tsv
B_power_n	Se0.95_Sp0.5	70	kappa	0.4153658205511061				outputs_round8/figures/fig3_source_data.tsv
B_power	Se0.95_Sp0.5		kappa	0.4237173582350251				outputs_round8/figures/fig3_source_data.tsv
B_power_n	Se0.95_Sp0.5	75	kappa	0.4237173582350251				outputs_round8/figures/fig3_source_data.tsv
B_power	Se0.95_Sp0.5		kappa	0.4312375430331587				outputs_round8/figures/fig3_source_data.tsv
B_power_n	Se0.95_Sp0.5	80	kappa	0.4312375430331587				outputs_round8/figures/fig3_source_data.tsv
B_power	Se0.95_Sp0.5		kappa	0.4380323309577613				outputs_round8/figures/fig3_source_data.tsv
B_power_n	Se0.95_Sp0.5	85	kappa	0.4380323309577613				outputs_round8/figures/fig3_source_data.tsv
B_power	Se0.95_Sp0.5		kappa	0.4441904779460049				outputs_round8/figures/fig3_source_data.tsv
B_power_n	Se0.95_Sp0.5	90	kappa	0.4441904779460049				outputs_round8/figures/fig3_source_data.tsv
B_power	Se0.95_Sp0.5		kappa	0.4497868933173525				outputs_round8/figures/fig3_source_data.tsv
B_power_n	Se0.95_Sp0.5	95	kappa	0.4497868933173525				outputs_round8/figures/fig3_source_data.tsv
B_power	Se0.95_Sp0.5		kappa	0.4548852381033283				outputs_round8/figures/fig3_source_data.tsv
B_power_n	Se0.95_Sp0.5	100	kappa	0.4548852381033283				outputs_round8/figures/fig3_source_data.tsv
B_power	Se0.95_Sp0.5		kappa	0.4595399594523565				outputs_round8/figures/fig3_source_data.tsv
B_power_n	Se0.95_Sp0.5	105	kappa	0.4595399594523565				outputs_round8/figures/fig3_source_data.tsv
B_power	Se0.95_Sp0.5		kappa	0.463797898914025				outputs_round8/figures/fig3_source_data.tsv
B_power_n	Se0.95_Sp0.5	110	kappa	0.463797898914025				outputs_round8/figures/fig3_source_data.tsv
B_power	Se0.95_Sp0.5		kappa	0.4676995752198777				outputs_round8/figures/fig3_source_data.tsv
B_power_n	Se0.95_Sp0.5	115	kappa	0.4676995752198777				outputs_round8/figures/fig3_source_data.tsv
B_power	Se0.95_Sp0.5		kappa	0.4712802159117578				outputs_round8/figures/fig3_source_data.tsv
B_power_n	Se0.95_Sp0.5	120	kappa	0.4712802159117578				outputs_round8/figures/fig3_source_data.tsv
B_power	Se0.95_Sp0.5		kappa	0.474570593372761				outputs_round8/figures/fig3_source_data.tsv
B_power_n	Se0.95_Sp0.5	125	kappa	0.474570593372761				outputs_round8/figures/fig3_source_data.tsv
B_power	Se0.95_Sp0.5		kappa	0.4775977072016987				outputs_round8/figures/fig3_source_data.tsv
B_power_n	Se0.95_Sp0.5	130	kappa	0.4775977072016987				outputs_round8/figures/fig3_source_data.tsv
B_power	Se0.95_Sp0.5		kappa	0.4803853448995498				outputs_round8/figures/fig3_source_data.tsv
B_power_n	Se0.95_Sp0.5	135	kappa	0.4803853448995498				outputs_round8/figures/fig3_source_data.tsv
B_power	Se0.95_Sp0.5		kappa	0.4829545454545452				outputs_round8/figures/fig3_source_data.tsv
B_power_n	Se0.95_Sp0.5	140	kappa	0.4829545454545452				outputs_round8/figures/fig3_source_data.tsv
B_power	Se0.95_Sp0.5		kappa	0.4853239848944686				outputs_round8/figures/fig3_source_data.tsv
B_power_n	Se0.95_Sp0.5	145	kappa	0.4853239848944686				outputs_round8/figures/fig3_source_data.tsv
B_power	Se0.95_Sp0.5		kappa	0.4875102987119591				outputs_round8/figures/fig3_source_data.tsv
B_power_n	Se0.95_Sp0.5	150	kappa	0.4875102987119591				outputs_round8/figures/fig3_source_data.tsv
B_power	Se0.95_Sp0.5		kappa	0.4895283529009761				outputs_round8/figures/fig3_source_data.tsv
B_power_n	Se0.95_Sp0.5	155	kappa	0.4895283529009761				outputs_round8/figures/fig3_source_data.tsv
B_power	Se0.95_Sp0.5		kappa	0.4913914729126762				outputs_round8/figures/fig3_source_data.tsv
B_power_n	Se0.95_Sp0.5	160	kappa	0.4913914729126762				outputs_round8/figures/fig3_source_data.tsv
B_power	Se0.95_Sp0.5		kappa	0.4931116379606528				outputs_round8/figures/fig3_source_data.tsv
B_power_n	Se0.95_Sp0.5	165	kappa	0.4931116379606528				outputs_round8/figures/fig3_source_data.tsv
B_power	Se0.95_Sp0.5		kappa	0.4946996466431094				outputs_round8/figures/fig3_source_data.tsv
B_power_n	Se0.95_Sp0.5	170	kappa	0.4946996466431094				outputs_round8/figures/fig3_source_data.tsv
B_power	Se0.95_Sp0.5		kappa	0.4961652587031598				outputs_round8/figures/fig3_source_data.tsv
B_power_n	Se0.95_Sp0.5	175	kappa	0.4961652587031598				outputs_round8/figures/fig3_source_data.tsv
B_power	Se0.95_Sp0.5		kappa	0.4975173168440505				outputs_round8/figures/fig3_source_data.tsv
B_power_n	Se0.95_Sp0.5	180	kappa	0.4975173168440505				outputs_round8/figures/fig3_source_data.tsv
B_power	Se0.95_Sp0.5		kappa	0.4987638517981496				outputs_round8/figures/fig3_source_data.tsv
B_power_n	Se0.95_Sp0.5	185	kappa	0.4987638517981496				outputs_round8/figures/fig3_source_data.tsv
B_power	Se0.95_Sp0.5		kappa	0.4999121732753717				outputs_round8/figures/fig3_source_data.tsv
B_power_n	Se0.95_Sp0.5	190	kappa	0.4999121732753717				outputs_round8/figures/fig3_source_data.tsv
B_power	Se0.95_Sp0.5		kappa	0.5009689489564945				outputs_round8/figures/fig3_source_data.tsv
B_power_n	Se0.95_Sp0.5	195	kappa	0.5009689489564945				outputs_round8/figures/fig3_source_data.tsv
B_power	Se0.95_Sp0.5		kappa	0.5019402733254595				outputs_round8/figures/fig3_source_data.tsv
B_power_n	Se0.95_Sp0.5	200	kappa	0.5019402733254595				outputs_round8/figures/fig3_source_data.tsv
B_power	Se0.95_Sp0.5		kappa	0.5079859566309953				outputs_round8/figures/fig3_source_data.tsv
B_power_n	Se0.95_Sp0.5	250	kappa	0.5079859566309953				outputs_round8/figures/fig3_source_data.tsv
B_power	Se0.95_Sp0.5		kappa	0.5095599989850037				outputs_round8/figures/fig3_source_data.tsv
B_power_n	Se0.95_Sp0.5	300	kappa	0.5095599989850037				outputs_round8/figures/fig3_source_data.tsv
B_power	Se0.95_Sp0.5		kappa	0.5085252766975771				outputs_round8/figures/fig3_source_data.tsv
B_power_n	Se0.95_Sp0.5	350	kappa	0.5085252766975771				outputs_round8/figures/fig3_source_data.tsv
B_power	Se0.95_Sp0.5		kappa	0.5058782963568261				outputs_round8/figures/fig3_source_data.tsv
B_power_n	Se0.95_Sp0.5	400	kappa	0.5058782963568261				outputs_round8/figures/fig3_source_data.tsv
B_power	Se0.95_Sp0.5		kappa	0.502197864604038				outputs_round8/figures/fig3_source_data.tsv
B_power_n	Se0.95_Sp0.5	450	kappa	0.502197864604038				outputs_round8/figures/fig3_source_data.tsv
B_power	Se0.95_Sp0.5		kappa	0.4978412932159712				outputs_round8/figures/fig3_source_data.tsv
B_power_n	Se0.95_Sp0.5	500	kappa	0.4978412932159712				outputs_round8/figures/fig3_source_data.tsv
B_power	Se0.95_Sp0.5		kappa	0.4930396494944681				outputs_round8/figures/fig3_source_data.tsv
B_power_n	Se0.95_Sp0.5	550	kappa	0.4930396494944681				outputs_round8/figures/fig3_source_data.tsv
B_power	Se0.95_Sp0.5		kappa	0.4879478550340789				outputs_round8/figures/fig3_source_data.tsv
B_power_n	Se0.95_Sp0.5	600	kappa	0.4879478550340789				outputs_round8/figures/fig3_source_data.tsv
B_power	Se0.95_Sp0.5		kappa	0.4826727653374184				outputs_round8/figures/fig3_source_data.tsv
B_power_n	Se0.95_Sp0.5	650	kappa	0.4826727653374184				outputs_round8/figures/fig3_source_data.tsv
B_power	Se0.95_Sp0.5		kappa	0.4772897429498379				outputs_round8/figures/fig3_source_data.tsv
B_power_n	Se0.95_Sp0.5	700	kappa	0.4772897429498379				outputs_round8/figures/fig3_source_data.tsv
B_power	Se0.95_Sp0.5		kappa	0.4718528676700161				outputs_round8/figures/fig3_source_data.tsv
B_power_n	Se0.95_Sp0.5	750	kappa	0.4718528676700161				outputs_round8/figures/fig3_source_data.tsv
B_power	Se0.95_Sp0.5		kappa	0.4664014579944737				outputs_round8/figures/fig3_source_data.tsv
B_power_n	Se0.95_Sp0.5	800	kappa	0.4664014579944737				outputs_round8/figures/fig3_source_data.tsv
B_power	Se0.95_Sp0.5		kappa	0.460964366722763				outputs_round8/figures/fig3_source_data.tsv
B_power_n	Se0.95_Sp0.5	850	kappa	0.460964366722763				outputs_round8/figures/fig3_source_data.tsv
B_power	Se0.95_Sp0.5		kappa	0.455562886488796				outputs_round8/figures/fig3_source_data.tsv
B_power_n	Se0.95_Sp0.5	900	kappa	0.455562886488796				outputs_round8/figures/fig3_source_data.tsv
B_power	Se0.95_Sp0.5		kappa	0.4502127608735044				outputs_round8/figures/fig3_source_data.tsv
B_power_n	Se0.95_Sp0.5	950	kappa	0.4502127608735044				outputs_round8/figures/fig3_source_data.tsv
B_power	Se0.95_Sp0.5		kappa	0.4449256047830958				outputs_round8/figures/fig3_source_data.tsv
B_power_n	Se0.95_Sp0.5	1000	kappa	0.4449256047830958				outputs_round8/figures/fig3_source_data.tsv
B_power	Se0.95_Sp0.5		kappa	0.4397099255654439				outputs_round8/figures/fig3_source_data.tsv
B_power_n	Se0.95_Sp0.5	1050	kappa	0.4397099255654439				outputs_round8/figures/fig3_source_data.tsv
B_power	Se0.95_Sp0.5		kappa	0.4345718686922343				outputs_round8/figures/fig3_source_data.tsv
B_power_n	Se0.95_Sp0.5	1100	kappa	0.4345718686922343				outputs_round8/figures/fig3_source_data.tsv
B_power	Se0.95_Sp0.5		kappa	0.429515769922667				outputs_round8/figures/fig3_source_data.tsv
B_power_n	Se0.95_Sp0.5	1150	kappa	0.429515769922667				outputs_round8/figures/fig3_source_data.tsv
B_power	Se0.95_Sp0.5		kappa	0.4245445692517684				outputs_round8/figures/fig3_source_data.tsv
B_power_n	Se0.95_Sp0.5	1200	kappa	0.4245445692517684				outputs_round8/figures/fig3_source_data.tsv
B_power	Se0.95_Sp0.5		kappa	0.4196601246707959				outputs_round8/figures/fig3_source_data.tsv
B_power_n	Se0.95_Sp0.5	1250	kappa	0.4196601246707959				outputs_round8/figures/fig3_source_data.tsv
B_power	Se0.95_Sp0.5		kappa	0.4148634523266084				outputs_round8/figures/fig3_source_data.tsv
B_power_n	Se0.95_Sp0.5	1300	kappa	0.4148634523266084				outputs_round8/figures/fig3_source_data.tsv
B_power	Se0.95_Sp0.5		kappa	0.4101549119515117				outputs_round8/figures/fig3_source_data.tsv
B_power_n	Se0.95_Sp0.5	1350	kappa	0.4101549119515117				outputs_round8/figures/fig3_source_data.tsv
B_power	Se0.95_Sp0.5		kappa	0.4055343511450381				outputs_round8/figures/fig3_source_data.tsv
B_power_n	Se0.95_Sp0.5	1400	kappa	0.4055343511450381				outputs_round8/figures/fig3_source_data.tsv
B_power	Se0.95_Sp0.5		kappa	0.4010012184064194				outputs_round8/figures/fig3_source_data.tsv
B_power_n	Se0.95_Sp0.5	1450	kappa	0.4010012184064194				outputs_round8/figures/fig3_source_data.tsv
B_power	Se0.95_Sp0.5		kappa	0.3965546522167566				outputs_round8/figures/fig3_source_data.tsv
B_power_n	Se0.95_Sp0.5	1500	kappa	0.3965546522167566				outputs_round8/figures/fig3_source_data.tsv
B_power	Se0.95_Sp0.5		kappa	0.3921935516108216				outputs_round8/figures/fig3_source_data.tsv
B_power_n	Se0.95_Sp0.5	1550	kappa	0.3921935516108216				outputs_round8/figures/fig3_source_data.tsv
B_power	Se0.95_Sp0.5		kappa	0.3879166323330867				outputs_round8/figures/fig3_source_data.tsv
B_power_n	Se0.95_Sp0.5	1600	kappa	0.3879166323330867				outputs_round8/figures/fig3_source_data.tsv
B_power	Se0.95_Sp0.5		kappa	0.383722471688213				outputs_round8/figures/fig3_source_data.tsv
B_power_n	Se0.95_Sp0.5	1650	kappa	0.383722471688213				outputs_round8/figures/fig3_source_data.tsv
B_power	Se0.95_Sp0.5		kappa	0.3796095444685465				outputs_round8/figures/fig3_source_data.tsv
B_power_n	Se0.95_Sp0.5	1700	kappa	0.3796095444685465				outputs_round8/figures/fig3_source_data.tsv
B_power	Se0.95_Sp0.5		kappa	0.3755762517981021				outputs_round8/figures/fig3_source_data.tsv
B_power_n	Se0.95_Sp0.5	1750	kappa	0.3755762517981021				outputs_round8/figures/fig3_source_data.tsv
B_power	Se0.95_Sp0.5		kappa	0.3716209443235566				outputs_round8/figures/fig3_source_data.tsv
B_power_n	Se0.95_Sp0.5	1800	kappa	0.3716209443235566				outputs_round8/figures/fig3_source_data.tsv
B_power	Se0.95_Sp0.5		kappa	0.3677419408723077				outputs_round8/figures/fig3_source_data.tsv
B_power_n	Se0.95_Sp0.5	1850	kappa	0.3677419408723077				outputs_round8/figures/fig3_source_data.tsv
B_power	Se0.95_Sp0.5		kappa	0.363937543460034				outputs_round8/figures/fig3_source_data.tsv
B_power_n	Se0.95_Sp0.5	1900	kappa	0.363937543460034				outputs_round8/figures/fig3_source_data.tsv
B_power	Se0.95_Sp0.5		kappa	0.3602060493470818				outputs_round8/figures/fig3_source_data.tsv
B_power_n	Se0.95_Sp0.5	1950	kappa	0.3602060493470818				outputs_round8/figures/fig3_source_data.tsv
B_power	Se0.95_Sp0.5		kappa	0.3565457607008671				outputs_round8/figures/fig3_source_data.tsv
B_power_n	Se0.95_Sp0.5	2000	kappa	0.3565457607008671				outputs_round8/figures/fig3_source_data.tsv
B_power	Se0.95_Sp0.5		kappa	0.3235006845769854				outputs_round8/figures/fig3_source_data.tsv
B_power_n	Se0.95_Sp0.5	2500	kappa	0.3235006845769854				outputs_round8/figures/fig3_source_data.tsv
B_power	Se0.95_Sp0.5		kappa	0.2959069247930402				outputs_round8/figures/fig3_source_data.tsv
B_power_n	Se0.95_Sp0.5	3000	kappa	0.2959069247930402				outputs_round8/figures/fig3_source_data.tsv
B_power	Se0.95_Sp0.5		kappa	0.2725756798358131				outputs_round8/figures/fig3_source_data.tsv
B_power_n	Se0.95_Sp0.5	3500	kappa	0.2725756798358131				outputs_round8/figures/fig3_source_data.tsv
B_power	Se0.95_Sp0.5		kappa	0.252614536869811				outputs_round8/figures/fig3_source_data.tsv
B_power_n	Se0.95_Sp0.5	4000	kappa	0.252614536869811				outputs_round8/figures/fig3_source_data.tsv
B_power	Se0.95_Sp0.5		kappa	0.2353542233667115				outputs_round8/figures/fig3_source_data.tsv
B_power_n	Se0.95_Sp0.5	4500	kappa	0.2353542233667115				outputs_round8/figures/fig3_source_data.tsv
B_power	Se0.95_Sp0.5		kappa	0.2202874770086515				outputs_round8/figures/fig3_source_data.tsv
B_power_n	Se0.95_Sp0.5	5000	kappa	0.2202874770086515				outputs_round8/figures/fig3_source_data.tsv
B_power	Se0.95_Sp0.5		kappa	0.2070245734531129				outputs_round8/figures/fig3_source_data.tsv
B_power_n	Se0.95_Sp0.5	5500	kappa	0.2070245734531129				outputs_round8/figures/fig3_source_data.tsv
B_power	Se0.95_Sp0.5		kappa	0.1952619116754955				outputs_round8/figures/fig3_source_data.tsv
B_power_n	Se0.95_Sp0.5	6000	kappa	0.1952619116754955				outputs_round8/figures/fig3_source_data.tsv
B_power	Se0.95_Sp0.5		kappa	0.184759833713761				outputs_round8/figures/fig3_source_data.tsv
B_power_n	Se0.95_Sp0.5	6500	kappa	0.184759833713761				outputs_round8/figures/fig3_source_data.tsv
B_power	Se0.95_Sp0.5		kappa	0.1753268183568323				outputs_round8/figures/fig3_source_data.tsv
B_power_n	Se0.95_Sp0.5	7000	kappa	0.1753268183568323				outputs_round8/figures/fig3_source_data.tsv
B_power	Se0.95_Sp0.5		kappa	0.1668080736727456				outputs_round8/figures/fig3_source_data.tsv
B_power_n	Se0.95_Sp0.5	7500	kappa	0.1668080736727456				outputs_round8/figures/fig3_source_data.tsv
B_power	Se0.95_Sp0.5		kappa	0.1590771918731605				outputs_round8/figures/fig3_source_data.tsv
B_power_n	Se0.95_Sp0.5	8000	kappa	0.1590771918731605				outputs_round8/figures/fig3_source_data.tsv
B_power	Se0.95_Sp0.5		kappa	0.1520299619683776				outputs_round8/figures/fig3_source_data.tsv
B_power_n	Se0.95_Sp0.5	8500	kappa	0.1520299619683776				outputs_round8/figures/fig3_source_data.tsv
B_power	Se0.95_Sp0.5		kappa	0.1455797229541902				outputs_round8/figures/fig3_source_data.tsv
B_power_n	Se0.95_Sp0.5	9000	kappa	0.1455797229541902				outputs_round8/figures/fig3_source_data.tsv
B_power	Se0.95_Sp0.5		kappa	0.1396538314439402				outputs_round8/figures/fig3_source_data.tsv
B_power_n	Se0.95_Sp0.5	9500	kappa	0.1396538314439402				outputs_round8/figures/fig3_source_data.tsv
B_power	Se0.95_Sp0.5		kappa	0.1341909458725095				outputs_round8/figures/fig3_source_data.tsv
B_power_n	Se0.95_Sp0.5	10000	kappa	0.1341909458725095				outputs_round8/figures/fig3_source_data.tsv
B_power	Se0.95_Sp0.5		kappa	0.1291389163359884				outputs_round8/figures/fig3_source_data.tsv
B_power_n	Se0.95_Sp0.5	10500	kappa	0.1291389163359884				outputs_round8/figures/fig3_source_data.tsv
B_power	Se0.95_Sp0.5		kappa	0.1244531288029985				outputs_round8/figures/fig3_source_data.tsv
B_power_n	Se0.95_Sp0.5	11000	kappa	0.1244531288029985				outputs_round8/figures/fig3_source_data.tsv
B_power	Se0.95_Sp0.5		kappa	0.1200951939066662				outputs_round8/figures/fig3_source_data.tsv
B_power_n	Se0.95_Sp0.5	11500	kappa	0.1200951939066662				outputs_round8/figures/fig3_source_data.tsv
B_power	Se0.95_Sp0.5		kappa	0.1160318997079916				outputs_round8/figures/fig3_source_data.tsv
B_power_n	Se0.95_Sp0.5	12000	kappa	0.1160318997079916				outputs_round8/figures/fig3_source_data.tsv
B_power	Se0.95_Sp0.5		kappa	0.1122343686007545				outputs_round8/figures/fig3_source_data.tsv
B_power_n	Se0.95_Sp0.5	12500	kappa	0.1122343686007545				outputs_round8/figures/fig3_source_data.tsv
B_power	Se0.95_Sp0.5		kappa	0.1086773734941669				outputs_round8/figures/fig3_source_data.tsv
B_power_n	Se0.95_Sp0.5	13000	kappa	0.1086773734941669				outputs_round8/figures/fig3_source_data.tsv
B_power	Se0.95_Sp0.5		kappa	0.1053387793060884				outputs_round8/figures/fig3_source_data.tsv
B_power_n	Se0.95_Sp0.5	13500	kappa	0.1053387793060884				outputs_round8/figures/fig3_source_data.tsv
B_power	Se0.95_Sp0.5		kappa	0.1021990838152719				outputs_round8/figures/fig3_source_data.tsv
B_power_n	Se0.95_Sp0.5	14000	kappa	0.1021990838152719				outputs_round8/figures/fig3_source_data.tsv
B_power	Se0.95_Sp0.5		kappa	0.0992410378751013				outputs_round8/figures/fig3_source_data.tsv
B_power_n	Se0.95_Sp0.5	14500	kappa	0.0992410378751013				outputs_round8/figures/fig3_source_data.tsv
B_power	Se0.95_Sp0.5		kappa	0.0964493294547232				outputs_round8/figures/fig3_source_data.tsv
B_power_n	Se0.95_Sp0.5	15000	kappa	0.0964493294547232				outputs_round8/figures/fig3_source_data.tsv
B_power	Se0.95_Sp0.5		kappa	0.0938103193487382				outputs_round8/figures/fig3_source_data.tsv
B_power_n	Se0.95_Sp0.5	15500	kappa	0.0938103193487382				outputs_round8/figures/fig3_source_data.tsv
B_power	Se0.95_Sp0.5		kappa	0.0913118189700132				outputs_round8/figures/fig3_source_data.tsv
B_power_n	Se0.95_Sp0.5	16000	kappa	0.0913118189700132				outputs_round8/figures/fig3_source_data.tsv
B_power	Se0.95_Sp0.5		kappa	0.0889429026175902				outputs_round8/figures/fig3_source_data.tsv
B_power_n	Se0.95_Sp0.5	16500	kappa	0.0889429026175902				outputs_round8/figures/fig3_source_data.tsv
B_power	Se0.95_Sp0.5		kappa	0.0866937481422765				outputs_round8/figures/fig3_source_data.tsv
B_power_n	Se0.95_Sp0.5	17000	kappa	0.0866937481422765				outputs_round8/figures/fig3_source_data.tsv
B_power	Se0.95_Sp0.5		kappa	0.0845555011256382				outputs_round8/figures/fig3_source_data.tsv
B_power_n	Se0.95_Sp0.5	17500	kappa	0.0845555011256382				outputs_round8/figures/fig3_source_data.tsv
B_power	Se0.95_Sp0.5		kappa	0.0825201586243086				outputs_round8/figures/fig3_source_data.tsv
B_power_n	Se0.95_Sp0.5	18000	kappa	0.0825201586243086				outputs_round8/figures/fig3_source_data.tsv
B_power	Se0.95_Sp0.5		kappa	0.0805804692707852				outputs_round8/figures/fig3_source_data.tsv
B_power_n	Se0.95_Sp0.5	18500	kappa	0.0805804692707852				outputs_round8/figures/fig3_source_data.tsv
B_power	Se0.95_Sp0.5		kappa	0.0787298471091053				outputs_round8/figures/fig3_source_data.tsv
B_power_n	Se0.95_Sp0.5	19000	kappa	0.0787298471091053				outputs_round8/figures/fig3_source_data.tsv
B_power	Se0.95_Sp0.5		kappa	0.076962297012932				outputs_round8/figures/fig3_source_data.tsv
B_power_n	Se0.95_Sp0.5	19500	kappa	0.076962297012932				outputs_round8/figures/fig3_source_data.tsv
B_power	Se0.95_Sp0.5		kappa	0.0752723499104131				outputs_round8/figures/fig3_source_data.tsv
B_power_n	Se0.95_Sp0.5	20000	kappa	0.0752723499104131				outputs_round8/figures/fig3_source_data.tsv
B_power	Se0.99_Sp0.6		kappa	0.0				outputs_round8/figures/fig3_source_data.tsv
B_power_n	Se0.99_Sp0.6	0	kappa	0.0				outputs_round8/figures/fig3_source_data.tsv
B_power	Se0.99_Sp0.6		kappa	0.3375188685594516				outputs_round8/figures/fig3_source_data.tsv
B_power_n	Se0.99_Sp0.6	5	kappa	0.3375188685594516				outputs_round8/figures/fig3_source_data.tsv
B_power	Se0.99_Sp0.6		kappa	0.4634354022138763				outputs_round8/figures/fig3_source_data.tsv
B_power_n	Se0.99_Sp0.6	10	kappa	0.4634354022138763				outputs_round8/figures/fig3_source_data.tsv
B_power	Se0.99_Sp0.6		kappa	0.5289181072149626				outputs_round8/figures/fig3_source_data.tsv
B_power_n	Se0.99_Sp0.6	15	kappa	0.5289181072149626				outputs_round8/figures/fig3_source_data.tsv
B_power	Se0.99_Sp0.6		kappa	0.568838260672301				outputs_round8/figures/fig3_source_data.tsv
B_power_n	Se0.99_Sp0.6	20	kappa	0.568838260672301				outputs_round8/figures/fig3_source_data.tsv
B_power	Se0.99_Sp0.6		kappa	0.5955673030920974				outputs_round8/figures/fig3_source_data.tsv
B_power_n	Se0.99_Sp0.6	25	kappa	0.5955673030920974				outputs_round8/figures/fig3_source_data.tsv
B_power	Se0.99_Sp0.6		kappa	0.6146030597387301				outputs_round8/figures/fig3_source_data.tsv
B_power_n	Se0.99_Sp0.6	30	kappa	0.6146030597387301				outputs_round8/figures/fig3_source_data.tsv
B_power	Se0.99_Sp0.6		kappa	0.6287612838515559				outputs_round8/figures/fig3_source_data.tsv
B_power_n	Se0.99_Sp0.6	35	kappa	0.6287612838515559				outputs_round8/figures/fig3_source_data.tsv
B_power	Se0.99_Sp0.6		kappa	0.639633401964178				outputs_round8/figures/fig3_source_data.tsv
B_power_n	Se0.99_Sp0.6	40	kappa	0.639633401964178				outputs_round8/figures/fig3_source_data.tsv
B_power	Se0.99_Sp0.6		kappa	0.648186710269598				outputs_round8/figures/fig3_source_data.tsv
B_power_n	Se0.99_Sp0.6	45	kappa	0.648186710269598				outputs_round8/figures/fig3_source_data.tsv
B_power	Se0.99_Sp0.6		kappa	0.655043019560791				outputs_round8/figures/fig3_source_data.tsv
B_power_n	Se0.99_Sp0.6	50	kappa	0.655043019560791				outputs_round8/figures/fig3_source_data.tsv
B_power	Se0.99_Sp0.6		kappa	0.660620254767045				outputs_round8/figures/fig3_source_data.tsv
B_power_n	Se0.99_Sp0.6	55	kappa	0.660620254767045				outputs_round8/figures/fig3_source_data.tsv
B_power	Se0.99_Sp0.6		kappa	0.6652096880655137				outputs_round8/figures/fig3_source_data.tsv
B_power_n	Se0.99_Sp0.6	60	kappa	0.6652096880655137				outputs_round8/figures/fig3_source_data.tsv
B_power	Se0.99_Sp0.6		kappa	0.6690205368700518				outputs_round8/figures/fig3_source_data.tsv
B_power_n	Se0.99_Sp0.6	65	kappa	0.6690205368700518				outputs_round8/figures/fig3_source_data.tsv
B_power	Se0.99_Sp0.6		kappa	0.6722069566382953				outputs_round8/figures/fig3_source_data.tsv
B_power_n	Se0.99_Sp0.6	70	kappa	0.6722069566382953				outputs_round8/figures/fig3_source_data.tsv
B_power	Se0.99_Sp0.6		kappa	0.6748850359631094				outputs_round8/figures/fig3_source_data.tsv
B_power_n	Se0.99_Sp0.6	75	kappa	0.6748850359631094				outputs_round8/figures/fig3_source_data.tsv
B_power	Se0.99_Sp0.6		kappa	0.6771438629316544				outputs_round8/figures/fig3_source_data.tsv
B_power_n	Se0.99_Sp0.6	80	kappa	0.6771438629316544				outputs_round8/figures/fig3_source_data.tsv
B_power	Se0.99_Sp0.6		kappa	0.6790529431108192				outputs_round8/figures/fig3_source_data.tsv
B_power_n	Se0.99_Sp0.6	85	kappa	0.6790529431108192				outputs_round8/figures/fig3_source_data.tsv
B_power	Se0.99_Sp0.6		kappa	0.68066729933785				outputs_round8/figures/fig3_source_data.tsv
B_power_n	Se0.99_Sp0.6	90	kappa	0.68066729933785				outputs_round8/figures/fig3_source_data.tsv
B_power	Se0.99_Sp0.6		kappa	0.682031056675467				outputs_round8/figures/fig3_source_data.tsv
B_power_n	Se0.99_Sp0.6	95	kappa	0.682031056675467				outputs_round8/figures/fig3_source_data.tsv
B_power	Se0.99_Sp0.6		kappa	0.6831800127275244				outputs_round8/figures/fig3_source_data.tsv
B_power_n	Se0.99_Sp0.6	100	kappa	0.6831800127275244				outputs_round8/figures/fig3_source_data.tsv
B_power	Se0.99_Sp0.6		kappa	0.684143513255423				outputs_round8/figures/fig3_source_data.tsv
B_power_n	Se0.99_Sp0.6	105	kappa	0.684143513255423				outputs_round8/figures/fig3_source_data.tsv
B_power	Se0.99_Sp0.6		kappa	0.6849458427083879				outputs_round8/figures/fig3_source_data.tsv
B_power_n	Se0.99_Sp0.6	110	kappa	0.6849458427083879				outputs_round8/figures/fig3_source_data.tsv
B_power	Se0.99_Sp0.6		kappa	0.6856072699853268				outputs_round8/figures/fig3_source_data.tsv
B_power_n	Se0.99_Sp0.6	115	kappa	0.6856072699853268				outputs_round8/figures/fig3_source_data.tsv
B_power	Se0.99_Sp0.6		kappa	0.6861448451996245				outputs_round8/figures/fig3_source_data.tsv
B_power_n	Se0.99_Sp0.6	120	kappa	0.6861448451996245				outputs_round8/figures/fig3_source_data.tsv
B_power	Se0.99_Sp0.6		kappa	0.6865730139743669				outputs_round8/figures/fig3_source_data.tsv
B_power_n	Se0.99_Sp0.6	125	kappa	0.6865730139743669				outputs_round8/figures/fig3_source_data.tsv
B_power	Se0.99_Sp0.6		kappa	0.6869040962281344				outputs_round8/figures/fig3_source_data.tsv
B_power_n	Se0.99_Sp0.6	130	kappa	0.6869040962281344				outputs_round8/figures/fig3_source_data.tsv
B_power	Se0.99_Sp0.6		kappa	0.6871486630891986				outputs_round8/figures/fig3_source_data.tsv
B_power_n	Se0.99_Sp0.6	135	kappa	0.6871486630891986				outputs_round8/figures/fig3_source_data.tsv
B_power	Se0.99_Sp0.6		kappa	0.6873158363598989				outputs_round8/figures/fig3_source_data.tsv
B_power_n	Se0.99_Sp0.6	140	kappa	0.6873158363598989				outputs_round8/figures/fig3_source_data.tsv
B_power	Se0.99_Sp0.6		kappa	0.6874135284835232				outputs_round8/figures/fig3_source_data.tsv
B_power_n	Se0.99_Sp0.6	145	kappa	0.6874135284835232				outputs_round8/figures/fig3_source_data.tsv
B_power	Se0.99_Sp0.6		kappa	0.6874486363627462				outputs_round8/figures/fig3_source_data.tsv
B_power_n	Se0.99_Sp0.6	150	kappa	0.6874486363627462				outputs_round8/figures/fig3_source_data.tsv
B_power	Se0.99_Sp0.6		kappa	0.6874271990620842				outputs_round8/figures/fig3_source_data.tsv
B_power_n	Se0.99_Sp0.6	155	kappa	0.6874271990620842				outputs_round8/figures/fig3_source_data.tsv
B_power	Se0.99_Sp0.6		kappa	0.6873545270093323				outputs_round8/figures/fig3_source_data.tsv
B_power_n	Se0.99_Sp0.6	160	kappa	0.6873545270093323				outputs_round8/figures/fig3_source_data.tsv
B_power	Se0.99_Sp0.6		kappa	0.6872353085296278				outputs_round8/figures/fig3_source_data.tsv
B_power_n	Se0.99_Sp0.6	165	kappa	0.6872353085296278				outputs_round8/figures/fig3_source_data.tsv
B_power	Se0.99_Sp0.6		kappa	0.6870736982199301				outputs_round8/figures/fig3_source_data.tsv
B_power_n	Se0.99_Sp0.6	170	kappa	0.6870736982199301				outputs_round8/figures/fig3_source_data.tsv
B_power	Se0.99_Sp0.6		kappa	0.6868733906755056				outputs_round8/figures/fig3_source_data.tsv
B_power_n	Se0.99_Sp0.6	175	kappa	0.6868733906755056				outputs_round8/figures/fig3_source_data.tsv
B_power	Se0.99_Sp0.6		kappa	0.6866376823248038				outputs_round8/figures/fig3_source_data.tsv
B_power_n	Se0.99_Sp0.6	180	kappa	0.6866376823248038				outputs_round8/figures/fig3_source_data.tsv
B_power	Se0.99_Sp0.6		kappa	0.6863695235518512				outputs_round8/figures/fig3_source_data.tsv
B_power_n	Se0.99_Sp0.6	185	kappa	0.6863695235518512				outputs_round8/figures/fig3_source_data.tsv
B_power	Se0.99_Sp0.6		kappa	0.6860715628405636				outputs_round8/figures/fig3_source_data.tsv
B_power_n	Se0.99_Sp0.6	190	kappa	0.6860715628405636				outputs_round8/figures/fig3_source_data.tsv
B_power	Se0.99_Sp0.6		kappa	0.6857461843302094				outputs_round8/figures/fig3_source_data.tsv
B_power_n	Se0.99_Sp0.6	195	kappa	0.6857461843302094				outputs_round8/figures/fig3_source_data.tsv
B_power	Se0.99_Sp0.6		kappa	0.6853955399015204				outputs_round8/figures/fig3_source_data.tsv
B_power_n	Se0.99_Sp0.6	200	kappa	0.6853955399015204				outputs_round8/figures/fig3_source_data.tsv
B_power	Se0.99_Sp0.6		kappa	0.6808522357670757				outputs_round8/figures/fig3_source_data.tsv
B_power_n	Se0.99_Sp0.6	250	kappa	0.6808522357670757				outputs_round8/figures/fig3_source_data.tsv
B_power	Se0.99_Sp0.6		kappa	0.675140730445664				outputs_round8/figures/fig3_source_data.tsv
B_power_n	Se0.99_Sp0.6	300	kappa	0.675140730445664				outputs_round8/figures/fig3_source_data.tsv
B_power	Se0.99_Sp0.6		kappa	0.668836105146637				outputs_round8/figures/fig3_source_data.tsv
B_power_n	Se0.99_Sp0.6	350	kappa	0.668836105146637				outputs_round8/figures/fig3_source_data.tsv
B_power	Se0.99_Sp0.6		kappa	0.6622266699741846				outputs_round8/figures/fig3_source_data.tsv
B_power_n	Se0.99_Sp0.6	400	kappa	0.6622266699741846				outputs_round8/figures/fig3_source_data.tsv
B_power	Se0.99_Sp0.6		kappa	0.6554713690678591				outputs_round8/figures/fig3_source_data.tsv
B_power_n	Se0.99_Sp0.6	450	kappa	0.6554713690678591				outputs_round8/figures/fig3_source_data.tsv
B_power	Se0.99_Sp0.6		kappa	0.6486638504006178				outputs_round8/figures/fig3_source_data.tsv
B_power_n	Se0.99_Sp0.6	500	kappa	0.6486638504006178				outputs_round8/figures/fig3_source_data.tsv
B_power	Se0.99_Sp0.6		kappa	0.6418619556731202				outputs_round8/figures/fig3_source_data.tsv
B_power_n	Se0.99_Sp0.6	550	kappa	0.6418619556731202				outputs_round8/figures/fig3_source_data.tsv
B_power	Se0.99_Sp0.6		kappa	0.6351026030070508				outputs_round8/figures/fig3_source_data.tsv
B_power_n	Se0.99_Sp0.6	600	kappa	0.6351026030070508				outputs_round8/figures/fig3_source_data.tsv
B_power	Se0.99_Sp0.6		kappa	0.6284098565466011				outputs_round8/figures/fig3_source_data.tsv
B_power_n	Se0.99_Sp0.6	650	kappa	0.6284098565466011				outputs_round8/figures/fig3_source_data.tsv
B_power	Se0.99_Sp0.6		kappa	0.6217995610826628				outputs_round8/figures/fig3_source_data.tsv
B_power_n	Se0.99_Sp0.6	700	kappa	0.6217995610826628				outputs_round8/figures/fig3_source_data.tsv
B_power	Se0.99_Sp0.6		kappa	0.6152821324031764				outputs_round8/figures/fig3_source_data.tsv
B_power_n	Se0.99_Sp0.6	750	kappa	0.6152821324031764				outputs_round8/figures/fig3_source_data.tsv
B_power	Se0.99_Sp0.6		kappa	0.608864304603859				outputs_round8/figures/fig3_source_data.tsv
B_power_n	Se0.99_Sp0.6	800	kappa	0.608864304603859				outputs_round8/figures/fig3_source_data.tsv
B_power	Se0.99_Sp0.6		kappa	0.6025502611537451				outputs_round8/figures/fig3_source_data.tsv
B_power_n	Se0.99_Sp0.6	850	kappa	0.6025502611537451				outputs_round8/figures/fig3_source_data.tsv
B_power	Se0.99_Sp0.6		kappa	0.5963423880535601				outputs_round8/figures/fig3_source_data.tsv
B_power_n	Se0.99_Sp0.6	900	kappa	0.5963423880535601				outputs_round8/figures/fig3_source_data.tsv
B_power	Se0.99_Sp0.6		kappa	0.5902417876796767				outputs_round8/figures/fig3_source_data.tsv
B_power_n	Se0.99_Sp0.6	950	kappa	0.5902417876796767				outputs_round8/figures/fig3_source_data.tsv
B_power	Se0.99_Sp0.6		kappa	0.5842486367809191				outputs_round8/figures/fig3_source_data.tsv
B_power_n	Se0.99_Sp0.6	1000	kappa	0.5842486367809191				outputs_round8/figures/fig3_source_data.tsv
B_power	Se0.99_Sp0.6		kappa	0.57836244046269				outputs_round8/figures/fig3_source_data.tsv
B_power_n	Se0.99_Sp0.6	1050	kappa	0.57836244046269				outputs_round8/figures/fig3_source_data.tsv
B_power	Se0.99_Sp0.6		kappa	0.5725822152320764				outputs_round8/figures/fig3_source_data.tsv
B_power_n	Se0.99_Sp0.6	1100	kappa	0.5725822152320764				outputs_round8/figures/fig3_source_data.tsv
B_power	Se0.99_Sp0.6		kappa	0.5669066227211026				outputs_round8/figures/fig3_source_data.tsv
B_power_n	Se0.99_Sp0.6	1150	kappa	0.5669066227211026				outputs_round8/figures/fig3_source_data.tsv
B_power	Se0.99_Sp0.6		kappa	0.5613340685247038				outputs_round8/figures/fig3_source_data.tsv
B_power_n	Se0.99_Sp0.6	1200	kappa	0.5613340685247038				outputs_round8/figures/fig3_source_data.tsv
B_power	Se0.99_Sp0.6		kappa	0.5558627759829785				outputs_round8/figures/fig3_source_data.tsv
B_power_n	Se0.99_Sp0.6	1250	kappa	0.5558627759829785				outputs_round8/figures/fig3_source_data.tsv
B_power	Se0.99_Sp0.6		kappa	0.5504908417184883				outputs_round8/figures/fig3_source_data.tsv
B_power_n	Se0.99_Sp0.6	1300	kappa	0.5504908417184883				outputs_round8/figures/fig3_source_data.tsv
B_power	Se0.99_Sp0.6		kappa	0.5452162777230773				outputs_round8/figures/fig3_source_data.tsv
B_power_n	Se0.99_Sp0.6	1350	kappa	0.5452162777230773				outputs_round8/figures/fig3_source_data.tsv
B_power	Se0.99_Sp0.6		kappa	0.5400370434183323				outputs_round8/figures/fig3_source_data.tsv
B_power_n	Se0.99_Sp0.6	1400	kappa	0.5400370434183323				outputs_round8/figures/fig3_source_data.tsv
B_power	Se0.99_Sp0.6		kappa	0.5349510701675022				outputs_round8/figures/fig3_source_data.tsv
B_power_n	Se0.99_Sp0.6	1450	kappa	0.5349510701675022				outputs_round8/figures/fig3_source_data.tsv
B_power	Se0.99_Sp0.6		kappa	0.5299562800536262				outputs_round8/figures/fig3_source_data.tsv
B_power_n	Se0.99_Sp0.6	1500	kappa	0.5299562800536262				outputs_round8/figures/fig3_source_data.tsv
B_power	Se0.99_Sp0.6		kappa	0.5250506002677034				outputs_round8/figures/fig3_source_data.tsv
B_power_n	Se0.99_Sp0.6	1550	kappa	0.5250506002677034				outputs_round8/figures/fig3_source_data.tsv
B_power	Se0.99_Sp0.6		kappa	0.5202319741121425				outputs_round8/figures/fig3_source_data.tsv
B_power_n	Se0.99_Sp0.6	1600	kappa	0.5202319741121425				outputs_round8/figures/fig3_source_data.tsv
B_power	Se0.99_Sp0.6		kappa	0.5154983693784452				outputs_round8/figures/fig3_source_data.tsv
B_power_n	Se0.99_Sp0.6	1650	kappa	0.5154983693784452				outputs_round8/figures/fig3_source_data.tsv
B_power	Se0.99_Sp0.6		kappa	0.5108477846770403				outputs_round8/figures/fig3_source_data.tsv
B_power_n	Se0.99_Sp0.6	1700	kappa	0.5108477846770403				outputs_round8/figures/fig3_source_data.tsv
B_power	Se0.99_Sp0.6		kappa	0.5062782541627884				outputs_round8/figures/fig3_source_data.tsv
B_power_n	Se0.99_Sp0.6	1750	kappa	0.5062782541627884				outputs_round8/figures/fig3_source_data.tsv
B_power	Se0.99_Sp0.6		kappa	0.5017878509989699				outputs_round8/figures/fig3_source_data.tsv
B_power_n	Se0.99_Sp0.6	1800	kappa	0.5017878509989699				outputs_round8/figures/fig3_source_data.tsv
B_power	Se0.99_Sp0.6		kappa	0.4973746898264928				outputs_round8/figures/fig3_source_data.tsv
B_power_n	Se0.99_Sp0.6	1850	kappa	0.4973746898264928				outputs_round8/figures/fig3_source_data.tsv
B_power	Se0.99_Sp0.6		kappa	0.4930369284470914				outputs_round8/figures/fig3_source_data.tsv
B_power_n	Se0.99_Sp0.6	1900	kappa	0.4930369284470914				outputs_round8/figures/fig3_source_data.tsv
B_power	Se0.99_Sp0.6		kappa	0.4887727688848212				outputs_round8/figures/fig3_source_data.tsv
B_power_n	Se0.99_Sp0.6	1950	kappa	0.4887727688848212				outputs_round8/figures/fig3_source_data.tsv
B_power	Se0.99_Sp0.6		kappa	0.4845804579557953				outputs_round8/figures/fig3_source_data.tsv
B_power_n	Se0.99_Sp0.6	2000	kappa	0.4845804579557953				outputs_round8/figures/fig3_source_data.tsv
B_power	Se0.99_Sp0.6		kappa	0.4462549844412669				outputs_round8/figures/fig3_source_data.tsv
B_power_n	Se0.99_Sp0.6	2500	kappa	0.4462549844412669				outputs_round8/figures/fig3_source_data.tsv
B_power	Se0.99_Sp0.6		kappa	0.4135015205893643				outputs_round8/figures/fig3_source_data.tsv
B_power_n	Se0.99_Sp0.6	3000	kappa	0.4135015205893643				outputs_round8/figures/fig3_source_data.tsv
B_power	Se0.99_Sp0.6		kappa	0.3852044617660568				outputs_round8/figures/fig3_source_data.tsv
B_power_n	Se0.99_Sp0.6	3500	kappa	0.3852044617660568				outputs_round8/figures/fig3_source_data.tsv
B_power	Se0.99_Sp0.6		kappa	0.3605197543618345				outputs_round8/figures/fig3_source_data.tsv
B_power_n	Se0.99_Sp0.6	4000	kappa	0.3605197543618345				outputs_round8/figures/fig3_source_data.tsv
B_power	Se0.99_Sp0.6		kappa	0.3388008655166721				outputs_round8/figures/fig3_source_data.tsv
B_power_n	Se0.99_Sp0.6	4500	kappa	0.3388008655166721				outputs_round8/figures/fig3_source_data.tsv
B_power	Se0.99_Sp0.6		kappa	0.3195455446111977				outputs_round8/figures/fig3_source_data.tsv
B_power_n	Se0.99_Sp0.6	5000	kappa	0.3195455446111977				outputs_round8/figures/fig3_source_data.tsv
B_power	Se0.99_Sp0.6		kappa	0.3023582447566559				outputs_round8/figures/fig3_source_data.tsv
B_power_n	Se0.99_Sp0.6	5500	kappa	0.3023582447566559				outputs_round8/figures/fig3_source_data.tsv
B_power	Se0.99_Sp0.6		kappa	0.2869234582805551				outputs_round8/figures/fig3_source_data.tsv
B_power_n	Se0.99_Sp0.6	6000	kappa	0.2869234582805551				outputs_round8/figures/fig3_source_data.tsv
B_power	Se0.99_Sp0.6		kappa	0.2729865645974327				outputs_round8/figures/fig3_source_data.tsv
B_power_n	Se0.99_Sp0.6	6500	kappa	0.2729865645974327				outputs_round8/figures/fig3_source_data.tsv
B_power	Se0.99_Sp0.6		kappa	0.2603398798127836				outputs_round8/figures/fig3_source_data.tsv
B_power_n	Se0.99_Sp0.6	7000	kappa	0.2603398798127836				outputs_round8/figures/fig3_source_data.tsv
B_power	Se0.99_Sp0.6		kappa	0.2488123513026368				outputs_round8/figures/fig3_source_data.tsv
B_power_n	Se0.99_Sp0.6	7500	kappa	0.2488123513026368				outputs_round8/figures/fig3_source_data.tsv
B_power	Se0.99_Sp0.6		kappa	0.2382618416873417				outputs_round8/figures/fig3_source_data.tsv
B_power_n	Se0.99_Sp0.6	8000	kappa	0.2382618416873417				outputs_round8/figures/fig3_source_data.tsv
B_power	Se0.99_Sp0.6		kappa	0.2285692780752805				outputs_round8/figures/fig3_source_data.tsv
B_power_n	Se0.99_Sp0.6	8500	kappa	0.2285692780752805				outputs_round8/figures/fig3_source_data.tsv
B_power	Se0.99_Sp0.6		kappa	0.2196341631509117				outputs_round8/figures/fig3_source_data.tsv
B_power_n	Se0.99_Sp0.6	9000	kappa	0.2196341631509117				outputs_round8/figures/fig3_source_data.tsv
B_power	Se0.99_Sp0.6		kappa	0.211371093307651				outputs_round8/figures/fig3_source_data.tsv
B_power_n	Se0.99_Sp0.6	9500	kappa	0.211371093307651				outputs_round8/figures/fig3_source_data.tsv
B_power	Se0.99_Sp0.6		kappa	0.2037070304231472				outputs_round8/figures/fig3_source_data.tsv
B_power_n	Se0.99_Sp0.6	10000	kappa	0.2037070304231472				outputs_round8/figures/fig3_source_data.tsv
B_power	Se0.99_Sp0.6		kappa	0.196579143978511				outputs_round8/figures/fig3_source_data.tsv
B_power_n	Se0.99_Sp0.6	10500	kappa	0.196579143978511				outputs_round8/figures/fig3_source_data.tsv
B_power	Se0.99_Sp0.6		kappa	0.1899330893302258				outputs_round8/figures/fig3_source_data.tsv
B_power_n	Se0.99_Sp0.6	11000	kappa	0.1899330893302258				outputs_round8/figures/fig3_source_data.tsv
B_power	Se0.99_Sp0.6		kappa	0.1837216227781672				outputs_round8/figures/fig3_source_data.tsv
B_power_n	Se0.99_Sp0.6	11500	kappa	0.1837216227781672				outputs_round8/figures/fig3_source_data.tsv
B_power	Se0.99_Sp0.6		kappa	0.177903479081045				outputs_round8/figures/fig3_source_data.tsv
B_power_n	Se0.99_Sp0.6	12000	kappa	0.177903479081045				outputs_round8/figures/fig3_source_data.tsv
B_power	Se0.99_Sp0.6		kappa	0.1724424552281421				outputs_round8/figures/fig3_source_data.tsv
B_power_n	Se0.99_Sp0.6	12500	kappa	0.1724424552281421				outputs_round8/figures/fig3_source_data.tsv
B_power	Se0.99_Sp0.6		kappa	0.1673066576014015				outputs_round8/figures/fig3_source_data.tsv
B_power_n	Se0.99_Sp0.6	13000	kappa	0.1673066576014015				outputs_round8/figures/fig3_source_data.tsv
B_power	Se0.99_Sp0.6		kappa	0.1624678795396203				outputs_round8/figures/fig3_source_data.tsv
B_power_n	Se0.99_Sp0.6	13500	kappa	0.1624678795396203				outputs_round8/figures/fig3_source_data.tsv
B_power	Se0.99_Sp0.6		kappa	0.1579010837083548				outputs_round8/figures/fig3_source_data.tsv
B_power_n	Se0.99_Sp0.6	14000	kappa	0.1579010837083548				outputs_round8/figures/fig3_source_data.tsv
B_power	Se0.99_Sp0.6		kappa	0.1535839692602812				outputs_round8/figures/fig3_source_data.tsv
B_power_n	Se0.99_Sp0.6	14500	kappa	0.1535839692602812				outputs_round8/figures/fig3_source_data.tsv
B_power	Se0.99_Sp0.6		kappa	0.1494966080204073				outputs_round8/figures/fig3_source_data.tsv
B_power_n	Se0.99_Sp0.6	15000	kappa	0.1494966080204073				outputs_round8/figures/fig3_source_data.tsv
B_power	Se0.99_Sp0.6		kappa	0.1456211371921117				outputs_round8/figures/fig3_source_data.tsv
B_power_n	Se0.99_Sp0.6	15500	kappa	0.1456211371921117				outputs_round8/figures/fig3_source_data.tsv
B_power	Se0.99_Sp0.6		kappa	0.1419414986021084				outputs_round8/figures/fig3_source_data.tsv
B_power_n	Se0.99_Sp0.6	16000	kappa	0.1419414986021084				outputs_round8/figures/fig3_source_data.tsv
B_power	Se0.99_Sp0.6		kappa	0.1384432164666708				outputs_round8/figures/fig3_source_data.tsv
B_power_n	Se0.99_Sp0.6	16500	kappa	0.1384432164666708				outputs_round8/figures/fig3_source_data.tsv
B_power	Se0.99_Sp0.6		kappa	0.1351132072015009				outputs_round8/figures/fig3_source_data.tsv
B_power_n	Se0.99_Sp0.6	17000	kappa	0.1351132072015009				outputs_round8/figures/fig3_source_data.tsv
B_power	Se0.99_Sp0.6		kappa	0.1319396160128335				outputs_round8/figures/fig3_source_data.tsv
B_power_n	Se0.99_Sp0.6	17500	kappa	0.1319396160128335				outputs_round8/figures/fig3_source_data.tsv
B_power	Se0.99_Sp0.6		kappa	0.1289116759721123				outputs_round8/figures/fig3_source_data.tsv
B_power_n	Se0.99_Sp0.6	18000	kappa	0.1289116759721123				outputs_round8/figures/fig3_source_data.tsv
B_power	Se0.99_Sp0.6		kappa	0.1260195860468516				outputs_round8/figures/fig3_source_data.tsv
B_power_n	Se0.99_Sp0.6	18500	kappa	0.1260195860468516				outputs_round8/figures/fig3_source_data.tsv
B_power	Se0.99_Sp0.6		kappa	0.1232544051787251				outputs_round8/figures/fig3_source_data.tsv
B_power_n	Se0.99_Sp0.6	19000	kappa	0.1232544051787251				outputs_round8/figures/fig3_source_data.tsv
B_power	Se0.99_Sp0.6		kappa	0.1206079599990341				outputs_round8/figures/fig3_source_data.tsv
B_power_n	Se0.99_Sp0.6	19500	kappa	0.1206079599990341				outputs_round8/figures/fig3_source_data.tsv
B_power	Se0.99_Sp0.6		kappa	0.1180727641765087				outputs_round8/figures/fig3_source_data.tsv
B_power_n	Se0.99_Sp0.6	20000	kappa	0.1180727641765087				outputs_round8/figures/fig3_source_data.tsv
B_power	Se0.99_Sp0.7		kappa	0.0				outputs_round8/figures/fig3_source_data.tsv
B_power_n	Se0.99_Sp0.7	0	kappa	0.0				outputs_round8/figures/fig3_source_data.tsv
B_power	Se0.99_Sp0.7		kappa	0.3838050264856333				outputs_round8/figures/fig3_source_data.tsv
B_power_n	Se0.99_Sp0.7	5	kappa	0.3838050264856333				outputs_round8/figures/fig3_source_data.tsv
B_power	Se0.99_Sp0.7		kappa	0.5217092952699246				outputs_round8/figures/fig3_source_data.tsv
B_power_n	Se0.99_Sp0.7	10	kappa	0.5217092952699246				outputs_round8/figures/fig3_source_data.tsv
B_power	Se0.99_Sp0.7		kappa	0.5924288730010528				outputs_round8/figures/fig3_source_data.tsv
B_power_n	Se0.99_Sp0.7	15	kappa	0.5924288730010528				outputs_round8/figures/fig3_source_data.tsv
B_power	Se0.99_Sp0.7		kappa	0.6352706341101105				outputs_round8/figures/fig3_source_data.tsv
B_power_n	Se0.99_Sp0.7	20	kappa	0.6352706341101105				outputs_round8/figures/fig3_source_data.tsv
B_power	Se0.99_Sp0.7		kappa	0.6638834391765608				outputs_round8/figures/fig3_source_data.tsv
B_power_n	Se0.99_Sp0.7	25	kappa	0.6638834391765608				outputs_round8/figures/fig3_source_data.tsv
B_power	Se0.99_Sp0.7		kappa	0.6842566524952329				outputs_round8/figures/fig3_source_data.tsv
B_power_n	Se0.99_Sp0.7	30	kappa	0.6842566524952329				outputs_round8/figures/fig3_source_data.tsv
B_power	Se0.99_Sp0.7		kappa	0.6994320468673136				outputs_round8/figures/fig3_source_data.tsv
B_power_n	Se0.99_Sp0.7	35	kappa	0.6994320468673136				outputs_round8/figures/fig3_source_data.tsv
B_power	Se0.99_Sp0.7		kappa	0.7111184244712722				outputs_round8/figures/fig3_source_data.tsv
B_power_n	Se0.99_Sp0.7	40	kappa	0.7111184244712722				outputs_round8/figures/fig3_source_data.tsv
B_power	Se0.99_Sp0.7		kappa	0.7203496911300501				outputs_round8/figures/fig3_source_data.tsv
B_power_n	Se0.99_Sp0.7	45	kappa	0.7203496911300501				outputs_round8/figures/fig3_source_data.tsv
B_power	Se0.99_Sp0.7		kappa	0.7277881038420936				outputs_round8/figures/fig3_source_data.tsv
B_power_n	Se0.99_Sp0.7	50	kappa	0.7277881038420936				outputs_round8/figures/fig3_source_data.tsv
B_power	Se0.99_Sp0.7		kappa	0.7338774924856998				outputs_round8/figures/fig3_source_data.tsv
B_power_n	Se0.99_Sp0.7	55	kappa	0.7338774924856998				outputs_round8/figures/fig3_source_data.tsv
B_power	Se0.99_Sp0.7		kappa	0.7389264523250998				outputs_round8/figures/fig3_source_data.tsv
B_power_n	Se0.99_Sp0.7	60	kappa	0.7389264523250998				outputs_round8/figures/fig3_source_data.tsv
B_power	Se0.99_Sp0.7		kappa	0.7431562051433608				outputs_round8/figures/fig3_source_data.tsv
B_power_n	Se0.99_Sp0.7	65	kappa	0.7431562051433608				outputs_round8/figures/fig3_source_data.tsv
B_power	Se0.99_Sp0.7		kappa	0.7467294776713248				outputs_round8/figures/fig3_source_data.tsv
B_power_n	Se0.99_Sp0.7	70	kappa	0.7467294776713248				outputs_round8/figures/fig3_source_data.tsv
B_power	Se0.99_Sp0.7		kappa	0.7497686364288694				outputs_round8/figures/fig3_source_data.tsv
B_power_n	Se0.99_Sp0.7	75	kappa	0.7497686364288694				outputs_round8/figures/fig3_source_data.tsv
B_power	Se0.99_Sp0.7		kappa	0.7523674697967208				outputs_round8/figures/fig3_source_data.tsv
B_power_n	Se0.99_Sp0.7	80	kappa	0.7523674697967208				outputs_round8/figures/fig3_source_data.tsv
B_power	Se0.99_Sp0.7		kappa	0.7545990704214354				outputs_round8/figures/fig3_source_data.tsv
B_power_n	Se0.99_Sp0.7	85	kappa	0.7545990704214354				outputs_round8/figures/fig3_source_data.tsv
B_power	Se0.99_Sp0.7		kappa	0.7565212450726917				outputs_round8/figures/fig3_source_data.tsv
B_power_n	Se0.99_Sp0.7	90	kappa	0.7565212450726917				outputs_round8/figures/fig3_source_data.tsv
B_power	Se0.99_Sp0.7		kappa	0.7581803118492739				outputs_round8/figures/fig3_source_data.tsv
B_power_n	Se0.99_Sp0.7	95	kappa	0.7581803118492739				outputs_round8/figures/fig3_source_data.tsv
B_power	Se0.99_Sp0.7		kappa	0.7596138190322537				outputs_round8/figures/fig3_source_data.tsv
B_power_n	Se0.99_Sp0.7	100	kappa	0.7596138190322537				outputs_round8/figures/fig3_source_data.tsv
B_power	Se0.99_Sp0.7		kappa	0.7608525267157829				outputs_round8/figures/fig3_source_data.tsv
B_power_n	Se0.99_Sp0.7	105	kappa	0.7608525267157829				outputs_round8/figures/fig3_source_data.tsv
B_power	Se0.99_Sp0.7		kappa	0.7619218743475503				outputs_round8/figures/fig3_source_data.tsv
B_power_n	Se0.99_Sp0.7	110	kappa	0.7619218743475503				outputs_round8/figures/fig3_source_data.tsv
B_power	Se0.99_Sp0.7		kappa	0.7628430833276193				outputs_round8/figures/fig3_source_data.tsv
B_power_n	Se0.99_Sp0.7	115	kappa	0.7628430833276193				outputs_round8/figures/fig3_source_data.tsv
B_power	Se0.99_Sp0.7		kappa	0.7636339963295474				outputs_round8/figures/fig3_source_data.tsv
B_power_n	Se0.99_Sp0.7	120	kappa	0.7636339963295474				outputs_round8/figures/fig3_source_data.tsv
B_power	Se0.99_Sp0.7		kappa	0.7643097238794988				outputs_round8/figures/fig3_source_data.tsv
B_power_n	Se0.99_Sp0.7	125	kappa	0.7643097238794988				outputs_round8/figures/fig3_source_data.tsv
B_power	Se0.99_Sp0.7		kappa	0.7648831479280697				outputs_round8/figures/fig3_source_data.tsv
B_power_n	Se0.99_Sp0.7	130	kappa	0.7648831479280697				outputs_round8/figures/fig3_source_data.tsv
B_power	Se0.99_Sp0.7		kappa	0.7653653180041854				outputs_round8/figures/fig3_source_data.tsv
B_power_n	Se0.99_Sp0.7	135	kappa	0.7653653180041854				outputs_round8/figures/fig3_source_data.tsv
B_power	Se0.99_Sp0.7		kappa	0.7657657657657657				outputs_round8/figures/fig3_source_data.tsv
B_power_n	Se0.99_Sp0.7	140	kappa	0.7657657657657657				outputs_round8/figures/fig3_source_data.tsv
B_power	Se0.99_Sp0.7		kappa	0.7660927569071336				outputs_round8/figures/fig3_source_data.tsv
B_power_n	Se0.99_Sp0.7	145	kappa	0.7660927569071336				outputs_round8/figures/fig3_source_data.tsv
B_power	Se0.99_Sp0.7		kappa	0.7663534945103354				outputs_round8/figures/fig3_source_data.tsv
B_power_n	Se0.99_Sp0.7	150	kappa	0.7663534945103354				outputs_round8/figures/fig3_source_data.tsv
B_power	Se0.99_Sp0.7		kappa	0.7665542844197643				outputs_round8/figures/fig3_source_data.tsv
B_power_n	Se0.99_Sp0.7	155	kappa	0.7665542844197643				outputs_round8/figures/fig3_source_data.tsv
B_power	Se0.99_Sp0.7		kappa	0.7667006706646656				outputs_round8/figures/fig3_source_data.tsv
B_power_n	Se0.99_Sp0.7	160	kappa	0.7667006706646656				outputs_round8/figures/fig3_source_data.tsv
B_power	Se0.99_Sp0.7		kappa	0.7667975470730478				outputs_round8/figures/fig3_source_data.tsv
B_power_n	Se0.99_Sp0.7	165	kappa	0.7667975470730478				outputs_round8/figures/fig3_source_data.tsv
B_power	Se0.99_Sp0.7		kappa	0.7668492498213859				outputs_round8/figures/fig3_source_data.tsv
B_power_n	Se0.99_Sp0.7	170	kappa	0.7668492498213859				outputs_round8/figures/fig3_source_data.tsv
B_power	Se0.99_Sp0.7		kappa	0.766859634613939				outputs_round8/figures/fig3_source_data.tsv
B_power_n	Se0.99_Sp0.7	175	kappa	0.766859634613939				outputs_round8/figures/fig3_source_data.tsv
B_power	Se0.99_Sp0.7		kappa	0.7668321413895729				outputs_round8/figures/fig3_source_data.tsv
B_power_n	Se0.99_Sp0.7	180	kappa	0.7668321413895729				outputs_round8/figures/fig3_source_data.tsv
B_power	Se0.99_Sp0.7		kappa	0.766769848845963				outputs_round8/figures/fig3_source_data.tsv
B_power_n	Se0.99_Sp0.7	185	kappa	0.766769848845963				outputs_round8/figures/fig3_source_data.tsv
B_power	Se0.99_Sp0.7		kappa	0.7666755206028476				outputs_round8/figures/fig3_source_data.tsv
B_power_n	Se0.99_Sp0.7	190	kappa	0.7666755206028476				outputs_round8/figures/fig3_source_data.tsv
B_power	Se0.99_Sp0.7		kappa	0.7665516444628394				outputs_round8/figures/fig3_source_data.tsv
B_power_n	Se0.99_Sp0.7	195	kappa	0.7665516444628394				outputs_round8/figures/fig3_source_data.tsv
B_power	Se0.99_Sp0.7		kappa	0.7664004659446019				outputs_round8/figures/fig3_source_data.tsv
B_power_n	Se0.99_Sp0.7	200	kappa	0.7664004659446019				outputs_round8/figures/fig3_source_data.tsv
B_power	Se0.99_Sp0.7		kappa	0.763755268664938				outputs_round8/figures/fig3_source_data.tsv
B_power_n	Se0.99_Sp0.7	250	kappa	0.763755268664938				outputs_round8/figures/fig3_source_data.tsv
B_power	Se0.99_Sp0.7		kappa	0.7597984481395073				outputs_round8/figures/fig3_source_data.tsv
B_power_n	Se0.99_Sp0.7	300	kappa	0.7597984481395073				outputs_round8/figures/fig3_source_data.tsv
B_power	Se0.99_Sp0.7		kappa	0.7551323895787869				outputs_round8/figures/fig3_source_data.tsv
B_power_n	Se0.99_Sp0.7	350	kappa	0.7551323895787869				outputs_round8/figures/fig3_source_data.tsv
B_power	Se0.99_Sp0.7		kappa	0.7500609749970539				outputs_round8/figures/fig3_source_data.tsv
B_power_n	Se0.99_Sp0.7	400	kappa	0.7500609749970539				outputs_round8/figures/fig3_source_data.tsv
B_power	Se0.99_Sp0.7		kappa	0.7447534233170234				outputs_round8/figures/fig3_source_data.tsv
B_power_n	Se0.99_Sp0.7	450	kappa	0.7447534233170234				outputs_round8/figures/fig3_source_data.tsv
B_power	Se0.99_Sp0.7		kappa	0.7393109200841902				outputs_round8/figures/fig3_source_data.tsv
B_power_n	Se0.99_Sp0.7	500	kappa	0.7393109200841902				outputs_round8/figures/fig3_source_data.tsv
B_power	Se0.99_Sp0.7		kappa	0.7337972702751294				outputs_round8/figures/fig3_source_data.tsv
B_power_n	Se0.99_Sp0.7	550	kappa	0.7337972702751294				outputs_round8/figures/fig3_source_data.tsv
B_power	Se0.99_Sp0.7		kappa	0.7282543654463364				outputs_round8/figures/fig3_source_data.tsv
B_power_n	Se0.99_Sp0.7	600	kappa	0.7282543654463364				outputs_round8/figures/fig3_source_data.tsv
B_power	Se0.99_Sp0.7		kappa	0.7227105718941735				outputs_round8/figures/fig3_source_data.tsv
B_power_n	Se0.99_Sp0.7	650	kappa	0.7227105718941735				outputs_round8/figures/fig3_source_data.tsv
B_power	Se0.99_Sp0.7		kappa	0.7171855511262197				outputs_round8/figures/fig3_source_data.tsv
B_power_n	Se0.99_Sp0.7	700	kappa	0.7171855511262197				outputs_round8/figures/fig3_source_data.tsv
B_power	Se0.99_Sp0.7		kappa	0.7116931652204654				outputs_round8/figures/fig3_source_data.tsv
B_power_n	Se0.99_Sp0.7	750	kappa	0.7116931652204654				outputs_round8/figures/fig3_source_data.tsv
B_power	Se0.99_Sp0.7		kappa	0.7062432991393225				outputs_round8/figures/fig3_source_data.tsv
B_power_n	Se0.99_Sp0.7	800	kappa	0.7062432991393225				outputs_round8/figures/fig3_source_data.tsv
B_power	Se0.99_Sp0.7		kappa	0.7008430430808072				outputs_round8/figures/fig3_source_data.tsv
B_power_n	Se0.99_Sp0.7	850	kappa	0.7008430430808072				outputs_round8/figures/fig3_source_data.tsv
B_power	Se0.99_Sp0.7		kappa	0.6954974822462219				outputs_round8/figures/fig3_source_data.tsv
B_power_n	Se0.99_Sp0.7	900	kappa	0.6954974822462219				outputs_round8/figures/fig3_source_data.tsv
B_power	Se0.99_Sp0.7		kappa	0.6902102378552901				outputs_round8/figures/fig3_source_data.tsv
B_power_n	Se0.99_Sp0.7	950	kappa	0.6902102378552901				outputs_round8/figures/fig3_source_data.tsv
B_power	Se0.99_Sp0.7		kappa	0.6849838460270438				outputs_round8/figures/fig3_source_data.tsv
B_power_n	Se0.99_Sp0.7	1000	kappa	0.6849838460270438				outputs_round8/figures/fig3_source_data.tsv
B_power	Se0.99_Sp0.7		kappa	0.6798200283210049				outputs_round8/figures/fig3_source_data.tsv
B_power_n	Se0.99_Sp0.7	1050	kappa	0.6798200283210049				outputs_round8/figures/fig3_source_data.tsv
B_power	Se0.99_Sp0.7		kappa	0.6747198882690579				outputs_round8/figures/fig3_source_data.tsv
B_power_n	Se0.99_Sp0.7	1100	kappa	0.6747198882690579				outputs_round8/figures/fig3_source_data.tsv
B_power	Se0.99_Sp0.7		kappa	0.66968405634363				outputs_round8/figures/fig3_source_data.tsv
B_power_n	Se0.99_Sp0.7	1150	kappa	0.66968405634363				outputs_round8/figures/fig3_source_data.tsv
B_power	Se0.99_Sp0.7		kappa	0.6647127983591176				outputs_round8/figures/fig3_source_data.tsv
B_power_n	Se0.99_Sp0.7	1200	kappa	0.6647127983591176				outputs_round8/figures/fig3_source_data.tsv
B_power	Se0.99_Sp0.7		kappa	0.6598060975244037				outputs_round8/figures/fig3_source_data.tsv
B_power_n	Se0.99_Sp0.7	1250	kappa	0.6598060975244037				outputs_round8/figures/fig3_source_data.tsv
B_power	Se0.99_Sp0.7		kappa	0.654963717232486				outputs_round8/figures/fig3_source_data.tsv
B_power_n	Se0.99_Sp0.7	1300	kappa	0.654963717232486				outputs_round8/figures/fig3_source_data.tsv
B_power	Se0.99_Sp0.7		kappa	0.6501852495811059				outputs_round8/figures/fig3_source_data.tsv
B_power_n	Se0.99_Sp0.7	1350	kappa	0.6501852495811059				outputs_round8/figures/fig3_source_data.tsv
B_power	Se0.99_Sp0.7		kappa	0.6454701531959853				outputs_round8/figures/fig3_source_data.tsv
B_power_n	Se0.99_Sp0.7	1400	kappa	0.6454701531959853				outputs_round8/figures/fig3_source_data.tsv
B_power	Se0.99_Sp0.7		kappa	0.6408177829457735				outputs_round8/figures/fig3_source_data.tsv
B_power_n	Se0.99_Sp0.7	1450	kappa	0.6408177829457735				outputs_round8/figures/fig3_source_data.tsv
B_power	Se0.99_Sp0.7		kappa	0.6362274134489999				outputs_round8/figures/fig3_source_data.tsv
B_power_n	Se0.99_Sp0.7	1500	kappa	0.6362274134489999				outputs_round8/figures/fig3_source_data.tsv
B_power	Se0.99_Sp0.7		kappa	0.6316982577838437				outputs_round8/figures/fig3_source_data.tsv
B_power_n	Se0.99_Sp0.7	1550	kappa	0.6316982577838437				outputs_round8/figures/fig3_source_data.tsv
B_power	Se0.99_Sp0.7		kappa	0.6272294824592881				outputs_round8/figures/fig3_source_data.tsv
B_power_n	Se0.99_Sp0.7	1600	kappa	0.6272294824592881				outputs_round8/figures/fig3_source_data.tsv
B_power	Se0.99_Sp0.7		kappa	0.6228202194497549				outputs_round8/figures/fig3_source_data.tsv
B_power_n	Se0.99_Sp0.7	1650	kappa	0.6228202194497549				outputs_round8/figures/fig3_source_data.tsv
B_power	Se0.99_Sp0.7		kappa	0.6184695759065765				outputs_round8/figures/fig3_source_data.tsv
B_power_n	Se0.99_Sp0.7	1700	kappa	0.6184695759065765				outputs_round8/figures/fig3_source_data.tsv
B_power	Se0.99_Sp0.7		kappa	0.6141766420193164				outputs_round8/figures/fig3_source_data.tsv
B_power_n	Se0.99_Sp0.7	1750	kappa	0.6141766420193164				outputs_round8/figures/fig3_source_data.tsv
B_power	Se0.99_Sp0.7		kappa	0.6099404973946357				outputs_round8/figures/fig3_source_data.tsv
B_power_n	Se0.99_Sp0.7	1800	kappa	0.6099404973946357				outputs_round8/figures/fig3_source_data.tsv
B_power	Se0.99_Sp0.7		kappa	0.6057602162406475				outputs_round8/figures/fig3_source_data.tsv
B_power_n	Se0.99_Sp0.7	1850	kappa	0.6057602162406475				outputs_round8/figures/fig3_source_data.tsv
B_power	Se0.99_Sp0.7		kappa	0.6016348715838173				outputs_round8/figures/fig3_source_data.tsv
B_power_n	Se0.99_Sp0.7	1900	kappa	0.6016348715838173				outputs_round8/figures/fig3_source_data.tsv
B_power	Se0.99_Sp0.7		kappa	0.5975635386986159				outputs_round8/figures/fig3_source_data.tsv
B_power_n	Se0.99_Sp0.7	1950	kappa	0.5975635386986159				outputs_round8/figures/fig3_source_data.tsv
B_power	Se0.99_Sp0.7		kappa	0.593545297893814				outputs_round8/figures/fig3_source_data.tsv
B_power_n	Se0.99_Sp0.7	2000	kappa	0.593545297893814				outputs_round8/figures/fig3_source_data.tsv
B_power	Se0.99_Sp0.7		kappa	0.5560876611414854				outputs_round8/figures/fig3_source_data.tsv
B_power_n	Se0.99_Sp0.7	2500	kappa	0.5560876611414854				outputs_round8/figures/fig3_source_data.tsv
B_power	Se0.99_Sp0.7		kappa	0.5230142402214406				outputs_round8/figures/fig3_source_data.tsv
B_power_n	Se0.99_Sp0.7	3000	kappa	0.5230142402214406				outputs_round8/figures/fig3_source_data.tsv
B_power	Se0.99_Sp0.7		kappa	0.4936220496298464				outputs_round8/figures/fig3_source_data.tsv
B_power_n	Se0.99_Sp0.7	3500	kappa	0.4936220496298464				outputs_round8/figures/fig3_source_data.tsv
B_power	Se0.99_Sp0.7		kappa	0.4673396942604642				outputs_round8/figures/fig3_source_data.tsv
B_power_n	Se0.99_Sp0.7	4000	kappa	0.4673396942604642				outputs_round8/figures/fig3_source_data.tsv
B_power	Se0.99_Sp0.7		kappa	0.4437038259579592				outputs_round8/figures/fig3_source_data.tsv
B_power_n	Se0.99_Sp0.7	4500	kappa	0.4437038259579592				outputs_round8/figures/fig3_source_data.tsv
B_power	Se0.99_Sp0.7		kappa	0.4223368122653151				outputs_round8/figures/fig3_source_data.tsv
B_power_n	Se0.99_Sp0.7	5000	kappa	0.4223368122653151				outputs_round8/figures/fig3_source_data.tsv
B_power	Se0.99_Sp0.7		kappa	0.402928626998253				outputs_round8/figures/fig3_source_data.tsv
B_power_n	Se0.99_Sp0.7	5500	kappa	0.402928626998253				outputs_round8/figures/fig3_source_data.tsv
B_power	Se0.99_Sp0.7		kappa	0.3852227471991398				outputs_round8/figures/fig3_source_data.tsv
B_power_n	Se0.99_Sp0.7	6000	kappa	0.3852227471991398				outputs_round8/figures/fig3_source_data.tsv
B_power	Se0.99_Sp0.7		kappa	0.3690052743662744				outputs_round8/figures/fig3_source_data.tsv
B_power_n	Se0.99_Sp0.7	6500	kappa	0.3690052743662744				outputs_round8/figures/fig3_source_data.tsv
B_power	Se0.99_Sp0.7		kappa	0.354096531604851				outputs_round8/figures/fig3_source_data.tsv
B_power_n	Se0.99_Sp0.7	7000	kappa	0.354096531604851				outputs_round8/figures/fig3_source_data.tsv
B_power	Se0.99_Sp0.7		kappa	0.3403445367170423				outputs_round8/figures/fig3_source_data.tsv
B_power_n	Se0.99_Sp0.7	7500	kappa	0.3403445367170423				outputs_round8/figures/fig3_source_data.tsv
B_power	Se0.99_Sp0.7		kappa	0.3276198953256227				outputs_round8/figures/fig3_source_data.tsv
B_power_n	Se0.99_Sp0.7	8000	kappa	0.3276198953256227				outputs_round8/figures/fig3_source_data.tsv
B_power	Se0.99_Sp0.7		kappa	0.3158117735675352				outputs_round8/figures/fig3_source_data.tsv
B_power_n	Se0.99_Sp0.7	8500	kappa	0.3158117735675352				outputs_round8/figures/fig3_source_data.tsv
B_power	Se0.99_Sp0.7		kappa	0.3048246969457023				outputs_round8/figures/fig3_source_data.tsv
B_power_n	Se0.99_Sp0.7	9000	kappa	0.3048246969457023				outputs_round8/figures/fig3_source_data.tsv
B_power	Se0.99_Sp0.7		kappa	0.2945759861823732				outputs_round8/figures/fig3_source_data.tsv
B_power_n	Se0.99_Sp0.7	9500	kappa	0.2945759861823732				outputs_round8/figures/fig3_source_data.tsv
B_power	Se0.99_Sp0.7		kappa	0.2849936880718364				outputs_round8/figures/fig3_source_data.tsv
B_power_n	Se0.99_Sp0.7	10000	kappa	0.2849936880718364				outputs_round8/figures/fig3_source_data.tsv
B_power	Se0.99_Sp0.7		kappa	0.2760148939801614				outputs_round8/figures/fig3_source_data.tsv
B_power_n	Se0.99_Sp0.7	10500	kappa	0.2760148939801614				outputs_round8/figures/fig3_source_data.tsv
B_power	Se0.99_Sp0.7		kappa	0.2675843642209017				outputs_round8/figures/fig3_source_data.tsv
B_power_n	Se0.99_Sp0.7	11000	kappa	0.2675843642209017				outputs_round8/figures/fig3_source_data.tsv
B_power	Se0.99_Sp0.7		kappa	0.2596533955426131				outputs_round8/figures/fig3_source_data.tsv
B_power_n	Se0.99_Sp0.7	11500	kappa	0.2596533955426131				outputs_round8/figures/fig3_source_data.tsv
B_power	Se0.99_Sp0.7		kappa	0.2521788831875327				outputs_round8/figures/fig3_source_data.tsv
B_power_n	Se0.99_Sp0.7	12000	kappa	0.2521788831875327				outputs_round8/figures/fig3_source_data.tsv
B_power	Se0.99_Sp0.7		kappa	0.2451225397040837				outputs_round8/figures/fig3_source_data.tsv
B_power_n	Se0.99_Sp0.7	12500	kappa	0.2451225397040837				outputs_round8/figures/fig3_source_data.tsv
B_power	Se0.99_Sp0.7		kappa	0.238450240840931				outputs_round8/figures/fig3_source_data.tsv
B_power_n	Se0.99_Sp0.7	13000	kappa	0.238450240840931				outputs_round8/figures/fig3_source_data.tsv
B_power	Se0.99_Sp0.7		kappa	0.2321314750825717				outputs_round8/figures/fig3_source_data.tsv
B_power_n	Se0.99_Sp0.7	13500	kappa	0.2321314750825717				outputs_round8/figures/fig3_source_data.tsv
B_power	Se0.99_Sp0.7		kappa	0.2261388781892233				outputs_round8/figures/fig3_source_data.tsv
B_power_n	Se0.99_Sp0.7	14000	kappa	0.2261388781892233				outputs_round8/figures/fig3_source_data.tsv
B_power	Se0.99_Sp0.7		kappa	0.2204478378305276				outputs_round8/figures/fig3_source_data.tsv
B_power_n	Se0.99_Sp0.7	14500	kappa	0.2204478378305276				outputs_round8/figures/fig3_source_data.tsv
B_power	Se0.99_Sp0.7		kappa	0.2150361563135839				outputs_round8/figures/fig3_source_data.tsv
B_power_n	Se0.99_Sp0.7	15000	kappa	0.2150361563135839				outputs_round8/figures/fig3_source_data.tsv
B_power	Se0.99_Sp0.7		kappa	0.2098837616940678				outputs_round8/figures/fig3_source_data.tsv
B_power_n	Se0.99_Sp0.7	15500	kappa	0.2098837616940678				outputs_round8/figures/fig3_source_data.tsv
B_power	Se0.99_Sp0.7		kappa	0.2049724593688933				outputs_round8/figures/fig3_source_data.tsv
B_power_n	Se0.99_Sp0.7	16000	kappa	0.2049724593688933				outputs_round8/figures/fig3_source_data.tsv
B_power	Se0.99_Sp0.7		kappa	0.2002857176883964				outputs_round8/figures/fig3_source_data.tsv
B_power_n	Se0.99_Sp0.7	16500	kappa	0.2002857176883964				outputs_round8/figures/fig3_source_data.tsv
B_power	Se0.99_Sp0.7		kappa	0.1958084822775079				outputs_round8/figures/fig3_source_data.tsv
B_power_n	Se0.99_Sp0.7	17000	kappa	0.1958084822775079				outputs_round8/figures/fig3_source_data.tsv
B_power	Se0.99_Sp0.7		kappa	0.1915270146813212				outputs_round8/figures/fig3_source_data.tsv
B_power_n	Se0.99_Sp0.7	17500	kappa	0.1915270146813212				outputs_round8/figures/fig3_source_data.tsv
B_power	Se0.99_Sp0.7		kappa	0.1874287516988464				outputs_round8/figures/fig3_source_data.tsv
B_power_n	Se0.99_Sp0.7	18000	kappa	0.1874287516988464				outputs_round8/figures/fig3_source_data.tsv
B_power	Se0.99_Sp0.7		kappa	0.1835021823765656				outputs_round8/figures/fig3_source_data.tsv
B_power_n	Se0.99_Sp0.7	18500	kappa	0.1835021823765656				outputs_round8/figures/fig3_source_data.tsv
B_power	Se0.99_Sp0.7		kappa	0.1797367401293446				outputs_round8/figures/fig3_source_data.tsv
B_power_n	Se0.99_Sp0.7	19000	kappa	0.1797367401293446				outputs_round8/figures/fig3_source_data.tsv
B_power	Se0.99_Sp0.7		kappa	0.1761227078627445				outputs_round8/figures/fig3_source_data.tsv
B_power_n	Se0.99_Sp0.7	19500	kappa	0.1761227078627445				outputs_round8/figures/fig3_source_data.tsv
B_power	Se0.99_Sp0.7		kappa	0.1726511343053359				outputs_round8/figures/fig3_source_data.tsv
B_power_n	Se0.99_Sp0.7	20000	kappa	0.1726511343053359				outputs_round8/figures/fig3_source_data.tsv
B_power	Se0.99_Sp0.8		kappa	0.0				outputs_round8/figures/fig3_source_data.tsv
B_power_n	Se0.99_Sp0.8	0	kappa	0.0				outputs_round8/figures/fig3_source_data.tsv
B_power	Se0.99_Sp0.8		kappa	0.427599036639974				outputs_round8/figures/fig3_source_data.tsv
B_power_n	Se0.99_Sp0.8	5	kappa	0.427599036639974				outputs_round8/figures/fig3_source_data.tsv
B_power	Se0.99_Sp0.8		kappa	0.575780589683597				outputs_round8/figures/fig3_source_data.tsv
B_power_n	Se0.99_Sp0.8	10	kappa	0.575780589683597				outputs_round8/figures/fig3_source_data.tsv
B_power	Se0.99_Sp0.8		kappa	0.6507901528848049				outputs_round8/figures/fig3_source_data.tsv
B_power_n	Se0.99_Sp0.8	15	kappa	0.6507901528848049				outputs_round8/figures/fig3_source_data.tsv
B_power	Se0.99_Sp0.8		kappa	0.6959734077600191				outputs_round8/figures/fig3_source_data.tsv
B_power_n	Se0.99_Sp0.8	20	kappa	0.6959734077600191				outputs_round8/figures/fig3_source_data.tsv
B_power	Se0.99_Sp0.8		kappa	0.7260855562189183				outputs_round8/figures/fig3_source_data.tsv
B_power_n	Se0.99_Sp0.8	25	kappa	0.7260855562189183				outputs_round8/figures/fig3_source_data.tsv
B_power	Se0.99_Sp0.8		kappa	0.7475270618420087				outputs_round8/figures/fig3_source_data.tsv
B_power_n	Se0.99_Sp0.8	30	kappa	0.7475270618420087				outputs_round8/figures/fig3_source_data.tsv
B_power	Se0.99_Sp0.8		kappa	0.7635236931123692				outputs_round8/figures/fig3_source_data.tsv
B_power_n	Se0.99_Sp0.8	35	kappa	0.7635236931123692				outputs_round8/figures/fig3_source_data.tsv
B_power	Se0.99_Sp0.8		kappa	0.7758777214730199				outputs_round8/figures/fig3_source_data.tsv
B_power_n	Se0.99_Sp0.8	40	kappa	0.7758777214730199				outputs_round8/figures/fig3_source_data.tsv
B_power	Se0.99_Sp0.8		kappa	0.7856751188950084				outputs_round8/figures/fig3_source_data.tsv
B_power_n	Se0.99_Sp0.8	45	kappa	0.7856751188950084				outputs_round8/figures/fig3_source_data.tsv
B_power	Se0.99_Sp0.8		kappa	0.7936092548632946				outputs_round8/figures/fig3_source_data.tsv
B_power_n	Se0.99_Sp0.8	50	kappa	0.7936092548632946				outputs_round8/figures/fig3_source_data.tsv
B_power	Se0.99_Sp0.8		kappa	0.8001436081787027				outputs_round8/figures/fig3_source_data.tsv
B_power_n	Se0.99_Sp0.8	55	kappa	0.8001436081787027				outputs_round8/figures/fig3_source_data.tsv
B_power	Se0.99_Sp0.8		kappa	0.8055997509190577				outputs_round8/figures/fig3_source_data.tsv
B_power_n	Se0.99_Sp0.8	60	kappa	0.8055997509190577				outputs_round8/figures/fig3_source_data.tsv
B_power	Se0.99_Sp0.8		kappa	0.810207797519981				outputs_round8/figures/fig3_source_data.tsv
B_power_n	Se0.99_Sp0.8	65	kappa	0.810207797519981				outputs_round8/figures/fig3_source_data.tsv
B_power	Se0.99_Sp0.8		kappa	0.8141367604267707				outputs_round8/figures/fig3_source_data.tsv
B_power_n	Se0.99_Sp0.8	70	kappa	0.8141367604267707				outputs_round8/figures/fig3_source_data.tsv
B_power	Se0.99_Sp0.8		kappa	0.8175135679772835				outputs_round8/figures/fig3_source_data.tsv
B_power_n	Se0.99_Sp0.8	75	kappa	0.8175135679772835				outputs_round8/figures/fig3_source_data.tsv
B_power	Se0.99_Sp0.8		kappa	0.8204353954034328				outputs_round8/figures/fig3_source_data.tsv
B_power_n	Se0.99_Sp0.8	80	kappa	0.8204353954034328				outputs_round8/figures/fig3_source_data.tsv
B_power	Se0.99_Sp0.8		kappa	0.8229779001413794				outputs_round8/figures/fig3_source_data.tsv
B_power_n	Se0.99_Sp0.8	85	kappa	0.8229779001413794				outputs_round8/figures/fig3_source_data.tsv
B_power	Se0.99_Sp0.8		kappa	0.8252008652958995				outputs_round8/figures/fig3_source_data.tsv
B_power_n	Se0.99_Sp0.8	90	kappa	0.8252008652958995				outputs_round8/figures/fig3_source_data.tsv
B_power	Se0.99_Sp0.8		kappa	0.827152155495473				outputs_round8/figures/fig3_source_data.tsv
B_power_n	Se0.99_Sp0.8	95	kappa	0.827152155495473				outputs_round8/figures/fig3_source_data.tsv
B_power	Se0.99_Sp0.8		kappa	0.8288705459559828				outputs_round8/figures/fig3_source_data.tsv
B_power_n	Se0.99_Sp0.8	100	kappa	0.8288705459559828				outputs_round8/figures/fig3_source_data.tsv
B_power	Se0.99_Sp0.8		kappa	0.8303877822318864				outputs_round8/figures/fig3_source_data.tsv
B_power_n	Se0.99_Sp0.8	105	kappa	0.8303877822318864				outputs_round8/figures/fig3_source_data.tsv
B_power	Se0.99_Sp0.8		kappa	0.8317301041401918				outputs_round8/figures/fig3_source_data.tsv
B_power_n	Se0.99_Sp0.8	110	kappa	0.8317301041401918				outputs_round8/figures/fig3_source_data.tsv
B_power	Se0.99_Sp0.8		kappa	0.8329193897222442				outputs_round8/figures/fig3_source_data.tsv
B_power_n	Se0.99_Sp0.8	115	kappa	0.8329193897222442				outputs_round8/figures/fig3_source_data.tsv
B_power	Se0.99_Sp0.8		kappa	0.8339740253595763				outputs_round8/figures/fig3_source_data.tsv
B_power_n	Se0.99_Sp0.8	120	kappa	0.8339740253595763				outputs_round8/figures/fig3_source_data.tsv
B_power	Se0.99_Sp0.8		kappa	0.8349095755895567				outputs_round8/figures/fig3_source_data.tsv
B_power_n	Se0.99_Sp0.8	125	kappa	0.8349095755895567				outputs_round8/figures/fig3_source_data.tsv
B_power	Se0.99_Sp0.8		kappa	0.8357393044270326				outputs_round8/figures/fig3_source_data.tsv
B_power_n	Se0.99_Sp0.8	130	kappa	0.8357393044270326				outputs_round8/figures/fig3_source_data.tsv
B_power	Se0.99_Sp0.8		kappa	0.8364745852303461				outputs_round8/figures/fig3_source_data.tsv
B_power_n	Se0.99_Sp0.8	135	kappa	0.8364745852303461				outputs_round8/figures/fig3_source_data.tsv
B_power	Se0.99_Sp0.8		kappa	0.8371252259552451				outputs_round8/figures/fig3_source_data.tsv
B_power_n	Se0.99_Sp0.8	140	kappa	0.8371252259552451				outputs_round8/figures/fig3_source_data.tsv
B_power	Se0.99_Sp0.8		kappa	0.8376997294972447				outputs_round8/figures/fig3_source_data.tsv
B_power_n	Se0.99_Sp0.8	145	kappa	0.8376997294972447				outputs_round8/figures/fig3_source_data.tsv
B_power	Se0.99_Sp0.8		kappa	0.8382055037495304				outputs_round8/figures/fig3_source_data.tsv
B_power_n	Se0.99_Sp0.8	150	kappa	0.8382055037495304				outputs_round8/figures/fig3_source_data.tsv
B_power	Se0.99_Sp0.8		kappa	0.8386490323540496				outputs_round8/figures/fig3_source_data.tsv
B_power_n	Se0.99_Sp0.8	155	kappa	0.8386490323540496				outputs_round8/figures/fig3_source_data.tsv
B_power	Se0.99_Sp0.8		kappa	0.8390360144673691				outputs_round8/figures/fig3_source_data.tsv
B_power_n	Se0.99_Sp0.8	160	kappa	0.8390360144673691				outputs_round8/figures/fig3_source_data.tsv
B_power	Se0.99_Sp0.8		kappa	0.8393714799085666				outputs_round8/figures/fig3_source_data.tsv
B_power_n	Se0.99_Sp0.8	165	kappa	0.8393714799085666				outputs_round8/figures/fig3_source_data.tsv
B_power	Se0.99_Sp0.8		kappa	0.8396598846037047				outputs_round8/figures/fig3_source_data.tsv
B_power_n	Se0.99_Sp0.8	170	kappa	0.8396598846037047				outputs_round8/figures/fig3_source_data.tsv
B_power	Se0.99_Sp0.8		kappa	0.839905190151283				outputs_round8/figures/fig3_source_data.tsv
B_power_n	Se0.99_Sp0.8	175	kappa	0.839905190151283				outputs_round8/figures/fig3_source_data.tsv
B_power	Se0.99_Sp0.8		kappa	0.8401109305075778				outputs_round8/figures/fig3_source_data.tsv
B_power_n	Se0.99_Sp0.8	180	kappa	0.8401109305075778				outputs_round8/figures/fig3_source_data.tsv
B_power	Se0.99_Sp0.8		kappa	0.8402802681605218				outputs_round8/figures/fig3_source_data.tsv
B_power_n	Se0.99_Sp0.8	185	kappa	0.8402802681605218				outputs_round8/figures/fig3_source_data.tsv
B_power	Se0.99_Sp0.8		kappa	0.8404160416756848				outputs_round8/figures/fig3_source_data.tsv
B_power_n	Se0.99_Sp0.8	190	kappa	0.8404160416756848				outputs_round8/figures/fig3_source_data.tsv
B_power	Se0.99_Sp0.8		kappa	0.8405208061218068				outputs_round8/figures/fig3_source_data.tsv
B_power_n	Se0.99_Sp0.8	195	kappa	0.8405208061218068				outputs_round8/figures/fig3_source_data.tsv
B_power	Se0.99_Sp0.8		kappa	0.8405968675896751				outputs_round8/figures/fig3_source_data.tsv
B_power_n	Se0.99_Sp0.8	200	kappa	0.8405968675896751				outputs_round8/figures/fig3_source_data.tsv
B_power	Se0.99_Sp0.8		kappa	0.8401569460719513				outputs_round8/figures/fig3_source_data.tsv
B_power_n	Se0.99_Sp0.8	250	kappa	0.8401569460719513				outputs_round8/figures/fig3_source_data.tsv
B_power	Se0.99_Sp0.8		kappa	0.8383036678720706				outputs_round8/figures/fig3_source_data.tsv
B_power_n	Se0.99_Sp0.8	300	kappa	0.8383036678720706				outputs_round8/figures/fig3_source_data.tsv
B_power	Se0.99_Sp0.8		kappa	0.8356563293344618				outputs_round8/figures/fig3_source_data.tsv
B_power_n	Se0.99_Sp0.8	350	kappa	0.8356563293344618				outputs_round8/figures/fig3_source_data.tsv
B_power	Se0.99_Sp0.8		kappa	0.8325281988928553				outputs_round8/figures/fig3_source_data.tsv
B_power_n	Se0.99_Sp0.8	400	kappa	0.8325281988928553				outputs_round8/figures/fig3_source_data.tsv
B_power	Se0.99_Sp0.8		kappa	0.8290945565051129				outputs_round8/figures/fig3_source_data.tsv
B_power_n	Se0.99_Sp0.8	450	kappa	0.8290945565051129				outputs_round8/figures/fig3_source_data.tsv
B_power	Se0.99_Sp0.8		kappa	0.8254609709127959				outputs_round8/figures/fig3_source_data.tsv
B_power_n	Se0.99_Sp0.8	500	kappa	0.8254609709127959				outputs_round8/figures/fig3_source_data.tsv
B_power	Se0.99_Sp0.8		kappa	0.82169469136807				outputs_round8/figures/fig3_source_data.tsv
B_power_n	Se0.99_Sp0.8	550	kappa	0.82169469136807				outputs_round8/figures/fig3_source_data.tsv
B_power	Se0.99_Sp0.8		kappa	0.8178404812334275				outputs_round8/figures/fig3_source_data.tsv
B_power_n	Se0.99_Sp0.8	600	kappa	0.8178404812334275				outputs_round8/figures/fig3_source_data.tsv
B_power	Se0.99_Sp0.8		kappa	0.8139292028844394				outputs_round8/figures/fig3_source_data.tsv
B_power_n	Se0.99_Sp0.8	650	kappa	0.8139292028844394				outputs_round8/figures/fig3_source_data.tsv
B_power	Se0.99_Sp0.8		kappa	0.8099827509257806				outputs_round8/figures/fig3_source_data.tsv
B_power_n	Se0.99_Sp0.8	700	kappa	0.8099827509257806				outputs_round8/figures/fig3_source_data.tsv
B_power	Se0.99_Sp0.8		kappa	0.8060170258414723				outputs_round8/figures/fig3_source_data.tsv
B_power_n	Se0.99_Sp0.8	750	kappa	0.8060170258414723				outputs_round8/figures/fig3_source_data.tsv
B_power	Se0.99_Sp0.8		kappa	0.8020437997304909				outputs_round8/figures/fig3_source_data.tsv
B_power_n	Se0.99_Sp0.8	800	kappa	0.8020437997304909				outputs_round8/figures/fig3_source_data.tsv
B_power	Se0.99_Sp0.8		kappa	0.7980719274952375				outputs_round8/figures/fig3_source_data.tsv
B_power_n	Se0.99_Sp0.8	850	kappa	0.7980719274952375				outputs_round8/figures/fig3_source_data.tsv
B_power	Se0.99_Sp0.8		kappa	0.7941081565379217				outputs_round8/figures/fig3_source_data.tsv
B_power_n	Se0.99_Sp0.8	900	kappa	0.7941081565379217				outputs_round8/figures/fig3_source_data.tsv
B_power	Se0.99_Sp0.8		kappa	0.7901576820637537				outputs_round8/figures/fig3_source_data.tsv
B_power_n	Se0.99_Sp0.8	950	kappa	0.7901576820637537				outputs_round8/figures/fig3_source_data.tsv
B_power	Se0.99_Sp0.8		kappa	0.7862245365615737				outputs_round8/figures/fig3_source_data.tsv
B_power_n	Se0.99_Sp0.8	1000	kappa	0.7862245365615737				outputs_round8/figures/fig3_source_data.tsv
B_power	Se0.99_Sp0.8		kappa	0.7823118684613174				outputs_round8/figures/fig3_source_data.tsv
B_power_n	Se0.99_Sp0.8	1050	kappa	0.7823118684613174				outputs_round8/figures/fig3_source_data.tsv
B_power	Se0.99_Sp0.8		kappa	0.7784221450640865				outputs_round8/figures/fig3_source_data.tsv
B_power_n	Se0.99_Sp0.8	1100	kappa	0.7784221450640865				outputs_round8/figures/fig3_source_data.tsv
B_power	Se0.99_Sp0.8		kappa	0.7745573026894412				outputs_round8/figures/fig3_source_data.tsv
B_power_n	Se0.99_Sp0.8	1150	kappa	0.7745573026894412				outputs_round8/figures/fig3_source_data.tsv
B_power	Se0.99_Sp0.8		kappa	0.7707188593699744				outputs_round8/figures/fig3_source_data.tsv
B_power_n	Se0.99_Sp0.8	1200	kappa	0.7707188593699744				outputs_round8/figures/fig3_source_data.tsv
B_power	Se0.99_Sp0.8		kappa	0.7669080005382796				outputs_round8/figures/fig3_source_data.tsv
B_power_n	Se0.99_Sp0.8	1250	kappa	0.7669080005382796				outputs_round8/figures/fig3_source_data.tsv
B_power	Se0.99_Sp0.8		kappa	0.7631256449505376				outputs_round8/figures/fig3_source_data.tsv
B_power_n	Se0.99_Sp0.8	1300	kappa	0.7631256449505376				outputs_round8/figures/fig3_source_data.tsv
B_power	Se0.99_Sp0.8		kappa	0.7593724959528376				outputs_round8/figures/fig3_source_data.tsv
B_power_n	Se0.99_Sp0.8	1350	kappa	0.7593724959528376				outputs_round8/figures/fig3_source_data.tsv
B_power	Se0.99_Sp0.8		kappa	0.7556490817428881				outputs_round8/figures/fig3_source_data.tsv
B_power_n	Se0.99_Sp0.8	1400	kappa	0.7556490817428881				outputs_round8/figures/fig3_source_data.tsv
B_power	Se0.99_Sp0.8		kappa	0.751955787275746				outputs_round8/figures/fig3_source_data.tsv
B_power_n	Se0.99_Sp0.8	1450	kappa	0.751955787275746				outputs_round8/figures/fig3_source_data.tsv
B_power	Se0.99_Sp0.8		kappa	0.7482928797583047				outputs_round8/figures/fig3_source_data.tsv
B_power_n	Se0.99_Sp0.8	1500	kappa	0.7482928797583047				outputs_round8/figures/fig3_source_data.tsv
B_power	Se0.99_Sp0.8		kappa	0.7446605291770603				outputs_round8/figures/fig3_source_data.tsv
B_power_n	Se0.99_Sp0.8	1550	kappa	0.7446605291770603				outputs_round8/figures/fig3_source_data.tsv
B_power	Se0.99_Sp0.8		kappa	0.7410588249436728				outputs_round8/figures/fig3_source_data.tsv
B_power_n	Se0.99_Sp0.8	1600	kappa	0.7410588249436728				outputs_round8/figures/fig3_source_data.tsv
B_power	Se0.99_Sp0.8		kappa	0.7374877894807108				outputs_round8/figures/fig3_source_data.tsv
B_power_n	Se0.99_Sp0.8	1650	kappa	0.7374877894807108				outputs_round8/figures/fig3_source_data.tsv
B_power	Se0.99_Sp0.8		kappa	0.7339473893770074				outputs_round8/figures/fig3_source_data.tsv
B_power_n	Se0.99_Sp0.8	1700	kappa	0.7339473893770074				outputs_round8/figures/fig3_source_data.tsv
B_power	Se0.99_Sp0.8		kappa	0.7304375445985694				outputs_round8/figures/fig3_source_data.tsv
B_power_n	Se0.99_Sp0.8	1750	kappa	0.7304375445985694				outputs_round8/figures/fig3_source_data.tsv
B_power	Se0.99_Sp0.8		kappa	0.7269581361332622				outputs_round8/figures/fig3_source_data.tsv
B_power_n	Se0.99_Sp0.8	1800	kappa	0.7269581361332622				outputs_round8/figures/fig3_source_data.tsv
B_power	Se0.99_Sp0.8		kappa	0.723509012365904				outputs_round8/figures/fig3_source_data.tsv
B_power_n	Se0.99_Sp0.8	1850	kappa	0.723509012365904				outputs_round8/figures/fig3_source_data.tsv
B_power	Se0.99_Sp0.8		kappa	0.720089994418082				outputs_round8/figures/fig3_source_data.tsv
B_power_n	Se0.99_Sp0.8	1900	kappa	0.720089994418082				outputs_round8/figures/fig3_source_data.tsv
B_power	Se0.99_Sp0.8		kappa	0.7167008806390307				outputs_round8/figures/fig3_source_data.tsv
B_power_n	Se0.99_Sp0.8	1950	kappa	0.7167008806390307				outputs_round8/figures/fig3_source_data.tsv
B_power	Se0.99_Sp0.8		kappa	0.7133414503967046				outputs_round8/figures/fig3_source_data.tsv
B_power_n	Se0.99_Sp0.8	2000	kappa	0.7133414503967046				outputs_round8/figures/fig3_source_data.tsv
B_power	Se0.99_Sp0.8		kappa	0.6813228455949801				outputs_round8/figures/fig3_source_data.tsv
B_power_n	Se0.99_Sp0.8	2500	kappa	0.6813228455949801				outputs_round8/figures/fig3_source_data.tsv
B_power	Se0.99_Sp0.8		kappa	0.6519697192741326				outputs_round8/figures/fig3_source_data.tsv
B_power_n	Se0.99_Sp0.8	3000	kappa	0.6519697192741326				outputs_round8/figures/fig3_source_data.tsv
B_power	Se0.99_Sp0.8		kappa	0.6249965096993129				outputs_round8/figures/fig3_source_data.tsv
B_power_n	Se0.99_Sp0.8	3500	kappa	0.6249965096993129				outputs_round8/figures/fig3_source_data.tsv
B_power	Se0.99_Sp0.8		kappa	0.6001406605607359				outputs_round8/figures/fig3_source_data.tsv
B_power_n	Se0.99_Sp0.8	4000	kappa	0.6001406605607359				outputs_round8/figures/fig3_source_data.tsv
B_power	Se0.99_Sp0.8		kappa	0.577170276616882				outputs_round8/figures/fig3_source_data.tsv
B_power_n	Se0.99_Sp0.8	4500	kappa	0.577170276616882				outputs_round8/figures/fig3_source_data.tsv
B_power	Se0.99_Sp0.8		kappa	0.5558831106426525				outputs_round8/figures/fig3_source_data.tsv
B_power_n	Se0.99_Sp0.8	5000	kappa	0.5558831106426525				outputs_round8/figures/fig3_source_data.tsv
B_power	Se0.99_Sp0.8		kappa	0.5361033192007199				outputs_round8/figures/fig3_source_data.tsv
B_power_n	Se0.99_Sp0.8	5500	kappa	0.5361033192007199				outputs_round8/figures/fig3_source_data.tsv
B_power	Se0.99_Sp0.8		kappa	0.5176779028389628				outputs_round8/figures/fig3_source_data.tsv
B_power_n	Se0.99_Sp0.8	6000	kappa	0.5176779028389628				outputs_round8/figures/fig3_source_data.tsv
B_power	Se0.99_Sp0.8		kappa	0.5004734171476253				outputs_round8/figures/fig3_source_data.tsv
B_power_n	Se0.99_Sp0.8	6500	kappa	0.5004734171476253				outputs_round8/figures/fig3_source_data.tsv
B_power	Se0.99_Sp0.8		kappa	0.4843731065087048				outputs_round8/figures/fig3_source_data.tsv
B_power_n	Se0.99_Sp0.8	7000	kappa	0.4843731065087048				outputs_round8/figures/fig3_source_data.tsv
B_power	Se0.99_Sp0.8		kappa	0.4692744645059714				outputs_round8/figures/fig3_source_data.tsv
B_power_n	Se0.99_Sp0.8	7500	kappa	0.4692744645059714				outputs_round8/figures/fig3_source_data.tsv
B_power	Se0.99_Sp0.8		kappa	0.4550871773197251				outputs_round8/figures/fig3_source_data.tsv
B_power_n	Se0.99_Sp0.8	8000	kappa	0.4550871773197251				outputs_round8/figures/fig3_source_data.tsv
B_power	Se0.99_Sp0.8		kappa	0.4417313953599829				outputs_round8/figures/fig3_source_data.tsv
B_power_n	Se0.99_Sp0.8	8500	kappa	0.4417313953599829				outputs_round8/figures/fig3_source_data.tsv
B_power	Se0.99_Sp0.8		kappa	0.4291362805239147				outputs_round8/figures/fig3_source_data.tsv
B_power_n	Se0.99_Sp0.8	9000	kappa	0.4291362805239147				outputs_round8/figures/fig3_source_data.tsv
B_power	Se0.99_Sp0.8		kappa	0.4172387828362242				outputs_round8/figures/fig3_source_data.tsv
B_power_n	Se0.99_Sp0.8	9500	kappa	0.4172387828362242				outputs_round8/figures/fig3_source_data.tsv
B_power	Se0.99_Sp0.8		kappa	0.4059826073786204				outputs_round8/figures/fig3_source_data.tsv
B_power_n	Se0.99_Sp0.8	10000	kappa	0.4059826073786204				outputs_round8/figures/fig3_source_data.tsv
B_power	Se0.99_Sp0.8		kappa	0.395317339056097				outputs_round8/figures/fig3_source_data.tsv
B_power_n	Se0.99_Sp0.8	10500	kappa	0.395317339056097				outputs_round8/figures/fig3_source_data.tsv
B_power	Se0.99_Sp0.8		kappa	0.3851976984881707				outputs_round8/figures/fig3_source_data.tsv
B_power_n	Se0.99_Sp0.8	11000	kappa	0.3851976984881707				outputs_round8/figures/fig3_source_data.tsv
B_power	Se0.99_Sp0.8		kappa	0.3755829071106066				outputs_round8/figures/fig3_source_data.tsv
B_power_n	Se0.99_Sp0.8	11500	kappa	0.3755829071106066				outputs_round8/figures/fig3_source_data.tsv
B_power	Se0.99_Sp0.8		kappa	0.3664361435160024				outputs_round8/figures/fig3_source_data.tsv
B_power_n	Se0.99_Sp0.8	12000	kappa	0.3664361435160024				outputs_round8/figures/fig3_source_data.tsv
B_power	Se0.99_Sp0.8		kappa	0.3577240762761457				outputs_round8/figures/fig3_source_data.tsv
B_power_n	Se0.99_Sp0.8	12500	kappa	0.3577240762761457				outputs_round8/figures/fig3_source_data.tsv
B_power	Se0.99_Sp0.8		kappa	0.3494164611008871				outputs_round8/figures/fig3_source_data.tsv
B_power_n	Se0.99_Sp0.8	13000	kappa	0.3494164611008871				outputs_round8/figures/fig3_source_data.tsv
B_power	Se0.99_Sp0.8		kappa	0.3414857923091659				outputs_round8/figures/fig3_source_data.tsv
B_power_n	Se0.99_Sp0.8	13500	kappa	0.3414857923091659				outputs_round8/figures/fig3_source_data.tsv
B_power	Se0.99_Sp0.8		kappa	0.333907000311779				outputs_round8/figures/fig3_source_data.tsv
B_power_n	Se0.99_Sp0.8	14000	kappa	0.333907000311779				outputs_round8/figures/fig3_source_data.tsv
B_power	Se0.99_Sp0.8		kappa	0.3266571882096321				outputs_round8/figures/fig3_source_data.tsv
B_power_n	Se0.99_Sp0.8	14500	kappa	0.3266571882096321				outputs_round8/figures/fig3_source_data.tsv
B_power	Se0.99_Sp0.8		kappa	0.3197154017579808				outputs_round8/figures/fig3_source_data.tsv
B_power_n	Se0.99_Sp0.8	15000	kappa	0.3197154017579808				outputs_round8/figures/fig3_source_data.tsv
B_power	Se0.99_Sp0.8		kappa	0.3130624278864787				outputs_round8/figures/fig3_source_data.tsv
B_power_n	Se0.99_Sp0.8	15500	kappa	0.3130624278864787				outputs_round8/figures/fig3_source_data.tsv
B_power	Se0.99_Sp0.8		kappa	0.3066806177368416				outputs_round8/figures/fig3_source_data.tsv
B_power_n	Se0.99_Sp0.8	16000	kappa	0.3066806177368416				outputs_round8/figures/fig3_source_data.tsv
B_power	Se0.99_Sp0.8		kappa	0.300553730816447				outputs_round8/figures/fig3_source_data.tsv
B_power_n	Se0.99_Sp0.8	16500	kappa	0.300553730816447				outputs_round8/figures/fig3_source_data.tsv
B_power	Se0.99_Sp0.8		kappa	0.2946667973928645				outputs_round8/figures/fig3_source_data.tsv
B_power_n	Se0.99_Sp0.8	17000	kappa	0.2946667973928645				outputs_round8/figures/fig3_source_data.tsv
B_power	Se0.99_Sp0.8		kappa	0.2890059966915161				outputs_round8/figures/fig3_source_data.tsv
B_power_n	Se0.99_Sp0.8	17500	kappa	0.2890059966915161				outputs_round8/figures/fig3_source_data.tsv
B_power	Se0.99_Sp0.8		kappa	0.2835585488228941				outputs_round8/figures/fig3_source_data.tsv
B_power_n	Se0.99_Sp0.8	18000	kappa	0.2835585488228941				outputs_round8/figures/fig3_source_data.tsv
B_power	Se0.99_Sp0.8		kappa	0.2783126186701423				outputs_round8/figures/fig3_source_data.tsv
B_power_n	Se0.99_Sp0.8	18500	kappa	0.2783126186701423				outputs_round8/figures/fig3_source_data.tsv
B_power	Se0.99_Sp0.8		kappa	0.273257230223017				outputs_round8/figures/fig3_source_data.tsv
B_power_n	Se0.99_Sp0.8	19000	kappa	0.273257230223017				outputs_round8/figures/fig3_source_data.tsv
B_power	Se0.99_Sp0.8		kappa	0.2683821900589294				outputs_round8/figures/fig3_source_data.tsv
B_power_n	Se0.99_Sp0.8	19500	kappa	0.2683821900589294				outputs_round8/figures/fig3_source_data.tsv
B_power	Se0.99_Sp0.8		kappa	0.2636780188528912				outputs_round8/figures/fig3_source_data.tsv
B_power_n	Se0.99_Sp0.8	20000	kappa	0.2636780188528912				outputs_round8/figures/fig3_source_data.tsv
B_power	Se0.99_Sp0.9		kappa	0.0				outputs_round8/figures/fig3_source_data.tsv
B_power_n	Se0.99_Sp0.9	0	kappa	0.0				outputs_round8/figures/fig3_source_data.tsv
B_power	Se0.99_Sp0.9		kappa	0.4690968965681399				outputs_round8/figures/fig3_source_data.tsv
B_power_n	Se0.99_Sp0.9	5	kappa	0.4690968965681399				outputs_round8/figures/fig3_source_data.tsv
B_power	Se0.99_Sp0.9		kappa	0.6260880874194199				outputs_round8/figures/fig3_source_data.tsv
B_power_n	Se0.99_Sp0.9	10	kappa	0.6260880874194199				outputs_round8/figures/fig3_source_data.tsv
B_power	Se0.99_Sp0.9		kappa	0.7046038308245609				outputs_round8/figures/fig3_source_data.tsv
B_power_n	Se0.99_Sp0.9	15	kappa	0.7046038308245609				outputs_round8/figures/fig3_source_data.tsv
B_power	Se0.99_Sp0.9		kappa	0.7516571801677777				outputs_round8/figures/fig3_source_data.tsv
B_power_n	Se0.99_Sp0.9	20	kappa	0.7516571801677777				outputs_round8/figures/fig3_source_data.tsv
B_power	Se0.99_Sp0.9		kappa	0.7829592696322917				outputs_round8/figures/fig3_source_data.tsv
B_power_n	Se0.99_Sp0.9	25	kappa	0.7829592696322917				outputs_round8/figures/fig3_source_data.tsv
B_power	Se0.99_Sp0.9		kappa	0.8052532937629813				outputs_round8/figures/fig3_source_data.tsv
B_power_n	Se0.99_Sp0.9	30	kappa	0.8052532937629813				outputs_round8/figures/fig3_source_data.tsv
B_power	Se0.99_Sp0.9		kappa	0.8219140874336236				outputs_round8/figures/fig3_source_data.tsv
B_power_n	Se0.99_Sp0.9	35	kappa	0.8219140874336236				outputs_round8/figures/fig3_source_data.tsv
B_power	Se0.99_Sp0.9		kappa	0.834817839295005				outputs_round8/figures/fig3_source_data.tsv
B_power_n	Se0.99_Sp0.9	40	kappa	0.834817839295005				outputs_round8/figures/fig3_source_data.tsv
B_power	Se0.99_Sp0.9		kappa	0.8450908391307227				outputs_round8/figures/fig3_source_data.tsv
B_power_n	Se0.99_Sp0.9	45	kappa	0.8450908391307227				outputs_round8/figures/fig3_source_data.tsv
B_power	Se0.99_Sp0.9		kappa	0.8534501028636635				outputs_round8/figures/fig3_source_data.tsv
B_power_n	Se0.99_Sp0.9	50	kappa	0.8534501028636635				outputs_round8/figures/fig3_source_data.tsv
B_power	Se0.99_Sp0.9		kappa	0.860373794125396				outputs_round8/figures/fig3_source_data.tsv
B_power_n	Se0.99_Sp0.9	55	kappa	0.860373794125396				outputs_round8/figures/fig3_source_data.tsv
B_power	Se0.99_Sp0.9		kappa	0.8661930362147369				outputs_round8/figures/fig3_source_data.tsv
B_power_n	Se0.99_Sp0.9	60	kappa	0.8661930362147369				outputs_round8/figures/fig3_source_data.tsv
B_power	Se0.99_Sp0.9		kappa	0.8711443976743205				outputs_round8/figures/fig3_source_data.tsv
B_power_n	Se0.99_Sp0.9	65	kappa	0.8711443976743205				outputs_round8/figures/fig3_source_data.tsv
B_power	Se0.99_Sp0.9		kappa	0.8754013943934966				outputs_round8/figures/fig3_source_data.tsv
B_power_n	Se0.99_Sp0.9	70	kappa	0.8754013943934966				outputs_round8/figures/fig3_source_data.tsv
B_power	Se0.99_Sp0.9		kappa	0.8790941840973681				outputs_round8/figures/fig3_source_data.tsv
B_power_n	Se0.99_Sp0.9	75	kappa	0.8790941840973681				outputs_round8/figures/fig3_source_data.tsv
B_power	Se0.99_Sp0.9		kappa	0.8823223129824098				outputs_round8/figures/fig3_source_data.tsv
B_power_n	Se0.99_Sp0.9	80	kappa	0.8823223129824098				outputs_round8/figures/fig3_source_data.tsv
B_power	Se0.99_Sp0.9		kappa	0.885163215287891				outputs_round8/figures/fig3_source_data.tsv
B_power_n	Se0.99_Sp0.9	85	kappa	0.885163215287891				outputs_round8/figures/fig3_source_data.tsv
B_power	Se0.99_Sp0.9		kappa	0.8876780298779616				outputs_round8/figures/fig3_source_data.tsv
B_power_n	Se0.99_Sp0.9	90	kappa	0.8876780298779616				outputs_round8/figures/fig3_source_data.tsv
B_power	Se0.99_Sp0.9		kappa	0.8899156725197536				outputs_round8/figures/fig3_source_data.tsv
B_power_n	Se0.99_Sp0.9	95	kappa	0.8899156725197536				outputs_round8/figures/fig3_source_data.tsv
B_power	Se0.99_Sp0.9		kappa	0.8919157450793469				outputs_round8/figures/fig3_source_data.tsv
B_power_n	Se0.99_Sp0.9	100	kappa	0.8919157450793469				outputs_round8/figures/fig3_source_data.tsv
B_power	Se0.99_Sp0.9		kappa	0.8937106515778747				outputs_round8/figures/fig3_source_data.tsv
B_power_n	Se0.99_Sp0.9	105	kappa	0.8937106515778747				outputs_round8/figures/fig3_source_data.tsv
B_power	Se0.99_Sp0.9		kappa	0.8953271624174853				outputs_round8/figures/fig3_source_data.tsv
B_power_n	Se0.99_Sp0.9	110	kappa	0.8953271624174853				outputs_round8/figures/fig3_source_data.tsv
B_power	Se0.99_Sp0.9		kappa	0.896787587676069				outputs_round8/figures/fig3_source_data.tsv
B_power_n	Se0.99_Sp0.9	115	kappa	0.896787587676069				outputs_round8/figures/fig3_source_data.tsv
B_power	Se0.99_Sp0.9		kappa	0.8981106688978338				outputs_round8/figures/fig3_source_data.tsv
B_power_n	Se0.99_Sp0.9	120	kappa	0.8981106688978338				outputs_round8/figures/fig3_source_data.tsv
B_power	Se0.99_Sp0.9		kappa	0.8993122651469075				outputs_round8/figures/fig3_source_data.tsv
B_power_n	Se0.99_Sp0.9	125	kappa	0.8993122651469075				outputs_round8/figures/fig3_source_data.tsv
B_power	Se0.99_Sp0.9		kappa	0.9004058866479869				outputs_round8/figures/fig3_source_data.tsv
B_power_n	Se0.99_Sp0.9	130	kappa	0.9004058866479869				outputs_round8/figures/fig3_source_data.tsv
B_power	Se0.99_Sp0.9		kappa	0.9014031141068186				outputs_round8/figures/fig3_source_data.tsv
B_power_n	Se0.99_Sp0.9	135	kappa	0.9014031141068186				outputs_round8/figures/fig3_source_data.tsv
B_power	Se0.99_Sp0.9		kappa	0.90231393129771				outputs_round8/figures/fig3_source_data.tsv
B_power_n	Se0.99_Sp0.9	140	kappa	0.90231393129771				outputs_round8/figures/fig3_source_data.tsv
B_power	Se0.99_Sp0.9		kappa	0.9031469911505924				outputs_round8/figures/fig3_source_data.tsv
B_power_n	Se0.99_Sp0.9	145	kappa	0.9031469911505924				outputs_round8/figures/fig3_source_data.tsv
B_power	Se0.99_Sp0.9		kappa	0.9039098303501246				outputs_round8/figures/fig3_source_data.tsv
B_power_n	Se0.99_Sp0.9	150	kappa	0.9039098303501246				outputs_round8/figures/fig3_source_data.tsv
B_power	Se0.99_Sp0.9		kappa	0.904609043707139				outputs_round8/figures/fig3_source_data.tsv
B_power_n	Se0.99_Sp0.9	155	kappa	0.904609043707139				outputs_round8/figures/fig3_source_data.tsv
B_power	Se0.99_Sp0.9		kappa	0.905250426833568				outputs_round8/figures/fig3_source_data.tsv
B_power_n	Se0.99_Sp0.9	160	kappa	0.905250426833568				outputs_round8/figures/fig3_source_data.tsv
B_power	Se0.99_Sp0.9		kappa	0.90583909364514				outputs_round8/figures/fig3_source_data.tsv
B_power_n	Se0.99_Sp0.9	165	kappa	0.90583909364514				outputs_round8/figures/fig3_source_data.tsv
B_power	Se0.99_Sp0.9		kappa	0.9063795737251766				outputs_round8/figures/fig3_source_data.tsv
B_power_n	Se0.99_Sp0.9	170	kappa	0.9063795737251766				outputs_round8/figures/fig3_source_data.tsv
B_power	Se0.99_Sp0.9		kappa	0.9068758934645595				outputs_round8/figures/fig3_source_data.tsv
B_power_n	Se0.99_Sp0.9	175	kappa	0.9068758934645595				outputs_round8/figures/fig3_source_data.tsv
B_power	Se0.99_Sp0.9		kappa	0.9073316440465972				outputs_round8/figures/fig3_source_data.tsv
B_power_n	Se0.99_Sp0.9	180	kappa	0.9073316440465972				outputs_round8/figures/fig3_source_data.tsv
B_power	Se0.99_Sp0.9		kappa	0.9077500386996076				outputs_round8/figures/fig3_source_data.tsv
B_power_n	Se0.99_Sp0.9	185	kappa	0.9077500386996076				outputs_round8/figures/fig3_source_data.tsv
B_power	Se0.99_Sp0.9		kappa	0.908133961143154				outputs_round8/figures/fig3_source_data.tsv
B_power_n	Se0.99_Sp0.9	190	kappa	0.908133961143154				outputs_round8/figures/fig3_source_data.tsv
B_power	Se0.99_Sp0.9		kappa	0.9084860067687376				outputs_round8/figures/fig3_source_data.tsv
B_power_n	Se0.99_Sp0.9	195	kappa	0.9084860067687376				outputs_round8/figures/fig3_source_data.tsv
B_power	Se0.99_Sp0.9		kappa	0.908808517795176				outputs_round8/figures/fig3_source_data.tsv
B_power_n	Se0.99_Sp0.9	200	kappa	0.908808517795176				outputs_round8/figures/fig3_source_data.tsv
B_power	Se0.99_Sp0.9		kappa	0.910793178657014				outputs_round8/figures/fig3_source_data.tsv
B_power_n	Se0.99_Sp0.9	250	kappa	0.910793178657014				outputs_round8/figures/fig3_source_data.tsv
B_power	Se0.99_Sp0.9		kappa	0.9113035716744146				outputs_round8/figures/fig3_source_data.tsv
B_power_n	Se0.99_Sp0.9	300	kappa	0.9113035716744146				outputs_round8/figures/fig3_source_data.tsv
B_power	Se0.99_Sp0.9		kappa	0.9109683479140452				outputs_round8/figures/fig3_source_data.tsv
B_power_n	Se0.99_Sp0.9	350	kappa	0.9109683479140452				outputs_round8/figures/fig3_source_data.tsv
B_power	Se0.99_Sp0.9		kappa	0.9101056877523714				outputs_round8/figures/fig3_source_data.tsv
B_power_n	Se0.99_Sp0.9	400	kappa	0.9101056877523714				outputs_round8/figures/fig3_source_data.tsv
B_power	Se0.99_Sp0.9		kappa	0.9088938754193976				outputs_round8/figures/fig3_source_data.tsv
B_power_n	Se0.99_Sp0.9	450	kappa	0.9088938754193976				outputs_round8/figures/fig3_source_data.tsv
B_power	Se0.99_Sp0.9		kappa	0.907440549834774				outputs_round8/figures/fig3_source_data.tsv
B_power_n	Se0.99_Sp0.9	500	kappa	0.907440549834774				outputs_round8/figures/fig3_source_data.tsv
B_power	Se0.99_Sp0.9		kappa	0.9058145251438348				outputs_round8/figures/fig3_source_data.tsv
B_power_n	Se0.99_Sp0.9	550	kappa	0.9058145251438348				outputs_round8/figures/fig3_source_data.tsv
B_power	Se0.99_Sp0.9		kappa	0.9040618334702908				outputs_round8/figures/fig3_source_data.tsv
B_power_n	Se0.99_Sp0.9	600	kappa	0.9040618334702908				outputs_round8/figures/fig3_source_data.tsv
B_power	Se0.99_Sp0.9		kappa	0.9022144202674566				outputs_round8/figures/fig3_source_data.tsv
B_power_n	Se0.99_Sp0.9	650	kappa	0.9022144202674566				outputs_round8/figures/fig3_source_data.tsv
B_power	Se0.99_Sp0.9		kappa	0.9002951397153329				outputs_round8/figures/fig3_source_data.tsv
B_power_n	Se0.99_Sp0.9	700	kappa	0.9002951397153329				outputs_round8/figures/fig3_source_data.tsv
B_power	Se0.99_Sp0.9		kappa	0.8983207652868477				outputs_round8/figures/fig3_source_data.tsv
B_power_n	Se0.99_Sp0.9	750	kappa	0.8983207652868477				outputs_round8/figures/fig3_source_data.tsv
B_power	Se0.99_Sp0.9		kappa	0.8963038784120756				outputs_round8/figures/fig3_source_data.tsv
B_power_n	Se0.99_Sp0.9	800	kappa	0.8963038784120756				outputs_round8/figures/fig3_source_data.tsv
B_power	Se0.99_Sp0.9		kappa	0.894254094478017				outputs_round8/figures/fig3_source_data.tsv
B_power_n	Se0.99_Sp0.9	850	kappa	0.894254094478017				outputs_round8/figures/fig3_source_data.tsv
B_power	Se0.99_Sp0.9		kappa	0.8921788824322033				outputs_round8/figures/fig3_source_data.tsv
B_power_n	Se0.99_Sp0.9	900	kappa	0.8921788824322033				outputs_round8/figures/fig3_source_data.tsv
B_power	Se0.99_Sp0.9		kappa	0.8900841269252208				outputs_round8/figures/fig3_source_data.tsv
B_power_n	Se0.99_Sp0.9	950	kappa	0.8900841269252208				outputs_round8/figures/fig3_source_data.tsv
B_power	Se0.99_Sp0.9		kappa	0.8879745226518604				outputs_round8/figures/fig3_source_data.tsv
B_power_n	Se0.99_Sp0.9	1000	kappa	0.8879745226518604				outputs_round8/figures/fig3_source_data.tsv
B_power	Se0.99_Sp0.9		kappa	0.885853856557641				outputs_round8/figures/fig3_source_data.tsv
B_power_n	Se0.99_Sp0.9	1050	kappa	0.885853856557641				outputs_round8/figures/fig3_source_data.tsv
B_power	Se0.99_Sp0.9		kappa	0.8837252134272892				outputs_round8/figures/fig3_source_data.tsv
B_power_n	Se0.99_Sp0.9	1100	kappa	0.8837252134272892				outputs_round8/figures/fig3_source_data.tsv
B_power	Se0.99_Sp0.9		kappa	0.8815911280720542				outputs_round8/figures/fig3_source_data.tsv
B_power_n	Se0.99_Sp0.9	1150	kappa	0.8815911280720542				outputs_round8/figures/fig3_source_data.tsv
B_power	Se0.99_Sp0.9		kappa	0.879453699626136				outputs_round8/figures/fig3_source_data.tsv
B_power_n	Se0.99_Sp0.9	1200	kappa	0.879453699626136				outputs_round8/figures/fig3_source_data.tsv
B_power	Se0.99_Sp0.9		kappa	0.877314678519132				outputs_round8/figures/fig3_source_data.tsv
B_power_n	Se0.99_Sp0.9	1250	kappa	0.877314678519132				outputs_round8/figures/fig3_source_data.tsv
B_power	Se0.99_Sp0.9		kappa	0.8751755334526143				outputs_round8/figures/fig3_source_data.tsv
B_power_n	Se0.99_Sp0.9	1300	kappa	0.8751755334526143				outputs_round8/figures/fig3_source_data.tsv
B_power	Se0.99_Sp0.9		kappa	0.8730375035457217				outputs_round8/figures/fig3_source_data.tsv
B_power_n	Se0.99_Sp0.9	1350	kappa	0.8730375035457217				outputs_round8/figures/fig3_source_data.tsv
B_power	Se0.99_Sp0.9		kappa	0.8709016393442622				outputs_round8/figures/fig3_source_data.tsv
B_power_n	Se0.99_Sp0.9	1400	kappa	0.8709016393442622				outputs_round8/figures/fig3_source_data.tsv
B_power	Se0.99_Sp0.9		kappa	0.8687688353721823				outputs_round8/figures/fig3_source_data.tsv
B_power_n	Se0.99_Sp0.9	1450	kappa	0.8687688353721823				outputs_round8/figures/fig3_source_data.tsv
B_power	Se0.99_Sp0.9		kappa	0.8666398561922812				outputs_round8/figures/fig3_source_data.tsv
B_power_n	Se0.99_Sp0.9	1500	kappa	0.8666398561922812				outputs_round8/figures/fig3_source_data.tsv
B_power	Se0.99_Sp0.9		kappa	0.86451535743712				outputs_round8/figures/fig3_source_data.tsv
B_power_n	Se0.99_Sp0.9	1550	kappa	0.86451535743712				outputs_round8/figures/fig3_source_data.tsv
B_power	Se0.99_Sp0.9		kappa	0.8623959029069729				outputs_round8/figures/fig3_source_data.tsv
B_power_n	Se0.99_Sp0.9	1600	kappa	0.8623959029069729				outputs_round8/figures/fig3_source_data.tsv
B_power	Se0.99_Sp0.9		kappa	0.8602819785665847				outputs_round8/figures/fig3_source_data.tsv
B_power_n	Se0.99_Sp0.9	1650	kappa	0.8602819785665847				outputs_round8/figures/fig3_source_data.tsv
B_power	Se0.99_Sp0.9		kappa	0.8581740040773596				outputs_round8/figures/fig3_source_data.tsv
B_power_n	Se0.99_Sp0.9	1700	kappa	0.8581740040773596				outputs_round8/figures/fig3_source_data.tsv
B_power	Se0.99_Sp0.9		kappa	0.8560723423565132				outputs_round8/figures/fig3_source_data.tsv
B_power_n	Se0.99_Sp0.9	1750	kappa	0.8560723423565132				outputs_round8/figures/fig3_source_data.tsv
B_power	Se0.99_Sp0.9		kappa	0.8539773075457913				outputs_round8/figures/fig3_source_data.tsv
B_power_n	Se0.99_Sp0.9	1800	kappa	0.8539773075457913				outputs_round8/figures/fig3_source_data.tsv
B_power	Se0.99_Sp0.9		kappa	0.8518891716898628				outputs_round8/figures/fig3_source_data.tsv
B_power_n	Se0.99_Sp0.9	1850	kappa	0.8518891716898628				outputs_round8/figures/fig3_source_data.tsv
B_power	Se0.99_Sp0.9		kappa	0.8498081703614762				outputs_round8/figures/fig3_source_data.tsv
B_power_n	Se0.99_Sp0.9	1900	kappa	0.8498081703614762				outputs_round8/figures/fig3_source_data.tsv
B_power	Se0.99_Sp0.9		kappa	0.8477345074219587				outputs_round8/figures/fig3_source_data.tsv
B_power_n	Se0.99_Sp0.9	1950	kappa	0.8477345074219587				outputs_round8/figures/fig3_source_data.tsv
B_power	Se0.99_Sp0.9		kappa	0.8456683590680226				outputs_round8/figures/fig3_source_data.tsv
B_power_n	Se0.99_Sp0.9	2000	kappa	0.8456683590680226				outputs_round8/figures/fig3_source_data.tsv
B_power	Se0.99_Sp0.9		kappa	0.8254448314480779				outputs_round8/figures/fig3_source_data.tsv
B_power_n	Se0.99_Sp0.9	2500	kappa	0.8254448314480779				outputs_round8/figures/fig3_source_data.tsv
B_power	Se0.99_Sp0.9		kappa	0.8060501275757681				outputs_round8/figures/fig3_source_data.tsv
B_power_n	Se0.99_Sp0.9	3000	kappa	0.8060501275757681				outputs_round8/figures/fig3_source_data.tsv
B_power	Se0.99_Sp0.9		kappa	0.7874827201412367				outputs_round8/figures/fig3_source_data.tsv
B_power_n	Se0.99_Sp0.9	3500	kappa	0.7874827201412367				outputs_round8/figures/fig3_source_data.tsv
B_power	Se0.99_Sp0.9		kappa	0.7697137305926357				outputs_round8/figures/fig3_source_data.tsv
B_power_n	Se0.99_Sp0.9	4000	kappa	0.7697137305926357				outputs_round8/figures/fig3_source_data.tsv
B_power	Se0.99_Sp0.9		kappa	0.7527048858608825				outputs_round8/figures/fig3_source_data.tsv
B_power_n	Se0.99_Sp0.9	4500	kappa	0.7527048858608825				outputs_round8/figures/fig3_source_data.tsv
B_power	Se0.99_Sp0.9		kappa	0.7364153855036847				outputs_round8/figures/fig3_source_data.tsv
B_power_n	Se0.99_Sp0.9	5000	kappa	0.7364153855036847				outputs_round8/figures/fig3_source_data.tsv
B_power	Se0.99_Sp0.9		kappa	0.7208047740352731				outputs_round8/figures/fig3_source_data.tsv
B_power_n	Se0.99_Sp0.9	5500	kappa	0.7208047740352731				outputs_round8/figures/fig3_source_data.tsv
B_power	Se0.99_Sp0.9		kappa	0.7058341805727896				outputs_round8/figures/fig3_source_data.tsv
B_power_n	Se0.99_Sp0.9	6000	kappa	0.7058341805727896				outputs_round8/figures/fig3_source_data.tsv
B_power	Se0.99_Sp0.9		kappa	0.6914668303437318				outputs_round8/figures/fig3_source_data.tsv
B_power_n	Se0.99_Sp0.9	6500	kappa	0.6914668303437318				outputs_round8/figures/fig3_source_data.tsv
B_power	Se0.99_Sp0.9		kappa	0.677668212210031				outputs_round8/figures/fig3_source_data.tsv
B_power_n	Se0.99_Sp0.9	7000	kappa	0.677668212210031				outputs_round8/figures/fig3_source_data.tsv
B_power	Se0.99_Sp0.9		kappa	0.6644060786383114				outputs_round8/figures/fig3_source_data.tsv
B_power_n	Se0.99_Sp0.9	7500	kappa	0.6644060786383114				outputs_round8/figures/fig3_source_data.tsv
B_power	Se0.99_Sp0.9		kappa	0.6516503640760305				outputs_round8/figures/fig3_source_data.tsv
B_power_n	Se0.99_Sp0.9	8000	kappa	0.6516503640760305				outputs_round8/figures/fig3_source_data.tsv
B_power	Se0.99_Sp0.9		kappa	0.6393730654603073				outputs_round8/figures/fig3_source_data.tsv
B_power_n	Se0.99_Sp0.9	8500	kappa	0.6393730654603073				outputs_round8/figures/fig3_source_data.tsv
B_power	Se0.99_Sp0.9		kappa	0.6275481077422127				outputs_round8/figures/fig3_source_data.tsv
B_power_n	Se0.99_Sp0.9	9000	kappa	0.6275481077422127				outputs_round8/figures/fig3_source_data.tsv
B_power	Se0.99_Sp0.9		kappa	0.6161512065539437				outputs_round8/figures/fig3_source_data.tsv
B_power_n	Se0.99_Sp0.9	9500	kappa	0.6161512065539437				outputs_round8/figures/fig3_source_data.tsv
B_power	Se0.99_Sp0.9		kappa	0.6051597344003005				outputs_round8/figures/fig3_source_data.tsv
B_power_n	Se0.99_Sp0.9	10000	kappa	0.6051597344003005				outputs_round8/figures/fig3_source_data.tsv
B_power	Se0.99_Sp0.9		kappa	0.5945525936063395				outputs_round8/figures/fig3_source_data.tsv
B_power_n	Se0.99_Sp0.9	10500	kappa	0.5945525936063395				outputs_round8/figures/fig3_source_data.tsv
B_power	Se0.99_Sp0.9		kappa	0.5843100974979984				outputs_round8/figures/fig3_source_data.tsv
B_power_n	Se0.99_Sp0.9	11000	kappa	0.5843100974979984				outputs_round8/figures/fig3_source_data.tsv
B_power	Se0.99_Sp0.9		kappa	0.5744138603086462				outputs_round8/figures/fig3_source_data.tsv
B_power_n	Se0.99_Sp0.9	11500	kappa	0.5744138603086462				outputs_round8/figures/fig3_source_data.tsv
B_power	Se0.99_Sp0.9		kappa	0.5648466957570504				outputs_round8/figures/fig3_source_data.tsv
B_power_n	Se0.99_Sp0.9	12000	kappa	0.5648466957570504				outputs_round8/figures/fig3_source_data.tsv
B_power	Se0.99_Sp0.9		kappa	0.5555925239461583				outputs_round8/figures/fig3_source_data.tsv
B_power_n	Se0.99_Sp0.9	12500	kappa	0.5555925239461583				outputs_round8/figures/fig3_source_data.tsv
B_power	Se0.99_Sp0.9		kappa	0.5466362860821715				outputs_round8/figures/fig3_source_data.tsv
B_power_n	Se0.99_Sp0.9	13000	kappa	0.5466362860821715				outputs_round8/figures/fig3_source_data.tsv
B_power	Se0.99_Sp0.9		kappa	0.5379638664489523				outputs_round8/figures/fig3_source_data.tsv
B_power_n	Se0.99_Sp0.9	13500	kappa	0.5379638664489523				outputs_round8/figures/fig3_source_data.tsv
B_power	Se0.99_Sp0.9		kappa	0.5295620210578781				outputs_round8/figures/fig3_source_data.tsv
B_power_n	Se0.99_Sp0.9	14000	kappa	0.5295620210578781				outputs_round8/figures/fig3_source_data.tsv
B_power	Se0.99_Sp0.9		kappa	0.5214183124065664				outputs_round8/figures/fig3_source_data.tsv
B_power_n	Se0.99_Sp0.9	14500	kappa	0.5214183124065664				outputs_round8/figures/fig3_source_data.tsv
B_power	Se0.99_Sp0.9		kappa	0.5135210498085387				outputs_round8/figures/fig3_source_data.tsv
B_power_n	Se0.99_Sp0.9	15000	kappa	0.5135210498085387				outputs_round8/figures/fig3_source_data.tsv
B_power	Se0.99_Sp0.9		kappa	0.5058592347921229				outputs_round8/figures/fig3_source_data.tsv
B_power_n	Se0.99_Sp0.9	15500	kappa	0.5058592347921229				outputs_round8/figures/fig3_source_data.tsv
B_power	Se0.99_Sp0.9		kappa	0.4984225111061189				outputs_round8/figures/fig3_source_data.tsv
B_power_n	Se0.99_Sp0.9	16000	kappa	0.4984225111061189				outputs_round8/figures/fig3_source_data.tsv
B_power	Se0.99_Sp0.9		kappa	0.4912011189091597				outputs_round8/figures/fig3_source_data.tsv
B_power_n	Se0.99_Sp0.9	16500	kappa	0.4912011189091597				outputs_round8/figures/fig3_source_data.tsv
B_power	Se0.99_Sp0.9		kappa	0.4841858527577611				outputs_round8/figures/fig3_source_data.tsv
B_power_n	Se0.99_Sp0.9	17000	kappa	0.4841858527577611				outputs_round8/figures/fig3_source_data.tsv
B_power	Se0.99_Sp0.9		kappa	0.4773680230439085				outputs_round8/figures/fig3_source_data.tsv
B_power_n	Se0.99_Sp0.9	17500	kappa	0.4773680230439085				outputs_round8/figures/fig3_source_data.tsv
B_power	Se0.99_Sp0.9		kappa	0.4707394205662403				outputs_round8/figures/fig3_source_data.tsv
B_power_n	Se0.99_Sp0.9	18000	kappa	0.4707394205662403				outputs_round8/figures/fig3_source_data.tsv
B_power	Se0.99_Sp0.9		kappa	0.4642922839493676				outputs_round8/figures/fig3_source_data.tsv
B_power_n	Se0.99_Sp0.9	18500	kappa	0.4642922839493676				outputs_round8/figures/fig3_source_data.tsv
B_power	Se0.99_Sp0.9		kappa	0.4580192696535871				outputs_round8/figures/fig3_source_data.tsv
B_power_n	Se0.99_Sp0.9	19000	kappa	0.4580192696535871				outputs_round8/figures/fig3_source_data.tsv
B_power	Se0.99_Sp0.9		kappa	0.4519134243423777				outputs_round8/figures/fig3_source_data.tsv
B_power_n	Se0.99_Sp0.9	19500	kappa	0.4519134243423777				outputs_round8/figures/fig3_source_data.tsv
B_power	Se0.99_Sp0.9		kappa	0.4459681593977362				outputs_round8/figures/fig3_source_data.tsv
B_power_n	Se0.99_Sp0.9	20000	kappa	0.4459681593977362				outputs_round8/figures/fig3_source_data.tsv
B_power	Se0.99_Sp0.95		kappa	0.0				outputs_round8/figures/fig3_source_data.tsv
B_power_n	Se0.99_Sp0.95	0	kappa	0.0				outputs_round8/figures/fig3_source_data.tsv
B_power	Se0.99_Sp0.95		kappa	0.4890404722961034				outputs_round8/figures/fig3_source_data.tsv
B_power_n	Se0.99_Sp0.95	5	kappa	0.4890404722961034				outputs_round8/figures/fig3_source_data.tsv
B_power	Se0.99_Sp0.95		kappa	0.6499511200268443				outputs_round8/figures/fig3_source_data.tsv
B_power_n	Se0.99_Sp0.95	10	kappa	0.6499511200268443				outputs_round8/figures/fig3_source_data.tsv
B_power	Se0.99_Sp0.95		kappa	0.7299682496005027				outputs_round8/figures/fig3_source_data.tsv
B_power_n	Se0.99_Sp0.95	15	kappa	0.7299682496005027				outputs_round8/figures/fig3_source_data.tsv
B_power	Se0.99_Sp0.95		kappa	0.7778075228853846				outputs_round8/figures/fig3_source_data.tsv
B_power_n	Se0.99_Sp0.95	20	kappa	0.7778075228853846				outputs_round8/figures/fig3_source_data.tsv
B_power	Se0.99_Sp0.95		kappa	0.8096074478674062				outputs_round8/figures/fig3_source_data.tsv
B_power_n	Se0.99_Sp0.95	25	kappa	0.8096074478674062				outputs_round8/figures/fig3_source_data.tsv
B_power	Se0.99_Sp0.95		kappa	0.8322601885717367				outputs_round8/figures/fig3_source_data.tsv
B_power_n	Se0.99_Sp0.95	30	kappa	0.8322601885717367				outputs_round8/figures/fig3_source_data.tsv
B_power	Se0.99_Sp0.95		kappa	0.84920387137059				outputs_round8/figures/fig3_source_data.tsv
B_power_n	Se0.99_Sp0.95	35	kappa	0.84920387137059				outputs_round8/figures/fig3_source_data.tsv
B_power	Se0.99_Sp0.95		kappa	0.8623454315581732				outputs_round8/figures/fig3_source_data.tsv
B_power_n	Se0.99_Sp0.95	40	kappa	0.8623454315581732				outputs_round8/figures/fig3_source_data.tsv
B_power	Se0.99_Sp0.95		kappa	0.8728276222016871				outputs_round8/figures/fig3_source_data.tsv
B_power_n	Se0.99_Sp0.95	45	kappa	0.8728276222016871				outputs_round8/figures/fig3_source_data.tsv
B_power	Se0.99_Sp0.95		kappa	0.8813769525363624				outputs_round8/figures/fig3_source_data.tsv
B_power_n	Se0.99_Sp0.95	50	kappa	0.8813769525363624				outputs_round8/figures/fig3_source_data.tsv
B_power	Se0.99_Sp0.95		kappa	0.8884773896183948				outputs_round8/figures/fig3_source_data.tsv
B_power_n	Se0.99_Sp0.95	55	kappa	0.8884773896183948				outputs_round8/figures/fig3_source_data.tsv
B_power	Se0.99_Sp0.95		kappa	0.8944637761894799				outputs_round8/figures/fig3_source_data.tsv
B_power_n	Se0.99_Sp0.95	60	kappa	0.8944637761894799				outputs_round8/figures/fig3_source_data.tsv
B_power	Se0.99_Sp0.95		kappa	0.899575159550049				outputs_round8/figures/fig3_source_data.tsv
B_power_n	Se0.99_Sp0.95	65	kappa	0.899575159550049				outputs_round8/figures/fig3_source_data.tsv
B_power	Se0.99_Sp0.95		kappa	0.9039867626469048				outputs_round8/figures/fig3_source_data.tsv
B_power_n	Se0.99_Sp0.95	70	kappa	0.9039867626469048				outputs_round8/figures/fig3_source_data.tsv
B_power	Se0.99_Sp0.95		kappa	0.9078299521798586				outputs_round8/figures/fig3_source_data.tsv
B_power_n	Se0.99_Sp0.95	75	kappa	0.9078299521798586				outputs_round8/figures/fig3_source_data.tsv
B_power	Se0.99_Sp0.95		kappa	0.9112051514941693				outputs_round8/figures/fig3_source_data.tsv
B_power_n	Se0.99_Sp0.95	80	kappa	0.9112051514941693				outputs_round8/figures/fig3_source_data.tsv
B_power	Se0.99_Sp0.95		kappa	0.9141904447647664				outputs_round8/figures/fig3_source_data.tsv
B_power_n	Se0.99_Sp0.95	85	kappa	0.9141904447647664				outputs_round8/figures/fig3_source_data.tsv
B_power	Se0.99_Sp0.95		kappa	0.9168474614320316				outputs_round8/figures/fig3_source_data.tsv
B_power_n	Se0.99_Sp0.95	90	kappa	0.9168474614320316				outputs_round8/figures/fig3_source_data.tsv
B_power	Se0.99_Sp0.95		kappa	0.9192254936789298				outputs_round8/figures/fig3_source_data.tsv
B_power_n	Se0.99_Sp0.95	95	kappa	0.9192254936789298				outputs_round8/figures/fig3_source_data.tsv
B_power	Se0.99_Sp0.95		kappa	0.9213644364529532				outputs_round8/figures/fig3_source_data.tsv
B_power_n	Se0.99_Sp0.95	100	kappa	0.9213644364529532				outputs_round8/figures/fig3_source_data.tsv
B_power	Se0.99_Sp0.95		kappa	0.9232969249917548				outputs_round8/figures/fig3_source_data.tsv
B_power_n	Se0.99_Sp0.95	105	kappa	0.9232969249917548				outputs_round8/figures/fig3_source_data.tsv
B_power	Se0.99_Sp0.95		kappa	0.9250499142863208				outputs_round8/figures/fig3_source_data.tsv
B_power_n	Se0.99_Sp0.95	110	kappa	0.9250499142863208				outputs_round8/figures/fig3_source_data.tsv
B_power	Se0.99_Sp0.95		kappa	0.9266458633749496				outputs_round8/figures/fig3_source_data.tsv
B_power_n	Se0.99_Sp0.95	115	kappa	0.9266458633749496				outputs_round8/figures/fig3_source_data.tsv
B_power	Se0.99_Sp0.95		kappa	0.9281036351970264				outputs_round8/figures/fig3_source_data.tsv
B_power_n	Se0.99_Sp0.95	120	kappa	0.9281036351970264				outputs_round8/figures/fig3_source_data.tsv
B_power	Se0.99_Sp0.95		kappa	0.9294391886409668				outputs_round8/figures/fig3_source_data.tsv
B_power_n	Se0.99_Sp0.95	125	kappa	0.9294391886409668				outputs_round8/figures/fig3_source_data.tsv
B_power	Se0.99_Sp0.95		kappa	0.930666116698701				outputs_round8/figures/fig3_source_data.tsv
B_power_n	Se0.99_Sp0.95	130	kappa	0.930666116698701				outputs_round8/figures/fig3_source_data.tsv
B_power	Se0.99_Sp0.95		kappa	0.9317960692253996				outputs_round8/figures/fig3_source_data.tsv
B_power_n	Se0.99_Sp0.95	135	kappa	0.9317960692253996				outputs_round8/figures/fig3_source_data.tsv
B_power	Se0.99_Sp0.95		kappa	0.9328390881760604				outputs_round8/figures/fig3_source_data.tsv
B_power_n	Se0.99_Sp0.95	140	kappa	0.9328390881760604				outputs_round8/figures/fig3_source_data.tsv
B_power	Se0.99_Sp0.95		kappa	0.9338038757535708				outputs_round8/figures/fig3_source_data.tsv
B_power_n	Se0.99_Sp0.95	145	kappa	0.9338038757535708				outputs_round8/figures/fig3_source_data.tsv
B_power	Se0.99_Sp0.95		kappa	0.934698010626278				outputs_round8/figures/fig3_source_data.tsv
B_power_n	Se0.99_Sp0.95	150	kappa	0.934698010626278				outputs_round8/figures/fig3_source_data.tsv
B_power	Se0.99_Sp0.95		kappa	0.9355281235814076				outputs_round8/figures/fig3_source_data.tsv
B_power_n	Se0.99_Sp0.95	155	kappa	0.9355281235814076				outputs_round8/figures/fig3_source_data.tsv
B_power	Se0.99_Sp0.95		kappa	0.936300041223652				outputs_round8/figures/fig3_source_data.tsv
B_power_n	Se0.99_Sp0.95	160	kappa	0.936300041223652				outputs_round8/figures/fig3_source_data.tsv
B_power	Se0.99_Sp0.95		kappa	0.937018904301438				outputs_round8/figures/fig3_source_data.tsv
B_power_n	Se0.99_Sp0.95	165	kappa	0.937018904301438				outputs_round8/figures/fig3_source_data.tsv
B_power	Se0.99_Sp0.95		kappa	0.937689265738003				outputs_round8/figures/fig3_source_data.tsv
B_power_n	Se0.99_Sp0.95	170	kappa	0.937689265738003				outputs_round8/figures/fig3_source_data.tsv
B_power	Se0.99_Sp0.95		kappa	0.938315172315592				outputs_round8/figures/fig3_source_data.tsv
B_power_n	Se0.99_Sp0.95	175	kappa	0.938315172315592				outputs_round8/figures/fig3_source_data.tsv
B_power	Se0.99_Sp0.95		kappa	0.9389002331069723				outputs_round8/figures/fig3_source_data.tsv
B_power_n	Se0.99_Sp0.95	180	kappa	0.9389002331069723				outputs_round8/figures/fig3_source_data.tsv
B_power	Se0.99_Sp0.95		kappa	0.9394476770967238				outputs_round8/figures/fig3_source_data.tsv
B_power_n	Se0.99_Sp0.95	185	kappa	0.9394476770967238				outputs_round8/figures/fig3_source_data.tsv
B_power	Se0.99_Sp0.95		kappa	0.9399604019335324				outputs_round8/figures/fig3_source_data.tsv
B_power_n	Se0.99_Sp0.95	190	kappa	0.9399604019335324				outputs_round8/figures/fig3_source_data.tsv
B_power	Se0.99_Sp0.95		kappa	0.9404410153662612				outputs_round8/figures/fig3_source_data.tsv
B_power_n	Se0.99_Sp0.95	195	kappa	0.9404410153662612				outputs_round8/figures/fig3_source_data.tsv
B_power	Se0.99_Sp0.95		kappa	0.9408918706134892				outputs_round8/figures/fig3_source_data.tsv
B_power_n	Se0.99_Sp0.95	200	kappa	0.9408918706134892				outputs_round8/figures/fig3_source_data.tsv
B_power	Se0.99_Sp0.95		kappa	0.944149417680274				outputs_round8/figures/fig3_source_data.tsv
B_power_n	Se0.99_Sp0.95	250	kappa	0.944149417680274				outputs_round8/figures/fig3_source_data.tsv
B_power	Se0.99_Sp0.95		kappa	0.9459168823247038				outputs_round8/figures/fig3_source_data.tsv
B_power_n	Se0.99_Sp0.95	300	kappa	0.9459168823247038				outputs_round8/figures/fig3_source_data.tsv
B_power	Se0.99_Sp0.95		kappa	0.9468254979277084				outputs_round8/figures/fig3_source_data.tsv
B_power_n	Se0.99_Sp0.95	350	kappa	0.9468254979277084				outputs_round8/figures/fig3_source_data.tsv
B_power	Se0.99_Sp0.95		kappa	0.94719469990965				outputs_round8/figures/fig3_source_data.tsv
B_power_n	Se0.99_Sp0.95	400	kappa	0.94719469990965				outputs_round8/figures/fig3_source_data.tsv
B_power	Se0.99_Sp0.95		kappa	0.947203478028354				outputs_round8/figures/fig3_source_data.tsv
B_power_n	Se0.99_Sp0.95	450	kappa	0.947203478028354				outputs_round8/figures/fig3_source_data.tsv
B_power	Se0.99_Sp0.95		kappa	0.9469599166580458				outputs_round8/figures/fig3_source_data.tsv
B_power_n	Se0.99_Sp0.95	500	kappa	0.9469599166580458				outputs_round8/figures/fig3_source_data.tsv
B_power	Se0.99_Sp0.95		kappa	0.9465331394870962				outputs_round8/figures/fig3_source_data.tsv
B_power_n	Se0.99_Sp0.95	550	kappa	0.9465331394870962				outputs_round8/figures/fig3_source_data.tsv
B_power	Se0.99_Sp0.95		kappa	0.9459694114569476				outputs_round8/figures/fig3_source_data.tsv
B_power_n	Se0.99_Sp0.95	600	kappa	0.9459694114569476				outputs_round8/figures/fig3_source_data.tsv
B_power	Se0.99_Sp0.95		kappa	0.9453008647294668				outputs_round8/figures/fig3_source_data.tsv
B_power_n	Se0.99_Sp0.95	650	kappa	0.9453008647294668				outputs_round8/figures/fig3_source_data.tsv
B_power	Se0.99_Sp0.95		kappa	0.944550510991187				outputs_round8/figures/fig3_source_data.tsv
B_power_n	Se0.99_Sp0.95	700	kappa	0.944550510991187				outputs_round8/figures/fig3_source_data.tsv
B_power	Se0.99_Sp0.95		kappa	0.9437352618702242				outputs_round8/figures/fig3_source_data.tsv
B_power_n	Se0.99_Sp0.95	750	kappa	0.9437352618702242				outputs_round8/figures/fig3_source_data.tsv
B_power	Se0.99_Sp0.95		kappa	0.9428678236029672				outputs_round8/figures/fig3_source_data.tsv
B_power_n	Se0.99_Sp0.95	800	kappa	0.9428678236029672				outputs_round8/figures/fig3_source_data.tsv
B_power	Se0.99_Sp0.95		kappa	0.9419579268336328				outputs_round8/figures/fig3_source_data.tsv
B_power_n	Se0.99_Sp0.95	850	kappa	0.9419579268336328				outputs_round8/figures/fig3_source_data.tsv
B_power	Se0.99_Sp0.95		kappa	0.9410131487038004				outputs_round8/figures/fig3_source_data.tsv
B_power_n	Se0.99_Sp0.95	900	kappa	0.9410131487038004				outputs_round8/figures/fig3_source_data.tsv
B_power	Se0.99_Sp0.95		kappa	0.9400394766688676				outputs_round8/figures/fig3_source_data.tsv
B_power_n	Se0.99_Sp0.95	950	kappa	0.9400394766688676				outputs_round8/figures/fig3_source_data.tsv
B_power	Se0.99_Sp0.95		kappa	0.9390417039955192				outputs_round8/figures/fig3_source_data.tsv
B_power_n	Se0.99_Sp0.95	1000	kappa	0.9390417039955192				outputs_round8/figures/fig3_source_data.tsv
B_power	Se0.99_Sp0.95		kappa	0.9380237127855138				outputs_round8/figures/fig3_source_data.tsv
B_power_n	Se0.99_Sp0.95	1050	kappa	0.9380237127855138				outputs_round8/figures/fig3_source_data.tsv
B_power	Se0.99_Sp0.95		kappa	0.9369886801539042				outputs_round8/figures/fig3_source_data.tsv
B_power_n	Se0.99_Sp0.95	1100	kappa	0.9369886801539042				outputs_round8/figures/fig3_source_data.tsv
B_power	Se0.99_Sp0.95		kappa	0.9359392308500892				outputs_round8/figures/fig3_source_data.tsv
B_power_n	Se0.99_Sp0.95	1150	kappa	0.9359392308500892				outputs_round8/figures/fig3_source_data.tsv
B_power	Se0.99_Sp0.95		kappa	0.9348775518789068				outputs_round8/figures/fig3_source_data.tsv
B_power_n	Se0.99_Sp0.95	1200	kappa	0.9348775518789068				outputs_round8/figures/fig3_source_data.tsv
B_power	Se0.99_Sp0.95		kappa	0.9338054797201508				outputs_round8/figures/fig3_source_data.tsv
B_power_n	Se0.99_Sp0.95	1250	kappa	0.9338054797201508				outputs_round8/figures/fig3_source_data.tsv
B_power	Se0.99_Sp0.95		kappa	0.9327245674961094				outputs_round8/figures/fig3_source_data.tsv
B_power_n	Se0.99_Sp0.95	1300	kappa	0.9327245674961094				outputs_round8/figures/fig3_source_data.tsv
B_power	Se0.99_Sp0.95		kappa	0.9316361372669556				outputs_round8/figures/fig3_source_data.tsv
B_power_n	Se0.99_Sp0.95	1350	kappa	0.9316361372669556				outputs_round8/figures/fig3_source_data.tsv
B_power	Se0.99_Sp0.95		kappa	0.930541321159042				outputs_round8/figures/fig3_source_data.tsv
B_power_n	Se0.99_Sp0.95	1400	kappa	0.930541321159042				outputs_round8/figures/fig3_source_data.tsv
B_power	Se0.99_Sp0.95		kappa	0.9294410940125136				outputs_round8/figures/fig3_source_data.tsv
B_power_n	Se0.99_Sp0.95	1450	kappa	0.9294410940125136				outputs_round8/figures/fig3_source_data.tsv
B_power	Se0.99_Sp0.95		kappa	0.9283362995206056				outputs_round8/figures/fig3_source_data.tsv
B_power_n	Se0.99_Sp0.95	1500	kappa	0.9283362995206056				outputs_round8/figures/fig3_source_data.tsv
B_power	Se0.99_Sp0.95		kappa	0.927227671325618				outputs_round8/figures/fig3_source_data.tsv
B_power_n	Se0.99_Sp0.95	1550	kappa	0.927227671325618				outputs_round8/figures/fig3_source_data.tsv
B_power	Se0.99_Sp0.95		kappa	0.9261158501714112				outputs_round8/figures/fig3_source_data.tsv
B_power_n	Se0.99_Sp0.95	1600	kappa	0.9261158501714112				outputs_round8/figures/fig3_source_data.tsv
B_power	Se0.99_Sp0.95		kappa	0.9250013979464452				outputs_round8/figures/fig3_source_data.tsv
B_power_n	Se0.99_Sp0.95	1650	kappa	0.9250013979464452				outputs_round8/figures/fig3_source_data.tsv
B_power	Se0.99_Sp0.95		kappa	0.923884809255697				outputs_round8/figures/fig3_source_data.tsv
B_power_n	Se0.99_Sp0.95	1700	kappa	0.923884809255697				outputs_round8/figures/fig3_source_data.tsv
B_power	Se0.99_Sp0.95		kappa	0.922766521014304				outputs_round8/figures/fig3_source_data.tsv
B_power_n	Se0.99_Sp0.95	1750	kappa	0.922766521014304				outputs_round8/figures/fig3_source_data.tsv
B_power	Se0.99_Sp0.95		kappa	0.9216469204465476				outputs_round8/figures/fig3_source_data.tsv
B_power_n	Se0.99_Sp0.95	1800	kappa	0.9216469204465476				outputs_round8/figures/fig3_source_data.tsv
B_power	Se0.99_Sp0.95		kappa	0.9205263517910748				outputs_round8/figures/fig3_source_data.tsv
B_power_n	Se0.99_Sp0.95	1850	kappa	0.9205263517910748				outputs_round8/figures/fig3_source_data.tsv
B_power	Se0.99_Sp0.95		kappa	0.9194051219500696				outputs_round8/figures/fig3_source_data.tsv
B_power_n	Se0.99_Sp0.95	1900	kappa	0.9194051219500696				outputs_round8/figures/fig3_source_data.tsv
B_power	Se0.99_Sp0.95		kappa	0.9182835052714412				outputs_round8/figures/fig3_source_data.tsv
B_power_n	Se0.99_Sp0.95	1950	kappa	0.9182835052714412				outputs_round8/figures/fig3_source_data.tsv
B_power	Se0.99_Sp0.95		kappa	0.9171617476153876				outputs_round8/figures/fig3_source_data.tsv
B_power_n	Se0.99_Sp0.95	2000	kappa	0.9171617476153876				outputs_round8/figures/fig3_source_data.tsv
B_power	Se0.99_Sp0.95		kappa	0.9059758412705704				outputs_round8/figures/fig3_source_data.tsv
B_power_n	Se0.99_Sp0.95	2500	kappa	0.9059758412705704				outputs_round8/figures/fig3_source_data.tsv
B_power	Se0.99_Sp0.95		kappa	0.8949242927863309				outputs_round8/figures/fig3_source_data.tsv
B_power_n	Se0.99_Sp0.95	3000	kappa	0.8949242927863309				outputs_round8/figures/fig3_source_data.tsv
B_power	Se0.99_Sp0.95		kappa	0.8840637278278695				outputs_round8/figures/fig3_source_data.tsv
B_power_n	Se0.99_Sp0.95	3500	kappa	0.8840637278278695				outputs_round8/figures/fig3_source_data.tsv
B_power	Se0.99_Sp0.95		kappa	0.8734176137865369				outputs_round8/figures/fig3_source_data.tsv
B_power_n	Se0.99_Sp0.95	4000	kappa	0.8734176137865369				outputs_round8/figures/fig3_source_data.tsv
B_power	Se0.99_Sp0.95		kappa	0.8629949227534935				outputs_round8/figures/fig3_source_data.tsv
B_power_n	Se0.99_Sp0.95	4500	kappa	0.8629949227534935				outputs_round8/figures/fig3_source_data.tsv
B_power	Se0.99_Sp0.95		kappa	0.8527975908323203				outputs_round8/figures/fig3_source_data.tsv
B_power_n	Se0.99_Sp0.95	5000	kappa	0.8527975908323203				outputs_round8/figures/fig3_source_data.tsv
B_power	Se0.99_Sp0.95		kappa	0.842823898300884				outputs_round8/figures/fig3_source_data.tsv
B_power_n	Se0.99_Sp0.95	5500	kappa	0.842823898300884				outputs_round8/figures/fig3_source_data.tsv
B_power	Se0.99_Sp0.95		kappa	0.8330701492332044				outputs_round8/figures/fig3_source_data.tsv
B_power_n	Se0.99_Sp0.95	6000	kappa	0.8330701492332044				outputs_round8/figures/fig3_source_data.tsv
B_power	Se0.99_Sp0.95		kappa	0.8235315664466537				outputs_round8/figures/fig3_source_data.tsv
B_power_n	Se0.99_Sp0.95	6500	kappa	0.8235315664466537				outputs_round8/figures/fig3_source_data.tsv
B_power	Se0.99_Sp0.95		kappa	0.8142027945804049				outputs_round8/figures/fig3_source_data.tsv
B_power_n	Se0.99_Sp0.95	7000	kappa	0.8142027945804049				outputs_round8/figures/fig3_source_data.tsv
B_power	Se0.99_Sp0.95		kappa	0.805078194689086				outputs_round8/figures/fig3_source_data.tsv
B_power_n	Se0.99_Sp0.95	7500	kappa	0.805078194689086				outputs_round8/figures/fig3_source_data.tsv
B_power	Se0.99_Sp0.95		kappa	0.7961520220471332				outputs_round8/figures/fig3_source_data.tsv
B_power_n	Se0.99_Sp0.95	8000	kappa	0.7961520220471332				outputs_round8/figures/fig3_source_data.tsv
B_power	Se0.99_Sp0.95		kappa	0.7874185356887279				outputs_round8/figures/fig3_source_data.tsv
B_power_n	Se0.99_Sp0.95	8500	kappa	0.7874185356887279				outputs_round8/figures/fig3_source_data.tsv
B_power	Se0.99_Sp0.95		kappa	0.7788720666152625				outputs_round8/figures/fig3_source_data.tsv
B_power_n	Se0.99_Sp0.95	9000	kappa	0.7788720666152625				outputs_round8/figures/fig3_source_data.tsv
B_power	Se0.99_Sp0.95		kappa	0.7705070602357978				outputs_round8/figures/fig3_source_data.tsv
B_power_n	Se0.99_Sp0.95	9500	kappa	0.7705070602357978				outputs_round8/figures/fig3_source_data.tsv
B_power	Se0.99_Sp0.95		kappa	0.7623181023548552				outputs_round8/figures/fig3_source_data.tsv
B_power_n	Se0.99_Sp0.95	10000	kappa	0.7623181023548552				outputs_round8/figures/fig3_source_data.tsv
B_power	Se0.99_Sp0.95		kappa	0.7542999344511153				outputs_round8/figures/fig3_source_data.tsv
B_power_n	Se0.99_Sp0.95	10500	kappa	0.7542999344511153				outputs_round8/figures/fig3_source_data.tsv
B_power	Se0.99_Sp0.95		kappa	0.7464474618820777				outputs_round8/figures/fig3_source_data.tsv
B_power_n	Se0.99_Sp0.95	11000	kappa	0.7464474618820777				outputs_round8/figures/fig3_source_data.tsv
B_power	Se0.99_Sp0.95		kappa	0.7387557573678205				outputs_round8/figures/fig3_source_data.tsv
B_power_n	Se0.99_Sp0.95	11500	kappa	0.7387557573678205				outputs_round8/figures/fig3_source_data.tsv
B_power	Se0.99_Sp0.95		kappa	0.7312200613071737				outputs_round8/figures/fig3_source_data.tsv
B_power_n	Se0.99_Sp0.95	12000	kappa	0.7312200613071737				outputs_round8/figures/fig3_source_data.tsv
B_power	Se0.99_Sp0.95		kappa	0.7238357799690179				outputs_round8/figures/fig3_source_data.tsv
B_power_n	Se0.99_Sp0.95	12500	kappa	0.7238357799690179				outputs_round8/figures/fig3_source_data.tsv
B_power	Se0.99_Sp0.95		kappa	0.7165984822686794				outputs_round8/figures/fig3_source_data.tsv
B_power_n	Se0.99_Sp0.95	13000	kappa	0.7165984822686794				outputs_round8/figures/fig3_source_data.tsv
B_power	Se0.99_Sp0.95		kappa	0.7095038956185489				outputs_round8/figures/fig3_source_data.tsv
B_power_n	Se0.99_Sp0.95	13500	kappa	0.7095038956185489				outputs_round8/figures/fig3_source_data.tsv
B_power	Se0.99_Sp0.95		kappa	0.7025479011931006				outputs_round8/figures/fig3_source_data.tsv
B_power_n	Se0.99_Sp0.95	14000	kappa	0.7025479011931006				outputs_round8/figures/fig3_source_data.tsv
B_power	Se0.99_Sp0.95		kappa	0.6957265288464684				outputs_round8/figures/fig3_source_data.tsv
B_power_n	Se0.99_Sp0.95	14500	kappa	0.6957265288464684				outputs_round8/figures/fig3_source_data.tsv
B_power	Se0.99_Sp0.95		kappa	0.6890359518500905				outputs_round8/figures/fig3_source_data.tsv
B_power_n	Se0.99_Sp0.95	15000	kappa	0.6890359518500905				outputs_round8/figures/fig3_source_data.tsv
B_power	Se0.99_Sp0.95		kappa	0.682472481568277				outputs_round8/figures/fig3_source_data.tsv
B_power_n	Se0.99_Sp0.95	15500	kappa	0.682472481568277				outputs_round8/figures/fig3_source_data.tsv
B_power	Se0.99_Sp0.95		kappa	0.6760325621544961				outputs_round8/figures/fig3_source_data.tsv
B_power_n	Se0.99_Sp0.95	16000	kappa	0.6760325621544961				outputs_round8/figures/fig3_source_data.tsv
B_power	Se0.99_Sp0.95		kappa	0.669712765326045				outputs_round8/figures/fig3_source_data.tsv
B_power_n	Se0.99_Sp0.95	16500	kappa	0.669712765326045				outputs_round8/figures/fig3_source_data.tsv
B_power	Se0.99_Sp0.95		kappa	0.6635097852567724				outputs_round8/figures/fig3_source_data.tsv
B_power_n	Se0.99_Sp0.95	17000	kappa	0.6635097852567724				outputs_round8/figures/fig3_source_data.tsv
B_power	Se0.99_Sp0.95		kappa	0.657420433614441				outputs_round8/figures/fig3_source_data.tsv
B_power_n	Se0.99_Sp0.95	17500	kappa	0.657420433614441				outputs_round8/figures/fig3_source_data.tsv
B_power	Se0.99_Sp0.95		kappa	0.6514416347598909				outputs_round8/figures/fig3_source_data.tsv
B_power_n	Se0.99_Sp0.95	18000	kappa	0.6514416347598909				outputs_round8/figures/fig3_source_data.tsv
B_power	Se0.99_Sp0.95		kappa	0.6455704211182371				outputs_round8/figures/fig3_source_data.tsv
B_power_n	Se0.99_Sp0.95	18500	kappa	0.6455704211182371				outputs_round8/figures/fig3_source_data.tsv
B_power	Se0.99_Sp0.95		kappa	0.6398039287273818				outputs_round8/figures/fig3_source_data.tsv
B_power_n	Se0.99_Sp0.95	19000	kappa	0.6398039287273818				outputs_round8/figures/fig3_source_data.tsv
B_power	Se0.99_Sp0.95		kappa	0.6341393929654456				outputs_round8/figures/fig3_source_data.tsv
B_power_n	Se0.99_Sp0.95	19500	kappa	0.6341393929654456				outputs_round8/figures/fig3_source_data.tsv
B_power	Se0.99_Sp0.95		kappa	0.6285741444561379				outputs_round8/figures/fig3_source_data.tsv
B_power_n	Se0.99_Sp0.95	20000	kappa	0.6285741444561379				outputs_round8/figures/fig3_source_data.tsv
B_power	Se0.99_Sp0.99		kappa	0.0				outputs_round8/figures/fig3_source_data.tsv
B_power_n	Se0.99_Sp0.99	0	kappa	0.0				outputs_round8/figures/fig3_source_data.tsv
B_power	Se0.99_Sp0.99		kappa	0.5046275737515385				outputs_round8/figures/fig3_source_data.tsv
B_power_n	Se0.99_Sp0.99	5	kappa	0.5046275737515385				outputs_round8/figures/fig3_source_data.tsv
B_power	Se0.99_Sp0.99		kappa	0.6684617269549924				outputs_round8/figures/fig3_source_data.tsv
B_power_n	Se0.99_Sp0.99	10	kappa	0.6684617269549924				outputs_round8/figures/fig3_source_data.tsv
B_power	Se0.99_Sp0.99		kappa	0.7495723719184603				outputs_round8/figures/fig3_source_data.tsv
B_power_n	Se0.99_Sp0.99	15	kappa	0.7495723719184603				outputs_round8/figures/fig3_source_data.tsv
B_power	Se0.99_Sp0.99		kappa	0.7979773443407033				outputs_round8/figures/fig3_source_data.tsv
B_power_n	Se0.99_Sp0.99	20	kappa	0.7979773443407033				outputs_round8/figures/fig3_source_data.tsv
B_power	Se0.99_Sp0.99		kappa	0.8301347011360248				outputs_round8/figures/fig3_source_data.tsv
B_power_n	Se0.99_Sp0.99	25	kappa	0.8301347011360248				outputs_round8/figures/fig3_source_data.tsv
B_power	Se0.99_Sp0.99		kappa	0.8530460749969081				outputs_round8/figures/fig3_source_data.tsv
B_power_n	Se0.99_Sp0.99	30	kappa	0.8530460749969081				outputs_round8/figures/fig3_source_data.tsv
B_power	Se0.99_Sp0.99		kappa	0.8701954152819582				outputs_round8/figures/fig3_source_data.tsv
B_power_n	Se0.99_Sp0.99	35	kappa	0.8701954152819582				outputs_round8/figures/fig3_source_data.tsv
B_power	Se0.99_Sp0.99		kappa	0.8835116215642896				outputs_round8/figures/fig3_source_data.tsv
B_power_n	Se0.99_Sp0.99	40	kappa	0.8835116215642896				outputs_round8/figures/fig3_source_data.tsv
B_power	Se0.99_Sp0.99		kappa	0.8941490625408318				outputs_round8/figures/fig3_source_data.tsv
B_power_n	Se0.99_Sp0.99	45	kappa	0.8941490625408318				outputs_round8/figures/fig3_source_data.tsv
B_power	Se0.99_Sp0.99		kappa	0.9028408675230828				outputs_round8/figures/fig3_source_data.tsv
B_power_n	Se0.99_Sp0.99	50	kappa	0.9028408675230828				outputs_round8/figures/fig3_source_data.tsv
B_power	Se0.99_Sp0.99		kappa	0.9100750057042868				outputs_round8/figures/fig3_source_data.tsv
B_power_n	Se0.99_Sp0.99	55	kappa	0.9100750057042868				outputs_round8/figures/fig3_source_data.tsv
B_power	Se0.99_Sp0.99		kappa	0.916188857565969				outputs_round8/figures/fig3_source_data.tsv
B_power_n	Se0.99_Sp0.99	60	kappa	0.916188857565969				outputs_round8/figures/fig3_source_data.tsv
B_power	Se0.99_Sp0.99		kappa	0.9214231443247236				outputs_round8/figures/fig3_source_data.tsv
B_power_n	Se0.99_Sp0.99	65	kappa	0.9214231443247236				outputs_round8/figures/fig3_source_data.tsv
B_power	Se0.99_Sp0.99		kappa	0.9259542302935986				outputs_round8/figures/fig3_source_data.tsv
B_power_n	Se0.99_Sp0.99	70	kappa	0.9259542302935986				outputs_round8/figures/fig3_source_data.tsv
B_power	Se0.99_Sp0.99		kappa	0.929914282746862				outputs_round8/figures/fig3_source_data.tsv
B_power_n	Se0.99_Sp0.99	75	kappa	0.929914282746862				outputs_round8/figures/fig3_source_data.tsv
B_power	Se0.99_Sp0.99		kappa	0.9334043004470136				outputs_round8/figures/fig3_source_data.tsv
B_power_n	Se0.99_Sp0.99	80	kappa	0.9334043004470136				outputs_round8/figures/fig3_source_data.tsv
B_power	Se0.99_Sp0.99		kappa	0.936502790054778				outputs_round8/figures/fig3_source_data.tsv
B_power_n	Se0.99_Sp0.99	85	kappa	0.936502790054778				outputs_round8/figures/fig3_source_data.tsv
B_power	Se0.99_Sp0.99		kappa	0.9392716970773152				outputs_round8/figures/fig3_source_data.tsv
B_power_n	Se0.99_Sp0.99	90	kappa	0.9392716970773152				outputs_round8/figures/fig3_source_data.tsv
B_power	Se0.99_Sp0.99		kappa	0.9417605541128042				outputs_round8/figures/fig3_source_data.tsv
B_power_n	Se0.99_Sp0.99	95	kappa	0.9417605541128042				outputs_round8/figures/fig3_source_data.tsv
B_power	Se0.99_Sp0.99		kappa	0.9440094417133664				outputs_round8/figures/fig3_source_data.tsv
B_power_n	Se0.99_Sp0.99	100	kappa	0.9440094417133664				outputs_round8/figures/fig3_source_data.tsv
B_power	Se0.99_Sp0.99		kappa	0.9460511403295				outputs_round8/figures/fig3_source_data.tsv
B_power_n	Se0.99_Sp0.99	105	kappa	0.9460511403295				outputs_round8/figures/fig3_source_data.tsv
B_power	Se0.99_Sp0.99		kappa	0.9479127199398664				outputs_round8/figures/fig3_source_data.tsv
B_power_n	Se0.99_Sp0.99	110	kappa	0.9479127199398664				outputs_round8/figures/fig3_source_data.tsv
B_power	Se0.99_Sp0.99		kappa	0.949616731637444				outputs_round8/figures/fig3_source_data.tsv
B_power_n	Se0.99_Sp0.99	115	kappa	0.949616731637444				outputs_round8/figures/fig3_source_data.tsv
B_power	Se0.99_Sp0.99		kappa	0.951182112795528				outputs_round8/figures/fig3_source_data.tsv
B_power_n	Se0.99_Sp0.99	120	kappa	0.951182112795528				outputs_round8/figures/fig3_source_data.tsv
B_power	Se0.99_Sp0.99		kappa	0.9526248830406264				outputs_round8/figures/fig3_source_data.tsv
B_power_n	Se0.99_Sp0.99	125	kappa	0.9526248830406264				outputs_round8/figures/fig3_source_data.tsv
B_power	Se0.99_Sp0.99		kappa	0.9539586853446824				outputs_round8/figures/fig3_source_data.tsv
B_power_n	Se0.99_Sp0.99	130	kappa	0.9539586853446824				outputs_round8/figures/fig3_source_data.tsv
B_power	Se0.99_Sp0.99		kappa	0.9551952110098908				outputs_round8/figures/fig3_source_data.tsv
B_power_n	Se0.99_Sp0.99	135	kappa	0.9551952110098908				outputs_round8/figures/fig3_source_data.tsv
B_power	Se0.99_Sp0.99		kappa	0.9563445366091669				outputs_round8/figures/fig3_source_data.tsv
B_power_n	Se0.99_Sp0.99	140	kappa	0.9563445366091669				outputs_round8/figures/fig3_source_data.tsv
B_power	Se0.99_Sp0.99		kappa	0.9574153934522464				outputs_round8/figures/fig3_source_data.tsv
B_power_n	Se0.99_Sp0.99	145	kappa	0.9574153934522464				outputs_round8/figures/fig3_source_data.tsv
B_power	Se0.99_Sp0.99		kappa	0.9584153848324314				outputs_round8/figures/fig3_source_data.tsv
B_power_n	Se0.99_Sp0.99	150	kappa	0.9584153848324314				outputs_round8/figures/fig3_source_data.tsv
B_power	Se0.99_Sp0.99		kappa	0.9593511624906972				outputs_round8/figures/fig3_source_data.tsv
B_power_n	Se0.99_Sp0.99	155	kappa	0.9593511624906972				outputs_round8/figures/fig3_source_data.tsv
B_power	Se0.99_Sp0.99		kappa	0.9602285709580676				outputs_round8/figures/fig3_source_data.tsv
B_power_n	Se0.99_Sp0.99	160	kappa	0.9602285709580676				outputs_round8/figures/fig3_source_data.tsv
B_power	Se0.99_Sp0.99		kappa	0.9610527663970404				outputs_round8/figures/fig3_source_data.tsv
B_power_n	Se0.99_Sp0.99	165	kappa	0.9610527663970404				outputs_round8/figures/fig3_source_data.tsv
B_power	Se0.99_Sp0.99		kappa	0.961828315047846				outputs_round8/figures/fig3_source_data.tsv
B_power_n	Se0.99_Sp0.99	170	kappa	0.961828315047846				outputs_round8/figures/fig3_source_data.tsv
B_power	Se0.99_Sp0.99		kappa	0.9625592752494868				outputs_round8/figures/fig3_source_data.tsv
B_power_n	Se0.99_Sp0.99	175	kappa	0.9625592752494868				outputs_round8/figures/fig3_source_data.tsv
B_power	Se0.99_Sp0.99		kappa	0.9632492661462736				outputs_round8/figures/fig3_source_data.tsv
B_power_n	Se0.99_Sp0.99	180	kappa	0.9632492661462736				outputs_round8/figures/fig3_source_data.tsv
B_power	Se0.99_Sp0.99		kappa	0.963901525534992				outputs_round8/figures/fig3_source_data.tsv
B_power_n	Se0.99_Sp0.99	185	kappa	0.963901525534992				outputs_round8/figures/fig3_source_data.tsv
B_power	Se0.99_Sp0.99		kappa	0.9645189588037472				outputs_round8/figures/fig3_source_data.tsv
B_power_n	Se0.99_Sp0.99	190	kappa	0.9645189588037472				outputs_round8/figures/fig3_source_data.tsv
B_power	Se0.99_Sp0.99		kappa	0.9651041805229345				outputs_round8/figures/fig3_source_data.tsv
B_power_n	Se0.99_Sp0.99	195	kappa	0.9651041805229345				outputs_round8/figures/fig3_source_data.tsv
B_power	Se0.99_Sp0.99		kappa	0.9656595499440244				outputs_round8/figures/fig3_source_data.tsv
B_power_n	Se0.99_Sp0.99	200	kappa	0.9656595499440244				outputs_round8/figures/fig3_source_data.tsv
B_power	Se0.99_Sp0.99		kappa	0.9699580003694525				outputs_round8/figures/fig3_source_data.tsv
B_power_n	Se0.99_Sp0.99	250	kappa	0.9699580003694525				outputs_round8/figures/fig3_source_data.tsv
B_power	Se0.99_Sp0.99		kappa	0.9727604280635238				outputs_round8/figures/fig3_source_data.tsv
B_power_n	Se0.99_Sp0.99	300	kappa	0.9727604280635238				outputs_round8/figures/fig3_source_data.tsv
B_power	Se0.99_Sp0.99		kappa	0.9746993555634212				outputs_round8/figures/fig3_source_data.tsv
B_power_n	Se0.99_Sp0.99	350	kappa	0.9746993555634212				outputs_round8/figures/fig3_source_data.tsv
B_power	Se0.99_Sp0.99		kappa	0.976094800550068				outputs_round8/figures/fig3_source_data.tsv
B_power_n	Se0.99_Sp0.99	400	kappa	0.976094800550068				outputs_round8/figures/fig3_source_data.tsv
B_power	Se0.99_Sp0.99		kappa	0.9771260542230576				outputs_round8/figures/fig3_source_data.tsv
B_power_n	Se0.99_Sp0.99	450	kappa	0.9771260542230576				outputs_round8/figures/fig3_source_data.tsv
B_power	Se0.99_Sp0.99		kappa	0.9779013743447046				outputs_round8/figures/fig3_source_data.tsv
B_power_n	Se0.99_Sp0.99	500	kappa	0.9779013743447046				outputs_round8/figures/fig3_source_data.tsv
B_power	Se0.99_Sp0.99		kappa	0.978489993345258				outputs_round8/figures/fig3_source_data.tsv
B_power_n	Se0.99_Sp0.99	550	kappa	0.978489993345258				outputs_round8/figures/fig3_source_data.tsv
B_power	Se0.99_Sp0.99		kappa	0.9789382496071488				outputs_round8/figures/fig3_source_data.tsv
B_power_n	Se0.99_Sp0.99	600	kappa	0.9789382496071488				outputs_round8/figures/fig3_source_data.tsv
B_power	Se0.99_Sp0.99		kappa	0.979278328210681				outputs_round8/figures/fig3_source_data.tsv
B_power_n	Se0.99_Sp0.99	650	kappa	0.979278328210681				outputs_round8/figures/fig3_source_data.tsv
B_power	Se0.99_Sp0.99		kappa	0.97953328120131				outputs_round8/figures/fig3_source_data.tsv
B_power_n	Se0.99_Sp0.99	700	kappa	0.97953328120131				outputs_round8/figures/fig3_source_data.tsv
B_power	Se0.99_Sp0.99		kappa	0.9797200525418494				outputs_round8/figures/fig3_source_data.tsv
B_power_n	Se0.99_Sp0.99	750	kappa	0.9797200525418494				outputs_round8/figures/fig3_source_data.tsv
B_power	Se0.99_Sp0.99		kappa	0.9798513754846429				outputs_round8/figures/fig3_source_data.tsv
B_power_n	Se0.99_Sp0.99	800	kappa	0.9798513754846429				outputs_round8/figures/fig3_source_data.tsv
B_power	Se0.99_Sp0.99		kappa	0.9799370040497396				outputs_round8/figures/fig3_source_data.tsv
B_power_n	Se0.99_Sp0.99	850	kappa	0.9799370040497396				outputs_round8/figures/fig3_source_data.tsv
B_power	Se0.99_Sp0.99		kappa	0.9799845361917258				outputs_round8/figures/fig3_source_data.tsv
B_power_n	Se0.99_Sp0.99	900	kappa	0.9799845361917258				outputs_round8/figures/fig3_source_data.tsv
B_power	Se0.99_Sp0.99		kappa	0.979999978328174				outputs_round8/figures/fig3_source_data.tsv
B_power_n	Se0.99_Sp0.99	950	kappa	0.979999978328174				outputs_round8/figures/fig3_source_data.tsv
B_power	Se0.99_Sp0.99		kappa	0.9799881413199706				outputs_round8/figures/fig3_source_data.tsv
B_power_n	Se0.99_Sp0.99	1000	kappa	0.9799881413199706				outputs_round8/figures/fig3_source_data.tsv
B_power	Se0.99_Sp0.99		kappa	0.9799529238301296				outputs_round8/figures/fig3_source_data.tsv
B_power_n	Se0.99_Sp0.99	1050	kappa	0.9799529238301296				outputs_round8/figures/fig3_source_data.tsv
B_power	Se0.99_Sp0.99		kappa	0.9798975187392548				outputs_round8/figures/fig3_source_data.tsv
B_power_n	Se0.99_Sp0.99	1100	kappa	0.9798975187392548				outputs_round8/figures/fig3_source_data.tsv
B_power	Se0.99_Sp0.99		kappa	0.9798245659376916				outputs_round8/figures/fig3_source_data.tsv
B_power_n	Se0.99_Sp0.99	1150	kappa	0.9798245659376916				outputs_round8/figures/fig3_source_data.tsv
B_power	Se0.99_Sp0.99		kappa	0.979736267072085				outputs_round8/figures/fig3_source_data.tsv
B_power_n	Se0.99_Sp0.99	1200	kappa	0.979736267072085				outputs_round8/figures/fig3_source_data.tsv
B_power	Se0.99_Sp0.99		kappa	0.979634472858287				outputs_round8/figures/fig3_source_data.tsv
B_power_n	Se0.99_Sp0.99	1250	kappa	0.979634472858287				outputs_round8/figures/fig3_source_data.tsv
B_power	Se0.99_Sp0.99		kappa	0.9795207503193816				outputs_round8/figures/fig3_source_data.tsv
B_power_n	Se0.99_Sp0.99	1300	kappa	0.9795207503193816				outputs_round8/figures/fig3_source_data.tsv
B_power	Se0.99_Sp0.99		kappa	0.9793964351349552				outputs_round8/figures/fig3_source_data.tsv
B_power_n	Se0.99_Sp0.99	1350	kappa	0.9793964351349552				outputs_round8/figures/fig3_source_data.tsv
B_power	Se0.99_Sp0.99		kappa	0.97926267281106				outputs_round8/figures/fig3_source_data.tsv
B_power_n	Se0.99_Sp0.99	1400	kappa	0.97926267281106				outputs_round8/figures/fig3_source_data.tsv
B_power	Se0.99_Sp0.99		kappa	0.9791204513604056				outputs_round8/figures/fig3_source_data.tsv
B_power_n	Se0.99_Sp0.99	1450	kappa	0.9791204513604056				outputs_round8/figures/fig3_source_data.tsv
B_power	Se0.99_Sp0.99		kappa	0.9789706274673984				outputs_round8/figures/fig3_source_data.tsv
B_power_n	Se0.99_Sp0.99	1500	kappa	0.9789706274673984				outputs_round8/figures/fig3_source_data.tsv
B_power	Se0.99_Sp0.99		kappa	0.978813947604638				outputs_round8/figures/fig3_source_data.tsv
B_power_n	Se0.99_Sp0.99	1550	kappa	0.978813947604638				outputs_round8/figures/fig3_source_data.tsv
B_power	Se0.99_Sp0.99		kappa	0.9786510652019348				outputs_round8/figures/fig3_source_data.tsv
B_power_n	Se0.99_Sp0.99	1600	kappa	0.9786510652019348				outputs_round8/figures/fig3_source_data.tsv
B_power	Se0.99_Sp0.99		kappa	0.9784825547027584				outputs_round8/figures/fig3_source_data.tsv
B_power_n	Se0.99_Sp0.99	1650	kappa	0.9784825547027584				outputs_round8/figures/fig3_source_data.tsv
B_power	Se0.99_Sp0.99		kappa	0.9783089231471314				outputs_round8/figures/fig3_source_data.tsv
B_power_n	Se0.99_Sp0.99	1700	kappa	0.9783089231471314				outputs_round8/figures/fig3_source_data.tsv
B_power	Se0.99_Sp0.99		kappa	0.9781306197743254				outputs_round8/figures/fig3_source_data.tsv
B_power_n	Se0.99_Sp0.99	1750	kappa	0.9781306197743254				outputs_round8/figures/fig3_source_data.tsv
B_power	Se0.99_Sp0.99		kappa	0.9779480440293716				outputs_round8/figures/fig3_source_data.tsv
B_power_n	Se0.99_Sp0.99	1800	kappa	0.9779480440293716				outputs_round8/figures/fig3_source_data.tsv
B_power	Se0.99_Sp0.99		kappa	0.9777615522745844				outputs_round8/figures/fig3_source_data.tsv
B_power_n	Se0.99_Sp0.99	1850	kappa	0.9777615522745844				outputs_round8/figures/fig3_source_data.tsv
B_power	Se0.99_Sp0.99		kappa	0.977571463444043				outputs_round8/figures/fig3_source_data.tsv
B_power_n	Se0.99_Sp0.99	1900	kappa	0.977571463444043				outputs_round8/figures/fig3_source_data.tsv
B_power	Se0.99_Sp0.99		kappa	0.9773780638302972				outputs_round8/figures/fig3_source_data.tsv
B_power_n	Se0.99_Sp0.99	1950	kappa	0.9773780638302972				outputs_round8/figures/fig3_source_data.tsv
B_power	Se0.99_Sp0.99		kappa	0.9771816111547852				outputs_round8/figures/fig3_source_data.tsv
B_power_n	Se0.99_Sp0.99	2000	kappa	0.9771816111547852				outputs_round8/figures/fig3_source_data.tsv
B_power	Se0.99_Sp0.99		kappa	0.975091145352996				outputs_round8/figures/fig3_source_data.tsv
B_power_n	Se0.99_Sp0.99	2500	kappa	0.975091145352996				outputs_round8/figures/fig3_source_data.tsv
B_power	Se0.99_Sp0.99		kappa	0.9728563458285469				outputs_round8/figures/fig3_source_data.tsv
B_power_n	Se0.99_Sp0.99	3000	kappa	0.9728563458285469				outputs_round8/figures/fig3_source_data.tsv
B_power	Se0.99_Sp0.99		kappa	0.9705446118462364				outputs_round8/figures/fig3_source_data.tsv
B_power_n	Se0.99_Sp0.99	3500	kappa	0.9705446118462364				outputs_round8/figures/fig3_source_data.tsv
B_power	Se0.99_Sp0.99		kappa	0.9681896323345114				outputs_round8/figures/fig3_source_data.tsv
B_power_n	Se0.99_Sp0.99	4000	kappa	0.9681896323345114				outputs_round8/figures/fig3_source_data.tsv
B_power	Se0.99_Sp0.99		kappa	0.9658100944500396				outputs_round8/figures/fig3_source_data.tsv
B_power_n	Se0.99_Sp0.99	4500	kappa	0.9658100944500396				outputs_round8/figures/fig3_source_data.tsv
B_power	Se0.99_Sp0.99		kappa	0.9634171777794986				outputs_round8/figures/fig3_source_data.tsv
B_power_n	Se0.99_Sp0.99	5000	kappa	0.9634171777794986				outputs_round8/figures/fig3_source_data.tsv
B_power	Se0.99_Sp0.99		kappa	0.961017964358056				outputs_round8/figures/fig3_source_data.tsv
B_power_n	Se0.99_Sp0.99	5500	kappa	0.961017964358056				outputs_round8/figures/fig3_source_data.tsv
B_power	Se0.99_Sp0.99		kappa	0.958617145037245				outputs_round8/figures/fig3_source_data.tsv
B_power_n	Se0.99_Sp0.99	6000	kappa	0.958617145037245				outputs_round8/figures/fig3_source_data.tsv
B_power	Se0.99_Sp0.99		kappa	0.9562179388745852				outputs_round8/figures/fig3_source_data.tsv
B_power_n	Se0.99_Sp0.99	6500	kappa	0.9562179388745852				outputs_round8/figures/fig3_source_data.tsv
B_power	Se0.99_Sp0.99		kappa	0.953822618764084				outputs_round8/figures/fig3_source_data.tsv
B_power_n	Se0.99_Sp0.99	7000	kappa	0.953822618764084				outputs_round8/figures/fig3_source_data.tsv
B_power	Se0.99_Sp0.99		kappa	0.9514328269442296				outputs_round8/figures/fig3_source_data.tsv
B_power_n	Se0.99_Sp0.99	7500	kappa	0.9514328269442296				outputs_round8/figures/fig3_source_data.tsv
B_power	Se0.99_Sp0.99		kappa	0.9490497722569444				outputs_round8/figures/fig3_source_data.tsv
B_power_n	Se0.99_Sp0.99	8000	kappa	0.9490497722569444				outputs_round8/figures/fig3_source_data.tsv
B_power	Se0.99_Sp0.99		kappa	0.9466743578208272				outputs_round8/figures/fig3_source_data.tsv
B_power_n	Se0.99_Sp0.99	8500	kappa	0.9466743578208272				outputs_round8/figures/fig3_source_data.tsv
B_power	Se0.99_Sp0.99		kappa	0.944307266165416				outputs_round8/figures/fig3_source_data.tsv
B_power_n	Se0.99_Sp0.99	9000	kappa	0.944307266165416				outputs_round8/figures/fig3_source_data.tsv
B_power	Se0.99_Sp0.99		kappa	0.9419490174908648				outputs_round8/figures/fig3_source_data.tsv
B_power_n	Se0.99_Sp0.99	9500	kappa	0.9419490174908648				outputs_round8/figures/fig3_source_data.tsv
B_power	Se0.99_Sp0.99		kappa	0.9396000104546816				outputs_round8/figures/fig3_source_data.tsv
B_power_n	Se0.99_Sp0.99	10000	kappa	0.9396000104546816				outputs_round8/figures/fig3_source_data.tsv
B_power	Se0.99_Sp0.99		kappa	0.9372605513072328				outputs_round8/figures/fig3_source_data.tsv
B_power_n	Se0.99_Sp0.99	10500	kappa	0.9372605513072328				outputs_round8/figures/fig3_source_data.tsv
B_power	Se0.99_Sp0.99		kappa	0.9349308750816556				outputs_round8/figures/fig3_source_data.tsv
B_power_n	Se0.99_Sp0.99	11000	kappa	0.9349308750816556				outputs_round8/figures/fig3_source_data.tsv
B_power	Se0.99_Sp0.99		kappa	0.9326111612554464				outputs_round8/figures/fig3_source_data.tsv
B_power_n	Se0.99_Sp0.99	11500	kappa	0.9326111612554464				outputs_round8/figures/fig3_source_data.tsv
B_power	Se0.99_Sp0.99		kappa	0.9303015454955508				outputs_round8/figures/fig3_source_data.tsv
B_power_n	Se0.99_Sp0.99	12000	kappa	0.9303015454955508				outputs_round8/figures/fig3_source_data.tsv
B_power	Se0.99_Sp0.99		kappa	0.9280021285831982				outputs_round8/figures/fig3_source_data.tsv
B_power_n	Se0.99_Sp0.99	12500	kappa	0.9280021285831982				outputs_round8/figures/fig3_source_data.tsv
B_power	Se0.99_Sp0.99		kappa	0.9257129832775468				outputs_round8/figures/fig3_source_data.tsv
B_power_n	Se0.99_Sp0.99	13000	kappa	0.9257129832775468				outputs_round8/figures/fig3_source_data.tsv
B_power	Se0.99_Sp0.99		kappa	0.923434159652362				outputs_round8/figures/fig3_source_data.tsv
B_power_n	Se0.99_Sp0.99	13500	kappa	0.923434159652362				outputs_round8/figures/fig3_source_data.tsv
B_power	Se0.99_Sp0.99		kappa	0.9211656892873848				outputs_round8/figures/fig3_source_data.tsv
B_power_n	Se0.99_Sp0.99	14000	kappa	0.9211656892873848				outputs_round8/figures/fig3_source_data.tsv
B_power	Se0.99_Sp0.99		kappa	0.9189075885907824				outputs_round8/figures/fig3_source_data.tsv
B_power_n	Se0.99_Sp0.99	14500	kappa	0.9189075885907824				outputs_round8/figures/fig3_source_data.tsv
B_power	Se0.99_Sp0.99		kappa	0.9166598614554008				outputs_round8/figures/fig3_source_data.tsv
B_power_n	Se0.99_Sp0.99	15000	kappa	0.9166598614554008				outputs_round8/figures/fig3_source_data.tsv
B_power	Se0.99_Sp0.99		kappa	0.914422501399234				outputs_round8/figures/fig3_source_data.tsv
B_power_n	Se0.99_Sp0.99	15500	kappa	0.914422501399234				outputs_round8/figures/fig3_source_data.tsv
B_power	Se0.99_Sp0.99		kappa	0.9121954933029366				outputs_round8/figures/fig3_source_data.tsv
B_power_n	Se0.99_Sp0.99	16000	kappa	0.9121954933029366				outputs_round8/figures/fig3_source_data.tsv
B_power	Se0.99_Sp0.99		kappa	0.9099788148298544				outputs_round8/figures/fig3_source_data.tsv
B_power_n	Se0.99_Sp0.99	16500	kappa	0.9099788148298544				outputs_round8/figures/fig3_source_data.tsv
B_power	Se0.99_Sp0.99		kappa	0.907772437593953				outputs_round8/figures/fig3_source_data.tsv
B_power_n	Se0.99_Sp0.99	17000	kappa	0.907772437593953				outputs_round8/figures/fig3_source_data.tsv
B_power	Se0.99_Sp0.99		kappa	0.90557632812607				outputs_round8/figures/fig3_source_data.tsv
B_power_n	Se0.99_Sp0.99	17500	kappa	0.90557632812607				outputs_round8/figures/fig3_source_data.tsv
B_power	Se0.99_Sp0.99		kappa	0.9033904486777256				outputs_round8/figures/fig3_source_data.tsv
B_power_n	Se0.99_Sp0.99	18000	kappa	0.9033904486777256				outputs_round8/figures/fig3_source_data.tsv
B_power	Se0.99_Sp0.99		kappa	0.9012147578932358				outputs_round8/figures/fig3_source_data.tsv
B_power_n	Se0.99_Sp0.99	18500	kappa	0.9012147578932358				outputs_round8/figures/fig3_source_data.tsv
B_power	Se0.99_Sp0.99		kappa	0.8990492113744067				outputs_round8/figures/fig3_source_data.tsv
B_power_n	Se0.99_Sp0.99	19000	kappa	0.8990492113744067				outputs_round8/figures/fig3_source_data.tsv
B_power	Se0.99_Sp0.99		kappa	0.896893762157108				outputs_round8/figures/fig3_source_data.tsv
B_power_n	Se0.99_Sp0.99	19500	kappa	0.896893762157108				outputs_round8/figures/fig3_source_data.tsv
B_power	Se0.99_Sp0.99		kappa	0.89474836111516				outputs_round8/figures/fig3_source_data.tsv
B_power_n	Se0.99_Sp0.99	20000	kappa	0.89474836111516				outputs_round8/figures/fig3_source_data.tsv
B_power	Se0.99_Sp0.5		kappa	0.0				outputs_round8/figures/fig3_source_data.tsv
B_power_n	Se0.99_Sp0.5	0	kappa	0.0				outputs_round8/figures/fig3_source_data.tsv
B_power	Se0.99_Sp0.5		kappa	0.2885216051024462				outputs_round8/figures/fig3_source_data.tsv
B_power_n	Se0.99_Sp0.5	5	kappa	0.2885216051024462				outputs_round8/figures/fig3_source_data.tsv
B_power	Se0.99_Sp0.5		kappa	0.4004491403494923				outputs_round8/figures/fig3_source_data.tsv
B_power_n	Se0.99_Sp0.5	10	kappa	0.4004491403494923				outputs_round8/figures/fig3_source_data.tsv
B_power	Se0.99_Sp0.5		kappa	0.4595448554054566				outputs_round8/figures/fig3_source_data.tsv
B_power_n	Se0.99_Sp0.5	15	kappa	0.4595448554054566				outputs_round8/figures/fig3_source_data.tsv
B_power	Se0.99_Sp0.5		kappa	0.4958249009370589				outputs_round8/figures/fig3_source_data.tsv
B_power_n	Se0.99_Sp0.5	20	kappa	0.4958249009370589				outputs_round8/figures/fig3_source_data.tsv
B_power	Se0.99_Sp0.5		kappa	0.5201891093936011				outputs_round8/figures/fig3_source_data.tsv
B_power_n	Se0.99_Sp0.5	25	kappa	0.5201891093936011				outputs_round8/figures/fig3_source_data.tsv
B_power	Se0.99_Sp0.5		kappa	0.5375489941506639				outputs_round8/figures/fig3_source_data.tsv
B_power_n	Se0.99_Sp0.5	30	kappa	0.5375489941506639				outputs_round8/figures/fig3_source_data.tsv
B_power	Se0.99_Sp0.5		kappa	0.550443559711232				outputs_round8/figures/fig3_source_data.tsv
B_power_n	Se0.99_Sp0.5	35	kappa	0.550443559711232				outputs_round8/figures/fig3_source_data.tsv
B_power	Se0.99_Sp0.5		kappa	0.5603174908231309				outputs_round8/figures/fig3_source_data.tsv
B_power_n	Se0.99_Sp0.5	40	kappa	0.5603174908231309				outputs_round8/figures/fig3_source_data.tsv
B_power	Se0.99_Sp0.5		kappa	0.5680533707568707				outputs_round8/figures/fig3_source_data.tsv
B_power_n	Se0.99_Sp0.5	45	kappa	0.5680533707568707				outputs_round8/figures/fig3_source_data.tsv
B_power	Se0.99_Sp0.5		kappa	0.5742208234076482				outputs_round8/figures/fig3_source_data.tsv
B_power_n	Se0.99_Sp0.5	50	kappa	0.5742208234076482				outputs_round8/figures/fig3_source_data.tsv
B_power	Se0.99_Sp0.5		kappa	0.5792039320958541				outputs_round8/figures/fig3_source_data.tsv
B_power_n	Se0.99_Sp0.5	55	kappa	0.5792039320958541				outputs_round8/figures/fig3_source_data.tsv
B_power	Se0.99_Sp0.5		kappa	0.5832710928539041				outputs_round8/figures/fig3_source_data.tsv
B_power_n	Se0.99_Sp0.5	60	kappa	0.5832710928539041				outputs_round8/figures/fig3_source_data.tsv
B_power	Se0.99_Sp0.5		kappa	0.5866155191196788				outputs_round8/figures/fig3_source_data.tsv
B_power_n	Se0.99_Sp0.5	65	kappa	0.5866155191196788				outputs_round8/figures/fig3_source_data.tsv
B_power	Se0.99_Sp0.5		kappa	0.5893798422188419				outputs_round8/figures/fig3_source_data.tsv
B_power_n	Se0.99_Sp0.5	70	kappa	0.5893798422188419				outputs_round8/figures/fig3_source_data.tsv
B_power	Se0.99_Sp0.5		kappa	0.591671645743832				outputs_round8/figures/fig3_source_data.tsv
B_power_n	Se0.99_Sp0.5	75	kappa	0.591671645743832				outputs_round8/figures/fig3_source_data.tsv
B_power	Se0.99_Sp0.5		kappa	0.5935736062828614				outputs_round8/figures/fig3_source_data.tsv
B_power_n	Se0.99_Sp0.5	80	kappa	0.5935736062828614				outputs_round8/figures/fig3_source_data.tsv
B_power	Se0.99_Sp0.5		kappa	0.5951503058170305				outputs_round8/figures/fig3_source_data.tsv
B_power_n	Se0.99_Sp0.5	85	kappa	0.5951503058170305				outputs_round8/figures/fig3_source_data.tsv
B_power	Se0.99_Sp0.5		kappa	0.5964529241582247				outputs_round8/figures/fig3_source_data.tsv
B_power_n	Se0.99_Sp0.5	90	kappa	0.5964529241582247				outputs_round8/figures/fig3_source_data.tsv
B_power	Se0.99_Sp0.5		kappa	0.5975225431423234				outputs_round8/figures/fig3_source_data.tsv
B_power_n	Se0.99_Sp0.5	95	kappa	0.5975225431423234				outputs_round8/figures/fig3_source_data.tsv
B_power	Se0.99_Sp0.5		kappa	0.5983925192212174				outputs_round8/figures/fig3_source_data.tsv
B_power_n	Se0.99_Sp0.5	100	kappa	0.5983925192212174				outputs_round8/figures/fig3_source_data.tsv
B_power	Se0.99_Sp0.5		kappa	0.5990902171372403				outputs_round8/figures/fig3_source_data.tsv
B_power_n	Se0.99_Sp0.5	105	kappa	0.5990902171372403				outputs_round8/figures/fig3_source_data.tsv
B_power	Se0.99_Sp0.5		kappa	0.5996382967882828				outputs_round8/figures/fig3_source_data.tsv
B_power_n	Se0.99_Sp0.5	110	kappa	0.5996382967882828				outputs_round8/figures/fig3_source_data.tsv
B_power	Se0.99_Sp0.5		kappa	0.60005568209617				outputs_round8/figures/fig3_source_data.tsv
B_power_n	Se0.99_Sp0.5	115	kappa	0.60005568209617				outputs_round8/figures/fig3_source_data.tsv
B_power	Se0.99_Sp0.5		kappa	0.6003582999286143				outputs_round8/figures/fig3_source_data.tsv
B_power_n	Se0.99_Sp0.5	120	kappa	0.6003582999286143				outputs_round8/figures/fig3_source_data.tsv
B_power	Se0.99_Sp0.5		kappa	0.600559650322058				outputs_round8/figures/fig3_source_data.tsv
B_power_n	Se0.99_Sp0.5	125	kappa	0.600559650322058				outputs_round8/figures/fig3_source_data.tsv
B_power	Se0.99_Sp0.5		kappa	0.6006712512921253				outputs_round8/figures/fig3_source_data.tsv
B_power_n	Se0.99_Sp0.5	130	kappa	0.6006712512921253				outputs_round8/figures/fig3_source_data.tsv
B_power	Se0.99_Sp0.5		kappa	0.6007029892735429				outputs_round8/figures/fig3_source_data.tsv
B_power_n	Se0.99_Sp0.5	135	kappa	0.6007029892735429				outputs_round8/figures/fig3_source_data.tsv
B_power	Se0.99_Sp0.5		kappa	0.6006633977502162				outputs_round8/figures/fig3_source_data.tsv
B_power_n	Se0.99_Sp0.5	140	kappa	0.6006633977502162				outputs_round8/figures/fig3_source_data.tsv
B_power	Se0.99_Sp0.5		kappa	0.6005598806757532				outputs_round8/figures/fig3_source_data.tsv
B_power_n	Se0.99_Sp0.5	145	kappa	0.6005598806757532				outputs_round8/figures/fig3_source_data.tsv
B_power	Se0.99_Sp0.5		kappa	0.6003988930392103				outputs_round8/figures/fig3_source_data.tsv
B_power_n	Se0.99_Sp0.5	150	kappa	0.6003988930392103				outputs_round8/figures/fig3_source_data.tsv
B_power	Se0.99_Sp0.5		kappa	0.6001860878690346				outputs_round8/figures/fig3_source_data.tsv
B_power_n	Se0.99_Sp0.5	155	kappa	0.6001860878690346				outputs_round8/figures/fig3_source_data.tsv
B_power	Se0.99_Sp0.5		kappa	0.5999264367343055				outputs_round8/figures/fig3_source_data.tsv
B_power_n	Se0.99_Sp0.5	160	kappa	0.5999264367343055				outputs_round8/figures/fig3_source_data.tsv
B_power	Se0.99_Sp0.5		kappa	0.5996243291550319				outputs_round8/figures/fig3_source_data.tsv
B_power_n	Se0.99_Sp0.5	165	kappa	0.5996243291550319				outputs_round8/figures/fig3_source_data.tsv
B_power	Se0.99_Sp0.5		kappa	0.5992836551061412				outputs_round8/figures/fig3_source_data.tsv
B_power_n	Se0.99_Sp0.5	170	kappa	0.5992836551061412				outputs_round8/figures/fig3_source_data.tsv
B_power	Se0.99_Sp0.5		kappa	0.5989078738770475				outputs_round8/figures/fig3_source_data.tsv
B_power_n	Se0.99_Sp0.5	175	kappa	0.5989078738770475				outputs_round8/figures/fig3_source_data.tsv
B_power	Se0.99_Sp0.5		kappa	0.5985000718487484				outputs_round8/figures/fig3_source_data.tsv
B_power_n	Se0.99_Sp0.5	180	kappa	0.5985000718487484				outputs_round8/figures/fig3_source_data.tsv
B_power	Se0.99_Sp0.5		kappa	0.5980630112149811				outputs_round8/figures/fig3_source_data.tsv
B_power_n	Se0.99_Sp0.5	185	kappa	0.5980630112149811				outputs_round8/figures/fig3_source_data.tsv
B_power	Se0.99_Sp0.5		kappa	0.5975991712612563				outputs_round8/figures/fig3_source_data.tsv
B_power_n	Se0.99_Sp0.5	190	kappa	0.5975991712612563				outputs_round8/figures/fig3_source_data.tsv
B_power	Se0.99_Sp0.5		kappa	0.5971107834950565				outputs_round8/figures/fig3_source_data.tsv
B_power_n	Se0.99_Sp0.5	195	kappa	0.5971107834950565				outputs_round8/figures/fig3_source_data.tsv
B_power	Se0.99_Sp0.5		kappa	0.5965998616698659				outputs_round8/figures/fig3_source_data.tsv
B_power_n	Se0.99_Sp0.5	200	kappa	0.5965998616698659				outputs_round8/figures/fig3_source_data.tsv
B_power	Se0.99_Sp0.5		kappa	0.5905811273728833				outputs_round8/figures/fig3_source_data.tsv
B_power_n	Se0.99_Sp0.5	250	kappa	0.5905811273728833				outputs_round8/figures/fig3_source_data.tsv
B_power	Se0.99_Sp0.5		kappa	0.5835777556559637				outputs_round8/figures/fig3_source_data.tsv
B_power_n	Se0.99_Sp0.5	300	kappa	0.5835777556559637				outputs_round8/figures/fig3_source_data.tsv
B_power	Se0.99_Sp0.5		kappa	0.5761237178999495				outputs_round8/figures/fig3_source_data.tsv
B_power_n	Se0.99_Sp0.5	350	kappa	0.5761237178999495				outputs_round8/figures/fig3_source_data.tsv
B_power	Se0.99_Sp0.5		kappa	0.5684837151985306				outputs_round8/figures/fig3_source_data.tsv
B_power_n	Se0.99_Sp0.5	400	kappa	0.5684837151985306				outputs_round8/figures/fig3_source_data.tsv
B_power	Se0.99_Sp0.5		kappa	0.5608011145279642				outputs_round8/figures/fig3_source_data.tsv
B_power_n	Se0.99_Sp0.5	450	kappa	0.5608011145279642				outputs_round8/figures/fig3_source_data.tsv
B_power	Se0.99_Sp0.5		kappa	0.5531582098885829				outputs_round8/figures/fig3_source_data.tsv
B_power_n	Se0.99_Sp0.5	500	kappa	0.5531582098885829				outputs_round8/figures/fig3_source_data.tsv
B_power	Se0.99_Sp0.5		kappa	0.5456039628569773				outputs_round8/figures/fig3_source_data.tsv
B_power_n	Se0.99_Sp0.5	550	kappa	0.5456039628569773				outputs_round8/figures/fig3_source_data.tsv
B_power	Se0.99_Sp0.5		kappa	0.5381679952942219				outputs_round8/figures/fig3_source_data.tsv
B_power_n	Se0.99_Sp0.5	600	kappa	0.5381679952942219				outputs_round8/figures/fig3_source_data.tsv
B_power	Se0.99_Sp0.5		kappa	0.5308681669098315				outputs_round8/figures/fig3_source_data.tsv
B_power_n	Se0.99_Sp0.5	650	kappa	0.5308681669098315				outputs_round8/figures/fig3_source_data.tsv
B_power	Se0.99_Sp0.5		kappa	0.5237149180162961				outputs_round8/figures/fig3_source_data.tsv
B_power_n	Se0.99_Sp0.5	700	kappa	0.5237149180162961				outputs_round8/figures/fig3_source_data.tsv
B_power	Se0.99_Sp0.5		kappa	0.516713875798325				outputs_round8/figures/fig3_source_data.tsv
B_power_n	Se0.99_Sp0.5	750	kappa	0.516713875798325				outputs_round8/figures/fig3_source_data.tsv
B_power	Se0.99_Sp0.5		kappa	0.5098674790502703				outputs_round8/figures/fig3_source_data.tsv
B_power_n	Se0.99_Sp0.5	800	kappa	0.5098674790502703				outputs_round8/figures/fig3_source_data.tsv
B_power	Se0.99_Sp0.5		kappa	0.5031760235891266				outputs_round8/figures/fig3_source_data.tsv
B_power_n	Se0.99_Sp0.5	850	kappa	0.5031760235891266				outputs_round8/figures/fig3_source_data.tsv
B_power	Se0.99_Sp0.5		kappa	0.4966383529462533				outputs_round8/figures/fig3_source_data.tsv
B_power_n	Se0.99_Sp0.5	900	kappa	0.4966383529462533				outputs_round8/figures/fig3_source_data.tsv
B_power	Se0.99_Sp0.5		kappa	0.4902523249139771				outputs_round8/figures/fig3_source_data.tsv
B_power_n	Se0.99_Sp0.5	950	kappa	0.4902523249139771				outputs_round8/figures/fig3_source_data.tsv
B_power	Se0.99_Sp0.5		kappa	0.4840151325492582				outputs_round8/figures/fig3_source_data.tsv
B_power_n	Se0.99_Sp0.5	1000	kappa	0.4840151325492582				outputs_round8/figures/fig3_source_data.tsv
B_power	Se0.99_Sp0.5		kappa	0.4779235284105361				outputs_round8/figures/fig3_source_data.tsv
B_power_n	Se0.99_Sp0.5	1050	kappa	0.4779235284105361				outputs_round8/figures/fig3_source_data.tsv
B_power	Se0.99_Sp0.5		kappa	0.4719739831157509				outputs_round8/figures/fig3_source_data.tsv
B_power_n	Se0.99_Sp0.5	1100	kappa	0.4719739831157509				outputs_round8/figures/fig3_source_data.tsv
B_power	Se0.99_Sp0.5		kappa	0.4661627985103562				outputs_round8/figures/fig3_source_data.tsv
B_power_n	Se0.99_Sp0.5	1150	kappa	0.4661627985103562				outputs_round8/figures/fig3_source_data.tsv
B_power	Se0.99_Sp0.5		kappa	0.4604861889680746				outputs_round8/figures/fig3_source_data.tsv
B_power_n	Se0.99_Sp0.5	1200	kappa	0.4604861889680746				outputs_round8/figures/fig3_source_data.tsv
B_power	Se0.99_Sp0.5		kappa	0.4549403400085692				outputs_round8/figures/fig3_source_data.tsv
B_power_n	Se0.99_Sp0.5	1250	kappa	0.4549403400085692				outputs_round8/figures/fig3_source_data.tsv
B_power	Se0.99_Sp0.5		kappa	0.4495214505755899				outputs_round8/figures/fig3_source_data.tsv
B_power_n	Se0.99_Sp0.5	1300	kappa	0.4495214505755899				outputs_round8/figures/fig3_source_data.tsv
B_power	Se0.99_Sp0.5		kappa	0.4442257634238856				outputs_round8/figures/fig3_source_data.tsv
B_power_n	Se0.99_Sp0.5	1350	kappa	0.4442257634238856				outputs_round8/figures/fig3_source_data.tsv
B_power	Se0.99_Sp0.5		kappa	0.4390495867768595				outputs_round8/figures/fig3_source_data.tsv
B_power_n	Se0.99_Sp0.5	1400	kappa	0.4390495867768595				outputs_round8/figures/fig3_source_data.tsv
B_power	Se0.99_Sp0.5		kappa	0.4339893095302178				outputs_round8/figures/fig3_source_data.tsv
B_power_n	Se0.99_Sp0.5	1450	kappa	0.4339893095302178				outputs_round8/figures/fig3_source_data.tsv
B_power	Se0.99_Sp0.5		kappa	0.4290414116568586				outputs_round8/figures/fig3_source_data.tsv
B_power_n	Se0.99_Sp0.5	1500	kappa	0.4290414116568586				outputs_round8/figures/fig3_source_data.tsv
B_power	Se0.99_Sp0.5		kappa	0.4242024710290863				outputs_round8/figures/fig3_source_data.tsv
B_power_n	Se0.99_Sp0.5	1550	kappa	0.4242024710290863				outputs_round8/figures/fig3_source_data.tsv
B_power	Se0.99_Sp0.5		kappa	0.4194691675594444				outputs_round8/figures/fig3_source_data.tsv
B_power_n	Se0.99_Sp0.5	1600	kappa	0.4194691675594444				outputs_round8/figures/fig3_source_data.tsv
B_power	Se0.99_Sp0.5		kappa	0.4148382853333625				outputs_round8/figures/fig3_source_data.tsv
B_power_n	Se0.99_Sp0.5	1650	kappa	0.4148382853333625				outputs_round8/figures/fig3_source_data.tsv
B_power	Se0.99_Sp0.5		kappa	0.4103067132398679				outputs_round8/figures/fig3_source_data.tsv
B_power_n	Se0.99_Sp0.5	1700	kappa	0.4103067132398679				outputs_round8/figures/fig3_source_data.tsv
B_power	Se0.99_Sp0.5		kappa	0.4058714444833153				outputs_round8/figures/fig3_source_data.tsv
B_power_n	Se0.99_Sp0.5	1750	kappa	0.4058714444833153				outputs_round8/figures/fig3_source_data.tsv
B_power	Se0.99_Sp0.5		kappa	0.4015295752672656				outputs_round8/figures/fig3_source_data.tsv
B_power_n	Se0.99_Sp0.5	1800	kappa	0.4015295752672656				outputs_round8/figures/fig3_source_data.tsv
B_power	Se0.99_Sp0.5		kappa	0.3972783028727275				outputs_round8/figures/fig3_source_data.tsv
B_power_n	Se0.99_Sp0.5	1850	kappa	0.3972783028727275				outputs_round8/figures/fig3_source_data.tsv
B_power	Se0.99_Sp0.5		kappa	0.3931149233009151				outputs_round8/figures/fig3_source_data.tsv
B_power_n	Se0.99_Sp0.5	1900	kappa	0.3931149233009151				outputs_round8/figures/fig3_source_data.tsv
B_power	Se0.99_Sp0.5		kappa	0.3890368286110654				outputs_round8/figures/fig3_source_data.tsv
B_power_n	Se0.99_Sp0.5	1950	kappa	0.3890368286110654				outputs_round8/figures/fig3_source_data.tsv
B_power	Se0.99_Sp0.5		kappa	0.3850415040536002				outputs_round8/figures/fig3_source_data.tsv
B_power_n	Se0.99_Sp0.5	2000	kappa	0.3850415040536002				outputs_round8/figures/fig3_source_data.tsv
B_power	Se0.99_Sp0.5		kappa	0.3491479281630202				outputs_round8/figures/fig3_source_data.tsv
B_power_n	Se0.99_Sp0.5	2500	kappa	0.3491479281630202				outputs_round8/figures/fig3_source_data.tsv
B_power	Se0.99_Sp0.5		kappa	0.3193426925892195				outputs_round8/figures/fig3_source_data.tsv
B_power_n	Se0.99_Sp0.5	3000	kappa	0.3193426925892195				outputs_round8/figures/fig3_source_data.tsv
B_power	Se0.99_Sp0.5		kappa	0.2942098927988155				outputs_round8/figures/fig3_source_data.tsv
B_power_n	Se0.99_Sp0.5	3500	kappa	0.2942098927988155				outputs_round8/figures/fig3_source_data.tsv
B_power	Se0.99_Sp0.5		kappa	0.2727358492728206				outputs_round8/figures/fig3_source_data.tsv
B_power_n	Se0.99_Sp0.5	4000	kappa	0.2727358492728206				outputs_round8/figures/fig3_source_data.tsv
B_power	Se0.99_Sp0.5		kappa	0.2541783197958196				outputs_round8/figures/fig3_source_data.tsv
B_power_n	Se0.99_Sp0.5	4500	kappa	0.2541783197958196				outputs_round8/figures/fig3_source_data.tsv
B_power	Se0.99_Sp0.5		kappa	0.2379822358402896				outputs_round8/figures/fig3_source_data.tsv
B_power_n	Se0.99_Sp0.5	5000	kappa	0.2379822358402896				outputs_round8/figures/fig3_source_data.tsv
B_power	Se0.99_Sp0.5		kappa	0.2237245569081104				outputs_round8/figures/fig3_source_data.tsv
B_power_n	Se0.99_Sp0.5	5500	kappa	0.2237245569081104				outputs_round8/figures/fig3_source_data.tsv
B_power	Se0.99_Sp0.5		kappa	0.2110773764316501				outputs_round8/figures/fig3_source_data.tsv
B_power_n	Se0.99_Sp0.5	6000	kappa	0.2110773764316501				outputs_round8/figures/fig3_source_data.tsv
B_power	Se0.99_Sp0.5		kappa	0.1997826787829766				outputs_round8/figures/fig3_source_data.tsv
B_power_n	Se0.99_Sp0.5	6500	kappa	0.1997826787829766				outputs_round8/figures/fig3_source_data.tsv
B_power	Se0.99_Sp0.5		kappa	0.1896346993709499				outputs_round8/figures/fig3_source_data.tsv
B_power_n	Se0.99_Sp0.5	7000	kappa	0.1896346993709499				outputs_round8/figures/fig3_source_data.tsv
B_power	Se0.99_Sp0.5		kappa	0.1804673564150418				outputs_round8/figures/fig3_source_data.tsv
B_power_n	Se0.99_Sp0.5	7500	kappa	0.1804673564150418				outputs_round8/figures/fig3_source_data.tsv
B_power	Se0.99_Sp0.5		kappa	0.172145136683637				outputs_round8/figures/fig3_source_data.tsv
B_power_n	Se0.99_Sp0.5	8000	kappa	0.172145136683637				outputs_round8/figures/fig3_source_data.tsv
B_power	Se0.99_Sp0.5		kappa	0.1645563790304318				outputs_round8/figures/fig3_source_data.tsv
B_power_n	Se0.99_Sp0.5	8500	kappa	0.1645563790304318				outputs_round8/figures/fig3_source_data.tsv
B_power	Se0.99_Sp0.5		kappa	0.1576082520832494				outputs_round8/figures/fig3_source_data.tsv
B_power_n	Se0.99_Sp0.5	9000	kappa	0.1576082520832494				outputs_round8/figures/fig3_source_data.tsv
B_power	Se0.99_Sp0.5		kappa	0.1512229483876916				outputs_round8/figures/fig3_source_data.tsv
B_power_n	Se0.99_Sp0.5	9500	kappa	0.1512229483876916				outputs_round8/figures/fig3_source_data.tsv
B_power	Se0.99_Sp0.5		kappa	0.1453347650099605				outputs_round8/figures/fig3_source_data.tsv
B_power_n	Se0.99_Sp0.5	10000	kappa	0.1453347650099605				outputs_round8/figures/fig3_source_data.tsv
B_power	Se0.99_Sp0.5		kappa	0.1398878389495212				outputs_round8/figures/fig3_source_data.tsv
B_power_n	Se0.99_Sp0.5	10500	kappa	0.1398878389495212				outputs_round8/figures/fig3_source_data.tsv
B_power	Se0.99_Sp0.5		kappa	0.1348343723252169				outputs_round8/figures/fig3_source_data.tsv
B_power_n	Se0.99_Sp0.5	11000	kappa	0.1348343723252169				outputs_round8/figures/fig3_source_data.tsv
B_power	Se0.99_Sp0.5		kappa	0.1301332281386926				outputs_round8/figures/fig3_source_data.tsv
B_power_n	Se0.99_Sp0.5	11500	kappa	0.1301332281386926				outputs_round8/figures/fig3_source_data.tsv
B_power	Se0.99_Sp0.5		kappa	0.1257488094316508				outputs_round8/figures/fig3_source_data.tsv
B_power_n	Se0.99_Sp0.5	12000	kappa	0.1257488094316508				outputs_round8/figures/fig3_source_data.tsv
B_power	Se0.99_Sp0.5		kappa	0.1216501573167899				outputs_round8/figures/fig3_source_data.tsv
B_power_n	Se0.99_Sp0.5	12500	kappa	0.1216501573167899				outputs_round8/figures/fig3_source_data.tsv
B_power	Se0.99_Sp0.5		kappa	0.1178102196115653				outputs_round8/figures/fig3_source_data.tsv
B_power_n	Se0.99_Sp0.5	13000	kappa	0.1178102196115653				outputs_round8/figures/fig3_source_data.tsv
B_power	Se0.99_Sp0.5		kappa	0.1142052535928392				outputs_round8/figures/fig3_source_data.tsv
B_power_n	Se0.99_Sp0.5	13500	kappa	0.1142052535928392				outputs_round8/figures/fig3_source_data.tsv
B_power	Se0.99_Sp0.5		kappa	0.1108143350381624				outputs_round8/figures/fig3_source_data.tsv
B_power_n	Se0.99_Sp0.5	14000	kappa	0.1108143350381624				outputs_round8/figures/fig3_source_data.tsv
B_power	Se0.99_Sp0.5		kappa	0.107618952128521				outputs_round8/figures/fig3_source_data.tsv
B_power_n	Se0.99_Sp0.5	14500	kappa	0.107618952128521				outputs_round8/figures/fig3_source_data.tsv
B_power	Se0.99_Sp0.5		kappa	0.1046026675834117				outputs_round8/figures/fig3_source_data.tsv
B_power_n	Se0.99_Sp0.5	15000	kappa	0.1046026675834117				outputs_round8/figures/fig3_source_data.tsv
B_power	Se0.99_Sp0.5		kappa	0.1017508360206828				outputs_round8/figures/fig3_source_data.tsv
B_power_n	Se0.99_Sp0.5	15500	kappa	0.1017508360206828				outputs_round8/figures/fig3_source_data.tsv
B_power	Se0.99_Sp0.5		kappa	0.0990503662916432				outputs_round8/figures/fig3_source_data.tsv
B_power_n	Se0.99_Sp0.5	16000	kappa	0.0990503662916432				outputs_round8/figures/fig3_source_data.tsv
B_power	Se0.99_Sp0.5		kappa	0.0964895206592887				outputs_round8/figures/fig3_source_data.tsv
B_power_n	Se0.99_Sp0.5	16500	kappa	0.0964895206592887				outputs_round8/figures/fig3_source_data.tsv
B_power	Se0.99_Sp0.5		kappa	0.0940577443252741				outputs_round8/figures/fig3_source_data.tsv
B_power_n	Se0.99_Sp0.5	17000	kappa	0.0940577443252741				outputs_round8/figures/fig3_source_data.tsv
B_power	Se0.99_Sp0.5		kappa	0.0917455200871805				outputs_round8/figures/fig3_source_data.tsv
B_power_n	Se0.99_Sp0.5	17500	kappa	0.0917455200871805				outputs_round8/figures/fig3_source_data.tsv
B_power	Se0.99_Sp0.5		kappa	0.089544243908344				outputs_round8/figures/fig3_source_data.tsv
B_power_n	Se0.99_Sp0.5	18000	kappa	0.089544243908344				outputs_round8/figures/fig3_source_data.tsv
B_power	Se0.99_Sp0.5		kappa	0.0874461179724529				outputs_round8/figures/fig3_source_data.tsv
B_power_n	Se0.99_Sp0.5	18500	kappa	0.0874461179724529				outputs_round8/figures/fig3_source_data.tsv
B_power	Se0.99_Sp0.5		kappa	0.0854440584224405				outputs_round8/figures/fig3_source_data.tsv
B_power_n	Se0.99_Sp0.5	19000	kappa	0.0854440584224405				outputs_round8/figures/fig3_source_data.tsv
B_power	Se0.99_Sp0.5		kappa	0.0835316154842896				outputs_round8/figures/fig3_source_data.tsv
B_power_n	Se0.99_Sp0.5	19500	kappa	0.0835316154842896				outputs_round8/figures/fig3_source_data.tsv
B_power	Se0.99_Sp0.5		kappa	0.0817029040787925				outputs_round8/figures/fig3_source_data.tsv
B_power_n	Se0.99_Sp0.5	20000	kappa	0.0817029040787925				outputs_round8/figures/fig3_source_data.tsv
B_power	Se0.5_Sp0.5		kappa	0.0				outputs_round8/figures/fig3_source_data.tsv
B_power_n	Se0.5_Sp0.5	0	kappa	0.0				outputs_round8/figures/fig3_source_data.tsv
B_power	Se0.5_Sp0.5		kappa	0.0				outputs_round8/figures/fig3_source_data.tsv
B_power_n	Se0.5_Sp0.5	5	kappa	0.0				outputs_round8/figures/fig3_source_data.tsv
B_power	Se0.5_Sp0.5		kappa	0.0				outputs_round8/figures/fig3_source_data.tsv
B_power_n	Se0.5_Sp0.5	10	kappa	0.0				outputs_round8/figures/fig3_source_data.tsv
B_power	Se0.5_Sp0.5		kappa	0.0				outputs_round8/figures/fig3_source_data.tsv
B_power_n	Se0.5_Sp0.5	15	kappa	0.0				outputs_round8/figures/fig3_source_data.tsv
B_power	Se0.5_Sp0.5		kappa	0.0				outputs_round8/figures/fig3_source_data.tsv
B_power_n	Se0.5_Sp0.5	20	kappa	0.0				outputs_round8/figures/fig3_source_data.tsv
B_power	Se0.5_Sp0.5		kappa	0.0				outputs_round8/figures/fig3_source_data.tsv
B_power_n	Se0.5_Sp0.5	25	kappa	0.0				outputs_round8/figures/fig3_source_data.tsv
B_power	Se0.5_Sp0.5		kappa	0.0				outputs_round8/figures/fig3_source_data.tsv
B_power_n	Se0.5_Sp0.5	30	kappa	0.0				outputs_round8/figures/fig3_source_data.tsv
B_power	Se0.5_Sp0.5		kappa	0.0				outputs_round8/figures/fig3_source_data.tsv
B_power_n	Se0.5_Sp0.5	35	kappa	0.0				outputs_round8/figures/fig3_source_data.tsv
B_power	Se0.5_Sp0.5		kappa	0.0				outputs_round8/figures/fig3_source_data.tsv
B_power_n	Se0.5_Sp0.5	40	kappa	0.0				outputs_round8/figures/fig3_source_data.tsv
B_power	Se0.5_Sp0.5		kappa	0.0				outputs_round8/figures/fig3_source_data.tsv
B_power_n	Se0.5_Sp0.5	45	kappa	0.0				outputs_round8/figures/fig3_source_data.tsv
B_power	Se0.5_Sp0.5		kappa	0.0				outputs_round8/figures/fig3_source_data.tsv
B_power_n	Se0.5_Sp0.5	50	kappa	0.0				outputs_round8/figures/fig3_source_data.tsv
B_power	Se0.5_Sp0.5		kappa	0.0				outputs_round8/figures/fig3_source_data.tsv
B_power_n	Se0.5_Sp0.5	55	kappa	0.0				outputs_round8/figures/fig3_source_data.tsv
B_power	Se0.5_Sp0.5		kappa	0.0				outputs_round8/figures/fig3_source_data.tsv
B_power_n	Se0.5_Sp0.5	60	kappa	0.0				outputs_round8/figures/fig3_source_data.tsv
B_power	Se0.5_Sp0.5		kappa	0.0				outputs_round8/figures/fig3_source_data.tsv
B_power_n	Se0.5_Sp0.5	65	kappa	0.0				outputs_round8/figures/fig3_source_data.tsv
B_power	Se0.5_Sp0.5		kappa	0.0				outputs_round8/figures/fig3_source_data.tsv
B_power_n	Se0.5_Sp0.5	70	kappa	0.0				outputs_round8/figures/fig3_source_data.tsv
B_power	Se0.5_Sp0.5		kappa	0.0				outputs_round8/figures/fig3_source_data.tsv
B_power_n	Se0.5_Sp0.5	75	kappa	0.0				outputs_round8/figures/fig3_source_data.tsv
B_power	Se0.5_Sp0.5		kappa	0.0				outputs_round8/figures/fig3_source_data.tsv
B_power_n	Se0.5_Sp0.5	80	kappa	0.0				outputs_round8/figures/fig3_source_data.tsv
B_power	Se0.5_Sp0.5		kappa	0.0				outputs_round8/figures/fig3_source_data.tsv
B_power_n	Se0.5_Sp0.5	85	kappa	0.0				outputs_round8/figures/fig3_source_data.tsv
B_power	Se0.5_Sp0.5		kappa	0.0				outputs_round8/figures/fig3_source_data.tsv
B_power_n	Se0.5_Sp0.5	90	kappa	0.0				outputs_round8/figures/fig3_source_data.tsv
B_power	Se0.5_Sp0.5		kappa	0.0				outputs_round8/figures/fig3_source_data.tsv
B_power_n	Se0.5_Sp0.5	95	kappa	0.0				outputs_round8/figures/fig3_source_data.tsv
B_power	Se0.5_Sp0.5		kappa	0.0				outputs_round8/figures/fig3_source_data.tsv
B_power_n	Se0.5_Sp0.5	100	kappa	0.0				outputs_round8/figures/fig3_source_data.tsv
B_power	Se0.5_Sp0.5		kappa	0.0				outputs_round8/figures/fig3_source_data.tsv
B_power_n	Se0.5_Sp0.5	105	kappa	0.0				outputs_round8/figures/fig3_source_data.tsv
B_power	Se0.5_Sp0.5		kappa	0.0				outputs_round8/figures/fig3_source_data.tsv
B_power_n	Se0.5_Sp0.5	110	kappa	0.0				outputs_round8/figures/fig3_source_data.tsv
B_power	Se0.5_Sp0.5		kappa	0.0				outputs_round8/figures/fig3_source_data.tsv
B_power_n	Se0.5_Sp0.5	115	kappa	0.0				outputs_round8/figures/fig3_source_data.tsv
B_power	Se0.5_Sp0.5		kappa	0.0				outputs_round8/figures/fig3_source_data.tsv
B_power_n	Se0.5_Sp0.5	120	kappa	0.0				outputs_round8/figures/fig3_source_data.tsv
B_power	Se0.5_Sp0.5		kappa	0.0				outputs_round8/figures/fig3_source_data.tsv
B_power_n	Se0.5_Sp0.5	125	kappa	0.0				outputs_round8/figures/fig3_source_data.tsv
B_power	Se0.5_Sp0.5		kappa	0.0				outputs_round8/figures/fig3_source_data.tsv
B_power_n	Se0.5_Sp0.5	130	kappa	0.0				outputs_round8/figures/fig3_source_data.tsv
B_power	Se0.5_Sp0.5		kappa	0.0				outputs_round8/figures/fig3_source_data.tsv
B_power_n	Se0.5_Sp0.5	135	kappa	0.0				outputs_round8/figures/fig3_source_data.tsv
B_power	Se0.5_Sp0.5		kappa	0.0				outputs_round8/figures/fig3_source_data.tsv
B_power_n	Se0.5_Sp0.5	140	kappa	0.0				outputs_round8/figures/fig3_source_data.tsv
B_power	Se0.5_Sp0.5		kappa	0.0				outputs_round8/figures/fig3_source_data.tsv
B_power_n	Se0.5_Sp0.5	145	kappa	0.0				outputs_round8/figures/fig3_source_data.tsv
B_power	Se0.5_Sp0.5		kappa	0.0				outputs_round8/figures/fig3_source_data.tsv
B_power_n	Se0.5_Sp0.5	150	kappa	0.0				outputs_round8/figures/fig3_source_data.tsv
B_power	Se0.5_Sp0.5		kappa	0.0				outputs_round8/figures/fig3_source_data.tsv
B_power_n	Se0.5_Sp0.5	155	kappa	0.0				outputs_round8/figures/fig3_source_data.tsv
B_power	Se0.5_Sp0.5		kappa	0.0				outputs_round8/figures/fig3_source_data.tsv
B_power_n	Se0.5_Sp0.5	160	kappa	0.0				outputs_round8/figures/fig3_source_data.tsv
B_power	Se0.5_Sp0.5		kappa	0.0				outputs_round8/figures/fig3_source_data.tsv
B_power_n	Se0.5_Sp0.5	165	kappa	0.0				outputs_round8/figures/fig3_source_data.tsv
B_power	Se0.5_Sp0.5		kappa	0.0				outputs_round8/figures/fig3_source_data.tsv
B_power_n	Se0.5_Sp0.5	170	kappa	0.0				outputs_round8/figures/fig3_source_data.tsv
B_power	Se0.5_Sp0.5		kappa	0.0				outputs_round8/figures/fig3_source_data.tsv
B_power_n	Se0.5_Sp0.5	175	kappa	0.0				outputs_round8/figures/fig3_source_data.tsv
B_power	Se0.5_Sp0.5		kappa	0.0				outputs_round8/figures/fig3_source_data.tsv
B_power_n	Se0.5_Sp0.5	180	kappa	0.0				outputs_round8/figures/fig3_source_data.tsv
B_power	Se0.5_Sp0.5		kappa	0.0				outputs_round8/figures/fig3_source_data.tsv
B_power_n	Se0.5_Sp0.5	185	kappa	0.0				outputs_round8/figures/fig3_source_data.tsv
B_power	Se0.5_Sp0.5		kappa	0.0				outputs_round8/figures/fig3_source_data.tsv
B_power_n	Se0.5_Sp0.5	190	kappa	0.0				outputs_round8/figures/fig3_source_data.tsv
B_power	Se0.5_Sp0.5		kappa	0.0				outputs_round8/figures/fig3_source_data.tsv
B_power_n	Se0.5_Sp0.5	195	kappa	0.0				outputs_round8/figures/fig3_source_data.tsv
B_power	Se0.5_Sp0.5		kappa	0.0				outputs_round8/figures/fig3_source_data.tsv
B_power_n	Se0.5_Sp0.5	200	kappa	0.0				outputs_round8/figures/fig3_source_data.tsv
B_power	Se0.5_Sp0.5		kappa	0.0				outputs_round8/figures/fig3_source_data.tsv
B_power_n	Se0.5_Sp0.5	250	kappa	0.0				outputs_round8/figures/fig3_source_data.tsv
B_power	Se0.5_Sp0.5		kappa	0.0				outputs_round8/figures/fig3_source_data.tsv
B_power_n	Se0.5_Sp0.5	300	kappa	0.0				outputs_round8/figures/fig3_source_data.tsv
B_power	Se0.5_Sp0.5		kappa	0.0				outputs_round8/figures/fig3_source_data.tsv
B_power_n	Se0.5_Sp0.5	350	kappa	0.0				outputs_round8/figures/fig3_source_data.tsv
B_power	Se0.5_Sp0.5		kappa	0.0				outputs_round8/figures/fig3_source_data.tsv
B_power_n	Se0.5_Sp0.5	400	kappa	0.0				outputs_round8/figures/fig3_source_data.tsv
B_power	Se0.5_Sp0.5		kappa	0.0				outputs_round8/figures/fig3_source_data.tsv
B_power_n	Se0.5_Sp0.5	450	kappa	0.0				outputs_round8/figures/fig3_source_data.tsv
B_power	Se0.5_Sp0.5		kappa	0.0				outputs_round8/figures/fig3_source_data.tsv
B_power_n	Se0.5_Sp0.5	500	kappa	0.0				outputs_round8/figures/fig3_source_data.tsv
B_power	Se0.5_Sp0.5		kappa	0.0				outputs_round8/figures/fig3_source_data.tsv
B_power_n	Se0.5_Sp0.5	550	kappa	0.0				outputs_round8/figures/fig3_source_data.tsv
B_power	Se0.5_Sp0.5		kappa	0.0				outputs_round8/figures/fig3_source_data.tsv
B_power_n	Se0.5_Sp0.5	600	kappa	0.0				outputs_round8/figures/fig3_source_data.tsv
B_power	Se0.5_Sp0.5		kappa	0.0				outputs_round8/figures/fig3_source_data.tsv
B_power_n	Se0.5_Sp0.5	650	kappa	0.0				outputs_round8/figures/fig3_source_data.tsv
B_power	Se0.5_Sp0.5		kappa	0.0				outputs_round8/figures/fig3_source_data.tsv
B_power_n	Se0.5_Sp0.5	700	kappa	0.0				outputs_round8/figures/fig3_source_data.tsv
B_power	Se0.5_Sp0.5		kappa	0.0				outputs_round8/figures/fig3_source_data.tsv
B_power_n	Se0.5_Sp0.5	750	kappa	0.0				outputs_round8/figures/fig3_source_data.tsv
B_power	Se0.5_Sp0.5		kappa	0.0				outputs_round8/figures/fig3_source_data.tsv
B_power_n	Se0.5_Sp0.5	800	kappa	0.0				outputs_round8/figures/fig3_source_data.tsv
B_power	Se0.5_Sp0.5		kappa	0.0				outputs_round8/figures/fig3_source_data.tsv
B_power_n	Se0.5_Sp0.5	850	kappa	0.0				outputs_round8/figures/fig3_source_data.tsv
B_power	Se0.5_Sp0.5		kappa	0.0				outputs_round8/figures/fig3_source_data.tsv
B_power_n	Se0.5_Sp0.5	900	kappa	0.0				outputs_round8/figures/fig3_source_data.tsv
B_power	Se0.5_Sp0.5		kappa	0.0				outputs_round8/figures/fig3_source_data.tsv
B_power_n	Se0.5_Sp0.5	950	kappa	0.0				outputs_round8/figures/fig3_source_data.tsv
B_power	Se0.5_Sp0.5		kappa	0.0				outputs_round8/figures/fig3_source_data.tsv
B_power_n	Se0.5_Sp0.5	1000	kappa	0.0				outputs_round8/figures/fig3_source_data.tsv
B_power	Se0.5_Sp0.5		kappa	0.0				outputs_round8/figures/fig3_source_data.tsv
B_power_n	Se0.5_Sp0.5	1050	kappa	0.0				outputs_round8/figures/fig3_source_data.tsv
B_power	Se0.5_Sp0.5		kappa	0.0				outputs_round8/figures/fig3_source_data.tsv
B_power_n	Se0.5_Sp0.5	1100	kappa	0.0				outputs_round8/figures/fig3_source_data.tsv
B_power	Se0.5_Sp0.5		kappa	0.0				outputs_round8/figures/fig3_source_data.tsv
B_power_n	Se0.5_Sp0.5	1150	kappa	0.0				outputs_round8/figures/fig3_source_data.tsv
B_power	Se0.5_Sp0.5		kappa	0.0				outputs_round8/figures/fig3_source_data.tsv
B_power_n	Se0.5_Sp0.5	1200	kappa	0.0				outputs_round8/figures/fig3_source_data.tsv
B_power	Se0.5_Sp0.5		kappa	0.0				outputs_round8/figures/fig3_source_data.tsv
B_power_n	Se0.5_Sp0.5	1250	kappa	0.0				outputs_round8/figures/fig3_source_data.tsv
B_power	Se0.5_Sp0.5		kappa	0.0				outputs_round8/figures/fig3_source_data.tsv
B_power_n	Se0.5_Sp0.5	1300	kappa	0.0				outputs_round8/figures/fig3_source_data.tsv
B_power	Se0.5_Sp0.5		kappa	0.0				outputs_round8/figures/fig3_source_data.tsv
B_power_n	Se0.5_Sp0.5	1350	kappa	0.0				outputs_round8/figures/fig3_source_data.tsv
B_power	Se0.5_Sp0.5		kappa	0.0				outputs_round8/figures/fig3_source_data.tsv
B_power_n	Se0.5_Sp0.5	1400	kappa	0.0				outputs_round8/figures/fig3_source_data.tsv
B_power	Se0.5_Sp0.5		kappa	0.0				outputs_round8/figures/fig3_source_data.tsv
B_power_n	Se0.5_Sp0.5	1450	kappa	0.0				outputs_round8/figures/fig3_source_data.tsv
B_power	Se0.5_Sp0.5		kappa	0.0				outputs_round8/figures/fig3_source_data.tsv
B_power_n	Se0.5_Sp0.5	1500	kappa	0.0				outputs_round8/figures/fig3_source_data.tsv
B_power	Se0.5_Sp0.5		kappa	0.0				outputs_round8/figures/fig3_source_data.tsv
B_power_n	Se0.5_Sp0.5	1550	kappa	0.0				outputs_round8/figures/fig3_source_data.tsv
B_power	Se0.5_Sp0.5		kappa	0.0				outputs_round8/figures/fig3_source_data.tsv
B_power_n	Se0.5_Sp0.5	1600	kappa	0.0				outputs_round8/figures/fig3_source_data.tsv
B_power	Se0.5_Sp0.5		kappa	0.0				outputs_round8/figures/fig3_source_data.tsv
B_power_n	Se0.5_Sp0.5	1650	kappa	0.0				outputs_round8/figures/fig3_source_data.tsv
B_power	Se0.5_Sp0.5		kappa	0.0				outputs_round8/figures/fig3_source_data.tsv
B_power_n	Se0.5_Sp0.5	1700	kappa	0.0				outputs_round8/figures/fig3_source_data.tsv
B_power	Se0.5_Sp0.5		kappa	0.0				outputs_round8/figures/fig3_source_data.tsv
B_power_n	Se0.5_Sp0.5	1750	kappa	0.0				outputs_round8/figures/fig3_source_data.tsv
B_power	Se0.5_Sp0.5		kappa	0.0				outputs_round8/figures/fig3_source_data.tsv
B_power_n	Se0.5_Sp0.5	1800	kappa	0.0				outputs_round8/figures/fig3_source_data.tsv
B_power	Se0.5_Sp0.5		kappa	0.0				outputs_round8/figures/fig3_source_data.tsv
B_power_n	Se0.5_Sp0.5	1850	kappa	0.0				outputs_round8/figures/fig3_source_data.tsv
B_power	Se0.5_Sp0.5		kappa	0.0				outputs_round8/figures/fig3_source_data.tsv
B_power_n	Se0.5_Sp0.5	1900	kappa	0.0				outputs_round8/figures/fig3_source_data.tsv
B_power	Se0.5_Sp0.5		kappa	0.0				outputs_round8/figures/fig3_source_data.tsv
B_power_n	Se0.5_Sp0.5	1950	kappa	0.0				outputs_round8/figures/fig3_source_data.tsv
B_power	Se0.5_Sp0.5		kappa	0.0				outputs_round8/figures/fig3_source_data.tsv
B_power_n	Se0.5_Sp0.5	2000	kappa	0.0				outputs_round8/figures/fig3_source_data.tsv
B_power	Se0.5_Sp0.5		kappa	0.0				outputs_round8/figures/fig3_source_data.tsv
B_power_n	Se0.5_Sp0.5	2500	kappa	0.0				outputs_round8/figures/fig3_source_data.tsv
B_power	Se0.5_Sp0.5		kappa	0.0				outputs_round8/figures/fig3_source_data.tsv
B_power_n	Se0.5_Sp0.5	3000	kappa	0.0				outputs_round8/figures/fig3_source_data.tsv
B_power	Se0.5_Sp0.5		kappa	0.0				outputs_round8/figures/fig3_source_data.tsv
B_power_n	Se0.5_Sp0.5	3500	kappa	0.0				outputs_round8/figures/fig3_source_data.tsv
B_power	Se0.5_Sp0.5		kappa	0.0				outputs_round8/figures/fig3_source_data.tsv
B_power_n	Se0.5_Sp0.5	4000	kappa	0.0				outputs_round8/figures/fig3_source_data.tsv
B_power	Se0.5_Sp0.5		kappa	0.0				outputs_round8/figures/fig3_source_data.tsv
B_power_n	Se0.5_Sp0.5	4500	kappa	0.0				outputs_round8/figures/fig3_source_data.tsv
B_power	Se0.5_Sp0.5		kappa	0.0				outputs_round8/figures/fig3_source_data.tsv
B_power_n	Se0.5_Sp0.5	5000	kappa	0.0				outputs_round8/figures/fig3_source_data.tsv
B_power	Se0.5_Sp0.5		kappa	0.0				outputs_round8/figures/fig3_source_data.tsv
B_power_n	Se0.5_Sp0.5	5500	kappa	0.0				outputs_round8/figures/fig3_source_data.tsv
B_power	Se0.5_Sp0.5		kappa	0.0				outputs_round8/figures/fig3_source_data.tsv
B_power_n	Se0.5_Sp0.5	6000	kappa	0.0				outputs_round8/figures/fig3_source_data.tsv
B_power	Se0.5_Sp0.5		kappa	0.0				outputs_round8/figures/fig3_source_data.tsv
B_power_n	Se0.5_Sp0.5	6500	kappa	0.0				outputs_round8/figures/fig3_source_data.tsv
B_power	Se0.5_Sp0.5		kappa	0.0				outputs_round8/figures/fig3_source_data.tsv
B_power_n	Se0.5_Sp0.5	7000	kappa	0.0				outputs_round8/figures/fig3_source_data.tsv
B_power	Se0.5_Sp0.5		kappa	0.0				outputs_round8/figures/fig3_source_data.tsv
B_power_n	Se0.5_Sp0.5	7500	kappa	0.0				outputs_round8/figures/fig3_source_data.tsv
B_power	Se0.5_Sp0.5		kappa	0.0				outputs_round8/figures/fig3_source_data.tsv
B_power_n	Se0.5_Sp0.5	8000	kappa	0.0				outputs_round8/figures/fig3_source_data.tsv
B_power	Se0.5_Sp0.5		kappa	0.0				outputs_round8/figures/fig3_source_data.tsv
B_power_n	Se0.5_Sp0.5	8500	kappa	0.0				outputs_round8/figures/fig3_source_data.tsv
B_power	Se0.5_Sp0.5		kappa	0.0				outputs_round8/figures/fig3_source_data.tsv
B_power_n	Se0.5_Sp0.5	9000	kappa	0.0				outputs_round8/figures/fig3_source_data.tsv
B_power	Se0.5_Sp0.5		kappa	0.0				outputs_round8/figures/fig3_source_data.tsv
B_power_n	Se0.5_Sp0.5	9500	kappa	0.0				outputs_round8/figures/fig3_source_data.tsv
B_power	Se0.5_Sp0.5		kappa	0.0				outputs_round8/figures/fig3_source_data.tsv
B_power_n	Se0.5_Sp0.5	10000	kappa	0.0				outputs_round8/figures/fig3_source_data.tsv
B_power	Se0.5_Sp0.5		kappa	0.0				outputs_round8/figures/fig3_source_data.tsv
B_power_n	Se0.5_Sp0.5	10500	kappa	0.0				outputs_round8/figures/fig3_source_data.tsv
B_power	Se0.5_Sp0.5		kappa	0.0				outputs_round8/figures/fig3_source_data.tsv
B_power_n	Se0.5_Sp0.5	11000	kappa	0.0				outputs_round8/figures/fig3_source_data.tsv
B_power	Se0.5_Sp0.5		kappa	0.0				outputs_round8/figures/fig3_source_data.tsv
B_power_n	Se0.5_Sp0.5	11500	kappa	0.0				outputs_round8/figures/fig3_source_data.tsv
B_power	Se0.5_Sp0.5		kappa	0.0				outputs_round8/figures/fig3_source_data.tsv
B_power_n	Se0.5_Sp0.5	12000	kappa	0.0				outputs_round8/figures/fig3_source_data.tsv
B_power	Se0.5_Sp0.5		kappa	0.0				outputs_round8/figures/fig3_source_data.tsv
B_power_n	Se0.5_Sp0.5	12500	kappa	0.0				outputs_round8/figures/fig3_source_data.tsv
B_power	Se0.5_Sp0.5		kappa	0.0				outputs_round8/figures/fig3_source_data.tsv
B_power_n	Se0.5_Sp0.5	13000	kappa	0.0				outputs_round8/figures/fig3_source_data.tsv
B_power	Se0.5_Sp0.5		kappa	0.0				outputs_round8/figures/fig3_source_data.tsv
B_power_n	Se0.5_Sp0.5	13500	kappa	0.0				outputs_round8/figures/fig3_source_data.tsv
B_power	Se0.5_Sp0.5		kappa	0.0				outputs_round8/figures/fig3_source_data.tsv
B_power_n	Se0.5_Sp0.5	14000	kappa	0.0				outputs_round8/figures/fig3_source_data.tsv
B_power	Se0.5_Sp0.5		kappa	0.0				outputs_round8/figures/fig3_source_data.tsv
B_power_n	Se0.5_Sp0.5	14500	kappa	0.0				outputs_round8/figures/fig3_source_data.tsv
B_power	Se0.5_Sp0.5		kappa	0.0				outputs_round8/figures/fig3_source_data.tsv
B_power_n	Se0.5_Sp0.5	15000	kappa	0.0				outputs_round8/figures/fig3_source_data.tsv
B_power	Se0.5_Sp0.5		kappa	0.0				outputs_round8/figures/fig3_source_data.tsv
B_power_n	Se0.5_Sp0.5	15500	kappa	0.0				outputs_round8/figures/fig3_source_data.tsv
B_power	Se0.5_Sp0.5		kappa	0.0				outputs_round8/figures/fig3_source_data.tsv
B_power_n	Se0.5_Sp0.5	16000	kappa	0.0				outputs_round8/figures/fig3_source_data.tsv
B_power	Se0.5_Sp0.5		kappa	0.0				outputs_round8/figures/fig3_source_data.tsv
B_power_n	Se0.5_Sp0.5	16500	kappa	0.0				outputs_round8/figures/fig3_source_data.tsv
B_power	Se0.5_Sp0.5		kappa	0.0				outputs_round8/figures/fig3_source_data.tsv
B_power_n	Se0.5_Sp0.5	17000	kappa	0.0				outputs_round8/figures/fig3_source_data.tsv
B_power	Se0.5_Sp0.5		kappa	0.0				outputs_round8/figures/fig3_source_data.tsv
B_power_n	Se0.5_Sp0.5	17500	kappa	0.0				outputs_round8/figures/fig3_source_data.tsv
B_power	Se0.5_Sp0.5		kappa	0.0				outputs_round8/figures/fig3_source_data.tsv
B_power_n	Se0.5_Sp0.5	18000	kappa	0.0				outputs_round8/figures/fig3_source_data.tsv
B_power	Se0.5_Sp0.5		kappa	0.0				outputs_round8/figures/fig3_source_data.tsv
B_power_n	Se0.5_Sp0.5	18500	kappa	0.0				outputs_round8/figures/fig3_source_data.tsv
B_power	Se0.5_Sp0.5		kappa	0.0				outputs_round8/figures/fig3_source_data.tsv
B_power_n	Se0.5_Sp0.5	19000	kappa	0.0				outputs_round8/figures/fig3_source_data.tsv
B_power	Se0.5_Sp0.5		kappa	0.0				outputs_round8/figures/fig3_source_data.tsv
B_power_n	Se0.5_Sp0.5	19500	kappa	0.0				outputs_round8/figures/fig3_source_data.tsv
B_power	Se0.5_Sp0.5		kappa	0.0				outputs_round8/figures/fig3_source_data.tsv
B_power_n	Se0.5_Sp0.5	20000	kappa	0.0				outputs_round8/figures/fig3_source_data.tsv
B_grid	Se0.6		min_n_kappa_ge_04	never				outputs_round8/tables/t6_scenario_grid.tsv
B_grid	Se0.6		kappa_max	0.2				outputs_round8/tables/t6_scenario_grid.tsv
B_grid	Se0.6		n_at_kappa_max	950				outputs_round8/tables/t6_scenario_grid.tsv
B_grid	Se0.7		min_n_kappa_ge_04	never				outputs_round8/tables/t6_scenario_grid.tsv
B_grid	Se0.7		kappa_max	0.4				outputs_round8/tables/t6_scenario_grid.tsv
B_grid	Se0.7		n_at_kappa_max	950				outputs_round8/tables/t6_scenario_grid.tsv
B_grid	Se0.75		min_n_kappa_ge_04	256				outputs_round8/tables/t6_scenario_grid.tsv
B_grid	Se0.75		kappa_max	0.5				outputs_round8/tables/t6_scenario_grid.tsv
B_grid	Se0.75		n_at_kappa_max	950				outputs_round8/tables/t6_scenario_grid.tsv
B_grid	Se0.8		min_n_kappa_ge_04	139				outputs_round8/tables/t6_scenario_grid.tsv
B_grid	Se0.8		kappa_max	0.6				outputs_round8/tables/t6_scenario_grid.tsv
B_grid	Se0.8		n_at_kappa_max	950				outputs_round8/tables/t6_scenario_grid.tsv
B_grid	Se0.85		min_n_kappa_ge_04	80				outputs_round8/tables/t6_scenario_grid.tsv
B_grid	Se0.85		kappa_max	0.7				outputs_round8/tables/t6_scenario_grid.tsv
B_grid	Se0.85		n_at_kappa_max	950				outputs_round8/tables/t6_scenario_grid.tsv
B_grid	Se0.9		min_n_kappa_ge_04	44				outputs_round8/tables/t6_scenario_grid.tsv
B_grid	Se0.9		kappa_max	0.8				outputs_round8/tables/t6_scenario_grid.tsv
B_grid	Se0.9		n_at_kappa_max	950				outputs_round8/tables/t6_scenario_grid.tsv
B_grid	Se0.95		min_n_kappa_ge_04	19				outputs_round8/tables/t6_scenario_grid.tsv
B_grid	Se0.95		kappa_max	0.9				outputs_round8/tables/t6_scenario_grid.tsv
B_grid	Se0.95		n_at_kappa_max	950				outputs_round8/tables/t6_scenario_grid.tsv
B_grid	Se0.99		min_n_kappa_ge_04	4				outputs_round8/tables/t6_scenario_grid.tsv
B_grid	Se0.99		kappa_max	0.98				outputs_round8/tables/t6_scenario_grid.tsv
B_grid	Se0.99		n_at_kappa_max	950				outputs_round8/tables/t6_scenario_grid.tsv
B_grid	Se0.5		min_n_kappa_ge_04	never				outputs_round8/tables/t6_scenario_grid.tsv
B_grid	Se0.5		kappa_max	0.0				outputs_round8/tables/t6_scenario_grid.tsv
B_grid	Se0.5		n_at_kappa_max	0				outputs_round8/tables/t6_scenario_grid.tsv
meta	current_predictor_kappa		value	-0.056			four-class strain-level predictor, chance level (handoff §1.2/§5)	绘图轮全景任务表.MD
meta	kappa_target		value	0.4				task spec (kappa >= 0.4 threshold line)
meta	family_order	0	name				GH1	10-family panel (handoff §2)
meta	family_order	1	name				GH2	10-family panel (handoff §2)
meta	family_order	2	name				GH3	10-family panel (handoff §2)
meta	family_order	3	name				GH27	10-family panel (handoff §2)
meta	family_order	4	name				GH36	10-family panel (handoff §2)
meta	family_order	5	name				GH51	10-family panel (handoff §2)
meta	family_order	6	name				GH54	10-family panel (handoff §2)
meta	family_order	7	name				GH78	10-family panel (handoff §2)
meta	family_order	8	name				GH79	10-family panel (handoff §2)
meta	family_order	9	name				GH106	10-family panel (handoff §2)
