# source_data for Fig 5 — single-enzyme candidate screening funnel and homology | figure-round (presentation only)
# rows=3335 | all plotted values are read back from this file by the plot stage
# provenance column gives the upstream read-only file + locator for every value
block	entity	sub	field	value	num	den	text	provenance
A_funnel	gh3_pool		n	484			GH3 pool (63 Bacteroidales genomes)	tables/t1_gh3_candidates_all.tsv
A_funnel	gh3_s1_pass		n	417			GH3 catalytic residues complete (S1)	tables/t1_gh3_candidates_all.tsv
A_funnel	ranked_passers		n	473			merged GH3+GH5 passers, C6-ranked	tables/t1_ranked_passers.tsv
A_funnel	tier1_top20		n	20			tier-1 (C6 rank ≤ 20)	tables/t1_ranked_passers.tsv
A_funnel	highlighted		n	5			report-highlighted wet-lab candidates	tables/t1_ranked_passers.tsv
A_funnel	gh3_pool		n_strains	63				tables/t1_gh3_candidates_all.tsv
A_funnel	gh5_pool		n	68			GH5 pool — 31 Bacteroidota genomes	tables/t1_gh5_candidates_all.tsv
A_funnel	gh5_s1_pass		n	56			GH5 catalytic residues complete (S1)	tables/t1_gh5_candidates_all.tsv
A_funnel	gh66_pool		n	11			GH66 pool — 31 Bacteroidota genomes	tables/t1_gh66_inventory.tsv
A_funnel	gh66_not_computable		n	11			GH66 catalytic residues NOT COMPUTABLE (PStDex sequence not public; no curated ACT_SITE)	tables/t1_gh66_inventory.tsv
C_verdict	GH3		complete	352				tables/t1_gh3_candidates_all.tsv
C_verdict	GH3		complete_pairwise_rescued	65				tables/t1_gh3_candidates_all.tsv
C_verdict	GH3		mapping_failure	63				tables/t1_gh3_candidates_all.tsv
C_verdict	GH3		incomplete	4				tables/t1_gh3_candidates_all.tsv
C_verdict	GH5		complete	56				tables/t1_gh5_candidates_all.tsv
C_verdict	GH5		mapping_failure	9				tables/t1_gh5_candidates_all.tsv
C_verdict	GH5		incomplete	3				tables/t1_gh5_candidates_all.tsv
C_verdict	GH66		not_computable	11				tables/t1_gh66_inventory.tsv
A_funnel	shortlist_clusters		n	25			non-redundant (≥95% identity) wet-lab shortlist clusters	tables/t1_wetlab_shortlist_clusters.tsv
B_scatter	WP_010801083.1	Parabacteroides	identity	45.32				tables/t1_ranked_passers.tsv
B_scatter	WP_010801083.1	Parabacteroides	tlen	746				tables/t1_ranked_passers.tsv
B_scatter	WP_010801083.1	Parabacteroides	family	GH3				tables/t1_ranked_passers.tsv
B_scatter	WP_010801083.1	Parabacteroides	pul	in				tables/t1_ranked_passers.tsv
B_scatter	WP_010801083.1	Parabacteroides	s4a_max	45.58				tables/t1_ranked_passers.tsv
B_scatter	WP_010801083.1	Parabacteroides	s4a_reported	False				tables/t1_ranked_passers.tsv
B_scatter	WP_010801083.1	Parabacteroides	rank	1				tables/t1_ranked_passers.tsv
B_scatter	WP_258971837.1	Parabacteroides	identity	44.9				tables/t1_ranked_passers.tsv
B_scatter	WP_258971837.1	Parabacteroides	tlen	746				tables/t1_ranked_passers.tsv
B_scatter	WP_258971837.1	Parabacteroides	family	GH3				tables/t1_ranked_passers.tsv
B_scatter	WP_258971837.1	Parabacteroides	pul	in				tables/t1_ranked_passers.tsv
B_scatter	WP_258971837.1	Parabacteroides	s4a_max	45.17				tables/t1_ranked_passers.tsv
B_scatter	WP_258971837.1	Parabacteroides	s4a_reported	False				tables/t1_ranked_passers.tsv
B_scatter	WP_258971837.1	Parabacteroides	rank	2				tables/t1_ranked_passers.tsv
B_scatter	WP_224264006.1	Parabacteroides	identity	44.35				tables/t1_ranked_passers.tsv
B_scatter	WP_224264006.1	Parabacteroides	tlen	746				tables/t1_ranked_passers.tsv
B_scatter	WP_224264006.1	Parabacteroides	family	GH3				tables/t1_ranked_passers.tsv
B_scatter	WP_224264006.1	Parabacteroides	pul	in				tables/t1_ranked_passers.tsv
B_scatter	WP_224264006.1	Parabacteroides	s4a_max	44.64				tables/t1_ranked_passers.tsv
B_scatter	WP_224264006.1	Parabacteroides	s4a_reported	False				tables/t1_ranked_passers.tsv
B_scatter	WP_224264006.1	Parabacteroides	rank	3				tables/t1_ranked_passers.tsv
B_scatter	WP_224264072.1	Parabacteroides	identity	41.15				tables/t1_ranked_passers.tsv
B_scatter	WP_224264072.1	Parabacteroides	tlen	732				tables/t1_ranked_passers.tsv
B_scatter	WP_224264072.1	Parabacteroides	family	GH3				tables/t1_ranked_passers.tsv
B_scatter	WP_224264072.1	Parabacteroides	pul	in				tables/t1_ranked_passers.tsv
B_scatter	WP_224264072.1	Parabacteroides	s4a_max	49.59				tables/t1_ranked_passers.tsv
B_scatter	WP_224264072.1	Parabacteroides	s4a_reported	False				tables/t1_ranked_passers.tsv
B_scatter	WP_224264072.1	Parabacteroides	rank	4				tables/t1_ranked_passers.tsv
B_scatter	WP_258915342.1	Parabacteroides	identity	41.15				tables/t1_ranked_passers.tsv
B_scatter	WP_258915342.1	Parabacteroides	tlen	732				tables/t1_ranked_passers.tsv
B_scatter	WP_258915342.1	Parabacteroides	family	GH3				tables/t1_ranked_passers.tsv
B_scatter	WP_258915342.1	Parabacteroides	pul	in				tables/t1_ranked_passers.tsv
B_scatter	WP_258915342.1	Parabacteroides	s4a_max	50.68				tables/t1_ranked_passers.tsv
B_scatter	WP_258915342.1	Parabacteroides	s4a_reported	False				tables/t1_ranked_passers.tsv
B_scatter	WP_258915342.1	Parabacteroides	rank	5				tables/t1_ranked_passers.tsv
B_scatter	WP_195400649.1	Parabacteroides	identity	41.0				tables/t1_ranked_passers.tsv
B_scatter	WP_195400649.1	Parabacteroides	tlen	732				tables/t1_ranked_passers.tsv
B_scatter	WP_195400649.1	Parabacteroides	family	GH3				tables/t1_ranked_passers.tsv
B_scatter	WP_195400649.1	Parabacteroides	pul	in				tables/t1_ranked_passers.tsv
B_scatter	WP_195400649.1	Parabacteroides	s4a_max	52.19				tables/t1_ranked_passers.tsv
B_scatter	WP_195400649.1	Parabacteroides	s4a_reported	False				tables/t1_ranked_passers.tsv
B_scatter	WP_195400649.1	Parabacteroides	rank	6				tables/t1_ranked_passers.tsv
B_scatter	WP_258971922.1	Parabacteroides	identity	41.0				tables/t1_ranked_passers.tsv
B_scatter	WP_258971922.1	Parabacteroides	tlen	732				tables/t1_ranked_passers.tsv
B_scatter	WP_258971922.1	Parabacteroides	family	GH3				tables/t1_ranked_passers.tsv
B_scatter	WP_258971922.1	Parabacteroides	pul	in				tables/t1_ranked_passers.tsv
B_scatter	WP_258971922.1	Parabacteroides	s4a_max	49.59				tables/t1_ranked_passers.tsv
B_scatter	WP_258971922.1	Parabacteroides	s4a_reported	False				tables/t1_ranked_passers.tsv
B_scatter	WP_258971922.1	Parabacteroides	rank	7				tables/t1_ranked_passers.tsv
B_scatter	WP_005860207.1	Parabacteroides	identity	40.85				tables/t1_ranked_passers.tsv
B_scatter	WP_005860207.1	Parabacteroides	tlen	732				tables/t1_ranked_passers.tsv
B_scatter	WP_005860207.1	Parabacteroides	family	GH3				tables/t1_ranked_passers.tsv
B_scatter	WP_005860207.1	Parabacteroides	pul	in				tables/t1_ranked_passers.tsv
B_scatter	WP_005860207.1	Parabacteroides	s4a_max	52.19				tables/t1_ranked_passers.tsv
B_scatter	WP_005860207.1	Parabacteroides	s4a_reported	False				tables/t1_ranked_passers.tsv
B_scatter	WP_005860207.1	Parabacteroides	rank	8				tables/t1_ranked_passers.tsv
B_scatter	WP_258971836.1	Parabacteroides	identity	39.1				tables/t1_ranked_passers.tsv
B_scatter	WP_258971836.1	Parabacteroides	tlen	745				tables/t1_ranked_passers.tsv
B_scatter	WP_258971836.1	Parabacteroides	family	GH3				tables/t1_ranked_passers.tsv
B_scatter	WP_258971836.1	Parabacteroides	pul	in				tables/t1_ranked_passers.tsv
B_scatter	WP_258971836.1	Parabacteroides	s4a_max	41.61				tables/t1_ranked_passers.tsv
B_scatter	WP_258971836.1	Parabacteroides	s4a_reported	False				tables/t1_ranked_passers.tsv
B_scatter	WP_258971836.1	Parabacteroides	rank	9				tables/t1_ranked_passers.tsv
B_scatter	WP_010801085.1	Parabacteroides	identity	38.95				tables/t1_ranked_passers.tsv
B_scatter	WP_010801085.1	Parabacteroides	tlen	745				tables/t1_ranked_passers.tsv
B_scatter	WP_010801085.1	Parabacteroides	family	GH3				tables/t1_ranked_passers.tsv
B_scatter	WP_010801085.1	Parabacteroides	pul	in				tables/t1_ranked_passers.tsv
B_scatter	WP_010801085.1	Parabacteroides	s4a_max	41.34				tables/t1_ranked_passers.tsv
B_scatter	WP_010801085.1	Parabacteroides	s4a_reported	False				tables/t1_ranked_passers.tsv
B_scatter	WP_010801085.1	Parabacteroides	rank	10				tables/t1_ranked_passers.tsv
B_scatter	WP_224264004.1	Parabacteroides	identity	38.95				tables/t1_ranked_passers.tsv
B_scatter	WP_224264004.1	Parabacteroides	tlen	745				tables/t1_ranked_passers.tsv
B_scatter	WP_224264004.1	Parabacteroides	family	GH3				tables/t1_ranked_passers.tsv
B_scatter	WP_224264004.1	Parabacteroides	pul	in				tables/t1_ranked_passers.tsv
B_scatter	WP_224264004.1	Parabacteroides	s4a_max	41.61				tables/t1_ranked_passers.tsv
B_scatter	WP_224264004.1	Parabacteroides	s4a_reported	False				tables/t1_ranked_passers.tsv
B_scatter	WP_224264004.1	Parabacteroides	rank	11				tables/t1_ranked_passers.tsv
B_scatter	WP_258916494.1	Parabacteroides	identity	38.77				tables/t1_ranked_passers.tsv
B_scatter	WP_258916494.1	Parabacteroides	tlen	780				tables/t1_ranked_passers.tsv
B_scatter	WP_258916494.1	Parabacteroides	family	GH3				tables/t1_ranked_passers.tsv
B_scatter	WP_258916494.1	Parabacteroides	pul	in				tables/t1_ranked_passers.tsv
B_scatter	WP_258916494.1	Parabacteroides	s4a_max	40.16				tables/t1_ranked_passers.tsv
B_scatter	WP_258916494.1	Parabacteroides	s4a_reported	False				tables/t1_ranked_passers.tsv
B_scatter	WP_258916494.1	Parabacteroides	rank	12				tables/t1_ranked_passers.tsv
B_scatter	WP_258970789.1	Parabacteroides	identity	38.4				tables/t1_ranked_passers.tsv
B_scatter	WP_258970789.1	Parabacteroides	tlen	774				tables/t1_ranked_passers.tsv
B_scatter	WP_258970789.1	Parabacteroides	family	GH3				tables/t1_ranked_passers.tsv
B_scatter	WP_258970789.1	Parabacteroides	pul	in				tables/t1_ranked_passers.tsv
B_scatter	WP_258970789.1	Parabacteroides	s4a_max	42.51				tables/t1_ranked_passers.tsv
B_scatter	WP_258970789.1	Parabacteroides	s4a_reported	False				tables/t1_ranked_passers.tsv
B_scatter	WP_258970789.1	Parabacteroides	rank	13				tables/t1_ranked_passers.tsv
B_scatter	WP_224264923.1	Parabacteroides	identity	38.29				tables/t1_ranked_passers.tsv
B_scatter	WP_224264923.1	Parabacteroides	tlen	780				tables/t1_ranked_passers.tsv
B_scatter	WP_224264923.1	Parabacteroides	family	GH3				tables/t1_ranked_passers.tsv
B_scatter	WP_224264923.1	Parabacteroides	pul	in				tables/t1_ranked_passers.tsv
B_scatter	WP_224264923.1	Parabacteroides	s4a_max	40.16				tables/t1_ranked_passers.tsv
B_scatter	WP_224264923.1	Parabacteroides	s4a_reported	False				tables/t1_ranked_passers.tsv
B_scatter	WP_224264923.1	Parabacteroides	rank	14				tables/t1_ranked_passers.tsv
B_scatter	WP_224263918.1	Parabacteroides	identity	37.48				tables/t1_ranked_passers.tsv
B_scatter	WP_224263918.1	Parabacteroides	tlen	799				tables/t1_ranked_passers.tsv
B_scatter	WP_224263918.1	Parabacteroides	family	GH3				tables/t1_ranked_passers.tsv
B_scatter	WP_224263918.1	Parabacteroides	pul	in				tables/t1_ranked_passers.tsv
B_scatter	WP_224263918.1	Parabacteroides	s4a_max	38.8				tables/t1_ranked_passers.tsv
B_scatter	WP_224263918.1	Parabacteroides	s4a_reported	False				tables/t1_ranked_passers.tsv
B_scatter	WP_224263918.1	Parabacteroides	rank	15				tables/t1_ranked_passers.tsv
B_scatter	WP_258971731.1	Parabacteroides	identity	37.2				tables/t1_ranked_passers.tsv
B_scatter	WP_258971731.1	Parabacteroides	tlen	799				tables/t1_ranked_passers.tsv
B_scatter	WP_258971731.1	Parabacteroides	family	GH3				tables/t1_ranked_passers.tsv
B_scatter	WP_258971731.1	Parabacteroides	pul	in				tables/t1_ranked_passers.tsv
B_scatter	WP_258971731.1	Parabacteroides	s4a_max	38.8				tables/t1_ranked_passers.tsv
B_scatter	WP_258971731.1	Parabacteroides	s4a_reported	False				tables/t1_ranked_passers.tsv
B_scatter	WP_258971731.1	Parabacteroides	rank	16				tables/t1_ranked_passers.tsv
B_scatter	WP_010801212.1	Parabacteroides	identity	37.2				tables/t1_ranked_passers.tsv
B_scatter	WP_010801212.1	Parabacteroides	tlen	799				tables/t1_ranked_passers.tsv
B_scatter	WP_010801212.1	Parabacteroides	family	GH3				tables/t1_ranked_passers.tsv
B_scatter	WP_010801212.1	Parabacteroides	pul	in				tables/t1_ranked_passers.tsv
B_scatter	WP_010801212.1	Parabacteroides	s4a_max	38.8				tables/t1_ranked_passers.tsv
B_scatter	WP_010801212.1	Parabacteroides	s4a_reported	False				tables/t1_ranked_passers.tsv
B_scatter	WP_010801212.1	Parabacteroides	rank	17				tables/t1_ranked_passers.tsv
B_scatter	WP_258914931.1	Parabacteroides	identity	37.09				tables/t1_ranked_passers.tsv
B_scatter	WP_258914931.1	Parabacteroides	tlen	770				tables/t1_ranked_passers.tsv
B_scatter	WP_258914931.1	Parabacteroides	family	GH3				tables/t1_ranked_passers.tsv
B_scatter	WP_258914931.1	Parabacteroides	pul	in				tables/t1_ranked_passers.tsv
B_scatter	WP_258914931.1	Parabacteroides	s4a_max	42.21				tables/t1_ranked_passers.tsv
B_scatter	WP_258914931.1	Parabacteroides	s4a_reported	False				tables/t1_ranked_passers.tsv
B_scatter	WP_258914931.1	Parabacteroides	rank	18				tables/t1_ranked_passers.tsv
B_scatter	WP_010800027.1	Parabacteroides	identity	36.33				tables/t1_ranked_passers.tsv
B_scatter	WP_010800027.1	Parabacteroides	tlen	805				tables/t1_ranked_passers.tsv
B_scatter	WP_010800027.1	Parabacteroides	family	GH3				tables/t1_ranked_passers.tsv
B_scatter	WP_010800027.1	Parabacteroides	pul	in				tables/t1_ranked_passers.tsv
B_scatter	WP_010800027.1	Parabacteroides	s4a_max	36.49				tables/t1_ranked_passers.tsv
B_scatter	WP_010800027.1	Parabacteroides	s4a_reported	False				tables/t1_ranked_passers.tsv
B_scatter	WP_010800027.1	Parabacteroides	rank	19				tables/t1_ranked_passers.tsv
B_scatter	WP_224264686.1	Parabacteroides	identity	36.33				tables/t1_ranked_passers.tsv
B_scatter	WP_224264686.1	Parabacteroides	tlen	805				tables/t1_ranked_passers.tsv
B_scatter	WP_224264686.1	Parabacteroides	family	GH3				tables/t1_ranked_passers.tsv
B_scatter	WP_224264686.1	Parabacteroides	pul	in				tables/t1_ranked_passers.tsv
B_scatter	WP_224264686.1	Parabacteroides	s4a_max	36.36				tables/t1_ranked_passers.tsv
B_scatter	WP_224264686.1	Parabacteroides	s4a_reported	False				tables/t1_ranked_passers.tsv
B_scatter	WP_224264686.1	Parabacteroides	rank	20				tables/t1_ranked_passers.tsv
B_scatter	WP_258969387.1	Parabacteroides	identity	36.19				tables/t1_ranked_passers.tsv
B_scatter	WP_258969387.1	Parabacteroides	tlen	805				tables/t1_ranked_passers.tsv
B_scatter	WP_258969387.1	Parabacteroides	family	GH3				tables/t1_ranked_passers.tsv
B_scatter	WP_258969387.1	Parabacteroides	pul	in				tables/t1_ranked_passers.tsv
B_scatter	WP_258969387.1	Parabacteroides	s4a_max	36.36				tables/t1_ranked_passers.tsv
B_scatter	WP_258969387.1	Parabacteroides	s4a_reported	False				tables/t1_ranked_passers.tsv
B_scatter	WP_258969387.1	Parabacteroides	rank	21				tables/t1_ranked_passers.tsv
B_scatter	WP_122128858.1	Parabacteroides	identity	36.16				tables/t1_ranked_passers.tsv
B_scatter	WP_122128858.1	Parabacteroides	tlen	849				tables/t1_ranked_passers.tsv
B_scatter	WP_122128858.1	Parabacteroides	family	GH3				tables/t1_ranked_passers.tsv
B_scatter	WP_122128858.1	Parabacteroides	pul	in				tables/t1_ranked_passers.tsv
B_scatter	WP_122128858.1	Parabacteroides	s4a_max	37.22				tables/t1_ranked_passers.tsv
B_scatter	WP_122128858.1	Parabacteroides	s4a_reported	False				tables/t1_ranked_passers.tsv
B_scatter	WP_122128858.1	Parabacteroides	rank	22				tables/t1_ranked_passers.tsv
B_scatter	WP_293731986.1	Parabacteroides	identity	34.76				tables/t1_ranked_passers.tsv
B_scatter	WP_293731986.1	Parabacteroides	tlen	868				tables/t1_ranked_passers.tsv
B_scatter	WP_293731986.1	Parabacteroides	family	GH3				tables/t1_ranked_passers.tsv
B_scatter	WP_293731986.1	Parabacteroides	pul	in				tables/t1_ranked_passers.tsv
B_scatter	WP_293731986.1	Parabacteroides	s4a_max	48.5				tables/t1_ranked_passers.tsv
B_scatter	WP_293731986.1	Parabacteroides	s4a_reported	False				tables/t1_ranked_passers.tsv
B_scatter	WP_293731986.1	Parabacteroides	rank	23				tables/t1_ranked_passers.tsv
B_scatter	WP_005640269.1	Parabacteroides	identity	34.47				tables/t1_ranked_passers.tsv
B_scatter	WP_005640269.1	Parabacteroides	tlen	868				tables/t1_ranked_passers.tsv
B_scatter	WP_005640269.1	Parabacteroides	family	GH3				tables/t1_ranked_passers.tsv
B_scatter	WP_005640269.1	Parabacteroides	pul	in				tables/t1_ranked_passers.tsv
B_scatter	WP_005640269.1	Parabacteroides	s4a_max	48.38				tables/t1_ranked_passers.tsv
B_scatter	WP_005640269.1	Parabacteroides	s4a_reported	False				tables/t1_ranked_passers.tsv
B_scatter	WP_005640269.1	Parabacteroides	rank	24				tables/t1_ranked_passers.tsv
B_scatter	WP_008150196.1	Parabacteroides	identity	34.02				tables/t1_ranked_passers.tsv
B_scatter	WP_008150196.1	Parabacteroides	tlen	868				tables/t1_ranked_passers.tsv
B_scatter	WP_008150196.1	Parabacteroides	family	GH3				tables/t1_ranked_passers.tsv
B_scatter	WP_008150196.1	Parabacteroides	pul	in				tables/t1_ranked_passers.tsv
B_scatter	WP_008150196.1	Parabacteroides	s4a_max	48.26				tables/t1_ranked_passers.tsv
B_scatter	WP_008150196.1	Parabacteroides	s4a_reported	False				tables/t1_ranked_passers.tsv
B_scatter	WP_008150196.1	Parabacteroides	rank	25				tables/t1_ranked_passers.tsv
B_scatter	WP_195474816.1	Bacteroides	identity	66.75				tables/t1_ranked_passers.tsv
B_scatter	WP_195474816.1	Bacteroides	tlen	769				tables/t1_ranked_passers.tsv
B_scatter	WP_195474816.1	Bacteroides	family	GH3				tables/t1_ranked_passers.tsv
B_scatter	WP_195474816.1	Bacteroides	pul	in				tables/t1_ranked_passers.tsv
B_scatter	WP_195474816.1	Bacteroides	s4a_max	67.1				tables/t1_ranked_passers.tsv
B_scatter	WP_195474816.1	Bacteroides	s4a_reported	False				tables/t1_ranked_passers.tsv
B_scatter	WP_195474816.1	Bacteroides	rank	26				tables/t1_ranked_passers.tsv
B_scatter	WP_143257102.1	Bacteroides	identity	66.49				tables/t1_ranked_passers.tsv
B_scatter	WP_143257102.1	Bacteroides	tlen	769				tables/t1_ranked_passers.tsv
B_scatter	WP_143257102.1	Bacteroides	family	GH3				tables/t1_ranked_passers.tsv
B_scatter	WP_143257102.1	Bacteroides	pul	in				tables/t1_ranked_passers.tsv
B_scatter	WP_143257102.1	Bacteroides	s4a_max	66.97				tables/t1_ranked_passers.tsv
B_scatter	WP_143257102.1	Bacteroides	s4a_reported	False				tables/t1_ranked_passers.tsv
B_scatter	WP_143257102.1	Bacteroides	rank	27				tables/t1_ranked_passers.tsv
B_scatter	WP_005811975.1	Bacteroides	identity	66.05				tables/t1_ranked_passers.tsv
B_scatter	WP_005811975.1	Bacteroides	tlen	766				tables/t1_ranked_passers.tsv
B_scatter	WP_005811975.1	Bacteroides	family	GH3				tables/t1_ranked_passers.tsv
B_scatter	WP_005811975.1	Bacteroides	pul	in				tables/t1_ranked_passers.tsv
B_scatter	WP_005811975.1	Bacteroides	s4a_max	66.19				tables/t1_ranked_passers.tsv
B_scatter	WP_005811975.1	Bacteroides	s4a_reported	False				tables/t1_ranked_passers.tsv
B_scatter	WP_005811975.1	Bacteroides	rank	28				tables/t1_ranked_passers.tsv
B_scatter	WP_007216976.1	Bacteroides	identity	65.53				tables/t1_ranked_passers.tsv
B_scatter	WP_007216976.1	Bacteroides	tlen	784				tables/t1_ranked_passers.tsv
B_scatter	WP_007216976.1	Bacteroides	family	GH3				tables/t1_ranked_passers.tsv
B_scatter	WP_007216976.1	Bacteroides	pul	in				tables/t1_ranked_passers.tsv
B_scatter	WP_007216976.1	Bacteroides	s4a_max	65.67				tables/t1_ranked_passers.tsv
B_scatter	WP_007216976.1	Bacteroides	s4a_reported	False				tables/t1_ranked_passers.tsv
B_scatter	WP_007216976.1	Bacteroides	rank	29				tables/t1_ranked_passers.tsv
B_scatter	WP_167961716.1	Bacteroides	identity	47.63				tables/t1_ranked_passers.tsv
B_scatter	WP_167961716.1	Bacteroides	tlen	779				tables/t1_ranked_passers.tsv
B_scatter	WP_167961716.1	Bacteroides	family	GH3				tables/t1_ranked_passers.tsv
B_scatter	WP_167961716.1	Bacteroides	pul	in				tables/t1_ranked_passers.tsv
B_scatter	WP_167961716.1	Bacteroides	s4a_max	46.34				tables/t1_ranked_passers.tsv
B_scatter	WP_167961716.1	Bacteroides	s4a_reported	False				tables/t1_ranked_passers.tsv
B_scatter	WP_167961716.1	Bacteroides	rank	30				tables/t1_ranked_passers.tsv
B_scatter	WP_418214121.1	Bacteroides	identity	46.38				tables/t1_ranked_passers.tsv
B_scatter	WP_418214121.1	Bacteroides	tlen	746				tables/t1_ranked_passers.tsv
B_scatter	WP_418214121.1	Bacteroides	family	GH3				tables/t1_ranked_passers.tsv
B_scatter	WP_418214121.1	Bacteroides	pul	in				tables/t1_ranked_passers.tsv
B_scatter	WP_418214121.1	Bacteroides	s4a_max	47.05				tables/t1_ranked_passers.tsv
B_scatter	WP_418214121.1	Bacteroides	s4a_reported	False				tables/t1_ranked_passers.tsv
B_scatter	WP_418214121.1	Bacteroides	rank	31				tables/t1_ranked_passers.tsv
B_scatter	WP_008025347.1	Bacteroides	identity	46.05				tables/t1_ranked_passers.tsv
B_scatter	WP_008025347.1	Bacteroides	tlen	1049				tables/t1_ranked_passers.tsv
B_scatter	WP_008025347.1	Bacteroides	family	GH3				tables/t1_ranked_passers.tsv
B_scatter	WP_008025347.1	Bacteroides	pul	in				tables/t1_ranked_passers.tsv
B_scatter	WP_008025347.1	Bacteroides	s4a_max	20.38				tables/t1_ranked_passers.tsv
B_scatter	WP_008025347.1	Bacteroides	s4a_reported	False				tables/t1_ranked_passers.tsv
B_scatter	WP_008025347.1	Bacteroides	rank	32				tables/t1_ranked_passers.tsv
B_scatter	WP_004296677.1	Bacteroides	identity	46.05				tables/t1_ranked_passers.tsv
B_scatter	WP_004296677.1	Bacteroides	tlen	1049				tables/t1_ranked_passers.tsv
B_scatter	WP_004296677.1	Bacteroides	family	GH3				tables/t1_ranked_passers.tsv
B_scatter	WP_004296677.1	Bacteroides	pul	in				tables/t1_ranked_passers.tsv
B_scatter	WP_004296677.1	Bacteroides	s4a_max	20.06				tables/t1_ranked_passers.tsv
B_scatter	WP_004296677.1	Bacteroides	s4a_reported	False				tables/t1_ranked_passers.tsv
B_scatter	WP_004296677.1	Bacteroides	rank	33				tables/t1_ranked_passers.tsv
B_scatter	WP_007666301.1	Bacteroides	identity	45.54				tables/t1_ranked_passers.tsv
B_scatter	WP_007666301.1	Bacteroides	tlen	750				tables/t1_ranked_passers.tsv
B_scatter	WP_007666301.1	Bacteroides	family	GH3				tables/t1_ranked_passers.tsv
B_scatter	WP_007666301.1	Bacteroides	pul	in				tables/t1_ranked_passers.tsv
B_scatter	WP_007666301.1	Bacteroides	s4a_max	45.2				tables/t1_ranked_passers.tsv
B_scatter	WP_007666301.1	Bacteroides	s4a_reported	False				tables/t1_ranked_passers.tsv
B_scatter	WP_007666301.1	Bacteroides	rank	34				tables/t1_ranked_passers.tsv
B_scatter	WP_143259710.1	Bacteroides	identity	44.64				tables/t1_ranked_passers.tsv
B_scatter	WP_143259710.1	Bacteroides	tlen	749				tables/t1_ranked_passers.tsv
B_scatter	WP_143259710.1	Bacteroides	family	GH3				tables/t1_ranked_passers.tsv
B_scatter	WP_143259710.1	Bacteroides	pul	in				tables/t1_ranked_passers.tsv
B_scatter	WP_143259710.1	Bacteroides	s4a_max	44.46				tables/t1_ranked_passers.tsv
B_scatter	WP_143259710.1	Bacteroides	s4a_reported	False				tables/t1_ranked_passers.tsv
B_scatter	WP_143259710.1	Bacteroides	rank	35				tables/t1_ranked_passers.tsv
B_scatter	WP_195508033.1	Bacteroides	identity	44.17				tables/t1_ranked_passers.tsv
B_scatter	WP_195508033.1	Bacteroides	tlen	750				tables/t1_ranked_passers.tsv
B_scatter	WP_195508033.1	Bacteroides	family	GH3				tables/t1_ranked_passers.tsv
B_scatter	WP_195508033.1	Bacteroides	pul	in				tables/t1_ranked_passers.tsv
B_scatter	WP_195508033.1	Bacteroides	s4a_max	44.0				tables/t1_ranked_passers.tsv
B_scatter	WP_195508033.1	Bacteroides	s4a_reported	False				tables/t1_ranked_passers.tsv
B_scatter	WP_195508033.1	Bacteroides	rank	36				tables/t1_ranked_passers.tsv
B_scatter	WP_330940148.1	Bacteroides	identity	44.03				tables/t1_ranked_passers.tsv
B_scatter	WP_330940148.1	Bacteroides	tlen	750				tables/t1_ranked_passers.tsv
B_scatter	WP_330940148.1	Bacteroides	family	GH3				tables/t1_ranked_passers.tsv
B_scatter	WP_330940148.1	Bacteroides	pul	in				tables/t1_ranked_passers.tsv
B_scatter	WP_330940148.1	Bacteroides	s4a_max	43.87				tables/t1_ranked_passers.tsv
B_scatter	WP_330940148.1	Bacteroides	s4a_reported	False				tables/t1_ranked_passers.tsv
B_scatter	WP_330940148.1	Bacteroides	rank	37				tables/t1_ranked_passers.tsv
B_scatter	WP_167961334.1	Bacteroides	identity	43.72				tables/t1_ranked_passers.tsv
B_scatter	WP_167961334.1	Bacteroides	tlen	745				tables/t1_ranked_passers.tsv
B_scatter	WP_167961334.1	Bacteroides	family	GH3				tables/t1_ranked_passers.tsv
B_scatter	WP_167961334.1	Bacteroides	pul	in				tables/t1_ranked_passers.tsv
B_scatter	WP_167961334.1	Bacteroides	s4a_max	44.3				tables/t1_ranked_passers.tsv
B_scatter	WP_167961334.1	Bacteroides	s4a_reported	False				tables/t1_ranked_passers.tsv
B_scatter	WP_167961334.1	Bacteroides	rank	38				tables/t1_ranked_passers.tsv
B_scatter	WP_418213756.1	Bacteroides	identity	42.99				tables/t1_ranked_passers.tsv
B_scatter	WP_418213756.1	Bacteroides	tlen	751				tables/t1_ranked_passers.tsv
B_scatter	WP_418213756.1	Bacteroides	family	GH3				tables/t1_ranked_passers.tsv
B_scatter	WP_418213756.1	Bacteroides	pul	in				tables/t1_ranked_passers.tsv
B_scatter	WP_418213756.1	Bacteroides	s4a_max	43.54				tables/t1_ranked_passers.tsv
B_scatter	WP_418213756.1	Bacteroides	s4a_reported	False				tables/t1_ranked_passers.tsv
B_scatter	WP_418213756.1	Bacteroides	rank	39				tables/t1_ranked_passers.tsv
B_scatter	WP_060408022.1	Bacteroides	identity	42.34				tables/t1_ranked_passers.tsv
B_scatter	WP_060408022.1	Bacteroides	tlen	737				tables/t1_ranked_passers.tsv
B_scatter	WP_060408022.1	Bacteroides	family	GH3				tables/t1_ranked_passers.tsv
B_scatter	WP_060408022.1	Bacteroides	pul	in				tables/t1_ranked_passers.tsv
B_scatter	WP_060408022.1	Bacteroides	s4a_max	42.21				tables/t1_ranked_passers.tsv
B_scatter	WP_060408022.1	Bacteroides	s4a_reported	False				tables/t1_ranked_passers.tsv
B_scatter	WP_060408022.1	Bacteroides	rank	40				tables/t1_ranked_passers.tsv
B_scatter	WP_007663925.1	Bacteroides	identity	41.79				tables/t1_ranked_passers.tsv
B_scatter	WP_007663925.1	Bacteroides	tlen	737				tables/t1_ranked_passers.tsv
B_scatter	WP_007663925.1	Bacteroides	family	GH3				tables/t1_ranked_passers.tsv
B_scatter	WP_007663925.1	Bacteroides	pul	in				tables/t1_ranked_passers.tsv
B_scatter	WP_007663925.1	Bacteroides	s4a_max	42.35				tables/t1_ranked_passers.tsv
B_scatter	WP_007663925.1	Bacteroides	s4a_reported	False				tables/t1_ranked_passers.tsv
B_scatter	WP_007663925.1	Bacteroides	rank	41				tables/t1_ranked_passers.tsv
B_scatter	WP_195507122.1	Bacteroides	identity	41.77				tables/t1_ranked_passers.tsv
B_scatter	WP_195507122.1	Bacteroides	tlen	733				tables/t1_ranked_passers.tsv
B_scatter	WP_195507122.1	Bacteroides	family	GH3				tables/t1_ranked_passers.tsv
B_scatter	WP_195507122.1	Bacteroides	pul	in				tables/t1_ranked_passers.tsv
B_scatter	WP_195507122.1	Bacteroides	s4a_max	59.48				tables/t1_ranked_passers.tsv
B_scatter	WP_195507122.1	Bacteroides	s4a_reported	False				tables/t1_ranked_passers.tsv
B_scatter	WP_195507122.1	Bacteroides	rank	42				tables/t1_ranked_passers.tsv
B_scatter	WP_143257669.1	Bacteroides	identity	41.32				tables/t1_ranked_passers.tsv
B_scatter	WP_143257669.1	Bacteroides	tlen	752				tables/t1_ranked_passers.tsv
B_scatter	WP_143257669.1	Bacteroides	family	GH3				tables/t1_ranked_passers.tsv
B_scatter	WP_143257669.1	Bacteroides	pul	in				tables/t1_ranked_passers.tsv
B_scatter	WP_143257669.1	Bacteroides	s4a_max	58.01				tables/t1_ranked_passers.tsv
B_scatter	WP_143257669.1	Bacteroides	s4a_reported	False				tables/t1_ranked_passers.tsv
B_scatter	WP_143257669.1	Bacteroides	rank	43				tables/t1_ranked_passers.tsv
B_scatter	WP_167960160.1	Bacteroides	identity	41.23				tables/t1_ranked_passers.tsv
B_scatter	WP_167960160.1	Bacteroides	tlen	735				tables/t1_ranked_passers.tsv
B_scatter	WP_167960160.1	Bacteroides	family	GH3				tables/t1_ranked_passers.tsv
B_scatter	WP_167960160.1	Bacteroides	pul	in				tables/t1_ranked_passers.tsv
B_scatter	WP_167960160.1	Bacteroides	s4a_max	59.46				tables/t1_ranked_passers.tsv
B_scatter	WP_167960160.1	Bacteroides	s4a_reported	False				tables/t1_ranked_passers.tsv
B_scatter	WP_167960160.1	Bacteroides	rank	44				tables/t1_ranked_passers.tsv
B_scatter	WP_167963943.1	Bacteroides	identity	41.22				tables/t1_ranked_passers.tsv
B_scatter	WP_167963943.1	Bacteroides	tlen	746				tables/t1_ranked_passers.tsv
B_scatter	WP_167963943.1	Bacteroides	family	GH3				tables/t1_ranked_passers.tsv
B_scatter	WP_167963943.1	Bacteroides	pul	in				tables/t1_ranked_passers.tsv
B_scatter	WP_167963943.1	Bacteroides	s4a_max	41.82				tables/t1_ranked_passers.tsv
B_scatter	WP_167963943.1	Bacteroides	s4a_reported	False				tables/t1_ranked_passers.tsv
B_scatter	WP_167963943.1	Bacteroides	rank	45				tables/t1_ranked_passers.tsv
B_scatter	WP_167960128.1	Bacteroides	identity	40.95				tables/t1_ranked_passers.tsv
B_scatter	WP_167960128.1	Bacteroides	tlen	735				tables/t1_ranked_passers.tsv
B_scatter	WP_167960128.1	Bacteroides	family	GH3				tables/t1_ranked_passers.tsv
B_scatter	WP_167960128.1	Bacteroides	pul	in				tables/t1_ranked_passers.tsv
B_scatter	WP_167960128.1	Bacteroides	s4a_max	59.18				tables/t1_ranked_passers.tsv
B_scatter	WP_167960128.1	Bacteroides	s4a_reported	False				tables/t1_ranked_passers.tsv
B_scatter	WP_167960128.1	Bacteroides	rank	46				tables/t1_ranked_passers.tsv
B_scatter	WP_099146206.1	Bacteroides	identity	40.81				tables/t1_ranked_passers.tsv
B_scatter	WP_099146206.1	Bacteroides	tlen	735				tables/t1_ranked_passers.tsv
B_scatter	WP_099146206.1	Bacteroides	family	GH3				tables/t1_ranked_passers.tsv
B_scatter	WP_099146206.1	Bacteroides	pul	in				tables/t1_ranked_passers.tsv
B_scatter	WP_099146206.1	Bacteroides	s4a_max	59.73				tables/t1_ranked_passers.tsv
B_scatter	WP_099146206.1	Bacteroides	s4a_reported	False				tables/t1_ranked_passers.tsv
B_scatter	WP_099146206.1	Bacteroides	rank	47				tables/t1_ranked_passers.tsv
B_scatter	WP_099146559.1	Bacteroides	identity	40.34				tables/t1_ranked_passers.tsv
B_scatter	WP_099146559.1	Bacteroides	tlen	750				tables/t1_ranked_passers.tsv
B_scatter	WP_099146559.1	Bacteroides	family	GH3				tables/t1_ranked_passers.tsv
B_scatter	WP_099146559.1	Bacteroides	pul	in				tables/t1_ranked_passers.tsv
B_scatter	WP_099146559.1	Bacteroides	s4a_max	54.37				tables/t1_ranked_passers.tsv
B_scatter	WP_099146559.1	Bacteroides	s4a_reported	False				tables/t1_ranked_passers.tsv
B_scatter	WP_099146559.1	Bacteroides	rank	48				tables/t1_ranked_passers.tsv
B_scatter	WP_322932817.1	Bacteroides	identity	39.24				tables/t1_ranked_passers.tsv
B_scatter	WP_322932817.1	Bacteroides	tlen	766				tables/t1_ranked_passers.tsv
B_scatter	WP_322932817.1	Bacteroides	family	GH3				tables/t1_ranked_passers.tsv
B_scatter	WP_322932817.1	Bacteroides	pul	in				tables/t1_ranked_passers.tsv
B_scatter	WP_322932817.1	Bacteroides	s4a_max	47.26				tables/t1_ranked_passers.tsv
B_scatter	WP_322932817.1	Bacteroides	s4a_reported	False				tables/t1_ranked_passers.tsv
B_scatter	WP_322932817.1	Bacteroides	rank	49				tables/t1_ranked_passers.tsv
B_scatter	WP_167960558.1	Bacteroides	identity	39.24				tables/t1_ranked_passers.tsv
B_scatter	WP_167960558.1	Bacteroides	tlen	770				tables/t1_ranked_passers.tsv
B_scatter	WP_167960558.1	Bacteroides	family	GH3				tables/t1_ranked_passers.tsv
B_scatter	WP_167960558.1	Bacteroides	pul	in				tables/t1_ranked_passers.tsv
B_scatter	WP_167960558.1	Bacteroides	s4a_max	53.25				tables/t1_ranked_passers.tsv
B_scatter	WP_167960558.1	Bacteroides	s4a_reported	False				tables/t1_ranked_passers.tsv
B_scatter	WP_167960558.1	Bacteroides	rank	50				tables/t1_ranked_passers.tsv
B_scatter	WP_322933228.1	Bacteroides	identity	38.79				tables/t1_ranked_passers.tsv
B_scatter	WP_322933228.1	Bacteroides	tlen	770				tables/t1_ranked_passers.tsv
B_scatter	WP_322933228.1	Bacteroides	family	GH3				tables/t1_ranked_passers.tsv
B_scatter	WP_322933228.1	Bacteroides	pul	in				tables/t1_ranked_passers.tsv
B_scatter	WP_322933228.1	Bacteroides	s4a_max	50.78				tables/t1_ranked_passers.tsv
B_scatter	WP_322933228.1	Bacteroides	s4a_reported	False				tables/t1_ranked_passers.tsv
B_scatter	WP_322933228.1	Bacteroides	rank	51				tables/t1_ranked_passers.tsv
B_scatter	WP_143257672.1	Bacteroides	identity	38.61				tables/t1_ranked_passers.tsv
B_scatter	WP_143257672.1	Bacteroides	tlen	739				tables/t1_ranked_passers.tsv
B_scatter	WP_143257672.1	Bacteroides	family	GH3				tables/t1_ranked_passers.tsv
B_scatter	WP_143257672.1	Bacteroides	pul	in				tables/t1_ranked_passers.tsv
B_scatter	WP_143257672.1	Bacteroides	s4a_max	41.68				tables/t1_ranked_passers.tsv
B_scatter	WP_143257672.1	Bacteroides	s4a_reported	False				tables/t1_ranked_passers.tsv
B_scatter	WP_143257672.1	Bacteroides	rank	52				tables/t1_ranked_passers.tsv
B_scatter	WP_370511920.1	Bacteroides	identity	38.43				tables/t1_ranked_passers.tsv
B_scatter	WP_370511920.1	Bacteroides	tlen	741				tables/t1_ranked_passers.tsv
B_scatter	WP_370511920.1	Bacteroides	family	GH3				tables/t1_ranked_passers.tsv
B_scatter	WP_370511920.1	Bacteroides	pul	in				tables/t1_ranked_passers.tsv
B_scatter	WP_370511920.1	Bacteroides	s4a_max	41.97				tables/t1_ranked_passers.tsv
B_scatter	WP_370511920.1	Bacteroides	s4a_reported	False				tables/t1_ranked_passers.tsv
B_scatter	WP_370511920.1	Bacteroides	rank	53				tables/t1_ranked_passers.tsv
B_scatter	WP_099146205.1	Bacteroides	identity	38.33				tables/t1_ranked_passers.tsv
B_scatter	WP_099146205.1	Bacteroides	tlen	816				tables/t1_ranked_passers.tsv
B_scatter	WP_099146205.1	Bacteroides	family	GH3				tables/t1_ranked_passers.tsv
B_scatter	WP_099146205.1	Bacteroides	pul	in				tables/t1_ranked_passers.tsv
B_scatter	WP_099146205.1	Bacteroides	s4a_max	35.03				tables/t1_ranked_passers.tsv
B_scatter	WP_099146205.1	Bacteroides	s4a_reported	False				tables/t1_ranked_passers.tsv
B_scatter	WP_099146205.1	Bacteroides	rank	54				tables/t1_ranked_passers.tsv
B_scatter	WP_322933591.1	Bacteroides	identity	38.16				tables/t1_ranked_passers.tsv
B_scatter	WP_322933591.1	Bacteroides	tlen	741				tables/t1_ranked_passers.tsv
B_scatter	WP_322933591.1	Bacteroides	family	GH3				tables/t1_ranked_passers.tsv
B_scatter	WP_322933591.1	Bacteroides	pul	in				tables/t1_ranked_passers.tsv
B_scatter	WP_322933591.1	Bacteroides	s4a_max	42.51				tables/t1_ranked_passers.tsv
B_scatter	WP_322933591.1	Bacteroides	s4a_reported	False				tables/t1_ranked_passers.tsv
B_scatter	WP_322933591.1	Bacteroides	rank	55				tables/t1_ranked_passers.tsv
B_scatter	WP_149919596.1	Bacteroides	identity	38.1				tables/t1_ranked_passers.tsv
B_scatter	WP_149919596.1	Bacteroides	tlen	737				tables/t1_ranked_passers.tsv
B_scatter	WP_149919596.1	Bacteroides	family	GH3				tables/t1_ranked_passers.tsv
B_scatter	WP_149919596.1	Bacteroides	pul	in				tables/t1_ranked_passers.tsv
B_scatter	WP_149919596.1	Bacteroides	s4a_max	43.01				tables/t1_ranked_passers.tsv
B_scatter	WP_149919596.1	Bacteroides	s4a_reported	False				tables/t1_ranked_passers.tsv
B_scatter	WP_149919596.1	Bacteroides	rank	56				tables/t1_ranked_passers.tsv
B_scatter	WP_250710154.1	Bacteroides	identity	37.58				tables/t1_ranked_passers.tsv
B_scatter	WP_250710154.1	Bacteroides	tlen	883				tables/t1_ranked_passers.tsv
B_scatter	WP_250710154.1	Bacteroides	family	GH3				tables/t1_ranked_passers.tsv
B_scatter	WP_250710154.1	Bacteroides	pul	in				tables/t1_ranked_passers.tsv
B_scatter	WP_250710154.1	Bacteroides	s4a_max	33.45				tables/t1_ranked_passers.tsv
B_scatter	WP_250710154.1	Bacteroides	s4a_reported	False				tables/t1_ranked_passers.tsv
B_scatter	WP_250710154.1	Bacteroides	rank	57				tables/t1_ranked_passers.tsv
B_scatter	WP_195507376.1	Bacteroides	identity	37.54				tables/t1_ranked_passers.tsv
B_scatter	WP_195507376.1	Bacteroides	tlen	854				tables/t1_ranked_passers.tsv
B_scatter	WP_195507376.1	Bacteroides	family	GH3				tables/t1_ranked_passers.tsv
B_scatter	WP_195507376.1	Bacteroides	pul	in				tables/t1_ranked_passers.tsv
B_scatter	WP_195507376.1	Bacteroides	s4a_max	43.09				tables/t1_ranked_passers.tsv
B_scatter	WP_195507376.1	Bacteroides	s4a_reported	False				tables/t1_ranked_passers.tsv
B_scatter	WP_195507376.1	Bacteroides	rank	58				tables/t1_ranked_passers.tsv
B_scatter	WP_176553105.1	Bacteroides	identity	37.41				tables/t1_ranked_passers.tsv
B_scatter	WP_176553105.1	Bacteroides	tlen	748				tables/t1_ranked_passers.tsv
B_scatter	WP_176553105.1	Bacteroides	family	GH3				tables/t1_ranked_passers.tsv
B_scatter	WP_176553105.1	Bacteroides	pul	in				tables/t1_ranked_passers.tsv
B_scatter	WP_176553105.1	Bacteroides	s4a_max	43.36				tables/t1_ranked_passers.tsv
B_scatter	WP_176553105.1	Bacteroides	s4a_reported	False				tables/t1_ranked_passers.tsv
B_scatter	WP_176553105.1	Bacteroides	rank	59				tables/t1_ranked_passers.tsv
B_scatter	WP_004298111.1	Bacteroides	identity	37.29				tables/t1_ranked_passers.tsv
B_scatter	WP_004298111.1	Bacteroides	tlen	750				tables/t1_ranked_passers.tsv
B_scatter	WP_004298111.1	Bacteroides	family	GH3				tables/t1_ranked_passers.tsv
B_scatter	WP_004298111.1	Bacteroides	pul	in				tables/t1_ranked_passers.tsv
B_scatter	WP_004298111.1	Bacteroides	s4a_max	43.36				tables/t1_ranked_passers.tsv
B_scatter	WP_004298111.1	Bacteroides	s4a_reported	False				tables/t1_ranked_passers.tsv
B_scatter	WP_004298111.1	Bacteroides	rank	60				tables/t1_ranked_passers.tsv
B_scatter	WP_185911582.1	Bacteroides	identity	37.25				tables/t1_ranked_passers.tsv
B_scatter	WP_185911582.1	Bacteroides	tlen	748				tables/t1_ranked_passers.tsv
B_scatter	WP_185911582.1	Bacteroides	family	GH3				tables/t1_ranked_passers.tsv
B_scatter	WP_185911582.1	Bacteroides	pul	in				tables/t1_ranked_passers.tsv
B_scatter	WP_185911582.1	Bacteroides	s4a_max	43.76				tables/t1_ranked_passers.tsv
B_scatter	WP_185911582.1	Bacteroides	s4a_reported	False				tables/t1_ranked_passers.tsv
B_scatter	WP_185911582.1	Bacteroides	rank	61				tables/t1_ranked_passers.tsv
B_scatter	WP_007217060.1	Bacteroides	identity	37.2				tables/t1_ranked_passers.tsv
B_scatter	WP_007217060.1	Bacteroides	tlen	954				tables/t1_ranked_passers.tsv
B_scatter	WP_007217060.1	Bacteroides	family	GH3				tables/t1_ranked_passers.tsv
B_scatter	WP_007217060.1	Bacteroides	pul	in				tables/t1_ranked_passers.tsv
B_scatter	WP_007217060.1	Bacteroides	s4a_max	30.9				tables/t1_ranked_passers.tsv
B_scatter	WP_007217060.1	Bacteroides	s4a_reported	False				tables/t1_ranked_passers.tsv
B_scatter	WP_007217060.1	Bacteroides	rank	62				tables/t1_ranked_passers.tsv
B_scatter	WP_167960126.1	Bacteroides	identity	37.09				tables/t1_ranked_passers.tsv
B_scatter	WP_167960126.1	Bacteroides	tlen	817				tables/t1_ranked_passers.tsv
B_scatter	WP_167960126.1	Bacteroides	family	GH3				tables/t1_ranked_passers.tsv
B_scatter	WP_167960126.1	Bacteroides	pul	in				tables/t1_ranked_passers.tsv
B_scatter	WP_167960126.1	Bacteroides	s4a_max	37.18				tables/t1_ranked_passers.tsv
B_scatter	WP_167960126.1	Bacteroides	s4a_reported	False				tables/t1_ranked_passers.tsv
B_scatter	WP_167960126.1	Bacteroides	rank	63				tables/t1_ranked_passers.tsv
B_scatter	WP_167963947.1	Bacteroides	identity	37.06				tables/t1_ranked_passers.tsv
B_scatter	WP_167963947.1	Bacteroides	tlen	771				tables/t1_ranked_passers.tsv
B_scatter	WP_167963947.1	Bacteroides	family	GH3				tables/t1_ranked_passers.tsv
B_scatter	WP_167963947.1	Bacteroides	pul	in				tables/t1_ranked_passers.tsv
B_scatter	WP_167963947.1	Bacteroides	s4a_max	52.92				tables/t1_ranked_passers.tsv
B_scatter	WP_167963947.1	Bacteroides	s4a_reported	False				tables/t1_ranked_passers.tsv
B_scatter	WP_167963947.1	Bacteroides	rank	64				tables/t1_ranked_passers.tsv
B_scatter	WP_291550265.1	Bacteroides	identity	36.94				tables/t1_ranked_passers.tsv
B_scatter	WP_291550265.1	Bacteroides	tlen	856				tables/t1_ranked_passers.tsv
B_scatter	WP_291550265.1	Bacteroides	family	GH3				tables/t1_ranked_passers.tsv
B_scatter	WP_291550265.1	Bacteroides	pul	in				tables/t1_ranked_passers.tsv
B_scatter	WP_291550265.1	Bacteroides	s4a_max	41.71				tables/t1_ranked_passers.tsv
B_scatter	WP_291550265.1	Bacteroides	s4a_reported	False				tables/t1_ranked_passers.tsv
B_scatter	WP_291550265.1	Bacteroides	rank	65				tables/t1_ranked_passers.tsv
B_scatter	WP_418214077.1	Bacteroides	identity	36.84				tables/t1_ranked_passers.tsv
B_scatter	WP_418214077.1	Bacteroides	tlen	750				tables/t1_ranked_passers.tsv
B_scatter	WP_418214077.1	Bacteroides	family	GH3				tables/t1_ranked_passers.tsv
B_scatter	WP_418214077.1	Bacteroides	pul	in				tables/t1_ranked_passers.tsv
B_scatter	WP_418214077.1	Bacteroides	s4a_max	43.36				tables/t1_ranked_passers.tsv
B_scatter	WP_418214077.1	Bacteroides	s4a_reported	False				tables/t1_ranked_passers.tsv
B_scatter	WP_418214077.1	Bacteroides	rank	66				tables/t1_ranked_passers.tsv
B_scatter	WP_167963036.1	Bacteroides	identity	36.65				tables/t1_ranked_passers.tsv
B_scatter	WP_167963036.1	Bacteroides	tlen	946				tables/t1_ranked_passers.tsv
B_scatter	WP_167963036.1	Bacteroides	family	GH3				tables/t1_ranked_passers.tsv
B_scatter	WP_167963036.1	Bacteroides	pul	in				tables/t1_ranked_passers.tsv
B_scatter	WP_167963036.1	Bacteroides	s4a_max	31.6				tables/t1_ranked_passers.tsv
B_scatter	WP_167963036.1	Bacteroides	s4a_reported	False				tables/t1_ranked_passers.tsv
B_scatter	WP_167963036.1	Bacteroides	rank	67				tables/t1_ranked_passers.tsv
B_scatter	WP_011108762.1	Bacteroides	identity	36.49				tables/t1_ranked_passers.tsv
B_scatter	WP_011108762.1	Bacteroides	tlen	764				tables/t1_ranked_passers.tsv
B_scatter	WP_011108762.1	Bacteroides	family	GH3				tables/t1_ranked_passers.tsv
B_scatter	WP_011108762.1	Bacteroides	pul	in				tables/t1_ranked_passers.tsv
B_scatter	WP_011108762.1	Bacteroides	s4a_max	43.36				tables/t1_ranked_passers.tsv
B_scatter	WP_011108762.1	Bacteroides	s4a_reported	False				tables/t1_ranked_passers.tsv
B_scatter	WP_011108762.1	Bacteroides	rank	68				tables/t1_ranked_passers.tsv
B_scatter	WP_418213580.1	Bacteroides	identity	36.16				tables/t1_ranked_passers.tsv
B_scatter	WP_418213580.1	Bacteroides	tlen	1425				tables/t1_ranked_passers.tsv
B_scatter	WP_418213580.1	Bacteroides	family	GH3				tables/t1_ranked_passers.tsv
B_scatter	WP_418213580.1	Bacteroides	pul	in				tables/t1_ranked_passers.tsv
B_scatter	WP_418213580.1	Bacteroides	s4a_max	0.0				tables/t1_ranked_passers.tsv
B_scatter	WP_418213580.1	Bacteroides	s4a_reported	False				tables/t1_ranked_passers.tsv
B_scatter	WP_418213580.1	Bacteroides	rank	69				tables/t1_ranked_passers.tsv
B_scatter	WP_323673999.1	Bacteroides	identity	36.01				tables/t1_ranked_passers.tsv
B_scatter	WP_323673999.1	Bacteroides	tlen	926				tables/t1_ranked_passers.tsv
B_scatter	WP_323673999.1	Bacteroides	family	GH3				tables/t1_ranked_passers.tsv
B_scatter	WP_323673999.1	Bacteroides	pul	in				tables/t1_ranked_passers.tsv
B_scatter	WP_323673999.1	Bacteroides	s4a_max	29.86				tables/t1_ranked_passers.tsv
B_scatter	WP_323673999.1	Bacteroides	s4a_reported	False				tables/t1_ranked_passers.tsv
B_scatter	WP_323673999.1	Bacteroides	rank	70				tables/t1_ranked_passers.tsv
B_scatter	WP_060408143.1	Bacteroides	identity	35.76				tables/t1_ranked_passers.tsv
B_scatter	WP_060408143.1	Bacteroides	tlen	786				tables/t1_ranked_passers.tsv
B_scatter	WP_060408143.1	Bacteroides	family	GH3				tables/t1_ranked_passers.tsv
B_scatter	WP_060408143.1	Bacteroides	pul	in				tables/t1_ranked_passers.tsv
B_scatter	WP_060408143.1	Bacteroides	s4a_max	36.75				tables/t1_ranked_passers.tsv
B_scatter	WP_060408143.1	Bacteroides	s4a_reported	False				tables/t1_ranked_passers.tsv
B_scatter	WP_060408143.1	Bacteroides	rank	71				tables/t1_ranked_passers.tsv
B_scatter	WP_167960560.1	Bacteroides	identity	35.74				tables/t1_ranked_passers.tsv
B_scatter	WP_167960560.1	Bacteroides	tlen	801				tables/t1_ranked_passers.tsv
B_scatter	WP_167960560.1	Bacteroides	family	GH3				tables/t1_ranked_passers.tsv
B_scatter	WP_167960560.1	Bacteroides	pul	in				tables/t1_ranked_passers.tsv
B_scatter	WP_167960560.1	Bacteroides	s4a_max	38.8				tables/t1_ranked_passers.tsv
B_scatter	WP_167960560.1	Bacteroides	s4a_reported	False				tables/t1_ranked_passers.tsv
B_scatter	WP_167960560.1	Bacteroides	rank	72				tables/t1_ranked_passers.tsv
B_scatter	WP_418213577.1	Bacteroides	identity	35.23				tables/t1_ranked_passers.tsv
B_scatter	WP_418213577.1	Bacteroides	tlen	853				tables/t1_ranked_passers.tsv
B_scatter	WP_418213577.1	Bacteroides	family	GH3				tables/t1_ranked_passers.tsv
B_scatter	WP_418213577.1	Bacteroides	pul	in				tables/t1_ranked_passers.tsv
B_scatter	WP_418213577.1	Bacteroides	s4a_max	43.14				tables/t1_ranked_passers.tsv
B_scatter	WP_418213577.1	Bacteroides	s4a_reported	False				tables/t1_ranked_passers.tsv
B_scatter	WP_418213577.1	Bacteroides	rank	73				tables/t1_ranked_passers.tsv
B_scatter	WP_418213579.1	Bacteroides	identity	35.12				tables/t1_ranked_passers.tsv
B_scatter	WP_418213579.1	Bacteroides	tlen	954				tables/t1_ranked_passers.tsv
B_scatter	WP_418213579.1	Bacteroides	family	GH3				tables/t1_ranked_passers.tsv
B_scatter	WP_418213579.1	Bacteroides	pul	in				tables/t1_ranked_passers.tsv
B_scatter	WP_418213579.1	Bacteroides	s4a_max	31.94				tables/t1_ranked_passers.tsv
B_scatter	WP_418213579.1	Bacteroides	s4a_reported	False				tables/t1_ranked_passers.tsv
B_scatter	WP_418213579.1	Bacteroides	rank	74				tables/t1_ranked_passers.tsv
B_scatter	WP_143257676.1	Bacteroides	identity	34.97				tables/t1_ranked_passers.tsv
B_scatter	WP_143257676.1	Bacteroides	tlen	859				tables/t1_ranked_passers.tsv
B_scatter	WP_143257676.1	Bacteroides	family	GH3				tables/t1_ranked_passers.tsv
B_scatter	WP_143257676.1	Bacteroides	pul	in				tables/t1_ranked_passers.tsv
B_scatter	WP_143257676.1	Bacteroides	s4a_max	46.22				tables/t1_ranked_passers.tsv
B_scatter	WP_143257676.1	Bacteroides	s4a_reported	False				tables/t1_ranked_passers.tsv
B_scatter	WP_143257676.1	Bacteroides	rank	75				tables/t1_ranked_passers.tsv
B_scatter	WP_322932430.1	Bacteroides	identity	34.96				tables/t1_ranked_passers.tsv
B_scatter	WP_322932430.1	Bacteroides	tlen	757				tables/t1_ranked_passers.tsv
B_scatter	WP_322932430.1	Bacteroides	family	GH3				tables/t1_ranked_passers.tsv
B_scatter	WP_322932430.1	Bacteroides	pul	in				tables/t1_ranked_passers.tsv
B_scatter	WP_322932430.1	Bacteroides	s4a_max	35.93				tables/t1_ranked_passers.tsv
B_scatter	WP_322932430.1	Bacteroides	s4a_reported	False				tables/t1_ranked_passers.tsv
B_scatter	WP_322932430.1	Bacteroides	rank	76				tables/t1_ranked_passers.tsv
B_scatter	WP_418213987.1	Bacteroides	identity	34.76				tables/t1_ranked_passers.tsv
B_scatter	WP_418213987.1	Bacteroides	tlen	941				tables/t1_ranked_passers.tsv
B_scatter	WP_418213987.1	Bacteroides	family	GH3				tables/t1_ranked_passers.tsv
B_scatter	WP_418213987.1	Bacteroides	pul	in				tables/t1_ranked_passers.tsv
B_scatter	WP_418213987.1	Bacteroides	s4a_max	32.06				tables/t1_ranked_passers.tsv
B_scatter	WP_418213987.1	Bacteroides	s4a_reported	False				tables/t1_ranked_passers.tsv
B_scatter	WP_418213987.1	Bacteroides	rank	77				tables/t1_ranked_passers.tsv
B_scatter	WP_025867405.1	Bacteroides	identity	34.72				tables/t1_ranked_passers.tsv
B_scatter	WP_025867405.1	Bacteroides	tlen	946				tables/t1_ranked_passers.tsv
B_scatter	WP_025867405.1	Bacteroides	family	GH3				tables/t1_ranked_passers.tsv
B_scatter	WP_025867405.1	Bacteroides	pul	in				tables/t1_ranked_passers.tsv
B_scatter	WP_025867405.1	Bacteroides	s4a_max	31.37				tables/t1_ranked_passers.tsv
B_scatter	WP_025867405.1	Bacteroides	s4a_reported	False				tables/t1_ranked_passers.tsv
B_scatter	WP_025867405.1	Bacteroides	rank	78				tables/t1_ranked_passers.tsv
B_scatter	WP_394369060.1	Bacteroides	identity	34.24				tables/t1_ranked_passers.tsv
B_scatter	WP_394369060.1	Bacteroides	tlen	859				tables/t1_ranked_passers.tsv
B_scatter	WP_394369060.1	Bacteroides	family	GH3				tables/t1_ranked_passers.tsv
B_scatter	WP_394369060.1	Bacteroides	pul	in				tables/t1_ranked_passers.tsv
B_scatter	WP_394369060.1	Bacteroides	s4a_max	31.91				tables/t1_ranked_passers.tsv
B_scatter	WP_394369060.1	Bacteroides	s4a_reported	False				tables/t1_ranked_passers.tsv
B_scatter	WP_394369060.1	Bacteroides	rank	79				tables/t1_ranked_passers.tsv
B_scatter	WP_011108750.1	Bacteroides	identity	33.85				tables/t1_ranked_passers.tsv
B_scatter	WP_011108750.1	Bacteroides	tlen	825				tables/t1_ranked_passers.tsv
B_scatter	WP_011108750.1	Bacteroides	family	GH3				tables/t1_ranked_passers.tsv
B_scatter	WP_011108750.1	Bacteroides	pul	in				tables/t1_ranked_passers.tsv
B_scatter	WP_011108750.1	Bacteroides	s4a_max	37.58				tables/t1_ranked_passers.tsv
B_scatter	WP_011108750.1	Bacteroides	s4a_reported	False				tables/t1_ranked_passers.tsv
B_scatter	WP_011108750.1	Bacteroides	rank	80				tables/t1_ranked_passers.tsv
B_scatter	WP_055295663.1	Bacteroides	identity	33.67				tables/t1_ranked_passers.tsv
B_scatter	WP_055295663.1	Bacteroides	tlen	857				tables/t1_ranked_passers.tsv
B_scatter	WP_055295663.1	Bacteroides	family	GH3				tables/t1_ranked_passers.tsv
B_scatter	WP_055295663.1	Bacteroides	pul	in				tables/t1_ranked_passers.tsv
B_scatter	WP_055295663.1	Bacteroides	s4a_max	31.62				tables/t1_ranked_passers.tsv
B_scatter	WP_055295663.1	Bacteroides	s4a_reported	False				tables/t1_ranked_passers.tsv
B_scatter	WP_055295663.1	Bacteroides	rank	81				tables/t1_ranked_passers.tsv
B_scatter	WP_322932801.1	Bacteroides	identity	33.48				tables/t1_ranked_passers.tsv
B_scatter	WP_322932801.1	Bacteroides	tlen	867				tables/t1_ranked_passers.tsv
B_scatter	WP_322932801.1	Bacteroides	family	GH3				tables/t1_ranked_passers.tsv
B_scatter	WP_322932801.1	Bacteroides	pul	in				tables/t1_ranked_passers.tsv
B_scatter	WP_322932801.1	Bacteroides	s4a_max	44.33				tables/t1_ranked_passers.tsv
B_scatter	WP_322932801.1	Bacteroides	s4a_reported	False				tables/t1_ranked_passers.tsv
B_scatter	WP_322932801.1	Bacteroides	rank	82				tables/t1_ranked_passers.tsv
B_scatter	WP_007219691.1	Bacteroides	identity	33.24				tables/t1_ranked_passers.tsv
B_scatter	WP_007219691.1	Bacteroides	tlen	864				tables/t1_ranked_passers.tsv
B_scatter	WP_007219691.1	Bacteroides	family	GH3				tables/t1_ranked_passers.tsv
B_scatter	WP_007219691.1	Bacteroides	pul	in				tables/t1_ranked_passers.tsv
B_scatter	WP_007219691.1	Bacteroides	s4a_max	46.99				tables/t1_ranked_passers.tsv
B_scatter	WP_007219691.1	Bacteroides	s4a_reported	False				tables/t1_ranked_passers.tsv
B_scatter	WP_007219691.1	Bacteroides	rank	83				tables/t1_ranked_passers.tsv
B_scatter	WP_025867810.1	Bacteroides	identity	33.04				tables/t1_ranked_passers.tsv
B_scatter	WP_025867810.1	Bacteroides	tlen	864				tables/t1_ranked_passers.tsv
B_scatter	WP_025867810.1	Bacteroides	family	GH3				tables/t1_ranked_passers.tsv
B_scatter	WP_025867810.1	Bacteroides	pul	in				tables/t1_ranked_passers.tsv
B_scatter	WP_025867810.1	Bacteroides	s4a_max	44.21				tables/t1_ranked_passers.tsv
B_scatter	WP_025867810.1	Bacteroides	s4a_reported	False				tables/t1_ranked_passers.tsv
B_scatter	WP_025867810.1	Bacteroides	rank	84				tables/t1_ranked_passers.tsv
B_scatter	WP_322932797.1	Bacteroides	identity	33.04				tables/t1_ranked_passers.tsv
B_scatter	WP_322932797.1	Bacteroides	tlen	864				tables/t1_ranked_passers.tsv
B_scatter	WP_322932797.1	Bacteroides	family	GH3				tables/t1_ranked_passers.tsv
B_scatter	WP_322932797.1	Bacteroides	pul	in				tables/t1_ranked_passers.tsv
B_scatter	WP_322932797.1	Bacteroides	s4a_max	44.1				tables/t1_ranked_passers.tsv
B_scatter	WP_322932797.1	Bacteroides	s4a_reported	False				tables/t1_ranked_passers.tsv
B_scatter	WP_322932797.1	Bacteroides	rank	85				tables/t1_ranked_passers.tsv
B_scatter	WP_183207973.1	Bacteroides	identity	32.95				tables/t1_ranked_passers.tsv
B_scatter	WP_183207973.1	Bacteroides	tlen	777				tables/t1_ranked_passers.tsv
B_scatter	WP_183207973.1	Bacteroides	family	GH3				tables/t1_ranked_passers.tsv
B_scatter	WP_183207973.1	Bacteroides	pul	in				tables/t1_ranked_passers.tsv
B_scatter	WP_183207973.1	Bacteroides	s4a_max	33.94				tables/t1_ranked_passers.tsv
B_scatter	WP_183207973.1	Bacteroides	s4a_reported	False				tables/t1_ranked_passers.tsv
B_scatter	WP_183207973.1	Bacteroides	rank	86				tables/t1_ranked_passers.tsv
B_scatter	WP_007661582.1	Bacteroides	identity	32.66				tables/t1_ranked_passers.tsv
B_scatter	WP_007661582.1	Bacteroides	tlen	778				tables/t1_ranked_passers.tsv
B_scatter	WP_007661582.1	Bacteroides	family	GH3				tables/t1_ranked_passers.tsv
B_scatter	WP_007661582.1	Bacteroides	pul	in				tables/t1_ranked_passers.tsv
B_scatter	WP_007661582.1	Bacteroides	s4a_max	34.72				tables/t1_ranked_passers.tsv
B_scatter	WP_007661582.1	Bacteroides	s4a_reported	False				tables/t1_ranked_passers.tsv
B_scatter	WP_007661582.1	Bacteroides	rank	87				tables/t1_ranked_passers.tsv
B_scatter	WP_007661007.1	Bacteroides	identity	32.4				tables/t1_ranked_passers.tsv
B_scatter	WP_007661007.1	Bacteroides	tlen	862				tables/t1_ranked_passers.tsv
B_scatter	WP_007661007.1	Bacteroides	family	GH3				tables/t1_ranked_passers.tsv
B_scatter	WP_007661007.1	Bacteroides	pul	in				tables/t1_ranked_passers.tsv
B_scatter	WP_007661007.1	Bacteroides	s4a_max	44.55				tables/t1_ranked_passers.tsv
B_scatter	WP_007661007.1	Bacteroides	s4a_reported	False				tables/t1_ranked_passers.tsv
B_scatter	WP_007661007.1	Bacteroides	rank	88				tables/t1_ranked_passers.tsv
B_scatter	WP_007215419.1	Bacteroides	identity	31.52				tables/t1_ranked_passers.tsv
B_scatter	WP_007215419.1	Bacteroides	tlen	786				tables/t1_ranked_passers.tsv
B_scatter	WP_007215419.1	Bacteroides	family	GH3				tables/t1_ranked_passers.tsv
B_scatter	WP_007215419.1	Bacteroides	pul	in				tables/t1_ranked_passers.tsv
B_scatter	WP_007215419.1	Bacteroides	s4a_max	33.65				tables/t1_ranked_passers.tsv
B_scatter	WP_007215419.1	Bacteroides	s4a_reported	False				tables/t1_ranked_passers.tsv
B_scatter	WP_007215419.1	Bacteroides	rank	89				tables/t1_ranked_passers.tsv
B_scatter	WP_010992000.1	Bacteroides	identity	65.66				tables/t1_ranked_passers.tsv
B_scatter	WP_010992000.1	Bacteroides	tlen	766				tables/t1_ranked_passers.tsv
B_scatter	WP_010992000.1	Bacteroides	family	GH3				tables/t1_ranked_passers.tsv
B_scatter	WP_010992000.1	Bacteroides	pul	in				tables/t1_ranked_passers.tsv
B_scatter	WP_010992000.1	Bacteroides	s4a_max	65.93				tables/t1_ranked_passers.tsv
B_scatter	WP_010992000.1	Bacteroides	s4a_reported	False				tables/t1_ranked_passers.tsv
B_scatter	WP_010992000.1	Bacteroides	rank	90				tables/t1_ranked_passers.tsv
B_scatter	WP_010992224.1	Bacteroides	identity	38.04				tables/t1_ranked_passers.tsv
B_scatter	WP_010992224.1	Bacteroides	tlen	883				tables/t1_ranked_passers.tsv
B_scatter	WP_010992224.1	Bacteroides	family	GH3				tables/t1_ranked_passers.tsv
B_scatter	WP_010992224.1	Bacteroides	pul	in				tables/t1_ranked_passers.tsv
B_scatter	WP_010992224.1	Bacteroides	s4a_max	33.92				tables/t1_ranked_passers.tsv
B_scatter	WP_010992224.1	Bacteroides	s4a_reported	False				tables/t1_ranked_passers.tsv
B_scatter	WP_010992224.1	Bacteroides	rank	91				tables/t1_ranked_passers.tsv
B_scatter	WP_005860284.1	Parabacteroides	identity	56.45				tables/t1_ranked_passers.tsv
B_scatter	WP_005860284.1	Parabacteroides	tlen	751				tables/t1_ranked_passers.tsv
B_scatter	WP_005860284.1	Parabacteroides	family	GH3				tables/t1_ranked_passers.tsv
B_scatter	WP_005860284.1	Parabacteroides	pul	out				tables/t1_ranked_passers.tsv
B_scatter	WP_005860284.1	Parabacteroides	s4a_max	56.72				tables/t1_ranked_passers.tsv
B_scatter	WP_005860284.1	Parabacteroides	s4a_reported	False				tables/t1_ranked_passers.tsv
B_scatter	WP_005860284.1	Parabacteroides	rank	92				tables/t1_ranked_passers.tsv
B_scatter	WP_122144865.1	Parabacteroides	identity	56.45				tables/t1_ranked_passers.tsv
B_scatter	WP_122144865.1	Parabacteroides	tlen	751				tables/t1_ranked_passers.tsv
B_scatter	WP_122144865.1	Parabacteroides	family	GH3				tables/t1_ranked_passers.tsv
B_scatter	WP_122144865.1	Parabacteroides	pul	out				tables/t1_ranked_passers.tsv
B_scatter	WP_122144865.1	Parabacteroides	s4a_max	56.72				tables/t1_ranked_passers.tsv
B_scatter	WP_122144865.1	Parabacteroides	s4a_reported	False				tables/t1_ranked_passers.tsv
B_scatter	WP_122144865.1	Parabacteroides	rank	93				tables/t1_ranked_passers.tsv
B_scatter	WP_224201880.1	Parabacteroides	identity	56.32				tables/t1_ranked_passers.tsv
B_scatter	WP_224201880.1	Parabacteroides	tlen	751				tables/t1_ranked_passers.tsv
B_scatter	WP_224201880.1	Parabacteroides	family	GH3				tables/t1_ranked_passers.tsv
B_scatter	WP_224201880.1	Parabacteroides	pul	out				tables/t1_ranked_passers.tsv
B_scatter	WP_224201880.1	Parabacteroides	s4a_max	56.59				tables/t1_ranked_passers.tsv
B_scatter	WP_224201880.1	Parabacteroides	s4a_reported	False				tables/t1_ranked_passers.tsv
B_scatter	WP_224201880.1	Parabacteroides	rank	94				tables/t1_ranked_passers.tsv
B_scatter	WP_211738701.1	Parabacteroides	identity	56.18				tables/t1_ranked_passers.tsv
B_scatter	WP_211738701.1	Parabacteroides	tlen	751				tables/t1_ranked_passers.tsv
B_scatter	WP_211738701.1	Parabacteroides	family	GH3				tables/t1_ranked_passers.tsv
B_scatter	WP_211738701.1	Parabacteroides	pul	out				tables/t1_ranked_passers.tsv
B_scatter	WP_211738701.1	Parabacteroides	s4a_max	56.46				tables/t1_ranked_passers.tsv
B_scatter	WP_211738701.1	Parabacteroides	s4a_reported	False				tables/t1_ranked_passers.tsv
B_scatter	WP_211738701.1	Parabacteroides	rank	95				tables/t1_ranked_passers.tsv
B_scatter	WP_022193076.1	Parabacteroides	identity	55.75				tables/t1_ranked_passers.tsv
B_scatter	WP_022193076.1	Parabacteroides	tlen	770				tables/t1_ranked_passers.tsv
B_scatter	WP_022193076.1	Parabacteroides	family	GH3				tables/t1_ranked_passers.tsv
B_scatter	WP_022193076.1	Parabacteroides	pul	out				tables/t1_ranked_passers.tsv
B_scatter	WP_022193076.1	Parabacteroides	s4a_max	55.22				tables/t1_ranked_passers.tsv
B_scatter	WP_022193076.1	Parabacteroides	s4a_reported	False				tables/t1_ranked_passers.tsv
B_scatter	WP_022193076.1	Parabacteroides	rank	96				tables/t1_ranked_passers.tsv
B_scatter	WP_224202565.1	Parabacteroides	identity	55.61				tables/t1_ranked_passers.tsv
B_scatter	WP_224202565.1	Parabacteroides	tlen	770				tables/t1_ranked_passers.tsv
B_scatter	WP_224202565.1	Parabacteroides	family	GH3				tables/t1_ranked_passers.tsv
B_scatter	WP_224202565.1	Parabacteroides	pul	out				tables/t1_ranked_passers.tsv
B_scatter	WP_224202565.1	Parabacteroides	s4a_max	55.09				tables/t1_ranked_passers.tsv
B_scatter	WP_224202565.1	Parabacteroides	s4a_reported	False				tables/t1_ranked_passers.tsv
B_scatter	WP_224202565.1	Parabacteroides	rank	97				tables/t1_ranked_passers.tsv
B_scatter	WP_211737481.1	Parabacteroides	identity	55.61				tables/t1_ranked_passers.tsv
B_scatter	WP_211737481.1	Parabacteroides	tlen	770				tables/t1_ranked_passers.tsv
B_scatter	WP_211737481.1	Parabacteroides	family	GH3				tables/t1_ranked_passers.tsv
B_scatter	WP_211737481.1	Parabacteroides	pul	out				tables/t1_ranked_passers.tsv
B_scatter	WP_211737481.1	Parabacteroides	s4a_max	55.09				tables/t1_ranked_passers.tsv
B_scatter	WP_211737481.1	Parabacteroides	s4a_reported	False				tables/t1_ranked_passers.tsv
B_scatter	WP_211737481.1	Parabacteroides	rank	98				tables/t1_ranked_passers.tsv
B_scatter	WP_005853858.1	Parabacteroides	identity	55.56				tables/t1_ranked_passers.tsv
B_scatter	WP_005853858.1	Parabacteroides	tlen	783				tables/t1_ranked_passers.tsv
B_scatter	WP_005853858.1	Parabacteroides	family	GH3				tables/t1_ranked_passers.tsv
B_scatter	WP_005853858.1	Parabacteroides	pul	out				tables/t1_ranked_passers.tsv
B_scatter	WP_005853858.1	Parabacteroides	s4a_max	53.77				tables/t1_ranked_passers.tsv
B_scatter	WP_005853858.1	Parabacteroides	s4a_reported	False				tables/t1_ranked_passers.tsv
B_scatter	WP_005853858.1	Parabacteroides	rank	99				tables/t1_ranked_passers.tsv
B_scatter	WP_122144904.1	Parabacteroides	identity	55.35				tables/t1_ranked_passers.tsv
B_scatter	WP_122144904.1	Parabacteroides	tlen	770				tables/t1_ranked_passers.tsv
B_scatter	WP_122144904.1	Parabacteroides	family	GH3				tables/t1_ranked_passers.tsv
B_scatter	WP_122144904.1	Parabacteroides	pul	out				tables/t1_ranked_passers.tsv
B_scatter	WP_122144904.1	Parabacteroides	s4a_max	54.83				tables/t1_ranked_passers.tsv
B_scatter	WP_122144904.1	Parabacteroides	s4a_reported	False				tables/t1_ranked_passers.tsv
B_scatter	WP_122144904.1	Parabacteroides	rank	100				tables/t1_ranked_passers.tsv
B_scatter	WP_211738401.1	Parabacteroides	identity	55.29				tables/t1_ranked_passers.tsv
B_scatter	WP_211738401.1	Parabacteroides	tlen	783				tables/t1_ranked_passers.tsv
B_scatter	WP_211738401.1	Parabacteroides	family	GH3				tables/t1_ranked_passers.tsv
B_scatter	WP_211738401.1	Parabacteroides	pul	out				tables/t1_ranked_passers.tsv
B_scatter	WP_211738401.1	Parabacteroides	s4a_max	53.51				tables/t1_ranked_passers.tsv
B_scatter	WP_211738401.1	Parabacteroides	s4a_reported	False				tables/t1_ranked_passers.tsv
B_scatter	WP_211738401.1	Parabacteroides	rank	101				tables/t1_ranked_passers.tsv
B_scatter	WP_122144964.1	Parabacteroides	identity	55.29				tables/t1_ranked_passers.tsv
B_scatter	WP_122144964.1	Parabacteroides	tlen	783				tables/t1_ranked_passers.tsv
B_scatter	WP_122144964.1	Parabacteroides	family	GH3				tables/t1_ranked_passers.tsv
B_scatter	WP_122144964.1	Parabacteroides	pul	out				tables/t1_ranked_passers.tsv
B_scatter	WP_122144964.1	Parabacteroides	s4a_max	53.51				tables/t1_ranked_passers.tsv
B_scatter	WP_122144964.1	Parabacteroides	s4a_reported	False				tables/t1_ranked_passers.tsv
B_scatter	WP_122144964.1	Parabacteroides	rank	102				tables/t1_ranked_passers.tsv
B_scatter	WP_195400853.1	Parabacteroides	identity	55.29				tables/t1_ranked_passers.tsv
B_scatter	WP_195400853.1	Parabacteroides	tlen	783				tables/t1_ranked_passers.tsv
B_scatter	WP_195400853.1	Parabacteroides	family	GH3				tables/t1_ranked_passers.tsv
B_scatter	WP_195400853.1	Parabacteroides	pul	out				tables/t1_ranked_passers.tsv
B_scatter	WP_195400853.1	Parabacteroides	s4a_max	53.51				tables/t1_ranked_passers.tsv
B_scatter	WP_195400853.1	Parabacteroides	s4a_reported	False				tables/t1_ranked_passers.tsv
B_scatter	WP_195400853.1	Parabacteroides	rank	103				tables/t1_ranked_passers.tsv
B_scatter	WP_211738703.1	Parabacteroides	identity	47.57				tables/t1_ranked_passers.tsv
B_scatter	WP_211738703.1	Parabacteroides	tlen	758				tables/t1_ranked_passers.tsv
B_scatter	WP_211738703.1	Parabacteroides	family	GH3				tables/t1_ranked_passers.tsv
B_scatter	WP_211738703.1	Parabacteroides	pul	out				tables/t1_ranked_passers.tsv
B_scatter	WP_211738703.1	Parabacteroides	s4a_max	47.49				tables/t1_ranked_passers.tsv
B_scatter	WP_211738703.1	Parabacteroides	s4a_reported	False				tables/t1_ranked_passers.tsv
B_scatter	WP_211738703.1	Parabacteroides	rank	104				tables/t1_ranked_passers.tsv
B_scatter	WP_122144864.1	Parabacteroides	identity	47.57				tables/t1_ranked_passers.tsv
B_scatter	WP_122144864.1	Parabacteroides	tlen	758				tables/t1_ranked_passers.tsv
B_scatter	WP_122144864.1	Parabacteroides	family	GH3				tables/t1_ranked_passers.tsv
B_scatter	WP_122144864.1	Parabacteroides	pul	out				tables/t1_ranked_passers.tsv
B_scatter	WP_122144864.1	Parabacteroides	s4a_max	47.36				tables/t1_ranked_passers.tsv
B_scatter	WP_122144864.1	Parabacteroides	s4a_reported	False				tables/t1_ranked_passers.tsv
B_scatter	WP_122144864.1	Parabacteroides	rank	105				tables/t1_ranked_passers.tsv
B_scatter	WP_005860283.1	Parabacteroides	identity	47.57				tables/t1_ranked_passers.tsv
B_scatter	WP_005860283.1	Parabacteroides	tlen	758				tables/t1_ranked_passers.tsv
B_scatter	WP_005860283.1	Parabacteroides	family	GH3				tables/t1_ranked_passers.tsv
B_scatter	WP_005860283.1	Parabacteroides	pul	out				tables/t1_ranked_passers.tsv
B_scatter	WP_005860283.1	Parabacteroides	s4a_max	47.49				tables/t1_ranked_passers.tsv
B_scatter	WP_005860283.1	Parabacteroides	s4a_reported	False				tables/t1_ranked_passers.tsv
B_scatter	WP_005860283.1	Parabacteroides	rank	106				tables/t1_ranked_passers.tsv
B_scatter	WP_217773555.1	Parabacteroides	identity	47.43				tables/t1_ranked_passers.tsv
B_scatter	WP_217773555.1	Parabacteroides	tlen	758				tables/t1_ranked_passers.tsv
B_scatter	WP_217773555.1	Parabacteroides	family	GH3				tables/t1_ranked_passers.tsv
B_scatter	WP_217773555.1	Parabacteroides	pul	out				tables/t1_ranked_passers.tsv
B_scatter	WP_217773555.1	Parabacteroides	s4a_max	47.36				tables/t1_ranked_passers.tsv
B_scatter	WP_217773555.1	Parabacteroides	s4a_reported	False				tables/t1_ranked_passers.tsv
B_scatter	WP_217773555.1	Parabacteroides	rank	107				tables/t1_ranked_passers.tsv
B_scatter	WP_459188285.1	Parabacteroides	identity	47.3				tables/t1_ranked_passers.tsv
B_scatter	WP_459188285.1	Parabacteroides	tlen	757				tables/t1_ranked_passers.tsv
B_scatter	WP_459188285.1	Parabacteroides	family	GH3				tables/t1_ranked_passers.tsv
B_scatter	WP_459188285.1	Parabacteroides	pul	out				tables/t1_ranked_passers.tsv
B_scatter	WP_459188285.1	Parabacteroides	s4a_max	47.29				tables/t1_ranked_passers.tsv
B_scatter	WP_459188285.1	Parabacteroides	s4a_reported	False				tables/t1_ranked_passers.tsv
B_scatter	WP_459188285.1	Parabacteroides	rank	108				tables/t1_ranked_passers.tsv
B_scatter	WP_005863568.1	Parabacteroides	identity	41.0				tables/t1_ranked_passers.tsv
B_scatter	WP_005863568.1	Parabacteroides	tlen	732				tables/t1_ranked_passers.tsv
B_scatter	WP_005863568.1	Parabacteroides	family	GH3				tables/t1_ranked_passers.tsv
B_scatter	WP_005863568.1	Parabacteroides	pul	out				tables/t1_ranked_passers.tsv
B_scatter	WP_005863568.1	Parabacteroides	s4a_max	52.19				tables/t1_ranked_passers.tsv
B_scatter	WP_005863568.1	Parabacteroides	s4a_reported	False				tables/t1_ranked_passers.tsv
B_scatter	WP_005863568.1	Parabacteroides	rank	109				tables/t1_ranked_passers.tsv
B_scatter	WP_249222532.1	Parabacteroides	identity	40.23				tables/t1_ranked_passers.tsv
B_scatter	WP_249222532.1	Parabacteroides	tlen	594				tables/t1_ranked_passers.tsv
B_scatter	WP_249222532.1	Parabacteroides	family	GH3				tables/t1_ranked_passers.tsv
B_scatter	WP_249222532.1	Parabacteroides	pul	out				tables/t1_ranked_passers.tsv
B_scatter	WP_249222532.1	Parabacteroides	s4a_max	24.41				tables/t1_ranked_passers.tsv
B_scatter	WP_249222532.1	Parabacteroides	s4a_reported	False				tables/t1_ranked_passers.tsv
B_scatter	WP_249222532.1	Parabacteroides	rank	110				tables/t1_ranked_passers.tsv
B_scatter	WP_258970939.1	Parabacteroides	identity	38.54				tables/t1_ranked_passers.tsv
B_scatter	WP_258970939.1	Parabacteroides	tlen	719				tables/t1_ranked_passers.tsv
B_scatter	WP_258970939.1	Parabacteroides	family	GH3				tables/t1_ranked_passers.tsv
B_scatter	WP_258970939.1	Parabacteroides	pul	out				tables/t1_ranked_passers.tsv
B_scatter	WP_258970939.1	Parabacteroides	s4a_max	41.45				tables/t1_ranked_passers.tsv
B_scatter	WP_258970939.1	Parabacteroides	s4a_reported	False				tables/t1_ranked_passers.tsv
B_scatter	WP_258970939.1	Parabacteroides	rank	111				tables/t1_ranked_passers.tsv
B_scatter	WP_251967272.1	Parabacteroides	identity	38.53				tables/t1_ranked_passers.tsv
B_scatter	WP_251967272.1	Parabacteroides	tlen	793				tables/t1_ranked_passers.tsv
B_scatter	WP_251967272.1	Parabacteroides	family	GH3				tables/t1_ranked_passers.tsv
B_scatter	WP_251967272.1	Parabacteroides	pul	out				tables/t1_ranked_passers.tsv
B_scatter	WP_251967272.1	Parabacteroides	s4a_max	39.07				tables/t1_ranked_passers.tsv
B_scatter	WP_251967272.1	Parabacteroides	s4a_reported	False				tables/t1_ranked_passers.tsv
B_scatter	WP_251967272.1	Parabacteroides	rank	112				tables/t1_ranked_passers.tsv
B_scatter	WP_425883111.1	Parabacteroides	identity	38.35				tables/t1_ranked_passers.tsv
B_scatter	WP_425883111.1	Parabacteroides	tlen	758				tables/t1_ranked_passers.tsv
B_scatter	WP_425883111.1	Parabacteroides	family	GH3				tables/t1_ranked_passers.tsv
B_scatter	WP_425883111.1	Parabacteroides	pul	out				tables/t1_ranked_passers.tsv
B_scatter	WP_425883111.1	Parabacteroides	s4a_max	38.52				tables/t1_ranked_passers.tsv
B_scatter	WP_425883111.1	Parabacteroides	s4a_reported	False				tables/t1_ranked_passers.tsv
B_scatter	WP_425883111.1	Parabacteroides	rank	113				tables/t1_ranked_passers.tsv
B_scatter	WP_258969582.1	Parabacteroides	identity	38.15				tables/t1_ranked_passers.tsv
B_scatter	WP_258969582.1	Parabacteroides	tlen	780				tables/t1_ranked_passers.tsv
B_scatter	WP_258969582.1	Parabacteroides	family	GH3				tables/t1_ranked_passers.tsv
B_scatter	WP_258969582.1	Parabacteroides	pul	out				tables/t1_ranked_passers.tsv
B_scatter	WP_258969582.1	Parabacteroides	s4a_max	40.16				tables/t1_ranked_passers.tsv
B_scatter	WP_258969582.1	Parabacteroides	s4a_reported	False				tables/t1_ranked_passers.tsv
B_scatter	WP_258969582.1	Parabacteroides	rank	114				tables/t1_ranked_passers.tsv
B_scatter	WP_010803535.1	Parabacteroides	identity	38.15				tables/t1_ranked_passers.tsv
B_scatter	WP_010803535.1	Parabacteroides	tlen	780				tables/t1_ranked_passers.tsv
B_scatter	WP_010803535.1	Parabacteroides	family	GH3				tables/t1_ranked_passers.tsv
B_scatter	WP_010803535.1	Parabacteroides	pul	out				tables/t1_ranked_passers.tsv
B_scatter	WP_010803535.1	Parabacteroides	s4a_max	40.16				tables/t1_ranked_passers.tsv
B_scatter	WP_010803535.1	Parabacteroides	s4a_reported	False				tables/t1_ranked_passers.tsv
B_scatter	WP_010803535.1	Parabacteroides	rank	115				tables/t1_ranked_passers.tsv
B_scatter	WP_010802044.1	Parabacteroides	identity	38.11				tables/t1_ranked_passers.tsv
B_scatter	WP_010802044.1	Parabacteroides	tlen	772				tables/t1_ranked_passers.tsv
B_scatter	WP_010802044.1	Parabacteroides	family	GH3				tables/t1_ranked_passers.tsv
B_scatter	WP_010802044.1	Parabacteroides	pul	out				tables/t1_ranked_passers.tsv
B_scatter	WP_010802044.1	Parabacteroides	s4a_max	46.24				tables/t1_ranked_passers.tsv
B_scatter	WP_010802044.1	Parabacteroides	s4a_reported	False				tables/t1_ranked_passers.tsv
B_scatter	WP_010802044.1	Parabacteroides	rank	116				tables/t1_ranked_passers.tsv
B_scatter	WP_258914427.1	Parabacteroides	identity	37.98				tables/t1_ranked_passers.tsv
B_scatter	WP_258914427.1	Parabacteroides	tlen	780				tables/t1_ranked_passers.tsv
B_scatter	WP_258914427.1	Parabacteroides	family	GH3				tables/t1_ranked_passers.tsv
B_scatter	WP_258914427.1	Parabacteroides	pul	out				tables/t1_ranked_passers.tsv
B_scatter	WP_258914427.1	Parabacteroides	s4a_max	37.7				tables/t1_ranked_passers.tsv
B_scatter	WP_258914427.1	Parabacteroides	s4a_reported	False				tables/t1_ranked_passers.tsv
B_scatter	WP_258914427.1	Parabacteroides	rank	117				tables/t1_ranked_passers.tsv
B_scatter	WP_258915112.1	Parabacteroides	identity	36.77				tables/t1_ranked_passers.tsv
B_scatter	WP_258915112.1	Parabacteroides	tlen	799				tables/t1_ranked_passers.tsv
B_scatter	WP_258915112.1	Parabacteroides	family	GH3				tables/t1_ranked_passers.tsv
B_scatter	WP_258915112.1	Parabacteroides	pul	out				tables/t1_ranked_passers.tsv
B_scatter	WP_258915112.1	Parabacteroides	s4a_max	37.43				tables/t1_ranked_passers.tsv
B_scatter	WP_258915112.1	Parabacteroides	s4a_reported	False				tables/t1_ranked_passers.tsv
B_scatter	WP_258915112.1	Parabacteroides	rank	118				tables/t1_ranked_passers.tsv
B_scatter	WP_258972117.1	Parabacteroides	identity	36.29				tables/t1_ranked_passers.tsv
B_scatter	WP_258972117.1	Parabacteroides	tlen	878				tables/t1_ranked_passers.tsv
B_scatter	WP_258972117.1	Parabacteroides	family	GH3				tables/t1_ranked_passers.tsv
B_scatter	WP_258972117.1	Parabacteroides	pul	out				tables/t1_ranked_passers.tsv
B_scatter	WP_258972117.1	Parabacteroides	s4a_max	43.98				tables/t1_ranked_passers.tsv
B_scatter	WP_258972117.1	Parabacteroides	s4a_reported	False				tables/t1_ranked_passers.tsv
B_scatter	WP_258972117.1	Parabacteroides	rank	119				tables/t1_ranked_passers.tsv
B_scatter	WP_425886422.1	Parabacteroides	identity	35.56				tables/t1_ranked_passers.tsv
B_scatter	WP_425886422.1	Parabacteroides	tlen	796				tables/t1_ranked_passers.tsv
B_scatter	WP_425886422.1	Parabacteroides	family	GH3				tables/t1_ranked_passers.tsv
B_scatter	WP_425886422.1	Parabacteroides	pul	out				tables/t1_ranked_passers.tsv
B_scatter	WP_425886422.1	Parabacteroides	s4a_max	37.3				tables/t1_ranked_passers.tsv
B_scatter	WP_425886422.1	Parabacteroides	s4a_reported	False				tables/t1_ranked_passers.tsv
B_scatter	WP_425886422.1	Parabacteroides	rank	120				tables/t1_ranked_passers.tsv
B_scatter	WP_022322641.1	Parabacteroides	identity	35.44				tables/t1_ranked_passers.tsv
B_scatter	WP_022322641.1	Parabacteroides	tlen	955				tables/t1_ranked_passers.tsv
B_scatter	WP_022322641.1	Parabacteroides	family	GH3				tables/t1_ranked_passers.tsv
B_scatter	WP_022322641.1	Parabacteroides	pul	out				tables/t1_ranked_passers.tsv
B_scatter	WP_022322641.1	Parabacteroides	s4a_max	31.83				tables/t1_ranked_passers.tsv
B_scatter	WP_022322641.1	Parabacteroides	s4a_reported	False				tables/t1_ranked_passers.tsv
B_scatter	WP_022322641.1	Parabacteroides	rank	121				tables/t1_ranked_passers.tsv
B_scatter	WP_459190473.1	Parabacteroides	identity	35.32				tables/t1_ranked_passers.tsv
B_scatter	WP_459190473.1	Parabacteroides	tlen	862				tables/t1_ranked_passers.tsv
B_scatter	WP_459190473.1	Parabacteroides	family	GH3				tables/t1_ranked_passers.tsv
B_scatter	WP_459190473.1	Parabacteroides	pul	out				tables/t1_ranked_passers.tsv
B_scatter	WP_459190473.1	Parabacteroides	s4a_max	47.1				tables/t1_ranked_passers.tsv
B_scatter	WP_459190473.1	Parabacteroides	s4a_reported	False				tables/t1_ranked_passers.tsv
B_scatter	WP_459190473.1	Parabacteroides	rank	122				tables/t1_ranked_passers.tsv
B_scatter	WP_005634138.1	Parabacteroides	identity	35.3				tables/t1_ranked_passers.tsv
B_scatter	WP_005634138.1	Parabacteroides	tlen	955				tables/t1_ranked_passers.tsv
B_scatter	WP_005634138.1	Parabacteroides	family	GH3				tables/t1_ranked_passers.tsv
B_scatter	WP_005634138.1	Parabacteroides	pul	out				tables/t1_ranked_passers.tsv
B_scatter	WP_005634138.1	Parabacteroides	s4a_max	31.71				tables/t1_ranked_passers.tsv
B_scatter	WP_005634138.1	Parabacteroides	s4a_reported	False				tables/t1_ranked_passers.tsv
B_scatter	WP_005634138.1	Parabacteroides	rank	123				tables/t1_ranked_passers.tsv
B_scatter	WP_425884621.1	Parabacteroides	identity	35.16				tables/t1_ranked_passers.tsv
B_scatter	WP_425884621.1	Parabacteroides	tlen	955				tables/t1_ranked_passers.tsv
B_scatter	WP_425884621.1	Parabacteroides	family	GH3				tables/t1_ranked_passers.tsv
B_scatter	WP_425884621.1	Parabacteroides	pul	out				tables/t1_ranked_passers.tsv
B_scatter	WP_425884621.1	Parabacteroides	s4a_max	31.83				tables/t1_ranked_passers.tsv
B_scatter	WP_425884621.1	Parabacteroides	s4a_reported	False				tables/t1_ranked_passers.tsv
B_scatter	WP_425884621.1	Parabacteroides	rank	124				tables/t1_ranked_passers.tsv
B_scatter	WP_008145996.1	Parabacteroides	identity	35.03				tables/t1_ranked_passers.tsv
B_scatter	WP_008145996.1	Parabacteroides	tlen	955				tables/t1_ranked_passers.tsv
B_scatter	WP_008145996.1	Parabacteroides	family	GH3				tables/t1_ranked_passers.tsv
B_scatter	WP_008145996.1	Parabacteroides	pul	out				tables/t1_ranked_passers.tsv
B_scatter	WP_008145996.1	Parabacteroides	s4a_max	31.71				tables/t1_ranked_passers.tsv
B_scatter	WP_008145996.1	Parabacteroides	s4a_reported	False				tables/t1_ranked_passers.tsv
B_scatter	WP_008145996.1	Parabacteroides	rank	125				tables/t1_ranked_passers.tsv
B_scatter	WP_251968331.1	Parabacteroides	identity	34.17				tables/t1_ranked_passers.tsv
B_scatter	WP_251968331.1	Parabacteroides	tlen	868				tables/t1_ranked_passers.tsv
B_scatter	WP_251968331.1	Parabacteroides	family	GH3				tables/t1_ranked_passers.tsv
B_scatter	WP_251968331.1	Parabacteroides	pul	out				tables/t1_ranked_passers.tsv
B_scatter	WP_251968331.1	Parabacteroides	s4a_max	47.92				tables/t1_ranked_passers.tsv
B_scatter	WP_251968331.1	Parabacteroides	s4a_reported	False				tables/t1_ranked_passers.tsv
B_scatter	WP_251968331.1	Parabacteroides	rank	126				tables/t1_ranked_passers.tsv
B_scatter	WP_005856722.1	Parabacteroides	identity	33.43				tables/t1_ranked_passers.tsv
B_scatter	WP_005856722.1	Parabacteroides	tlen	868				tables/t1_ranked_passers.tsv
B_scatter	WP_005856722.1	Parabacteroides	family	GH3				tables/t1_ranked_passers.tsv
B_scatter	WP_005856722.1	Parabacteroides	pul	out				tables/t1_ranked_passers.tsv
B_scatter	WP_005856722.1	Parabacteroides	s4a_max	47.69				tables/t1_ranked_passers.tsv
B_scatter	WP_005856722.1	Parabacteroides	s4a_reported	False				tables/t1_ranked_passers.tsv
B_scatter	WP_005856722.1	Parabacteroides	rank	127				tables/t1_ranked_passers.tsv
B_scatter	WP_258970983.1	Parabacteroides	identity	33.28				tables/t1_ranked_passers.tsv
B_scatter	WP_258970983.1	Parabacteroides	tlen	738				tables/t1_ranked_passers.tsv
B_scatter	WP_258970983.1	Parabacteroides	family	GH3				tables/t1_ranked_passers.tsv
B_scatter	WP_258970983.1	Parabacteroides	pul	out				tables/t1_ranked_passers.tsv
B_scatter	WP_258970983.1	Parabacteroides	s4a_max	33.74				tables/t1_ranked_passers.tsv
B_scatter	WP_258970983.1	Parabacteroides	s4a_reported	False				tables/t1_ranked_passers.tsv
B_scatter	WP_258970983.1	Parabacteroides	rank	128				tables/t1_ranked_passers.tsv
B_scatter	WP_224202336.1	Parabacteroides	identity	33.28				tables/t1_ranked_passers.tsv
B_scatter	WP_224202336.1	Parabacteroides	tlen	868				tables/t1_ranked_passers.tsv
B_scatter	WP_224202336.1	Parabacteroides	family	GH3				tables/t1_ranked_passers.tsv
B_scatter	WP_224202336.1	Parabacteroides	pul	out				tables/t1_ranked_passers.tsv
B_scatter	WP_224202336.1	Parabacteroides	s4a_max	47.69				tables/t1_ranked_passers.tsv
B_scatter	WP_224202336.1	Parabacteroides	s4a_reported	False				tables/t1_ranked_passers.tsv
B_scatter	WP_224202336.1	Parabacteroides	rank	129				tables/t1_ranked_passers.tsv
B_scatter	WP_211737805.1	Parabacteroides	identity	33.14				tables/t1_ranked_passers.tsv
B_scatter	WP_211737805.1	Parabacteroides	tlen	868				tables/t1_ranked_passers.tsv
B_scatter	WP_211737805.1	Parabacteroides	family	GH3				tables/t1_ranked_passers.tsv
B_scatter	WP_211737805.1	Parabacteroides	pul	out				tables/t1_ranked_passers.tsv
B_scatter	WP_211737805.1	Parabacteroides	s4a_max	47.57				tables/t1_ranked_passers.tsv
B_scatter	WP_211737805.1	Parabacteroides	s4a_reported	False				tables/t1_ranked_passers.tsv
B_scatter	WP_211737805.1	Parabacteroides	rank	130				tables/t1_ranked_passers.tsv
B_scatter	WP_008780553.1	Parabacteroides	identity	33.14				tables/t1_ranked_passers.tsv
B_scatter	WP_008780553.1	Parabacteroides	tlen	868				tables/t1_ranked_passers.tsv
B_scatter	WP_008780553.1	Parabacteroides	family	GH3				tables/t1_ranked_passers.tsv
B_scatter	WP_008780553.1	Parabacteroides	pul	out				tables/t1_ranked_passers.tsv
B_scatter	WP_008780553.1	Parabacteroides	s4a_max	47.8				tables/t1_ranked_passers.tsv
B_scatter	WP_008780553.1	Parabacteroides	s4a_reported	False				tables/t1_ranked_passers.tsv
B_scatter	WP_008780553.1	Parabacteroides	rank	131				tables/t1_ranked_passers.tsv
B_scatter	WP_258914453.1	Parabacteroides	identity	32.98				tables/t1_ranked_passers.tsv
B_scatter	WP_258914453.1	Parabacteroides	tlen	738				tables/t1_ranked_passers.tsv
B_scatter	WP_258914453.1	Parabacteroides	family	GH3				tables/t1_ranked_passers.tsv
B_scatter	WP_258914453.1	Parabacteroides	pul	out				tables/t1_ranked_passers.tsv
B_scatter	WP_258914453.1	Parabacteroides	s4a_max	33.6				tables/t1_ranked_passers.tsv
B_scatter	WP_258914453.1	Parabacteroides	s4a_reported	False				tables/t1_ranked_passers.tsv
B_scatter	WP_258914453.1	Parabacteroides	rank	132				tables/t1_ranked_passers.tsv
B_scatter	WP_010802055.1	Parabacteroides	identity	32.98				tables/t1_ranked_passers.tsv
B_scatter	WP_010802055.1	Parabacteroides	tlen	738				tables/t1_ranked_passers.tsv
B_scatter	WP_010802055.1	Parabacteroides	family	GH3				tables/t1_ranked_passers.tsv
B_scatter	WP_010802055.1	Parabacteroides	pul	out				tables/t1_ranked_passers.tsv
B_scatter	WP_010802055.1	Parabacteroides	s4a_max	33.47				tables/t1_ranked_passers.tsv
B_scatter	WP_010802055.1	Parabacteroides	s4a_reported	False				tables/t1_ranked_passers.tsv
B_scatter	WP_010802055.1	Parabacteroides	rank	133				tables/t1_ranked_passers.tsv
B_scatter	WP_195584300.1	Parabacteroides	identity	32.67				tables/t1_ranked_passers.tsv
B_scatter	WP_195584300.1	Parabacteroides	tlen	738				tables/t1_ranked_passers.tsv
B_scatter	WP_195584300.1	Parabacteroides	family	GH3				tables/t1_ranked_passers.tsv
B_scatter	WP_195584300.1	Parabacteroides	pul	out				tables/t1_ranked_passers.tsv
B_scatter	WP_195584300.1	Parabacteroides	s4a_max	33.2				tables/t1_ranked_passers.tsv
B_scatter	WP_195584300.1	Parabacteroides	s4a_reported	False				tables/t1_ranked_passers.tsv
B_scatter	WP_195584300.1	Parabacteroides	rank	134				tables/t1_ranked_passers.tsv
B_scatter	WP_317472881.1	Bacteroides	identity	68.08				tables/t1_ranked_passers.tsv
B_scatter	WP_317472881.1	Bacteroides	tlen	763				tables/t1_ranked_passers.tsv
B_scatter	WP_317472881.1	Bacteroides	family	GH3				tables/t1_ranked_passers.tsv
B_scatter	WP_317472881.1	Bacteroides	pul	out				tables/t1_ranked_passers.tsv
B_scatter	WP_317472881.1	Bacteroides	s4a_max	67.23				tables/t1_ranked_passers.tsv
B_scatter	WP_317472881.1	Bacteroides	s4a_reported	False				tables/t1_ranked_passers.tsv
B_scatter	WP_317472881.1	Bacteroides	rank	135				tables/t1_ranked_passers.tsv
B_scatter	WP_195507527.1	Bacteroides	identity	67.28				tables/t1_ranked_passers.tsv
B_scatter	WP_195507527.1	Bacteroides	tlen	763				tables/t1_ranked_passers.tsv
B_scatter	WP_195507527.1	Bacteroides	family	GH3				tables/t1_ranked_passers.tsv
B_scatter	WP_195507527.1	Bacteroides	pul	out				tables/t1_ranked_passers.tsv
B_scatter	WP_195507527.1	Bacteroides	s4a_max	66.84				tables/t1_ranked_passers.tsv
B_scatter	WP_195507527.1	Bacteroides	s4a_reported	False				tables/t1_ranked_passers.tsv
B_scatter	WP_195507527.1	Bacteroides	rank	136				tables/t1_ranked_passers.tsv
B_scatter	WP_330941874.1	Bacteroides	identity	67.15				tables/t1_ranked_passers.tsv
B_scatter	WP_330941874.1	Bacteroides	tlen	763				tables/t1_ranked_passers.tsv
B_scatter	WP_330941874.1	Bacteroides	family	GH3				tables/t1_ranked_passers.tsv
B_scatter	WP_330941874.1	Bacteroides	pul	out				tables/t1_ranked_passers.tsv
B_scatter	WP_330941874.1	Bacteroides	s4a_max	66.97				tables/t1_ranked_passers.tsv
B_scatter	WP_330941874.1	Bacteroides	s4a_reported	False				tables/t1_ranked_passers.tsv
B_scatter	WP_330941874.1	Bacteroides	rank	137				tables/t1_ranked_passers.tsv
B_scatter	WP_044154827.1	Bacteroides	identity	67.02				tables/t1_ranked_passers.tsv
B_scatter	WP_044154827.1	Bacteroides	tlen	763				tables/t1_ranked_passers.tsv
B_scatter	WP_044154827.1	Bacteroides	family	GH3				tables/t1_ranked_passers.tsv
B_scatter	WP_044154827.1	Bacteroides	pul	out				tables/t1_ranked_passers.tsv
B_scatter	WP_044154827.1	Bacteroides	s4a_max	66.58				tables/t1_ranked_passers.tsv
B_scatter	WP_044154827.1	Bacteroides	s4a_reported	False				tables/t1_ranked_passers.tsv
B_scatter	WP_044154827.1	Bacteroides	rank	138				tables/t1_ranked_passers.tsv
B_scatter	WP_299091672.1	Bacteroides	identity	66.8				tables/t1_ranked_passers.tsv
B_scatter	WP_299091672.1	Bacteroides	tlen	773				tables/t1_ranked_passers.tsv
B_scatter	WP_299091672.1	Bacteroides	family	GH3				tables/t1_ranked_passers.tsv
B_scatter	WP_299091672.1	Bacteroides	pul	out				tables/t1_ranked_passers.tsv
B_scatter	WP_299091672.1	Bacteroides	s4a_max	66.45				tables/t1_ranked_passers.tsv
B_scatter	WP_299091672.1	Bacteroides	s4a_reported	False				tables/t1_ranked_passers.tsv
B_scatter	WP_299091672.1	Bacteroides	rank	139				tables/t1_ranked_passers.tsv
B_scatter	WP_007216962.1	Bacteroides	identity	66.8				tables/t1_ranked_passers.tsv
B_scatter	WP_007216962.1	Bacteroides	tlen	773				tables/t1_ranked_passers.tsv
B_scatter	WP_007216962.1	Bacteroides	family	GH3				tables/t1_ranked_passers.tsv
B_scatter	WP_007216962.1	Bacteroides	pul	out				tables/t1_ranked_passers.tsv
B_scatter	WP_007216962.1	Bacteroides	s4a_max	66.45				tables/t1_ranked_passers.tsv
B_scatter	WP_007216962.1	Bacteroides	s4a_reported	False				tables/t1_ranked_passers.tsv
B_scatter	WP_007216962.1	Bacteroides	rank	140				tables/t1_ranked_passers.tsv
B_scatter	WP_007660647.1	Bacteroides	identity	66.8				tables/t1_ranked_passers.tsv
B_scatter	WP_007660647.1	Bacteroides	tlen	773				tables/t1_ranked_passers.tsv
B_scatter	WP_007660647.1	Bacteroides	family	GH3				tables/t1_ranked_passers.tsv
B_scatter	WP_007660647.1	Bacteroides	pul	out				tables/t1_ranked_passers.tsv
B_scatter	WP_007660647.1	Bacteroides	s4a_max	66.19				tables/t1_ranked_passers.tsv
B_scatter	WP_007660647.1	Bacteroides	s4a_reported	False				tables/t1_ranked_passers.tsv
B_scatter	WP_007660647.1	Bacteroides	rank	141				tables/t1_ranked_passers.tsv
B_scatter	WP_167961489.1	Bacteroides	identity	66.54				tables/t1_ranked_passers.tsv
B_scatter	WP_167961489.1	Bacteroides	tlen	771				tables/t1_ranked_passers.tsv
B_scatter	WP_167961489.1	Bacteroides	family	GH3				tables/t1_ranked_passers.tsv
B_scatter	WP_167961489.1	Bacteroides	pul	out				tables/t1_ranked_passers.tsv
B_scatter	WP_167961489.1	Bacteroides	s4a_max	66.97				tables/t1_ranked_passers.tsv
B_scatter	WP_167961489.1	Bacteroides	s4a_reported	False				tables/t1_ranked_passers.tsv
B_scatter	WP_167961489.1	Bacteroides	rank	142				tables/t1_ranked_passers.tsv
B_scatter	WP_004324488.1	Bacteroides	identity	66.49				tables/t1_ranked_passers.tsv
B_scatter	WP_004324488.1	Bacteroides	tlen	769				tables/t1_ranked_passers.tsv
B_scatter	WP_004324488.1	Bacteroides	family	GH3				tables/t1_ranked_passers.tsv
B_scatter	WP_004324488.1	Bacteroides	pul	out				tables/t1_ranked_passers.tsv
B_scatter	WP_004324488.1	Bacteroides	s4a_max	66.97				tables/t1_ranked_passers.tsv
B_scatter	WP_004324488.1	Bacteroides	s4a_reported	False				tables/t1_ranked_passers.tsv
B_scatter	WP_004324488.1	Bacteroides	rank	143				tables/t1_ranked_passers.tsv
B_scatter	WP_005682249.1	Bacteroides	identity	66.1				tables/t1_ranked_passers.tsv
B_scatter	WP_005682249.1	Bacteroides	tlen	769				tables/t1_ranked_passers.tsv
B_scatter	WP_005682249.1	Bacteroides	family	GH3				tables/t1_ranked_passers.tsv
B_scatter	WP_005682249.1	Bacteroides	pul	out				tables/t1_ranked_passers.tsv
B_scatter	WP_005682249.1	Bacteroides	s4a_max	66.45				tables/t1_ranked_passers.tsv
B_scatter	WP_005682249.1	Bacteroides	s4a_reported	False				tables/t1_ranked_passers.tsv
B_scatter	WP_005682249.1	Bacteroides	rank	144				tables/t1_ranked_passers.tsv
B_scatter	WP_099146322.1	Bacteroides	identity	66.1				tables/t1_ranked_passers.tsv
B_scatter	WP_099146322.1	Bacteroides	tlen	769				tables/t1_ranked_passers.tsv
B_scatter	WP_099146322.1	Bacteroides	family	GH3				tables/t1_ranked_passers.tsv
B_scatter	WP_099146322.1	Bacteroides	pul	out				tables/t1_ranked_passers.tsv
B_scatter	WP_099146322.1	Bacteroides	s4a_max	66.58				tables/t1_ranked_passers.tsv
B_scatter	WP_099146322.1	Bacteroides	s4a_reported	False				tables/t1_ranked_passers.tsv
B_scatter	WP_099146322.1	Bacteroides	rank	145				tables/t1_ranked_passers.tsv
B_scatter	WP_309008992.1	Bacteroides	identity	66.01				tables/t1_ranked_passers.tsv
B_scatter	WP_309008992.1	Bacteroides	tlen	791				tables/t1_ranked_passers.tsv
B_scatter	WP_309008992.1	Bacteroides	family	GH3				tables/t1_ranked_passers.tsv
B_scatter	WP_309008992.1	Bacteroides	pul	out				tables/t1_ranked_passers.tsv
B_scatter	WP_309008992.1	Bacteroides	s4a_max	65.67				tables/t1_ranked_passers.tsv
B_scatter	WP_309008992.1	Bacteroides	s4a_reported	False				tables/t1_ranked_passers.tsv
B_scatter	WP_309008992.1	Bacteroides	rank	146				tables/t1_ranked_passers.tsv
B_scatter	WP_413544549.1	Bacteroides	identity	65.81				tables/t1_ranked_passers.tsv
B_scatter	WP_413544549.1	Bacteroides	tlen	742				tables/t1_ranked_passers.tsv
B_scatter	WP_413544549.1	Bacteroides	family	GH3				tables/t1_ranked_passers.tsv
B_scatter	WP_413544549.1	Bacteroides	pul	out				tables/t1_ranked_passers.tsv
B_scatter	WP_413544549.1	Bacteroides	s4a_max	65.77				tables/t1_ranked_passers.tsv
B_scatter	WP_413544549.1	Bacteroides	s4a_reported	False				tables/t1_ranked_passers.tsv
B_scatter	WP_413544549.1	Bacteroides	rank	147				tables/t1_ranked_passers.tsv
B_scatter	WP_007660643.1	Bacteroides	identity	65.75				tables/t1_ranked_passers.tsv
B_scatter	WP_007660643.1	Bacteroides	tlen	775				tables/t1_ranked_passers.tsv
B_scatter	WP_007660643.1	Bacteroides	family	GH3				tables/t1_ranked_passers.tsv
B_scatter	WP_007660643.1	Bacteroides	pul	out				tables/t1_ranked_passers.tsv
B_scatter	WP_007660643.1	Bacteroides	s4a_max	65.4				tables/t1_ranked_passers.tsv
B_scatter	WP_007660643.1	Bacteroides	s4a_reported	False				tables/t1_ranked_passers.tsv
B_scatter	WP_007660643.1	Bacteroides	rank	148				tables/t1_ranked_passers.tsv
B_scatter	WP_330941416.1	Bacteroides	identity	65.45				tables/t1_ranked_passers.tsv
B_scatter	WP_330941416.1	Bacteroides	tlen	785				tables/t1_ranked_passers.tsv
B_scatter	WP_330941416.1	Bacteroides	family	GH3				tables/t1_ranked_passers.tsv
B_scatter	WP_330941416.1	Bacteroides	pul	out				tables/t1_ranked_passers.tsv
B_scatter	WP_330941416.1	Bacteroides	s4a_max	65.14				tables/t1_ranked_passers.tsv
B_scatter	WP_330941416.1	Bacteroides	s4a_reported	False				tables/t1_ranked_passers.tsv
B_scatter	WP_330941416.1	Bacteroides	rank	149				tables/t1_ranked_passers.tsv
B_scatter	WP_022302186.1	Bacteroides	identity	65.09				tables/t1_ranked_passers.tsv
B_scatter	WP_022302186.1	Bacteroides	tlen	771				tables/t1_ranked_passers.tsv
B_scatter	WP_022302186.1	Bacteroides	family	GH3				tables/t1_ranked_passers.tsv
B_scatter	WP_022302186.1	Bacteroides	pul	out				tables/t1_ranked_passers.tsv
B_scatter	WP_022302186.1	Bacteroides	s4a_max	65.27				tables/t1_ranked_passers.tsv
B_scatter	WP_022302186.1	Bacteroides	s4a_reported	False				tables/t1_ranked_passers.tsv
B_scatter	WP_022302186.1	Bacteroides	rank	150				tables/t1_ranked_passers.tsv
B_scatter	WP_011108888.1	Bacteroides	identity	65.09				tables/t1_ranked_passers.tsv
B_scatter	WP_011108888.1	Bacteroides	tlen	771				tables/t1_ranked_passers.tsv
B_scatter	WP_011108888.1	Bacteroides	family	GH3				tables/t1_ranked_passers.tsv
B_scatter	WP_011108888.1	Bacteroides	pul	out				tables/t1_ranked_passers.tsv
B_scatter	WP_011108888.1	Bacteroides	s4a_max	65.27				tables/t1_ranked_passers.tsv
B_scatter	WP_011108888.1	Bacteroides	s4a_reported	False				tables/t1_ranked_passers.tsv
B_scatter	WP_011108888.1	Bacteroides	rank	151				tables/t1_ranked_passers.tsv
B_scatter	WP_143258880.1	Bacteroides	identity	64.95				tables/t1_ranked_passers.tsv
B_scatter	WP_143258880.1	Bacteroides	tlen	761				tables/t1_ranked_passers.tsv
B_scatter	WP_143258880.1	Bacteroides	family	GH3				tables/t1_ranked_passers.tsv
B_scatter	WP_143258880.1	Bacteroides	pul	out				tables/t1_ranked_passers.tsv
B_scatter	WP_143258880.1	Bacteroides	s4a_max	64.91				tables/t1_ranked_passers.tsv
B_scatter	WP_143258880.1	Bacteroides	s4a_reported	False				tables/t1_ranked_passers.tsv
B_scatter	WP_143258880.1	Bacteroides	rank	152				tables/t1_ranked_passers.tsv
B_scatter	WP_004323730.1	Bacteroides	identity	60.75				tables/t1_ranked_passers.tsv
B_scatter	WP_004323730.1	Bacteroides	tlen	762				tables/t1_ranked_passers.tsv
B_scatter	WP_004323730.1	Bacteroides	family	GH3				tables/t1_ranked_passers.tsv
B_scatter	WP_004323730.1	Bacteroides	pul	out				tables/t1_ranked_passers.tsv
B_scatter	WP_004323730.1	Bacteroides	s4a_max	60.24				tables/t1_ranked_passers.tsv
B_scatter	WP_004323730.1	Bacteroides	s4a_reported	False				tables/t1_ranked_passers.tsv
B_scatter	WP_004323730.1	Bacteroides	rank	153				tables/t1_ranked_passers.tsv
B_scatter	WP_010539079.1	Bacteroides	identity	60.64				tables/t1_ranked_passers.tsv
B_scatter	WP_010539079.1	Bacteroides	tlen	759				tables/t1_ranked_passers.tsv
B_scatter	WP_010539079.1	Bacteroides	family	GH3				tables/t1_ranked_passers.tsv
B_scatter	WP_010539079.1	Bacteroides	pul	out				tables/t1_ranked_passers.tsv
B_scatter	WP_010539079.1	Bacteroides	s4a_max	60.61				tables/t1_ranked_passers.tsv
B_scatter	WP_010539079.1	Bacteroides	s4a_reported	False				tables/t1_ranked_passers.tsv
B_scatter	WP_010539079.1	Bacteroides	rank	154				tables/t1_ranked_passers.tsv
B_scatter	WP_413544547.1	Bacteroides	identity	60.4				tables/t1_ranked_passers.tsv
B_scatter	WP_413544547.1	Bacteroides	tlen	750				tables/t1_ranked_passers.tsv
B_scatter	WP_413544547.1	Bacteroides	family	GH3				tables/t1_ranked_passers.tsv
B_scatter	WP_413544547.1	Bacteroides	pul	out				tables/t1_ranked_passers.tsv
B_scatter	WP_413544547.1	Bacteroides	s4a_max	60.67				tables/t1_ranked_passers.tsv
B_scatter	WP_413544547.1	Bacteroides	s4a_reported	False				tables/t1_ranked_passers.tsv
B_scatter	WP_413544547.1	Bacteroides	rank	155				tables/t1_ranked_passers.tsv
B_scatter	WP_413544522.1	Bacteroides	identity	60.24				tables/t1_ranked_passers.tsv
B_scatter	WP_413544522.1	Bacteroides	tlen	759				tables/t1_ranked_passers.tsv
B_scatter	WP_413544522.1	Bacteroides	family	GH3				tables/t1_ranked_passers.tsv
B_scatter	WP_413544522.1	Bacteroides	pul	out				tables/t1_ranked_passers.tsv
B_scatter	WP_413544522.1	Bacteroides	s4a_max	60.21				tables/t1_ranked_passers.tsv
B_scatter	WP_413544522.1	Bacteroides	s4a_reported	False				tables/t1_ranked_passers.tsv
B_scatter	WP_413544522.1	Bacteroides	rank	156				tables/t1_ranked_passers.tsv
B_scatter	WP_011108030.1	Bacteroides	identity	60.24				tables/t1_ranked_passers.tsv
B_scatter	WP_011108030.1	Bacteroides	tlen	759				tables/t1_ranked_passers.tsv
B_scatter	WP_011108030.1	Bacteroides	family	GH3				tables/t1_ranked_passers.tsv
B_scatter	WP_011108030.1	Bacteroides	pul	out				tables/t1_ranked_passers.tsv
B_scatter	WP_011108030.1	Bacteroides	s4a_max	59.95				tables/t1_ranked_passers.tsv
B_scatter	WP_011108030.1	Bacteroides	s4a_reported	False				tables/t1_ranked_passers.tsv
B_scatter	WP_011108030.1	Bacteroides	rank	157				tables/t1_ranked_passers.tsv
B_scatter	WP_143259824.1	Bacteroides	identity	59.84				tables/t1_ranked_passers.tsv
B_scatter	WP_143259824.1	Bacteroides	tlen	757				tables/t1_ranked_passers.tsv
B_scatter	WP_143259824.1	Bacteroides	family	GH3				tables/t1_ranked_passers.tsv
B_scatter	WP_143259824.1	Bacteroides	pul	out				tables/t1_ranked_passers.tsv
B_scatter	WP_143259824.1	Bacteroides	s4a_max	59.71				tables/t1_ranked_passers.tsv
B_scatter	WP_143259824.1	Bacteroides	s4a_reported	False				tables/t1_ranked_passers.tsv
B_scatter	WP_143259824.1	Bacteroides	rank	158				tables/t1_ranked_passers.tsv
B_scatter	WP_004309526.1	Bacteroides	identity	58.51				tables/t1_ranked_passers.tsv
B_scatter	WP_004309526.1	Bacteroides	tlen	759				tables/t1_ranked_passers.tsv
B_scatter	WP_004309526.1	Bacteroides	family	GH3				tables/t1_ranked_passers.tsv
B_scatter	WP_004309526.1	Bacteroides	pul	out				tables/t1_ranked_passers.tsv
B_scatter	WP_004309526.1	Bacteroides	s4a_max	58.89				tables/t1_ranked_passers.tsv
B_scatter	WP_004309526.1	Bacteroides	s4a_reported	False				tables/t1_ranked_passers.tsv
B_scatter	WP_004309526.1	Bacteroides	rank	159				tables/t1_ranked_passers.tsv
B_scatter	WP_418214143.1	Bacteroides	identity	58.38				tables/t1_ranked_passers.tsv
B_scatter	WP_418214143.1	Bacteroides	tlen	759				tables/t1_ranked_passers.tsv
B_scatter	WP_418214143.1	Bacteroides	family	GH3				tables/t1_ranked_passers.tsv
B_scatter	WP_418214143.1	Bacteroides	pul	out				tables/t1_ranked_passers.tsv
B_scatter	WP_418214143.1	Bacteroides	s4a_max	58.63				tables/t1_ranked_passers.tsv
B_scatter	WP_418214143.1	Bacteroides	s4a_reported	False				tables/t1_ranked_passers.tsv
B_scatter	WP_418214143.1	Bacteroides	rank	160				tables/t1_ranked_passers.tsv
B_scatter	WP_317472399.1	Bacteroides	identity	50.14				tables/t1_ranked_passers.tsv
B_scatter	WP_317472399.1	Bacteroides	tlen	742				tables/t1_ranked_passers.tsv
B_scatter	WP_317472399.1	Bacteroides	family	GH3				tables/t1_ranked_passers.tsv
B_scatter	WP_317472399.1	Bacteroides	pul	out				tables/t1_ranked_passers.tsv
B_scatter	WP_317472399.1	Bacteroides	s4a_max	50.0				tables/t1_ranked_passers.tsv
B_scatter	WP_317472399.1	Bacteroides	s4a_reported	False				tables/t1_ranked_passers.tsv
B_scatter	WP_317472399.1	Bacteroides	rank	161				tables/t1_ranked_passers.tsv
B_scatter	WP_025866664.1	Bacteroides	identity	47.06				tables/t1_ranked_passers.tsv
B_scatter	WP_025866664.1	Bacteroides	tlen	795				tables/t1_ranked_passers.tsv
B_scatter	WP_025866664.1	Bacteroides	family	GH3				tables/t1_ranked_passers.tsv
B_scatter	WP_025866664.1	Bacteroides	pul	out				tables/t1_ranked_passers.tsv
B_scatter	WP_025866664.1	Bacteroides	s4a_max	45.28				tables/t1_ranked_passers.tsv
B_scatter	WP_025866664.1	Bacteroides	s4a_reported	False				tables/t1_ranked_passers.tsv
B_scatter	WP_025866664.1	Bacteroides	rank	162				tables/t1_ranked_passers.tsv
B_scatter	WP_322932279.1	Bacteroides	identity	46.79				tables/t1_ranked_passers.tsv
B_scatter	WP_322932279.1	Bacteroides	tlen	797				tables/t1_ranked_passers.tsv
B_scatter	WP_322932279.1	Bacteroides	family	GH3				tables/t1_ranked_passers.tsv
B_scatter	WP_322932279.1	Bacteroides	pul	out				tables/t1_ranked_passers.tsv
B_scatter	WP_322932279.1	Bacteroides	s4a_max	44.92				tables/t1_ranked_passers.tsv
B_scatter	WP_322932279.1	Bacteroides	s4a_reported	False				tables/t1_ranked_passers.tsv
B_scatter	WP_322932279.1	Bacteroides	rank	163				tables/t1_ranked_passers.tsv
B_scatter	WP_167960058.1	Bacteroides	identity	46.6				tables/t1_ranked_passers.tsv
B_scatter	WP_167960058.1	Bacteroides	tlen	732				tables/t1_ranked_passers.tsv
B_scatter	WP_167960058.1	Bacteroides	family	GH3				tables/t1_ranked_passers.tsv
B_scatter	WP_167960058.1	Bacteroides	pul	out				tables/t1_ranked_passers.tsv
B_scatter	WP_167960058.1	Bacteroides	s4a_max	48.5				tables/t1_ranked_passers.tsv
B_scatter	WP_167960058.1	Bacteroides	s4a_reported	False				tables/t1_ranked_passers.tsv
B_scatter	WP_167960058.1	Bacteroides	rank	164				tables/t1_ranked_passers.tsv
B_scatter	WP_418214339.1	Bacteroides	identity	46.54				tables/t1_ranked_passers.tsv
B_scatter	WP_418214339.1	Bacteroides	tlen	733				tables/t1_ranked_passers.tsv
B_scatter	WP_418214339.1	Bacteroides	family	GH3				tables/t1_ranked_passers.tsv
B_scatter	WP_418214339.1	Bacteroides	pul	out				tables/t1_ranked_passers.tsv
B_scatter	WP_418214339.1	Bacteroides	s4a_max	48.57				tables/t1_ranked_passers.tsv
B_scatter	WP_418214339.1	Bacteroides	s4a_reported	False				tables/t1_ranked_passers.tsv
B_scatter	WP_418214339.1	Bacteroides	rank	165				tables/t1_ranked_passers.tsv
B_scatter	WP_004298569.1	Bacteroides	identity	46.49				tables/t1_ranked_passers.tsv
B_scatter	WP_004298569.1	Bacteroides	tlen	746				tables/t1_ranked_passers.tsv
B_scatter	WP_004298569.1	Bacteroides	family	GH3				tables/t1_ranked_passers.tsv
B_scatter	WP_004298569.1	Bacteroides	pul	out				tables/t1_ranked_passers.tsv
B_scatter	WP_004298569.1	Bacteroides	s4a_max	46.78				tables/t1_ranked_passers.tsv
B_scatter	WP_004298569.1	Bacteroides	s4a_reported	False				tables/t1_ranked_passers.tsv
B_scatter	WP_004298569.1	Bacteroides	rank	166				tables/t1_ranked_passers.tsv
B_scatter	WP_167960874.1	Bacteroides	identity	46.32				tables/t1_ranked_passers.tsv
B_scatter	WP_167960874.1	Bacteroides	tlen	748				tables/t1_ranked_passers.tsv
B_scatter	WP_167960874.1	Bacteroides	family	GH3				tables/t1_ranked_passers.tsv
B_scatter	WP_167960874.1	Bacteroides	pul	out				tables/t1_ranked_passers.tsv
B_scatter	WP_167960874.1	Bacteroides	s4a_max	46.93				tables/t1_ranked_passers.tsv
B_scatter	WP_167960874.1	Bacteroides	s4a_reported	False				tables/t1_ranked_passers.tsv
B_scatter	WP_167960874.1	Bacteroides	rank	167				tables/t1_ranked_passers.tsv
B_scatter	WP_055293924.1	Bacteroides	identity	45.44				tables/t1_ranked_passers.tsv
B_scatter	WP_055293924.1	Bacteroides	tlen	770				tables/t1_ranked_passers.tsv
B_scatter	WP_055293924.1	Bacteroides	family	GH3				tables/t1_ranked_passers.tsv
B_scatter	WP_055293924.1	Bacteroides	pul	out				tables/t1_ranked_passers.tsv
B_scatter	WP_055293924.1	Bacteroides	s4a_max	45.71				tables/t1_ranked_passers.tsv
B_scatter	WP_055293924.1	Bacteroides	s4a_reported	False				tables/t1_ranked_passers.tsv
B_scatter	WP_055293924.1	Bacteroides	rank	168				tables/t1_ranked_passers.tsv
B_scatter	WP_370511894.1	Bacteroides	identity	44.95				tables/t1_ranked_passers.tsv
B_scatter	WP_370511894.1	Bacteroides	tlen	742				tables/t1_ranked_passers.tsv
B_scatter	WP_370511894.1	Bacteroides	family	GH3				tables/t1_ranked_passers.tsv
B_scatter	WP_370511894.1	Bacteroides	pul	out				tables/t1_ranked_passers.tsv
B_scatter	WP_370511894.1	Bacteroides	s4a_max	44.47				tables/t1_ranked_passers.tsv
B_scatter	WP_370511894.1	Bacteroides	s4a_reported	False				tables/t1_ranked_passers.tsv
B_scatter	WP_370511894.1	Bacteroides	rank	169				tables/t1_ranked_passers.tsv
B_scatter	WP_025867775.1	Bacteroides	identity	44.92				tables/t1_ranked_passers.tsv
B_scatter	WP_025867775.1	Bacteroides	tlen	749				tables/t1_ranked_passers.tsv
B_scatter	WP_025867775.1	Bacteroides	family	GH3				tables/t1_ranked_passers.tsv
B_scatter	WP_025867775.1	Bacteroides	pul	out				tables/t1_ranked_passers.tsv
B_scatter	WP_025867775.1	Bacteroides	s4a_max	45.26				tables/t1_ranked_passers.tsv
B_scatter	WP_025867775.1	Bacteroides	s4a_reported	False				tables/t1_ranked_passers.tsv
B_scatter	WP_025867775.1	Bacteroides	rank	170				tables/t1_ranked_passers.tsv
B_scatter	WP_322932890.1	Bacteroides	identity	44.78				tables/t1_ranked_passers.tsv
B_scatter	WP_322932890.1	Bacteroides	tlen	749				tables/t1_ranked_passers.tsv
B_scatter	WP_322932890.1	Bacteroides	family	GH3				tables/t1_ranked_passers.tsv
B_scatter	WP_322932890.1	Bacteroides	pul	out				tables/t1_ranked_passers.tsv
B_scatter	WP_322932890.1	Bacteroides	s4a_max	44.99				tables/t1_ranked_passers.tsv
B_scatter	WP_322932890.1	Bacteroides	s4a_reported	False				tables/t1_ranked_passers.tsv
B_scatter	WP_322932890.1	Bacteroides	rank	171				tables/t1_ranked_passers.tsv
B_scatter	WP_418214629.1	Bacteroides	identity	44.43				tables/t1_ranked_passers.tsv
B_scatter	WP_418214629.1	Bacteroides	tlen	749				tables/t1_ranked_passers.tsv
B_scatter	WP_418214629.1	Bacteroides	family	GH3				tables/t1_ranked_passers.tsv
B_scatter	WP_418214629.1	Bacteroides	pul	out				tables/t1_ranked_passers.tsv
B_scatter	WP_418214629.1	Bacteroides	s4a_max	44.33				tables/t1_ranked_passers.tsv
B_scatter	WP_418214629.1	Bacteroides	s4a_reported	False				tables/t1_ranked_passers.tsv
B_scatter	WP_418214629.1	Bacteroides	rank	172				tables/t1_ranked_passers.tsv
B_scatter	WP_245208478.1	Bacteroides	identity	44.34				tables/t1_ranked_passers.tsv
B_scatter	WP_245208478.1	Bacteroides	tlen	733				tables/t1_ranked_passers.tsv
B_scatter	WP_245208478.1	Bacteroides	family	GH3				tables/t1_ranked_passers.tsv
B_scatter	WP_245208478.1	Bacteroides	pul	out				tables/t1_ranked_passers.tsv
B_scatter	WP_245208478.1	Bacteroides	s4a_max	44.2				tables/t1_ranked_passers.tsv
B_scatter	WP_245208478.1	Bacteroides	s4a_reported	False				tables/t1_ranked_passers.tsv
B_scatter	WP_245208478.1	Bacteroides	rank	173				tables/t1_ranked_passers.tsv
B_scatter	WP_007219193.1	Bacteroides	identity	43.0				tables/t1_ranked_passers.tsv
B_scatter	WP_007219193.1	Bacteroides	tlen	750				tables/t1_ranked_passers.tsv
B_scatter	WP_007219193.1	Bacteroides	family	GH3				tables/t1_ranked_passers.tsv
B_scatter	WP_007219193.1	Bacteroides	pul	out				tables/t1_ranked_passers.tsv
B_scatter	WP_007219193.1	Bacteroides	s4a_max	42.8				tables/t1_ranked_passers.tsv
B_scatter	WP_007219193.1	Bacteroides	s4a_reported	False				tables/t1_ranked_passers.tsv
B_scatter	WP_007219193.1	Bacteroides	rank	174				tables/t1_ranked_passers.tsv
B_scatter	WP_004298584.1	Bacteroides	identity	42.09				tables/t1_ranked_passers.tsv
B_scatter	WP_004298584.1	Bacteroides	tlen	745				tables/t1_ranked_passers.tsv
B_scatter	WP_004298584.1	Bacteroides	family	GH3				tables/t1_ranked_passers.tsv
B_scatter	WP_004298584.1	Bacteroides	pul	out				tables/t1_ranked_passers.tsv
B_scatter	WP_004298584.1	Bacteroides	s4a_max	41.61				tables/t1_ranked_passers.tsv
B_scatter	WP_004298584.1	Bacteroides	s4a_reported	False				tables/t1_ranked_passers.tsv
B_scatter	WP_004298584.1	Bacteroides	rank	175				tables/t1_ranked_passers.tsv
B_scatter	WP_060408047.1	Bacteroides	identity	41.68				tables/t1_ranked_passers.tsv
B_scatter	WP_060408047.1	Bacteroides	tlen	771				tables/t1_ranked_passers.tsv
B_scatter	WP_060408047.1	Bacteroides	family	GH3				tables/t1_ranked_passers.tsv
B_scatter	WP_060408047.1	Bacteroides	pul	out				tables/t1_ranked_passers.tsv
B_scatter	WP_060408047.1	Bacteroides	s4a_max	39.95				tables/t1_ranked_passers.tsv
B_scatter	WP_060408047.1	Bacteroides	s4a_reported	False				tables/t1_ranked_passers.tsv
B_scatter	WP_060408047.1	Bacteroides	rank	176				tables/t1_ranked_passers.tsv
B_scatter	WP_418214296.1	Bacteroides	identity	41.37				tables/t1_ranked_passers.tsv
B_scatter	WP_418214296.1	Bacteroides	tlen	735				tables/t1_ranked_passers.tsv
B_scatter	WP_418214296.1	Bacteroides	family	GH3				tables/t1_ranked_passers.tsv
B_scatter	WP_418214296.1	Bacteroides	pul	out				tables/t1_ranked_passers.tsv
B_scatter	WP_418214296.1	Bacteroides	s4a_max	60.0				tables/t1_ranked_passers.tsv
B_scatter	WP_418214296.1	Bacteroides	s4a_reported	False				tables/t1_ranked_passers.tsv
B_scatter	WP_418214296.1	Bacteroides	rank	177				tables/t1_ranked_passers.tsv
B_scatter	WP_183208470.1	Bacteroides	identity	41.23				tables/t1_ranked_passers.tsv
B_scatter	WP_183208470.1	Bacteroides	tlen	735				tables/t1_ranked_passers.tsv
B_scatter	WP_183208470.1	Bacteroides	family	GH3				tables/t1_ranked_passers.tsv
B_scatter	WP_183208470.1	Bacteroides	pul	out				tables/t1_ranked_passers.tsv
B_scatter	WP_183208470.1	Bacteroides	s4a_max	60.0				tables/t1_ranked_passers.tsv
B_scatter	WP_183208470.1	Bacteroides	s4a_reported	False				tables/t1_ranked_passers.tsv
B_scatter	WP_183208470.1	Bacteroides	rank	178				tables/t1_ranked_passers.tsv
B_scatter	WP_004296513.1	Bacteroides	identity	40.81				tables/t1_ranked_passers.tsv
B_scatter	WP_004296513.1	Bacteroides	tlen	735				tables/t1_ranked_passers.tsv
B_scatter	WP_004296513.1	Bacteroides	family	GH3				tables/t1_ranked_passers.tsv
B_scatter	WP_004296513.1	Bacteroides	pul	out				tables/t1_ranked_passers.tsv
B_scatter	WP_004296513.1	Bacteroides	s4a_max	59.46				tables/t1_ranked_passers.tsv
B_scatter	WP_004296513.1	Bacteroides	s4a_reported	False				tables/t1_ranked_passers.tsv
B_scatter	WP_004296513.1	Bacteroides	rank	179				tables/t1_ranked_passers.tsv
B_scatter	WP_025867990.1	Bacteroides	identity	40.14				tables/t1_ranked_passers.tsv
B_scatter	WP_025867990.1	Bacteroides	tlen	764				tables/t1_ranked_passers.tsv
B_scatter	WP_025867990.1	Bacteroides	family	GH3				tables/t1_ranked_passers.tsv
B_scatter	WP_025867990.1	Bacteroides	pul	out				tables/t1_ranked_passers.tsv
B_scatter	WP_025867990.1	Bacteroides	s4a_max	45.94				tables/t1_ranked_passers.tsv
B_scatter	WP_025867990.1	Bacteroides	s4a_reported	False				tables/t1_ranked_passers.tsv
B_scatter	WP_025867990.1	Bacteroides	rank	180				tables/t1_ranked_passers.tsv
B_scatter	WP_099145726.1	Bacteroides	identity	39.69				tables/t1_ranked_passers.tsv
B_scatter	WP_099145726.1	Bacteroides	tlen	831				tables/t1_ranked_passers.tsv
B_scatter	WP_099145726.1	Bacteroides	family	GH3				tables/t1_ranked_passers.tsv
B_scatter	WP_099145726.1	Bacteroides	pul	out				tables/t1_ranked_passers.tsv
B_scatter	WP_099145726.1	Bacteroides	s4a_max	36.46				tables/t1_ranked_passers.tsv
B_scatter	WP_099145726.1	Bacteroides	s4a_reported	False				tables/t1_ranked_passers.tsv
B_scatter	WP_099145726.1	Bacteroides	rank	181				tables/t1_ranked_passers.tsv
B_scatter	WP_418214476.1	Bacteroides	identity	39.6				tables/t1_ranked_passers.tsv
B_scatter	WP_418214476.1	Bacteroides	tlen	728				tables/t1_ranked_passers.tsv
B_scatter	WP_418214476.1	Bacteroides	family	GH3				tables/t1_ranked_passers.tsv
B_scatter	WP_418214476.1	Bacteroides	pul	out				tables/t1_ranked_passers.tsv
B_scatter	WP_418214476.1	Bacteroides	s4a_max	42.03				tables/t1_ranked_passers.tsv
B_scatter	WP_418214476.1	Bacteroides	s4a_reported	False				tables/t1_ranked_passers.tsv
B_scatter	WP_418214476.1	Bacteroides	rank	182				tables/t1_ranked_passers.tsv
B_scatter	WP_322932992.1	Bacteroides	identity	39.57				tables/t1_ranked_passers.tsv
B_scatter	WP_322932992.1	Bacteroides	tlen	764				tables/t1_ranked_passers.tsv
B_scatter	WP_322932992.1	Bacteroides	family	GH3				tables/t1_ranked_passers.tsv
B_scatter	WP_322932992.1	Bacteroides	pul	out				tables/t1_ranked_passers.tsv
B_scatter	WP_322932992.1	Bacteroides	s4a_max	45.03				tables/t1_ranked_passers.tsv
B_scatter	WP_322932992.1	Bacteroides	s4a_reported	False				tables/t1_ranked_passers.tsv
B_scatter	WP_322932992.1	Bacteroides	rank	183				tables/t1_ranked_passers.tsv
B_scatter	WP_418214361.1	Bacteroides	identity	39.54				tables/t1_ranked_passers.tsv
B_scatter	WP_418214361.1	Bacteroides	tlen	831				tables/t1_ranked_passers.tsv
B_scatter	WP_418214361.1	Bacteroides	family	GH3				tables/t1_ranked_passers.tsv
B_scatter	WP_418214361.1	Bacteroides	pul	out				tables/t1_ranked_passers.tsv
B_scatter	WP_418214361.1	Bacteroides	s4a_max	36.7				tables/t1_ranked_passers.tsv
B_scatter	WP_418214361.1	Bacteroides	s4a_reported	False				tables/t1_ranked_passers.tsv
B_scatter	WP_418214361.1	Bacteroides	rank	184				tables/t1_ranked_passers.tsv
B_scatter	WP_418214205.1	Bacteroides	identity	39.24				tables/t1_ranked_passers.tsv
B_scatter	WP_418214205.1	Bacteroides	tlen	770				tables/t1_ranked_passers.tsv
B_scatter	WP_418214205.1	Bacteroides	family	GH3				tables/t1_ranked_passers.tsv
B_scatter	WP_418214205.1	Bacteroides	pul	out				tables/t1_ranked_passers.tsv
B_scatter	WP_418214205.1	Bacteroides	s4a_max	52.73				tables/t1_ranked_passers.tsv
B_scatter	WP_418214205.1	Bacteroides	s4a_reported	False				tables/t1_ranked_passers.tsv
B_scatter	WP_418214205.1	Bacteroides	rank	185				tables/t1_ranked_passers.tsv
B_scatter	WP_245208317.1	Bacteroides	identity	39.23				tables/t1_ranked_passers.tsv
B_scatter	WP_245208317.1	Bacteroides	tlen	831				tables/t1_ranked_passers.tsv
B_scatter	WP_245208317.1	Bacteroides	family	GH3				tables/t1_ranked_passers.tsv
B_scatter	WP_245208317.1	Bacteroides	pul	out				tables/t1_ranked_passers.tsv
B_scatter	WP_245208317.1	Bacteroides	s4a_max	36.58				tables/t1_ranked_passers.tsv
B_scatter	WP_245208317.1	Bacteroides	s4a_reported	False				tables/t1_ranked_passers.tsv
B_scatter	WP_245208317.1	Bacteroides	rank	186				tables/t1_ranked_passers.tsv
B_scatter	WP_176553093.1	Bacteroides	identity	39.13				tables/t1_ranked_passers.tsv
B_scatter	WP_176553093.1	Bacteroides	tlen	783				tables/t1_ranked_passers.tsv
B_scatter	WP_176553093.1	Bacteroides	family	GH3				tables/t1_ranked_passers.tsv
B_scatter	WP_176553093.1	Bacteroides	pul	out				tables/t1_ranked_passers.tsv
B_scatter	WP_176553093.1	Bacteroides	s4a_max	39.62				tables/t1_ranked_passers.tsv
B_scatter	WP_176553093.1	Bacteroides	s4a_reported	False				tables/t1_ranked_passers.tsv
B_scatter	WP_176553093.1	Bacteroides	rank	187				tables/t1_ranked_passers.tsv
B_scatter	WP_330941325.1	Bacteroides	identity	38.95				tables/t1_ranked_passers.tsv
B_scatter	WP_330941325.1	Bacteroides	tlen	766				tables/t1_ranked_passers.tsv
B_scatter	WP_330941325.1	Bacteroides	family	GH3				tables/t1_ranked_passers.tsv
B_scatter	WP_330941325.1	Bacteroides	pul	out				tables/t1_ranked_passers.tsv
B_scatter	WP_330941325.1	Bacteroides	s4a_max	48.3				tables/t1_ranked_passers.tsv
B_scatter	WP_330941325.1	Bacteroides	s4a_reported	False				tables/t1_ranked_passers.tsv
B_scatter	WP_330941325.1	Bacteroides	rank	188				tables/t1_ranked_passers.tsv
B_scatter	WP_055269968.1	Bacteroides	identity	38.76				tables/t1_ranked_passers.tsv
B_scatter	WP_055269968.1	Bacteroides	tlen	789				tables/t1_ranked_passers.tsv
B_scatter	WP_055269968.1	Bacteroides	family	GH3				tables/t1_ranked_passers.tsv
B_scatter	WP_055269968.1	Bacteroides	pul	out				tables/t1_ranked_passers.tsv
B_scatter	WP_055269968.1	Bacteroides	s4a_max	39.48				tables/t1_ranked_passers.tsv
B_scatter	WP_055269968.1	Bacteroides	s4a_reported	False				tables/t1_ranked_passers.tsv
B_scatter	WP_055269968.1	Bacteroides	rank	189				tables/t1_ranked_passers.tsv
B_scatter	WP_449374902.1	Bacteroides	identity	38.75				tables/t1_ranked_passers.tsv
B_scatter	WP_449374902.1	Bacteroides	tlen	742				tables/t1_ranked_passers.tsv
B_scatter	WP_449374902.1	Bacteroides	family	GH3				tables/t1_ranked_passers.tsv
B_scatter	WP_449374902.1	Bacteroides	pul	out				tables/t1_ranked_passers.tsv
B_scatter	WP_449374902.1	Bacteroides	s4a_max	40.3				tables/t1_ranked_passers.tsv
B_scatter	WP_449374902.1	Bacteroides	s4a_reported	False				tables/t1_ranked_passers.tsv
B_scatter	WP_449374902.1	Bacteroides	rank	190				tables/t1_ranked_passers.tsv
B_scatter	WP_044163842.1	Bacteroides	identity	38.69				tables/t1_ranked_passers.tsv
B_scatter	WP_044163842.1	Bacteroides	tlen	745				tables/t1_ranked_passers.tsv
B_scatter	WP_044163842.1	Bacteroides	family	GH3				tables/t1_ranked_passers.tsv
B_scatter	WP_044163842.1	Bacteroides	pul	out				tables/t1_ranked_passers.tsv
B_scatter	WP_044163842.1	Bacteroides	s4a_max	42.01				tables/t1_ranked_passers.tsv
B_scatter	WP_044163842.1	Bacteroides	s4a_reported	False				tables/t1_ranked_passers.tsv
B_scatter	WP_044163842.1	Bacteroides	rank	191				tables/t1_ranked_passers.tsv
B_scatter	WP_060407552.1	Bacteroides	identity	38.67				tables/t1_ranked_passers.tsv
B_scatter	WP_060407552.1	Bacteroides	tlen	766				tables/t1_ranked_passers.tsv
B_scatter	WP_060407552.1	Bacteroides	family	GH3				tables/t1_ranked_passers.tsv
B_scatter	WP_060407552.1	Bacteroides	pul	out				tables/t1_ranked_passers.tsv
B_scatter	WP_060407552.1	Bacteroides	s4a_max	48.17				tables/t1_ranked_passers.tsv
B_scatter	WP_060407552.1	Bacteroides	s4a_reported	False				tables/t1_ranked_passers.tsv
B_scatter	WP_060407552.1	Bacteroides	rank	192				tables/t1_ranked_passers.tsv
B_scatter	WP_055293214.1	Bacteroides	identity	38.61				tables/t1_ranked_passers.tsv
B_scatter	WP_055293214.1	Bacteroides	tlen	741				tables/t1_ranked_passers.tsv
B_scatter	WP_055293214.1	Bacteroides	family	GH3				tables/t1_ranked_passers.tsv
B_scatter	WP_055293214.1	Bacteroides	pul	out				tables/t1_ranked_passers.tsv
B_scatter	WP_055293214.1	Bacteroides	s4a_max	42.51				tables/t1_ranked_passers.tsv
B_scatter	WP_055293214.1	Bacteroides	s4a_reported	False				tables/t1_ranked_passers.tsv
B_scatter	WP_055293214.1	Bacteroides	rank	193				tables/t1_ranked_passers.tsv
B_scatter	WP_007661399.1	Bacteroides	identity	38.58				tables/t1_ranked_passers.tsv
B_scatter	WP_007661399.1	Bacteroides	tlen	740				tables/t1_ranked_passers.tsv
B_scatter	WP_007661399.1	Bacteroides	family	GH3				tables/t1_ranked_passers.tsv
B_scatter	WP_007661399.1	Bacteroides	pul	out				tables/t1_ranked_passers.tsv
B_scatter	WP_007661399.1	Bacteroides	s4a_max	42.16				tables/t1_ranked_passers.tsv
B_scatter	WP_007661399.1	Bacteroides	s4a_reported	False				tables/t1_ranked_passers.tsv
B_scatter	WP_007661399.1	Bacteroides	rank	194				tables/t1_ranked_passers.tsv
B_scatter	WP_418213918.1	Bacteroides	identity	38.57				tables/t1_ranked_passers.tsv
B_scatter	WP_418213918.1	Bacteroides	tlen	781				tables/t1_ranked_passers.tsv
B_scatter	WP_418213918.1	Bacteroides	family	GH3				tables/t1_ranked_passers.tsv
B_scatter	WP_418213918.1	Bacteroides	pul	out				tables/t1_ranked_passers.tsv
B_scatter	WP_418213918.1	Bacteroides	s4a_max	39.48				tables/t1_ranked_passers.tsv
B_scatter	WP_418213918.1	Bacteroides	s4a_reported	False				tables/t1_ranked_passers.tsv
B_scatter	WP_418213918.1	Bacteroides	rank	195				tables/t1_ranked_passers.tsv
B_scatter	WP_007216560.1	Bacteroides	identity	38.53				tables/t1_ranked_passers.tsv
B_scatter	WP_007216560.1	Bacteroides	tlen	769				tables/t1_ranked_passers.tsv
B_scatter	WP_007216560.1	Bacteroides	family	GH3				tables/t1_ranked_passers.tsv
B_scatter	WP_007216560.1	Bacteroides	pul	out				tables/t1_ranked_passers.tsv
B_scatter	WP_007216560.1	Bacteroides	s4a_max	54.23				tables/t1_ranked_passers.tsv
B_scatter	WP_007216560.1	Bacteroides	s4a_reported	False				tables/t1_ranked_passers.tsv
B_scatter	WP_007216560.1	Bacteroides	rank	196				tables/t1_ranked_passers.tsv
B_scatter	WP_007660315.1	Bacteroides	identity	38.5				tables/t1_ranked_passers.tsv
B_scatter	WP_007660315.1	Bacteroides	tlen	814				tables/t1_ranked_passers.tsv
B_scatter	WP_007660315.1	Bacteroides	family	GH3				tables/t1_ranked_passers.tsv
B_scatter	WP_007660315.1	Bacteroides	pul	out				tables/t1_ranked_passers.tsv
B_scatter	WP_007660315.1	Bacteroides	s4a_max	38.53				tables/t1_ranked_passers.tsv
B_scatter	WP_007660315.1	Bacteroides	s4a_reported	False				tables/t1_ranked_passers.tsv
B_scatter	WP_007660315.1	Bacteroides	rank	197				tables/t1_ranked_passers.tsv
B_scatter	WP_002561806.1	Bacteroides	identity	38.5				tables/t1_ranked_passers.tsv
B_scatter	WP_002561806.1	Bacteroides	tlen	735				tables/t1_ranked_passers.tsv
B_scatter	WP_002561806.1	Bacteroides	family	GH3				tables/t1_ranked_passers.tsv
B_scatter	WP_002561806.1	Bacteroides	pul	out				tables/t1_ranked_passers.tsv
B_scatter	WP_002561806.1	Bacteroides	s4a_max	43.27				tables/t1_ranked_passers.tsv
B_scatter	WP_002561806.1	Bacteroides	s4a_reported	False				tables/t1_ranked_passers.tsv
B_scatter	WP_002561806.1	Bacteroides	rank	198				tables/t1_ranked_passers.tsv
B_scatter	WP_162303180.1	Bacteroides	identity	38.49				tables/t1_ranked_passers.tsv
B_scatter	WP_162303180.1	Bacteroides	tlen	782				tables/t1_ranked_passers.tsv
B_scatter	WP_162303180.1	Bacteroides	family	GH3				tables/t1_ranked_passers.tsv
B_scatter	WP_162303180.1	Bacteroides	pul	out				tables/t1_ranked_passers.tsv
B_scatter	WP_162303180.1	Bacteroides	s4a_max	39.48				tables/t1_ranked_passers.tsv
B_scatter	WP_162303180.1	Bacteroides	s4a_reported	False				tables/t1_ranked_passers.tsv
B_scatter	WP_162303180.1	Bacteroides	rank	199				tables/t1_ranked_passers.tsv
B_scatter	WP_044163442.1	Bacteroides	identity	38.41				tables/t1_ranked_passers.tsv
B_scatter	WP_044163442.1	Bacteroides	tlen	789				tables/t1_ranked_passers.tsv
B_scatter	WP_044163442.1	Bacteroides	family	GH3				tables/t1_ranked_passers.tsv
B_scatter	WP_044163442.1	Bacteroides	pul	out				tables/t1_ranked_passers.tsv
B_scatter	WP_044163442.1	Bacteroides	s4a_max	38.25				tables/t1_ranked_passers.tsv
B_scatter	WP_044163442.1	Bacteroides	s4a_reported	False				tables/t1_ranked_passers.tsv
B_scatter	WP_044163442.1	Bacteroides	rank	200				tables/t1_ranked_passers.tsv
B_scatter	WP_322932990.1	Bacteroides	identity	38.35				tables/t1_ranked_passers.tsv
B_scatter	WP_322932990.1	Bacteroides	tlen	735				tables/t1_ranked_passers.tsv
B_scatter	WP_322932990.1	Bacteroides	family	GH3				tables/t1_ranked_passers.tsv
B_scatter	WP_322932990.1	Bacteroides	pul	out				tables/t1_ranked_passers.tsv
B_scatter	WP_322932990.1	Bacteroides	s4a_max	42.86				tables/t1_ranked_passers.tsv
B_scatter	WP_322932990.1	Bacteroides	s4a_reported	False				tables/t1_ranked_passers.tsv
B_scatter	WP_322932990.1	Bacteroides	rank	201				tables/t1_ranked_passers.tsv
B_scatter	WP_167961863.1	Bacteroides	identity	38.34				tables/t1_ranked_passers.tsv
B_scatter	WP_167961863.1	Bacteroides	tlen	783				tables/t1_ranked_passers.tsv
B_scatter	WP_167961863.1	Bacteroides	family	GH3				tables/t1_ranked_passers.tsv
B_scatter	WP_167961863.1	Bacteroides	pul	out				tables/t1_ranked_passers.tsv
B_scatter	WP_167961863.1	Bacteroides	s4a_max	39.34				tables/t1_ranked_passers.tsv
B_scatter	WP_167961863.1	Bacteroides	s4a_reported	False				tables/t1_ranked_passers.tsv
B_scatter	WP_167961863.1	Bacteroides	rank	202				tables/t1_ranked_passers.tsv
B_scatter	WP_317472971.1	Bacteroides	identity	38.28				tables/t1_ranked_passers.tsv
B_scatter	WP_317472971.1	Bacteroides	tlen	814				tables/t1_ranked_passers.tsv
B_scatter	WP_317472971.1	Bacteroides	family	GH3				tables/t1_ranked_passers.tsv
B_scatter	WP_317472971.1	Bacteroides	pul	out				tables/t1_ranked_passers.tsv
B_scatter	WP_317472971.1	Bacteroides	s4a_max	39.21				tables/t1_ranked_passers.tsv
B_scatter	WP_317472971.1	Bacteroides	s4a_reported	False				tables/t1_ranked_passers.tsv
B_scatter	WP_317472971.1	Bacteroides	rank	203				tables/t1_ranked_passers.tsv
B_scatter	WP_004299607.1	Bacteroides	identity	38.24				tables/t1_ranked_passers.tsv
B_scatter	WP_004299607.1	Bacteroides	tlen	734				tables/t1_ranked_passers.tsv
B_scatter	WP_004299607.1	Bacteroides	family	GH3				tables/t1_ranked_passers.tsv
B_scatter	WP_004299607.1	Bacteroides	pul	out				tables/t1_ranked_passers.tsv
B_scatter	WP_004299607.1	Bacteroides	s4a_max	44.14				tables/t1_ranked_passers.tsv
B_scatter	WP_004299607.1	Bacteroides	s4a_reported	False				tables/t1_ranked_passers.tsv
B_scatter	WP_004299607.1	Bacteroides	rank	204				tables/t1_ranked_passers.tsv
B_scatter	WP_183208370.1	Bacteroides	identity	38.16				tables/t1_ranked_passers.tsv
B_scatter	WP_183208370.1	Bacteroides	tlen	748				tables/t1_ranked_passers.tsv
B_scatter	WP_183208370.1	Bacteroides	family	GH3				tables/t1_ranked_passers.tsv
B_scatter	WP_183208370.1	Bacteroides	pul	out				tables/t1_ranked_passers.tsv
B_scatter	WP_183208370.1	Bacteroides	s4a_max	42.95				tables/t1_ranked_passers.tsv
B_scatter	WP_183208370.1	Bacteroides	s4a_reported	False				tables/t1_ranked_passers.tsv
B_scatter	WP_183208370.1	Bacteroides	rank	205				tables/t1_ranked_passers.tsv
B_scatter	WP_025866550.1	Bacteroides	identity	38.16				tables/t1_ranked_passers.tsv
B_scatter	WP_025866550.1	Bacteroides	tlen	741				tables/t1_ranked_passers.tsv
B_scatter	WP_025866550.1	Bacteroides	family	GH3				tables/t1_ranked_passers.tsv
B_scatter	WP_025866550.1	Bacteroides	pul	out				tables/t1_ranked_passers.tsv
B_scatter	WP_025866550.1	Bacteroides	s4a_max	42.38				tables/t1_ranked_passers.tsv
B_scatter	WP_025866550.1	Bacteroides	s4a_reported	False				tables/t1_ranked_passers.tsv
B_scatter	WP_025866550.1	Bacteroides	rank	206				tables/t1_ranked_passers.tsv
B_scatter	WP_330941539.1	Bacteroides	identity	38.12				tables/t1_ranked_passers.tsv
B_scatter	WP_330941539.1	Bacteroides	tlen	740				tables/t1_ranked_passers.tsv
B_scatter	WP_330941539.1	Bacteroides	family	GH3				tables/t1_ranked_passers.tsv
B_scatter	WP_330941539.1	Bacteroides	pul	out				tables/t1_ranked_passers.tsv
B_scatter	WP_330941539.1	Bacteroides	s4a_max	42.57				tables/t1_ranked_passers.tsv
B_scatter	WP_330941539.1	Bacteroides	s4a_reported	False				tables/t1_ranked_passers.tsv
B_scatter	WP_330941539.1	Bacteroides	rank	207				tables/t1_ranked_passers.tsv
B_scatter	WP_099146334.1	Bacteroides	identity	38.09				tables/t1_ranked_passers.tsv
B_scatter	WP_099146334.1	Bacteroides	tlen	734				tables/t1_ranked_passers.tsv
B_scatter	WP_099146334.1	Bacteroides	family	GH3				tables/t1_ranked_passers.tsv
B_scatter	WP_099146334.1	Bacteroides	pul	out				tables/t1_ranked_passers.tsv
B_scatter	WP_099146334.1	Bacteroides	s4a_max	43.6				tables/t1_ranked_passers.tsv
B_scatter	WP_099146334.1	Bacteroides	s4a_reported	False				tables/t1_ranked_passers.tsv
B_scatter	WP_099146334.1	Bacteroides	rank	208				tables/t1_ranked_passers.tsv
B_scatter	WP_004296512.1	Bacteroides	identity	37.87				tables/t1_ranked_passers.tsv
B_scatter	WP_004296512.1	Bacteroides	tlen	817				tables/t1_ranked_passers.tsv
B_scatter	WP_004296512.1	Bacteroides	family	GH3				tables/t1_ranked_passers.tsv
B_scatter	WP_004296512.1	Bacteroides	pul	out				tables/t1_ranked_passers.tsv
B_scatter	WP_004296512.1	Bacteroides	s4a_max	35.97				tables/t1_ranked_passers.tsv
B_scatter	WP_004296512.1	Bacteroides	s4a_reported	False				tables/t1_ranked_passers.tsv
B_scatter	WP_004296512.1	Bacteroides	rank	209				tables/t1_ranked_passers.tsv
B_scatter	WP_330941885.1	Bacteroides	identity	37.74				tables/t1_ranked_passers.tsv
B_scatter	WP_330941885.1	Bacteroides	tlen	732				tables/t1_ranked_passers.tsv
B_scatter	WP_330941885.1	Bacteroides	family	GH3				tables/t1_ranked_passers.tsv
B_scatter	WP_330941885.1	Bacteroides	pul	out				tables/t1_ranked_passers.tsv
B_scatter	WP_330941885.1	Bacteroides	s4a_max	42.08				tables/t1_ranked_passers.tsv
B_scatter	WP_330941885.1	Bacteroides	s4a_reported	False				tables/t1_ranked_passers.tsv
B_scatter	WP_330941885.1	Bacteroides	rank	210				tables/t1_ranked_passers.tsv
B_scatter	WP_394354193.1	Bacteroides	identity	37.71				tables/t1_ranked_passers.tsv
B_scatter	WP_394354193.1	Bacteroides	tlen	817				tables/t1_ranked_passers.tsv
B_scatter	WP_394354193.1	Bacteroides	family	GH3				tables/t1_ranked_passers.tsv
B_scatter	WP_394354193.1	Bacteroides	pul	out				tables/t1_ranked_passers.tsv
B_scatter	WP_394354193.1	Bacteroides	s4a_max	36.24				tables/t1_ranked_passers.tsv
B_scatter	WP_394354193.1	Bacteroides	s4a_reported	False				tables/t1_ranked_passers.tsv
B_scatter	WP_394354193.1	Bacteroides	rank	211				tables/t1_ranked_passers.tsv
B_scatter	WP_183207598.1	Bacteroides	identity	37.61				tables/t1_ranked_passers.tsv
B_scatter	WP_183207598.1	Bacteroides	tlen	768				tables/t1_ranked_passers.tsv
B_scatter	WP_183207598.1	Bacteroides	family	GH3				tables/t1_ranked_passers.tsv
B_scatter	WP_183207598.1	Bacteroides	pul	out				tables/t1_ranked_passers.tsv
B_scatter	WP_183207598.1	Bacteroides	s4a_max	40.89				tables/t1_ranked_passers.tsv
B_scatter	WP_183207598.1	Bacteroides	s4a_reported	False				tables/t1_ranked_passers.tsv
B_scatter	WP_183207598.1	Bacteroides	rank	212				tables/t1_ranked_passers.tsv
B_scatter	WP_176553156.1	Bacteroides	identity	37.5				tables/t1_ranked_passers.tsv
B_scatter	WP_176553156.1	Bacteroides	tlen	780				tables/t1_ranked_passers.tsv
B_scatter	WP_176553156.1	Bacteroides	family	GH3				tables/t1_ranked_passers.tsv
B_scatter	WP_176553156.1	Bacteroides	pul	out				tables/t1_ranked_passers.tsv
B_scatter	WP_176553156.1	Bacteroides	s4a_max	39.07				tables/t1_ranked_passers.tsv
B_scatter	WP_176553156.1	Bacteroides	s4a_reported	False				tables/t1_ranked_passers.tsv
B_scatter	WP_176553156.1	Bacteroides	rank	213				tables/t1_ranked_passers.tsv
B_scatter	WP_007660498.1	Bacteroides	identity	37.44				tables/t1_ranked_passers.tsv
B_scatter	WP_007660498.1	Bacteroides	tlen	864				tables/t1_ranked_passers.tsv
B_scatter	WP_007660498.1	Bacteroides	family	GH3				tables/t1_ranked_passers.tsv
B_scatter	WP_007660498.1	Bacteroides	pul	out				tables/t1_ranked_passers.tsv
B_scatter	WP_007660498.1	Bacteroides	s4a_max	41.78				tables/t1_ranked_passers.tsv
B_scatter	WP_007660498.1	Bacteroides	s4a_reported	False				tables/t1_ranked_passers.tsv
B_scatter	WP_007660498.1	Bacteroides	rank	214				tables/t1_ranked_passers.tsv
B_scatter	WP_007219457.1	Bacteroides	identity	37.44				tables/t1_ranked_passers.tsv
B_scatter	WP_007219457.1	Bacteroides	tlen	732				tables/t1_ranked_passers.tsv
B_scatter	WP_007219457.1	Bacteroides	family	GH3				tables/t1_ranked_passers.tsv
B_scatter	WP_007219457.1	Bacteroides	pul	out				tables/t1_ranked_passers.tsv
B_scatter	WP_007219457.1	Bacteroides	s4a_max	42.35				tables/t1_ranked_passers.tsv
B_scatter	WP_007219457.1	Bacteroides	s4a_reported	False				tables/t1_ranked_passers.tsv
B_scatter	WP_007219457.1	Bacteroides	rank	215				tables/t1_ranked_passers.tsv
B_scatter	WP_004323981.1	Bacteroides	identity	37.43				tables/t1_ranked_passers.tsv
B_scatter	WP_004323981.1	Bacteroides	tlen	742				tables/t1_ranked_passers.tsv
B_scatter	WP_004323981.1	Bacteroides	family	GH3				tables/t1_ranked_passers.tsv
B_scatter	WP_004323981.1	Bacteroides	pul	out				tables/t1_ranked_passers.tsv
B_scatter	WP_004323981.1	Bacteroides	s4a_max	40.16				tables/t1_ranked_passers.tsv
B_scatter	WP_004323981.1	Bacteroides	s4a_reported	False				tables/t1_ranked_passers.tsv
B_scatter	WP_004323981.1	Bacteroides	rank	216				tables/t1_ranked_passers.tsv
B_scatter	WP_143256920.1	Bacteroides	identity	37.42				tables/t1_ranked_passers.tsv
B_scatter	WP_143256920.1	Bacteroides	tlen	735				tables/t1_ranked_passers.tsv
B_scatter	WP_143256920.1	Bacteroides	family	GH3				tables/t1_ranked_passers.tsv
B_scatter	WP_143256920.1	Bacteroides	pul	out				tables/t1_ranked_passers.tsv
B_scatter	WP_143256920.1	Bacteroides	s4a_max	43.67				tables/t1_ranked_passers.tsv
B_scatter	WP_143256920.1	Bacteroides	s4a_reported	False				tables/t1_ranked_passers.tsv
B_scatter	WP_143256920.1	Bacteroides	rank	217				tables/t1_ranked_passers.tsv
B_scatter	WP_052588052.1	Bacteroides	identity	37.39				tables/t1_ranked_passers.tsv
B_scatter	WP_052588052.1	Bacteroides	tlen	782				tables/t1_ranked_passers.tsv
B_scatter	WP_052588052.1	Bacteroides	family	GH3				tables/t1_ranked_passers.tsv
B_scatter	WP_052588052.1	Bacteroides	pul	out				tables/t1_ranked_passers.tsv
B_scatter	WP_052588052.1	Bacteroides	s4a_max	38.8				tables/t1_ranked_passers.tsv
B_scatter	WP_052588052.1	Bacteroides	s4a_reported	False				tables/t1_ranked_passers.tsv
B_scatter	WP_052588052.1	Bacteroides	rank	218				tables/t1_ranked_passers.tsv
B_scatter	WP_195652016.1	Bacteroides	identity	37.37				tables/t1_ranked_passers.tsv
B_scatter	WP_195652016.1	Bacteroides	tlen	740				tables/t1_ranked_passers.tsv
B_scatter	WP_195652016.1	Bacteroides	family	GH3				tables/t1_ranked_passers.tsv
B_scatter	WP_195652016.1	Bacteroides	pul	out				tables/t1_ranked_passers.tsv
B_scatter	WP_195652016.1	Bacteroides	s4a_max	43.11				tables/t1_ranked_passers.tsv
B_scatter	WP_195652016.1	Bacteroides	s4a_reported	False				tables/t1_ranked_passers.tsv
B_scatter	WP_195652016.1	Bacteroides	rank	219				tables/t1_ranked_passers.tsv
B_scatter	WP_118402268.1	Bacteroides	identity	37.36				tables/t1_ranked_passers.tsv
B_scatter	WP_118402268.1	Bacteroides	tlen	739				tables/t1_ranked_passers.tsv
B_scatter	WP_118402268.1	Bacteroides	family	GH3				tables/t1_ranked_passers.tsv
B_scatter	WP_118402268.1	Bacteroides	pul	out				tables/t1_ranked_passers.tsv
B_scatter	WP_118402268.1	Bacteroides	s4a_max	48.85				tables/t1_ranked_passers.tsv
B_scatter	WP_118402268.1	Bacteroides	s4a_reported	False				tables/t1_ranked_passers.tsv
B_scatter	WP_118402268.1	Bacteroides	rank	220				tables/t1_ranked_passers.tsv
B_scatter	WP_005680251.1	Bacteroides	identity	37.32				tables/t1_ranked_passers.tsv
B_scatter	WP_005680251.1	Bacteroides	tlen	768				tables/t1_ranked_passers.tsv
B_scatter	WP_005680251.1	Bacteroides	family	GH3				tables/t1_ranked_passers.tsv
B_scatter	WP_005680251.1	Bacteroides	pul	out				tables/t1_ranked_passers.tsv
B_scatter	WP_005680251.1	Bacteroides	s4a_max	40.23				tables/t1_ranked_passers.tsv
B_scatter	WP_005680251.1	Bacteroides	s4a_reported	False				tables/t1_ranked_passers.tsv
B_scatter	WP_005680251.1	Bacteroides	rank	221				tables/t1_ranked_passers.tsv
B_scatter	WP_004322983.1	Bacteroides	identity	37.28				tables/t1_ranked_passers.tsv
B_scatter	WP_004322983.1	Bacteroides	tlen	742				tables/t1_ranked_passers.tsv
B_scatter	WP_004322983.1	Bacteroides	family	GH3				tables/t1_ranked_passers.tsv
B_scatter	WP_004322983.1	Bacteroides	pul	out				tables/t1_ranked_passers.tsv
B_scatter	WP_004322983.1	Bacteroides	s4a_max	40.03				tables/t1_ranked_passers.tsv
B_scatter	WP_004322983.1	Bacteroides	s4a_reported	False				tables/t1_ranked_passers.tsv
B_scatter	WP_004322983.1	Bacteroides	rank	222				tables/t1_ranked_passers.tsv
B_scatter	WP_167961093.1	Bacteroides	identity	37.25				tables/t1_ranked_passers.tsv
B_scatter	WP_167961093.1	Bacteroides	tlen	748				tables/t1_ranked_passers.tsv
B_scatter	WP_167961093.1	Bacteroides	family	GH3				tables/t1_ranked_passers.tsv
B_scatter	WP_167961093.1	Bacteroides	pul	out				tables/t1_ranked_passers.tsv
B_scatter	WP_167961093.1	Bacteroides	s4a_max	43.49				tables/t1_ranked_passers.tsv
B_scatter	WP_167961093.1	Bacteroides	s4a_reported	False				tables/t1_ranked_passers.tsv
B_scatter	WP_167961093.1	Bacteroides	rank	223				tables/t1_ranked_passers.tsv
B_scatter	WP_143258914.1	Bacteroides	identity	37.22				tables/t1_ranked_passers.tsv
B_scatter	WP_143258914.1	Bacteroides	tlen	743				tables/t1_ranked_passers.tsv
B_scatter	WP_143258914.1	Bacteroides	family	GH3				tables/t1_ranked_passers.tsv
B_scatter	WP_143258914.1	Bacteroides	pul	out				tables/t1_ranked_passers.tsv
B_scatter	WP_143258914.1	Bacteroides	s4a_max	40.24				tables/t1_ranked_passers.tsv
B_scatter	WP_143258914.1	Bacteroides	s4a_reported	False				tables/t1_ranked_passers.tsv
B_scatter	WP_143258914.1	Bacteroides	rank	224				tables/t1_ranked_passers.tsv
B_scatter	WP_418214670.1	Bacteroides	identity	36.93				tables/t1_ranked_passers.tsv
B_scatter	WP_418214670.1	Bacteroides	tlen	947				tables/t1_ranked_passers.tsv
B_scatter	WP_418214670.1	Bacteroides	family	GH3				tables/t1_ranked_passers.tsv
B_scatter	WP_418214670.1	Bacteroides	pul	out				tables/t1_ranked_passers.tsv
B_scatter	WP_418214670.1	Bacteroides	s4a_max	31.48				tables/t1_ranked_passers.tsv
B_scatter	WP_418214670.1	Bacteroides	s4a_reported	False				tables/t1_ranked_passers.tsv
B_scatter	WP_418214670.1	Bacteroides	rank	225				tables/t1_ranked_passers.tsv
B_scatter	WP_005680233.1	Bacteroides	identity	36.79				tables/t1_ranked_passers.tsv
B_scatter	WP_005680233.1	Bacteroides	tlen	946				tables/t1_ranked_passers.tsv
B_scatter	WP_005680233.1	Bacteroides	family	GH3				tables/t1_ranked_passers.tsv
B_scatter	WP_005680233.1	Bacteroides	pul	out				tables/t1_ranked_passers.tsv
B_scatter	WP_005680233.1	Bacteroides	s4a_max	31.13				tables/t1_ranked_passers.tsv
B_scatter	WP_005680233.1	Bacteroides	s4a_reported	False				tables/t1_ranked_passers.tsv
B_scatter	WP_005680233.1	Bacteroides	rank	226				tables/t1_ranked_passers.tsv
B_scatter	WP_032540817.1	Bacteroides	identity	36.78				tables/t1_ranked_passers.tsv
B_scatter	WP_032540817.1	Bacteroides	tlen	722				tables/t1_ranked_passers.tsv
B_scatter	WP_032540817.1	Bacteroides	family	GH3				tables/t1_ranked_passers.tsv
B_scatter	WP_032540817.1	Bacteroides	pul	out				tables/t1_ranked_passers.tsv
B_scatter	WP_032540817.1	Bacteroides	s4a_max	35.04				tables/t1_ranked_passers.tsv
B_scatter	WP_032540817.1	Bacteroides	s4a_reported	False				tables/t1_ranked_passers.tsv
B_scatter	WP_032540817.1	Bacteroides	rank	227				tables/t1_ranked_passers.tsv
B_scatter	WP_418214302.1	Bacteroides	identity	36.75				tables/t1_ranked_passers.tsv
B_scatter	WP_418214302.1	Bacteroides	tlen	823				tables/t1_ranked_passers.tsv
B_scatter	WP_418214302.1	Bacteroides	family	GH3				tables/t1_ranked_passers.tsv
B_scatter	WP_418214302.1	Bacteroides	pul	out				tables/t1_ranked_passers.tsv
B_scatter	WP_418214302.1	Bacteroides	s4a_max	36.78				tables/t1_ranked_passers.tsv
B_scatter	WP_418214302.1	Bacteroides	s4a_reported	False				tables/t1_ranked_passers.tsv
B_scatter	WP_418214302.1	Bacteroides	rank	228				tables/t1_ranked_passers.tsv
B_scatter	WP_055295361.1	Bacteroides	identity	36.73				tables/t1_ranked_passers.tsv
B_scatter	WP_055295361.1	Bacteroides	tlen	821				tables/t1_ranked_passers.tsv
B_scatter	WP_055295361.1	Bacteroides	family	GH3				tables/t1_ranked_passers.tsv
B_scatter	WP_055295361.1	Bacteroides	pul	out				tables/t1_ranked_passers.tsv
B_scatter	WP_055295361.1	Bacteroides	s4a_max	38.12				tables/t1_ranked_passers.tsv
B_scatter	WP_055295361.1	Bacteroides	s4a_reported	False				tables/t1_ranked_passers.tsv
B_scatter	WP_055295361.1	Bacteroides	rank	229				tables/t1_ranked_passers.tsv
B_scatter	WP_060407835.1	Bacteroides	identity	36.57				tables/t1_ranked_passers.tsv
B_scatter	WP_060407835.1	Bacteroides	tlen	772				tables/t1_ranked_passers.tsv
B_scatter	WP_060407835.1	Bacteroides	family	GH3				tables/t1_ranked_passers.tsv
B_scatter	WP_060407835.1	Bacteroides	pul	out				tables/t1_ranked_passers.tsv
B_scatter	WP_060407835.1	Bacteroides	s4a_max	37.7				tables/t1_ranked_passers.tsv
B_scatter	WP_060407835.1	Bacteroides	s4a_reported	False				tables/t1_ranked_passers.tsv
B_scatter	WP_060407835.1	Bacteroides	rank	230				tables/t1_ranked_passers.tsv
B_scatter	WP_143259957.1	Bacteroides	identity	36.49				tables/t1_ranked_passers.tsv
B_scatter	WP_143259957.1	Bacteroides	tlen	750				tables/t1_ranked_passers.tsv
B_scatter	WP_143259957.1	Bacteroides	family	GH3				tables/t1_ranked_passers.tsv
B_scatter	WP_143259957.1	Bacteroides	pul	out				tables/t1_ranked_passers.tsv
B_scatter	WP_143259957.1	Bacteroides	s4a_max	43.76				tables/t1_ranked_passers.tsv
B_scatter	WP_143259957.1	Bacteroides	s4a_reported	False				tables/t1_ranked_passers.tsv
B_scatter	WP_143259957.1	Bacteroides	rank	231				tables/t1_ranked_passers.tsv
B_scatter	WP_005676716.1	Bacteroides	identity	36.47				tables/t1_ranked_passers.tsv
B_scatter	WP_005676716.1	Bacteroides	tlen	786				tables/t1_ranked_passers.tsv
B_scatter	WP_005676716.1	Bacteroides	family	GH3				tables/t1_ranked_passers.tsv
B_scatter	WP_005676716.1	Bacteroides	pul	out				tables/t1_ranked_passers.tsv
B_scatter	WP_005676716.1	Bacteroides	s4a_max	38.93				tables/t1_ranked_passers.tsv
B_scatter	WP_005676716.1	Bacteroides	s4a_reported	False				tables/t1_ranked_passers.tsv
B_scatter	WP_005676716.1	Bacteroides	rank	232				tables/t1_ranked_passers.tsv
B_scatter	WP_291550269.1	Bacteroides	identity	36.46				tables/t1_ranked_passers.tsv
B_scatter	WP_291550269.1	Bacteroides	tlen	954				tables/t1_ranked_passers.tsv
B_scatter	WP_291550269.1	Bacteroides	family	GH3				tables/t1_ranked_passers.tsv
B_scatter	WP_291550269.1	Bacteroides	pul	out				tables/t1_ranked_passers.tsv
B_scatter	WP_291550269.1	Bacteroides	s4a_max	31.37				tables/t1_ranked_passers.tsv
B_scatter	WP_291550269.1	Bacteroides	s4a_reported	False				tables/t1_ranked_passers.tsv
B_scatter	WP_291550269.1	Bacteroides	rank	233				tables/t1_ranked_passers.tsv
B_scatter	WP_044154684.1	Bacteroides	identity	36.46				tables/t1_ranked_passers.tsv
B_scatter	WP_044154684.1	Bacteroides	tlen	954				tables/t1_ranked_passers.tsv
B_scatter	WP_044154684.1	Bacteroides	family	GH3				tables/t1_ranked_passers.tsv
B_scatter	WP_044154684.1	Bacteroides	pul	out				tables/t1_ranked_passers.tsv
B_scatter	WP_044154684.1	Bacteroides	s4a_max	31.37				tables/t1_ranked_passers.tsv
B_scatter	WP_044154684.1	Bacteroides	s4a_reported	False				tables/t1_ranked_passers.tsv
B_scatter	WP_044154684.1	Bacteroides	rank	234				tables/t1_ranked_passers.tsv
B_scatter	WP_055270115.1	Bacteroides	identity	36.38				tables/t1_ranked_passers.tsv
B_scatter	WP_055270115.1	Bacteroides	tlen	946				tables/t1_ranked_passers.tsv
B_scatter	WP_055270115.1	Bacteroides	family	GH3				tables/t1_ranked_passers.tsv
B_scatter	WP_055270115.1	Bacteroides	pul	out				tables/t1_ranked_passers.tsv
B_scatter	WP_055270115.1	Bacteroides	s4a_max	30.9				tables/t1_ranked_passers.tsv
B_scatter	WP_055270115.1	Bacteroides	s4a_reported	False				tables/t1_ranked_passers.tsv
B_scatter	WP_055270115.1	Bacteroides	rank	235				tables/t1_ranked_passers.tsv
B_scatter	WP_143259986.1	Bacteroides	identity	36.35				tables/t1_ranked_passers.tsv
B_scatter	WP_143259986.1	Bacteroides	tlen	748				tables/t1_ranked_passers.tsv
B_scatter	WP_143259986.1	Bacteroides	family	GH3				tables/t1_ranked_passers.tsv
B_scatter	WP_143259986.1	Bacteroides	pul	out				tables/t1_ranked_passers.tsv
B_scatter	WP_143259986.1	Bacteroides	s4a_max	42.42				tables/t1_ranked_passers.tsv
B_scatter	WP_143259986.1	Bacteroides	s4a_reported	False				tables/t1_ranked_passers.tsv
B_scatter	WP_143259986.1	Bacteroides	rank	236				tables/t1_ranked_passers.tsv
B_scatter	WP_143258881.1	Bacteroides	identity	35.93				tables/t1_ranked_passers.tsv
B_scatter	WP_143258881.1	Bacteroides	tlen	800				tables/t1_ranked_passers.tsv
B_scatter	WP_143258881.1	Bacteroides	family	GH3				tables/t1_ranked_passers.tsv
B_scatter	WP_143258881.1	Bacteroides	pul	out				tables/t1_ranked_passers.tsv
B_scatter	WP_143258881.1	Bacteroides	s4a_max	37.57				tables/t1_ranked_passers.tsv
B_scatter	WP_143258881.1	Bacteroides	s4a_reported	False				tables/t1_ranked_passers.tsv
B_scatter	WP_143258881.1	Bacteroides	rank	237				tables/t1_ranked_passers.tsv
B_scatter	WP_223381820.1	Bacteroides	identity	35.92				tables/t1_ranked_passers.tsv
B_scatter	WP_223381820.1	Bacteroides	tlen	805				tables/t1_ranked_passers.tsv
B_scatter	WP_223381820.1	Bacteroides	family	GH3				tables/t1_ranked_passers.tsv
B_scatter	WP_223381820.1	Bacteroides	pul	out				tables/t1_ranked_passers.tsv
B_scatter	WP_223381820.1	Bacteroides	s4a_max	37.34				tables/t1_ranked_passers.tsv
B_scatter	WP_223381820.1	Bacteroides	s4a_reported	False				tables/t1_ranked_passers.tsv
B_scatter	WP_223381820.1	Bacteroides	rank	238				tables/t1_ranked_passers.tsv
B_scatter	WP_322933664.1	Bacteroides	identity	35.92				tables/t1_ranked_passers.tsv
B_scatter	WP_322933664.1	Bacteroides	tlen	805				tables/t1_ranked_passers.tsv
B_scatter	WP_322933664.1	Bacteroides	family	GH3				tables/t1_ranked_passers.tsv
B_scatter	WP_322933664.1	Bacteroides	pul	out				tables/t1_ranked_passers.tsv
B_scatter	WP_322933664.1	Bacteroides	s4a_max	37.47				tables/t1_ranked_passers.tsv
B_scatter	WP_322933664.1	Bacteroides	s4a_reported	False				tables/t1_ranked_passers.tsv
B_scatter	WP_322933664.1	Bacteroides	rank	239				tables/t1_ranked_passers.tsv
B_scatter	WP_055269289.1	Bacteroides	identity	35.83				tables/t1_ranked_passers.tsv
B_scatter	WP_055269289.1	Bacteroides	tlen	756				tables/t1_ranked_passers.tsv
B_scatter	WP_055269289.1	Bacteroides	family	GH3				tables/t1_ranked_passers.tsv
B_scatter	WP_055269289.1	Bacteroides	pul	out				tables/t1_ranked_passers.tsv
B_scatter	WP_055269289.1	Bacteroides	s4a_max	36.36				tables/t1_ranked_passers.tsv
B_scatter	WP_055269289.1	Bacteroides	s4a_reported	False				tables/t1_ranked_passers.tsv
B_scatter	WP_055269289.1	Bacteroides	rank	240				tables/t1_ranked_passers.tsv
B_scatter	WP_055295214.1	Bacteroides	identity	35.82				tables/t1_ranked_passers.tsv
B_scatter	WP_055295214.1	Bacteroides	tlen	946				tables/t1_ranked_passers.tsv
B_scatter	WP_055295214.1	Bacteroides	family	GH3				tables/t1_ranked_passers.tsv
B_scatter	WP_055295214.1	Bacteroides	pul	out				tables/t1_ranked_passers.tsv
B_scatter	WP_055295214.1	Bacteroides	s4a_max	32.18				tables/t1_ranked_passers.tsv
B_scatter	WP_055295214.1	Bacteroides	s4a_reported	False				tables/t1_ranked_passers.tsv
B_scatter	WP_055295214.1	Bacteroides	rank	241				tables/t1_ranked_passers.tsv
B_scatter	WP_074635766.1	Bacteroides	identity	35.79				tables/t1_ranked_passers.tsv
B_scatter	WP_074635766.1	Bacteroides	tlen	800				tables/t1_ranked_passers.tsv
B_scatter	WP_074635766.1	Bacteroides	family	GH3				tables/t1_ranked_passers.tsv
B_scatter	WP_074635766.1	Bacteroides	pul	out				tables/t1_ranked_passers.tsv
B_scatter	WP_074635766.1	Bacteroides	s4a_max	37.57				tables/t1_ranked_passers.tsv
B_scatter	WP_074635766.1	Bacteroides	s4a_reported	False				tables/t1_ranked_passers.tsv
B_scatter	WP_074635766.1	Bacteroides	rank	242				tables/t1_ranked_passers.tsv
B_scatter	WP_007667425.1	Bacteroides	identity	35.76				tables/t1_ranked_passers.tsv
B_scatter	WP_007667425.1	Bacteroides	tlen	786				tables/t1_ranked_passers.tsv
B_scatter	WP_007667425.1	Bacteroides	family	GH3				tables/t1_ranked_passers.tsv
B_scatter	WP_007667425.1	Bacteroides	pul	out				tables/t1_ranked_passers.tsv
B_scatter	WP_007667425.1	Bacteroides	s4a_max	37.02				tables/t1_ranked_passers.tsv
B_scatter	WP_007667425.1	Bacteroides	s4a_reported	False				tables/t1_ranked_passers.tsv
B_scatter	WP_007667425.1	Bacteroides	rank	243				tables/t1_ranked_passers.tsv
B_scatter	WP_418214204.1	Bacteroides	identity	35.65				tables/t1_ranked_passers.tsv
B_scatter	WP_418214204.1	Bacteroides	tlen	800				tables/t1_ranked_passers.tsv
B_scatter	WP_418214204.1	Bacteroides	family	GH3				tables/t1_ranked_passers.tsv
B_scatter	WP_418214204.1	Bacteroides	pul	out				tables/t1_ranked_passers.tsv
B_scatter	WP_418214204.1	Bacteroides	s4a_max	38.52				tables/t1_ranked_passers.tsv
B_scatter	WP_418214204.1	Bacteroides	s4a_reported	False				tables/t1_ranked_passers.tsv
B_scatter	WP_418214204.1	Bacteroides	rank	244				tables/t1_ranked_passers.tsv
B_scatter	WP_167966701.1	Bacteroides	identity	35.57				tables/t1_ranked_passers.tsv
B_scatter	WP_167966701.1	Bacteroides	tlen	954				tables/t1_ranked_passers.tsv
B_scatter	WP_167966701.1	Bacteroides	family	GH3				tables/t1_ranked_passers.tsv
B_scatter	WP_167966701.1	Bacteroides	pul	out				tables/t1_ranked_passers.tsv
B_scatter	WP_167966701.1	Bacteroides	s4a_max	32.18				tables/t1_ranked_passers.tsv
B_scatter	WP_167966701.1	Bacteroides	s4a_reported	False				tables/t1_ranked_passers.tsv
B_scatter	WP_167966701.1	Bacteroides	rank	245				tables/t1_ranked_passers.tsv
B_scatter	WP_330941995.1	Bacteroides	identity	35.48				tables/t1_ranked_passers.tsv
B_scatter	WP_330941995.1	Bacteroides	tlen	786				tables/t1_ranked_passers.tsv
B_scatter	WP_330941995.1	Bacteroides	family	GH3				tables/t1_ranked_passers.tsv
B_scatter	WP_330941995.1	Bacteroides	pul	out				tables/t1_ranked_passers.tsv
B_scatter	WP_330941995.1	Bacteroides	s4a_max	36.07				tables/t1_ranked_passers.tsv
B_scatter	WP_330941995.1	Bacteroides	s4a_reported	False				tables/t1_ranked_passers.tsv
B_scatter	WP_330941995.1	Bacteroides	rank	246				tables/t1_ranked_passers.tsv
B_scatter	WP_167966699.1	Bacteroides	identity	35.45				tables/t1_ranked_passers.tsv
B_scatter	WP_167966699.1	Bacteroides	tlen	853				tables/t1_ranked_passers.tsv
B_scatter	WP_167966699.1	Bacteroides	family	GH3				tables/t1_ranked_passers.tsv
B_scatter	WP_167966699.1	Bacteroides	pul	out				tables/t1_ranked_passers.tsv
B_scatter	WP_167966699.1	Bacteroides	s4a_max	43.02				tables/t1_ranked_passers.tsv
B_scatter	WP_167966699.1	Bacteroides	s4a_reported	False				tables/t1_ranked_passers.tsv
B_scatter	WP_167966699.1	Bacteroides	rank	247				tables/t1_ranked_passers.tsv
B_scatter	WP_176553101.1	Bacteroides	identity	35.42				tables/t1_ranked_passers.tsv
B_scatter	WP_176553101.1	Bacteroides	tlen	954				tables/t1_ranked_passers.tsv
B_scatter	WP_176553101.1	Bacteroides	family	GH3				tables/t1_ranked_passers.tsv
B_scatter	WP_176553101.1	Bacteroides	pul	out				tables/t1_ranked_passers.tsv
B_scatter	WP_176553101.1	Bacteroides	s4a_max	32.29				tables/t1_ranked_passers.tsv
B_scatter	WP_176553101.1	Bacteroides	s4a_reported	False				tables/t1_ranked_passers.tsv
B_scatter	WP_176553101.1	Bacteroides	rank	248				tables/t1_ranked_passers.tsv
B_scatter	WP_008767763.1	Bacteroides	identity	35.42				tables/t1_ranked_passers.tsv
B_scatter	WP_008767763.1	Bacteroides	tlen	954				tables/t1_ranked_passers.tsv
B_scatter	WP_008767763.1	Bacteroides	family	GH3				tables/t1_ranked_passers.tsv
B_scatter	WP_008767763.1	Bacteroides	pul	out				tables/t1_ranked_passers.tsv
B_scatter	WP_008767763.1	Bacteroides	s4a_max	32.29				tables/t1_ranked_passers.tsv
B_scatter	WP_008767763.1	Bacteroides	s4a_reported	False				tables/t1_ranked_passers.tsv
B_scatter	WP_008767763.1	Bacteroides	rank	249				tables/t1_ranked_passers.tsv
B_scatter	WP_099146047.1	Bacteroides	identity	35.39				tables/t1_ranked_passers.tsv
B_scatter	WP_099146047.1	Bacteroides	tlen	853				tables/t1_ranked_passers.tsv
B_scatter	WP_099146047.1	Bacteroides	family	GH3				tables/t1_ranked_passers.tsv
B_scatter	WP_099146047.1	Bacteroides	pul	out				tables/t1_ranked_passers.tsv
B_scatter	WP_099146047.1	Bacteroides	s4a_max	42.79				tables/t1_ranked_passers.tsv
B_scatter	WP_099146047.1	Bacteroides	s4a_reported	False				tables/t1_ranked_passers.tsv
B_scatter	WP_099146047.1	Bacteroides	rank	250				tables/t1_ranked_passers.tsv
B_scatter	WP_322932419.1	Bacteroides	identity	35.38				tables/t1_ranked_passers.tsv
B_scatter	WP_322932419.1	Bacteroides	tlen	853				tables/t1_ranked_passers.tsv
B_scatter	WP_322932419.1	Bacteroides	family	GH3				tables/t1_ranked_passers.tsv
B_scatter	WP_322932419.1	Bacteroides	pul	out				tables/t1_ranked_passers.tsv
B_scatter	WP_322932419.1	Bacteroides	s4a_max	43.26				tables/t1_ranked_passers.tsv
B_scatter	WP_322932419.1	Bacteroides	s4a_reported	False				tables/t1_ranked_passers.tsv
B_scatter	WP_322932419.1	Bacteroides	rank	251				tables/t1_ranked_passers.tsv
B_scatter	WP_418214481.1	Bacteroides	identity	35.36				tables/t1_ranked_passers.tsv
B_scatter	WP_418214481.1	Bacteroides	tlen	1365				tables/t1_ranked_passers.tsv
B_scatter	WP_418214481.1	Bacteroides	family	GH3				tables/t1_ranked_passers.tsv
B_scatter	WP_418214481.1	Bacteroides	pul	out				tables/t1_ranked_passers.tsv
B_scatter	WP_418214481.1	Bacteroides	s4a_max	0.0				tables/t1_ranked_passers.tsv
B_scatter	WP_418214481.1	Bacteroides	s4a_reported	False				tables/t1_ranked_passers.tsv
B_scatter	WP_418214481.1	Bacteroides	rank	252				tables/t1_ranked_passers.tsv
B_scatter	WP_055295345.1	Bacteroides	identity	35.35				tables/t1_ranked_passers.tsv
B_scatter	WP_055295345.1	Bacteroides	tlen	1350				tables/t1_ranked_passers.tsv
B_scatter	WP_055295345.1	Bacteroides	family	GH3				tables/t1_ranked_passers.tsv
B_scatter	WP_055295345.1	Bacteroides	pul	out				tables/t1_ranked_passers.tsv
B_scatter	WP_055295345.1	Bacteroides	s4a_max	0.0				tables/t1_ranked_passers.tsv
B_scatter	WP_055295345.1	Bacteroides	s4a_reported	False				tables/t1_ranked_passers.tsv
B_scatter	WP_055295345.1	Bacteroides	rank	253				tables/t1_ranked_passers.tsv
B_scatter	WP_223381731.1	Bacteroides	identity	35.29				tables/t1_ranked_passers.tsv
B_scatter	WP_223381731.1	Bacteroides	tlen	859				tables/t1_ranked_passers.tsv
B_scatter	WP_223381731.1	Bacteroides	family	GH3				tables/t1_ranked_passers.tsv
B_scatter	WP_223381731.1	Bacteroides	pul	out				tables/t1_ranked_passers.tsv
B_scatter	WP_223381731.1	Bacteroides	s4a_max	33.96				tables/t1_ranked_passers.tsv
B_scatter	WP_223381731.1	Bacteroides	s4a_reported	False				tables/t1_ranked_passers.tsv
B_scatter	WP_223381731.1	Bacteroides	rank	254				tables/t1_ranked_passers.tsv
B_scatter	WP_021935644.1	Bacteroides	identity	35.25				tables/t1_ranked_passers.tsv
B_scatter	WP_021935644.1	Bacteroides	tlen	759				tables/t1_ranked_passers.tsv
B_scatter	WP_021935644.1	Bacteroides	family	GH3				tables/t1_ranked_passers.tsv
B_scatter	WP_021935644.1	Bacteroides	pul	out				tables/t1_ranked_passers.tsv
B_scatter	WP_021935644.1	Bacteroides	s4a_max	37.29				tables/t1_ranked_passers.tsv
B_scatter	WP_021935644.1	Bacteroides	s4a_reported	False				tables/t1_ranked_passers.tsv
B_scatter	WP_021935644.1	Bacteroides	rank	255				tables/t1_ranked_passers.tsv
B_scatter	WP_004298554.1	Bacteroides	identity	35.24				tables/t1_ranked_passers.tsv
B_scatter	WP_004298554.1	Bacteroides	tlen	800				tables/t1_ranked_passers.tsv
B_scatter	WP_004298554.1	Bacteroides	family	GH3				tables/t1_ranked_passers.tsv
B_scatter	WP_004298554.1	Bacteroides	pul	out				tables/t1_ranked_passers.tsv
B_scatter	WP_004298554.1	Bacteroides	s4a_max	37.98				tables/t1_ranked_passers.tsv
B_scatter	WP_004298554.1	Bacteroides	s4a_reported	False				tables/t1_ranked_passers.tsv
B_scatter	WP_004298554.1	Bacteroides	rank	256				tables/t1_ranked_passers.tsv
B_scatter	WP_011107972.1	Bacteroides	identity	35.23				tables/t1_ranked_passers.tsv
B_scatter	WP_011107972.1	Bacteroides	tlen	853				tables/t1_ranked_passers.tsv
B_scatter	WP_011107972.1	Bacteroides	family	GH3				tables/t1_ranked_passers.tsv
B_scatter	WP_011107972.1	Bacteroides	pul	out				tables/t1_ranked_passers.tsv
B_scatter	WP_011107972.1	Bacteroides	s4a_max	42.91				tables/t1_ranked_passers.tsv
B_scatter	WP_011107972.1	Bacteroides	s4a_reported	False				tables/t1_ranked_passers.tsv
B_scatter	WP_011107972.1	Bacteroides	rank	257				tables/t1_ranked_passers.tsv
B_scatter	WP_224206283.1	Bacteroides	identity	35.2				tables/t1_ranked_passers.tsv
B_scatter	WP_224206283.1	Bacteroides	tlen	913				tables/t1_ranked_passers.tsv
B_scatter	WP_224206283.1	Bacteroides	family	GH3				tables/t1_ranked_passers.tsv
B_scatter	WP_224206283.1	Bacteroides	pul	out				tables/t1_ranked_passers.tsv
B_scatter	WP_224206283.1	Bacteroides	s4a_max	40.51				tables/t1_ranked_passers.tsv
B_scatter	WP_224206283.1	Bacteroides	s4a_reported	False				tables/t1_ranked_passers.tsv
B_scatter	WP_224206283.1	Bacteroides	rank	258				tables/t1_ranked_passers.tsv
B_scatter	WP_007660331.1	Bacteroides	identity	35.18				tables/t1_ranked_passers.tsv
B_scatter	WP_007660331.1	Bacteroides	tlen	865				tables/t1_ranked_passers.tsv
B_scatter	WP_007660331.1	Bacteroides	family	GH3				tables/t1_ranked_passers.tsv
B_scatter	WP_007660331.1	Bacteroides	pul	out				tables/t1_ranked_passers.tsv
B_scatter	WP_007660331.1	Bacteroides	s4a_max	40.97				tables/t1_ranked_passers.tsv
B_scatter	WP_007660331.1	Bacteroides	s4a_reported	False				tables/t1_ranked_passers.tsv
B_scatter	WP_007660331.1	Bacteroides	rank	259				tables/t1_ranked_passers.tsv
B_scatter	WP_007665572.1	Bacteroides	identity	35.18				tables/t1_ranked_passers.tsv
B_scatter	WP_007665572.1	Bacteroides	tlen	863				tables/t1_ranked_passers.tsv
B_scatter	WP_007665572.1	Bacteroides	family	GH3				tables/t1_ranked_passers.tsv
B_scatter	WP_007665572.1	Bacteroides	pul	out				tables/t1_ranked_passers.tsv
B_scatter	WP_007665572.1	Bacteroides	s4a_max	46.0				tables/t1_ranked_passers.tsv
B_scatter	WP_007665572.1	Bacteroides	s4a_reported	False				tables/t1_ranked_passers.tsv
B_scatter	WP_007665572.1	Bacteroides	rank	260				tables/t1_ranked_passers.tsv
B_scatter	WP_330940193.1	Bacteroides	identity	35.13				tables/t1_ranked_passers.tsv
B_scatter	WP_330940193.1	Bacteroides	tlen	943				tables/t1_ranked_passers.tsv
B_scatter	WP_330940193.1	Bacteroides	family	GH3				tables/t1_ranked_passers.tsv
B_scatter	WP_330940193.1	Bacteroides	pul	out				tables/t1_ranked_passers.tsv
B_scatter	WP_330940193.1	Bacteroides	s4a_max	31.13				tables/t1_ranked_passers.tsv
B_scatter	WP_330940193.1	Bacteroides	s4a_reported	False				tables/t1_ranked_passers.tsv
B_scatter	WP_330940193.1	Bacteroides	rank	261				tables/t1_ranked_passers.tsv
B_scatter	WP_025866490.1	Bacteroides	identity	35.06				tables/t1_ranked_passers.tsv
B_scatter	WP_025866490.1	Bacteroides	tlen	854				tables/t1_ranked_passers.tsv
B_scatter	WP_025866490.1	Bacteroides	family	GH3				tables/t1_ranked_passers.tsv
B_scatter	WP_025866490.1	Bacteroides	pul	out				tables/t1_ranked_passers.tsv
B_scatter	WP_025866490.1	Bacteroides	s4a_max	42.97				tables/t1_ranked_passers.tsv
B_scatter	WP_025866490.1	Bacteroides	s4a_reported	False				tables/t1_ranked_passers.tsv
B_scatter	WP_025866490.1	Bacteroides	rank	262				tables/t1_ranked_passers.tsv
B_scatter	WP_195507775.1	Bacteroides	identity	34.99				tables/t1_ranked_passers.tsv
B_scatter	WP_195507775.1	Bacteroides	tlen	942				tables/t1_ranked_passers.tsv
B_scatter	WP_195507775.1	Bacteroides	family	GH3				tables/t1_ranked_passers.tsv
B_scatter	WP_195507775.1	Bacteroides	pul	out				tables/t1_ranked_passers.tsv
B_scatter	WP_195507775.1	Bacteroides	s4a_max	31.48				tables/t1_ranked_passers.tsv
B_scatter	WP_195507775.1	Bacteroides	s4a_reported	False				tables/t1_ranked_passers.tsv
B_scatter	WP_195507775.1	Bacteroides	rank	263				tables/t1_ranked_passers.tsv
B_scatter	WP_022301314.1	Bacteroides	identity	34.96				tables/t1_ranked_passers.tsv
B_scatter	WP_022301314.1	Bacteroides	tlen	847				tables/t1_ranked_passers.tsv
B_scatter	WP_022301314.1	Bacteroides	family	GH3				tables/t1_ranked_passers.tsv
B_scatter	WP_022301314.1	Bacteroides	pul	out				tables/t1_ranked_passers.tsv
B_scatter	WP_022301314.1	Bacteroides	s4a_max	42.5				tables/t1_ranked_passers.tsv
B_scatter	WP_022301314.1	Bacteroides	s4a_reported	False				tables/t1_ranked_passers.tsv
B_scatter	WP_022301314.1	Bacteroides	rank	264				tables/t1_ranked_passers.tsv
B_scatter	WP_025867064.1	Bacteroides	identity	34.96				tables/t1_ranked_passers.tsv
B_scatter	WP_025867064.1	Bacteroides	tlen	757				tables/t1_ranked_passers.tsv
B_scatter	WP_025867064.1	Bacteroides	family	GH3				tables/t1_ranked_passers.tsv
B_scatter	WP_025867064.1	Bacteroides	pul	out				tables/t1_ranked_passers.tsv
B_scatter	WP_025867064.1	Bacteroides	s4a_max	35.67				tables/t1_ranked_passers.tsv
B_scatter	WP_025867064.1	Bacteroides	s4a_reported	False				tables/t1_ranked_passers.tsv
B_scatter	WP_025867064.1	Bacteroides	rank	265				tables/t1_ranked_passers.tsv
B_scatter	WP_007219159.1	Bacteroides	identity	34.9				tables/t1_ranked_passers.tsv
B_scatter	WP_007219159.1	Bacteroides	tlen	863				tables/t1_ranked_passers.tsv
B_scatter	WP_007219159.1	Bacteroides	family	GH3				tables/t1_ranked_passers.tsv
B_scatter	WP_007219159.1	Bacteroides	pul	out				tables/t1_ranked_passers.tsv
B_scatter	WP_007219159.1	Bacteroides	s4a_max	45.89				tables/t1_ranked_passers.tsv
B_scatter	WP_007219159.1	Bacteroides	s4a_reported	False				tables/t1_ranked_passers.tsv
B_scatter	WP_007219159.1	Bacteroides	rank	266				tables/t1_ranked_passers.tsv
B_scatter	WP_007479264.1	Bacteroides	identity	34.85				tables/t1_ranked_passers.tsv
B_scatter	WP_007479264.1	Bacteroides	tlen	852				tables/t1_ranked_passers.tsv
B_scatter	WP_007479264.1	Bacteroides	family	GH3				tables/t1_ranked_passers.tsv
B_scatter	WP_007479264.1	Bacteroides	pul	out				tables/t1_ranked_passers.tsv
B_scatter	WP_007479264.1	Bacteroides	s4a_max	42.02				tables/t1_ranked_passers.tsv
B_scatter	WP_007479264.1	Bacteroides	s4a_reported	False				tables/t1_ranked_passers.tsv
B_scatter	WP_007479264.1	Bacteroides	rank	267				tables/t1_ranked_passers.tsv
B_scatter	WP_007479263.1	Bacteroides	identity	34.75				tables/t1_ranked_passers.tsv
B_scatter	WP_007479263.1	Bacteroides	tlen	862				tables/t1_ranked_passers.tsv
B_scatter	WP_007479263.1	Bacteroides	family	GH3				tables/t1_ranked_passers.tsv
B_scatter	WP_007479263.1	Bacteroides	pul	out				tables/t1_ranked_passers.tsv
B_scatter	WP_007479263.1	Bacteroides	s4a_max	45.24				tables/t1_ranked_passers.tsv
B_scatter	WP_007479263.1	Bacteroides	s4a_reported	False				tables/t1_ranked_passers.tsv
B_scatter	WP_007479263.1	Bacteroides	rank	268				tables/t1_ranked_passers.tsv
B_scatter	WP_004300597.1	Bacteroides	identity	34.75				tables/t1_ranked_passers.tsv
B_scatter	WP_004300597.1	Bacteroides	tlen	693				tables/t1_ranked_passers.tsv
B_scatter	WP_004300597.1	Bacteroides	family	GH3				tables/t1_ranked_passers.tsv
B_scatter	WP_004300597.1	Bacteroides	pul	out				tables/t1_ranked_passers.tsv
B_scatter	WP_004300597.1	Bacteroides	s4a_max	36.08				tables/t1_ranked_passers.tsv
B_scatter	WP_004300597.1	Bacteroides	s4a_reported	False				tables/t1_ranked_passers.tsv
B_scatter	WP_004300597.1	Bacteroides	rank	269				tables/t1_ranked_passers.tsv
B_scatter	WP_007666171.1	Bacteroides	identity	34.72				tables/t1_ranked_passers.tsv
B_scatter	WP_007666171.1	Bacteroides	tlen	943				tables/t1_ranked_passers.tsv
B_scatter	WP_007666171.1	Bacteroides	family	GH3				tables/t1_ranked_passers.tsv
B_scatter	WP_007666171.1	Bacteroides	pul	out				tables/t1_ranked_passers.tsv
B_scatter	WP_007666171.1	Bacteroides	s4a_max	31.48				tables/t1_ranked_passers.tsv
B_scatter	WP_007666171.1	Bacteroides	s4a_reported	False				tables/t1_ranked_passers.tsv
B_scatter	WP_007666171.1	Bacteroides	rank	270				tables/t1_ranked_passers.tsv
B_scatter	WP_322933972.1	Bacteroides	identity	34.72				tables/t1_ranked_passers.tsv
B_scatter	WP_322933972.1	Bacteroides	tlen	946				tables/t1_ranked_passers.tsv
B_scatter	WP_322933972.1	Bacteroides	family	GH3				tables/t1_ranked_passers.tsv
B_scatter	WP_322933972.1	Bacteroides	pul	out				tables/t1_ranked_passers.tsv
B_scatter	WP_322933972.1	Bacteroides	s4a_max	31.13				tables/t1_ranked_passers.tsv
B_scatter	WP_322933972.1	Bacteroides	s4a_reported	False				tables/t1_ranked_passers.tsv
B_scatter	WP_322933972.1	Bacteroides	rank	271				tables/t1_ranked_passers.tsv
B_scatter	WP_322933336.1	Bacteroides	identity	34.71				tables/t1_ranked_passers.tsv
B_scatter	WP_322933336.1	Bacteroides	tlen	859				tables/t1_ranked_passers.tsv
B_scatter	WP_322933336.1	Bacteroides	family	GH3				tables/t1_ranked_passers.tsv
B_scatter	WP_322933336.1	Bacteroides	pul	out				tables/t1_ranked_passers.tsv
B_scatter	WP_322933336.1	Bacteroides	s4a_max	33.84				tables/t1_ranked_passers.tsv
B_scatter	WP_322933336.1	Bacteroides	s4a_reported	False				tables/t1_ranked_passers.tsv
B_scatter	WP_322933336.1	Bacteroides	rank	272				tables/t1_ranked_passers.tsv
B_scatter	WP_183209095.1	Bacteroides	identity	34.63				tables/t1_ranked_passers.tsv
B_scatter	WP_183209095.1	Bacteroides	tlen	861				tables/t1_ranked_passers.tsv
B_scatter	WP_183209095.1	Bacteroides	family	GH3				tables/t1_ranked_passers.tsv
B_scatter	WP_183209095.1	Bacteroides	pul	out				tables/t1_ranked_passers.tsv
B_scatter	WP_183209095.1	Bacteroides	s4a_max	45.64				tables/t1_ranked_passers.tsv
B_scatter	WP_183209095.1	Bacteroides	s4a_reported	False				tables/t1_ranked_passers.tsv
B_scatter	WP_183209095.1	Bacteroides	rank	273				tables/t1_ranked_passers.tsv
B_scatter	WP_143256931.1	Bacteroides	identity	34.63				tables/t1_ranked_passers.tsv
B_scatter	WP_143256931.1	Bacteroides	tlen	861				tables/t1_ranked_passers.tsv
B_scatter	WP_143256931.1	Bacteroides	family	GH3				tables/t1_ranked_passers.tsv
B_scatter	WP_143256931.1	Bacteroides	pul	out				tables/t1_ranked_passers.tsv
B_scatter	WP_143256931.1	Bacteroides	s4a_max	44.95				tables/t1_ranked_passers.tsv
B_scatter	WP_143256931.1	Bacteroides	s4a_reported	False				tables/t1_ranked_passers.tsv
B_scatter	WP_143256931.1	Bacteroides	rank	274				tables/t1_ranked_passers.tsv
B_scatter	WP_099146341.1	Bacteroides	identity	34.47				tables/t1_ranked_passers.tsv
B_scatter	WP_099146341.1	Bacteroides	tlen	861				tables/t1_ranked_passers.tsv
B_scatter	WP_099146341.1	Bacteroides	family	GH3				tables/t1_ranked_passers.tsv
B_scatter	WP_099146341.1	Bacteroides	pul	out				tables/t1_ranked_passers.tsv
B_scatter	WP_099146341.1	Bacteroides	s4a_max	45.06				tables/t1_ranked_passers.tsv
B_scatter	WP_099146341.1	Bacteroides	s4a_reported	False				tables/t1_ranked_passers.tsv
B_scatter	WP_099146341.1	Bacteroides	rank	275				tables/t1_ranked_passers.tsv
B_scatter	WP_167961547.1	Bacteroides	identity	34.47				tables/t1_ranked_passers.tsv
B_scatter	WP_167961547.1	Bacteroides	tlen	861				tables/t1_ranked_passers.tsv
B_scatter	WP_167961547.1	Bacteroides	family	GH3				tables/t1_ranked_passers.tsv
B_scatter	WP_167961547.1	Bacteroides	pul	out				tables/t1_ranked_passers.tsv
B_scatter	WP_167961547.1	Bacteroides	s4a_max	45.76				tables/t1_ranked_passers.tsv
B_scatter	WP_167961547.1	Bacteroides	s4a_reported	False				tables/t1_ranked_passers.tsv
B_scatter	WP_167961547.1	Bacteroides	rank	276				tables/t1_ranked_passers.tsv
B_scatter	WP_143258859.1	Bacteroides	identity	34.46				tables/t1_ranked_passers.tsv
B_scatter	WP_143258859.1	Bacteroides	tlen	866				tables/t1_ranked_passers.tsv
B_scatter	WP_143258859.1	Bacteroides	family	GH3				tables/t1_ranked_passers.tsv
B_scatter	WP_143258859.1	Bacteroides	pul	out				tables/t1_ranked_passers.tsv
B_scatter	WP_143258859.1	Bacteroides	s4a_max	34.22				tables/t1_ranked_passers.tsv
B_scatter	WP_143258859.1	Bacteroides	s4a_reported	False				tables/t1_ranked_passers.tsv
B_scatter	WP_143258859.1	Bacteroides	rank	277				tables/t1_ranked_passers.tsv
B_scatter	WP_011108512.1	Bacteroides	identity	34.43				tables/t1_ranked_passers.tsv
B_scatter	WP_011108512.1	Bacteroides	tlen	759				tables/t1_ranked_passers.tsv
B_scatter	WP_011108512.1	Bacteroides	family	GH3				tables/t1_ranked_passers.tsv
B_scatter	WP_011108512.1	Bacteroides	pul	out				tables/t1_ranked_passers.tsv
B_scatter	WP_011108512.1	Bacteroides	s4a_max	34.91				tables/t1_ranked_passers.tsv
B_scatter	WP_011108512.1	Bacteroides	s4a_reported	False				tables/t1_ranked_passers.tsv
B_scatter	WP_011108512.1	Bacteroides	rank	278				tables/t1_ranked_passers.tsv
B_scatter	WP_330941804.1	Bacteroides	identity	34.42				tables/t1_ranked_passers.tsv
B_scatter	WP_330941804.1	Bacteroides	tlen	863				tables/t1_ranked_passers.tsv
B_scatter	WP_330941804.1	Bacteroides	family	GH3				tables/t1_ranked_passers.tsv
B_scatter	WP_330941804.1	Bacteroides	pul	out				tables/t1_ranked_passers.tsv
B_scatter	WP_330941804.1	Bacteroides	s4a_max	46.0				tables/t1_ranked_passers.tsv
B_scatter	WP_330941804.1	Bacteroides	s4a_reported	False				tables/t1_ranked_passers.tsv
B_scatter	WP_330941804.1	Bacteroides	rank	279				tables/t1_ranked_passers.tsv
B_scatter	WP_322933541.1	Bacteroides	identity	34.42				tables/t1_ranked_passers.tsv
B_scatter	WP_322933541.1	Bacteroides	tlen	851				tables/t1_ranked_passers.tsv
B_scatter	WP_322933541.1	Bacteroides	family	GH3				tables/t1_ranked_passers.tsv
B_scatter	WP_322933541.1	Bacteroides	pul	out				tables/t1_ranked_passers.tsv
B_scatter	WP_322933541.1	Bacteroides	s4a_max	42.3				tables/t1_ranked_passers.tsv
B_scatter	WP_322933541.1	Bacteroides	s4a_reported	False				tables/t1_ranked_passers.tsv
B_scatter	WP_322933541.1	Bacteroides	rank	280				tables/t1_ranked_passers.tsv
B_scatter	WP_044154763.1	Bacteroides	identity	34.42				tables/t1_ranked_passers.tsv
B_scatter	WP_044154763.1	Bacteroides	tlen	863				tables/t1_ranked_passers.tsv
B_scatter	WP_044154763.1	Bacteroides	family	GH3				tables/t1_ranked_passers.tsv
B_scatter	WP_044154763.1	Bacteroides	pul	out				tables/t1_ranked_passers.tsv
B_scatter	WP_044154763.1	Bacteroides	s4a_max	46.0				tables/t1_ranked_passers.tsv
B_scatter	WP_044154763.1	Bacteroides	s4a_reported	False				tables/t1_ranked_passers.tsv
B_scatter	WP_044154763.1	Bacteroides	rank	281				tables/t1_ranked_passers.tsv
B_scatter	WP_118401482.1	Bacteroides	identity	34.32				tables/t1_ranked_passers.tsv
B_scatter	WP_118401482.1	Bacteroides	tlen	881				tables/t1_ranked_passers.tsv
B_scatter	WP_118401482.1	Bacteroides	family	GH3				tables/t1_ranked_passers.tsv
B_scatter	WP_118401482.1	Bacteroides	pul	out				tables/t1_ranked_passers.tsv
B_scatter	WP_118401482.1	Bacteroides	s4a_max	46.99				tables/t1_ranked_passers.tsv
B_scatter	WP_118401482.1	Bacteroides	s4a_reported	False				tables/t1_ranked_passers.tsv
B_scatter	WP_118401482.1	Bacteroides	rank	282				tables/t1_ranked_passers.tsv
B_scatter	WP_025866966.1	Bacteroides	identity	34.26				tables/t1_ranked_passers.tsv
B_scatter	WP_025866966.1	Bacteroides	tlen	862				tables/t1_ranked_passers.tsv
B_scatter	WP_025866966.1	Bacteroides	family	GH3				tables/t1_ranked_passers.tsv
B_scatter	WP_025866966.1	Bacteroides	pul	out				tables/t1_ranked_passers.tsv
B_scatter	WP_025866966.1	Bacteroides	s4a_max	45.71				tables/t1_ranked_passers.tsv
B_scatter	WP_025866966.1	Bacteroides	s4a_reported	False				tables/t1_ranked_passers.tsv
B_scatter	WP_025866966.1	Bacteroides	rank	283				tables/t1_ranked_passers.tsv
B_scatter	WP_055269508.1	Bacteroides	identity	34.26				tables/t1_ranked_passers.tsv
B_scatter	WP_055269508.1	Bacteroides	tlen	823				tables/t1_ranked_passers.tsv
B_scatter	WP_055269508.1	Bacteroides	family	GH3				tables/t1_ranked_passers.tsv
B_scatter	WP_055269508.1	Bacteroides	pul	out				tables/t1_ranked_passers.tsv
B_scatter	WP_055269508.1	Bacteroides	s4a_max	37.45				tables/t1_ranked_passers.tsv
B_scatter	WP_055269508.1	Bacteroides	s4a_reported	False				tables/t1_ranked_passers.tsv
B_scatter	WP_055269508.1	Bacteroides	rank	284				tables/t1_ranked_passers.tsv
B_scatter	WP_322933269.1	Bacteroides	identity	34.24				tables/t1_ranked_passers.tsv
B_scatter	WP_322933269.1	Bacteroides	tlen	859				tables/t1_ranked_passers.tsv
B_scatter	WP_322933269.1	Bacteroides	family	GH3				tables/t1_ranked_passers.tsv
B_scatter	WP_322933269.1	Bacteroides	pul	out				tables/t1_ranked_passers.tsv
B_scatter	WP_322933269.1	Bacteroides	s4a_max	31.78				tables/t1_ranked_passers.tsv
B_scatter	WP_322933269.1	Bacteroides	s4a_reported	False				tables/t1_ranked_passers.tsv
B_scatter	WP_322933269.1	Bacteroides	rank	285				tables/t1_ranked_passers.tsv
B_scatter	WP_081741232.1	Bacteroides	identity	34.2				tables/t1_ranked_passers.tsv
B_scatter	WP_081741232.1	Bacteroides	tlen	789				tables/t1_ranked_passers.tsv
B_scatter	WP_081741232.1	Bacteroides	family	GH3				tables/t1_ranked_passers.tsv
B_scatter	WP_081741232.1	Bacteroides	pul	out				tables/t1_ranked_passers.tsv
B_scatter	WP_081741232.1	Bacteroides	s4a_max	37.3				tables/t1_ranked_passers.tsv
B_scatter	WP_081741232.1	Bacteroides	s4a_reported	False				tables/t1_ranked_passers.tsv
B_scatter	WP_081741232.1	Bacteroides	rank	286				tables/t1_ranked_passers.tsv
B_scatter	WP_099145991.1	Bacteroides	identity	34.15				tables/t1_ranked_passers.tsv
B_scatter	WP_099145991.1	Bacteroides	tlen	863				tables/t1_ranked_passers.tsv
B_scatter	WP_099145991.1	Bacteroides	family	GH3				tables/t1_ranked_passers.tsv
B_scatter	WP_099145991.1	Bacteroides	pul	out				tables/t1_ranked_passers.tsv
B_scatter	WP_099145991.1	Bacteroides	s4a_max	45.19				tables/t1_ranked_passers.tsv
B_scatter	WP_099145991.1	Bacteroides	s4a_reported	False				tables/t1_ranked_passers.tsv
B_scatter	WP_099145991.1	Bacteroides	rank	287				tables/t1_ranked_passers.tsv
B_scatter	WP_143257995.1	Bacteroides	identity	34.15				tables/t1_ranked_passers.tsv
B_scatter	WP_143257995.1	Bacteroides	tlen	863				tables/t1_ranked_passers.tsv
B_scatter	WP_143257995.1	Bacteroides	family	GH3				tables/t1_ranked_passers.tsv
B_scatter	WP_143257995.1	Bacteroides	pul	out				tables/t1_ranked_passers.tsv
B_scatter	WP_143257995.1	Bacteroides	s4a_max	45.42				tables/t1_ranked_passers.tsv
B_scatter	WP_143257995.1	Bacteroides	s4a_reported	False				tables/t1_ranked_passers.tsv
B_scatter	WP_143257995.1	Bacteroides	rank	288				tables/t1_ranked_passers.tsv
B_scatter	WP_004299652.1	Bacteroides	identity	34.15				tables/t1_ranked_passers.tsv
B_scatter	WP_004299652.1	Bacteroides	tlen	861				tables/t1_ranked_passers.tsv
B_scatter	WP_004299652.1	Bacteroides	family	GH3				tables/t1_ranked_passers.tsv
B_scatter	WP_004299652.1	Bacteroides	pul	out				tables/t1_ranked_passers.tsv
B_scatter	WP_004299652.1	Bacteroides	s4a_max	45.06				tables/t1_ranked_passers.tsv
B_scatter	WP_004299652.1	Bacteroides	s4a_reported	False				tables/t1_ranked_passers.tsv
B_scatter	WP_004299652.1	Bacteroides	rank	289				tables/t1_ranked_passers.tsv
B_scatter	WP_004297743.1	Bacteroides	identity	34.04				tables/t1_ranked_passers.tsv
B_scatter	WP_004297743.1	Bacteroides	tlen	859				tables/t1_ranked_passers.tsv
B_scatter	WP_004297743.1	Bacteroides	family	GH3				tables/t1_ranked_passers.tsv
B_scatter	WP_004297743.1	Bacteroides	pul	out				tables/t1_ranked_passers.tsv
B_scatter	WP_004297743.1	Bacteroides	s4a_max	33.33				tables/t1_ranked_passers.tsv
B_scatter	WP_004297743.1	Bacteroides	s4a_reported	False				tables/t1_ranked_passers.tsv
B_scatter	WP_004297743.1	Bacteroides	rank	290				tables/t1_ranked_passers.tsv
B_scatter	WP_025866965.1	Bacteroides	identity	34.03				tables/t1_ranked_passers.tsv
B_scatter	WP_025866965.1	Bacteroides	tlen	855				tables/t1_ranked_passers.tsv
B_scatter	WP_025866965.1	Bacteroides	family	GH3				tables/t1_ranked_passers.tsv
B_scatter	WP_025866965.1	Bacteroides	pul	out				tables/t1_ranked_passers.tsv
B_scatter	WP_025866965.1	Bacteroides	s4a_max	41.99				tables/t1_ranked_passers.tsv
B_scatter	WP_025866965.1	Bacteroides	s4a_reported	False				tables/t1_ranked_passers.tsv
B_scatter	WP_025866965.1	Bacteroides	rank	291				tables/t1_ranked_passers.tsv
B_scatter	WP_143258905.1	Bacteroides	identity	33.96				tables/t1_ranked_passers.tsv
B_scatter	WP_143258905.1	Bacteroides	tlen	786				tables/t1_ranked_passers.tsv
B_scatter	WP_143258905.1	Bacteroides	family	GH3				tables/t1_ranked_passers.tsv
B_scatter	WP_143258905.1	Bacteroides	pul	out				tables/t1_ranked_passers.tsv
B_scatter	WP_143258905.1	Bacteroides	s4a_max	34.99				tables/t1_ranked_passers.tsv
B_scatter	WP_143258905.1	Bacteroides	s4a_reported	False				tables/t1_ranked_passers.tsv
B_scatter	WP_143258905.1	Bacteroides	rank	292				tables/t1_ranked_passers.tsv
B_scatter	WP_322933545.1	Bacteroides	identity	33.93				tables/t1_ranked_passers.tsv
B_scatter	WP_322933545.1	Bacteroides	tlen	862				tables/t1_ranked_passers.tsv
B_scatter	WP_322933545.1	Bacteroides	family	GH3				tables/t1_ranked_passers.tsv
B_scatter	WP_322933545.1	Bacteroides	pul	out				tables/t1_ranked_passers.tsv
B_scatter	WP_322933545.1	Bacteroides	s4a_max	46.17				tables/t1_ranked_passers.tsv
B_scatter	WP_322933545.1	Bacteroides	s4a_reported	False				tables/t1_ranked_passers.tsv
B_scatter	WP_322933545.1	Bacteroides	rank	293				tables/t1_ranked_passers.tsv
B_scatter	WP_418214282.1	Bacteroides	identity	33.93				tables/t1_ranked_passers.tsv
B_scatter	WP_418214282.1	Bacteroides	tlen	863				tables/t1_ranked_passers.tsv
B_scatter	WP_418214282.1	Bacteroides	family	GH3				tables/t1_ranked_passers.tsv
B_scatter	WP_418214282.1	Bacteroides	pul	out				tables/t1_ranked_passers.tsv
B_scatter	WP_418214282.1	Bacteroides	s4a_max	44.26				tables/t1_ranked_passers.tsv
B_scatter	WP_418214282.1	Bacteroides	s4a_reported	False				tables/t1_ranked_passers.tsv
B_scatter	WP_418214282.1	Bacteroides	rank	294				tables/t1_ranked_passers.tsv
B_scatter	WP_167962529.1	Bacteroides	identity	33.88				tables/t1_ranked_passers.tsv
B_scatter	WP_167962529.1	Bacteroides	tlen	862				tables/t1_ranked_passers.tsv
B_scatter	WP_167962529.1	Bacteroides	family	GH3				tables/t1_ranked_passers.tsv
B_scatter	WP_167962529.1	Bacteroides	pul	out				tables/t1_ranked_passers.tsv
B_scatter	WP_167962529.1	Bacteroides	s4a_max	45.13				tables/t1_ranked_passers.tsv
B_scatter	WP_167962529.1	Bacteroides	s4a_reported	False				tables/t1_ranked_passers.tsv
B_scatter	WP_167962529.1	Bacteroides	rank	295				tables/t1_ranked_passers.tsv
B_scatter	WP_143258869.1	Bacteroides	identity	33.87				tables/t1_ranked_passers.tsv
B_scatter	WP_143258869.1	Bacteroides	tlen	764				tables/t1_ranked_passers.tsv
B_scatter	WP_143258869.1	Bacteroides	family	GH3				tables/t1_ranked_passers.tsv
B_scatter	WP_143258869.1	Bacteroides	pul	out				tables/t1_ranked_passers.tsv
B_scatter	WP_143258869.1	Bacteroides	s4a_max	35.21				tables/t1_ranked_passers.tsv
B_scatter	WP_143258869.1	Bacteroides	s4a_reported	False				tables/t1_ranked_passers.tsv
B_scatter	WP_143258869.1	Bacteroides	rank	296				tables/t1_ranked_passers.tsv
B_scatter	WP_007660684.1	Bacteroides	identity	33.82				tables/t1_ranked_passers.tsv
B_scatter	WP_007660684.1	Bacteroides	tlen	862				tables/t1_ranked_passers.tsv
B_scatter	WP_007660684.1	Bacteroides	family	GH3				tables/t1_ranked_passers.tsv
B_scatter	WP_007660684.1	Bacteroides	pul	out				tables/t1_ranked_passers.tsv
B_scatter	WP_007660684.1	Bacteroides	s4a_max	44.43				tables/t1_ranked_passers.tsv
B_scatter	WP_007660684.1	Bacteroides	s4a_reported	False				tables/t1_ranked_passers.tsv
B_scatter	WP_007660684.1	Bacteroides	rank	297				tables/t1_ranked_passers.tsv
B_scatter	WP_299092486.1	Bacteroides	identity	33.82				tables/t1_ranked_passers.tsv
B_scatter	WP_299092486.1	Bacteroides	tlen	865				tables/t1_ranked_passers.tsv
B_scatter	WP_299092486.1	Bacteroides	family	GH3				tables/t1_ranked_passers.tsv
B_scatter	WP_299092486.1	Bacteroides	pul	out				tables/t1_ranked_passers.tsv
B_scatter	WP_299092486.1	Bacteroides	s4a_max	46.88				tables/t1_ranked_passers.tsv
B_scatter	WP_299092486.1	Bacteroides	s4a_reported	False				tables/t1_ranked_passers.tsv
B_scatter	WP_299092486.1	Bacteroides	rank	298				tables/t1_ranked_passers.tsv
B_scatter	WP_004301531.1	Bacteroides	identity	33.82				tables/t1_ranked_passers.tsv
B_scatter	WP_004301531.1	Bacteroides	tlen	863				tables/t1_ranked_passers.tsv
B_scatter	WP_004301531.1	Bacteroides	family	GH3				tables/t1_ranked_passers.tsv
B_scatter	WP_004301531.1	Bacteroides	pul	out				tables/t1_ranked_passers.tsv
B_scatter	WP_004301531.1	Bacteroides	s4a_max	45.08				tables/t1_ranked_passers.tsv
B_scatter	WP_004301531.1	Bacteroides	s4a_reported	False				tables/t1_ranked_passers.tsv
B_scatter	WP_004301531.1	Bacteroides	rank	299				tables/t1_ranked_passers.tsv
B_scatter	WP_099146861.1	Bacteroides	identity	33.81				tables/t1_ranked_passers.tsv
B_scatter	WP_099146861.1	Bacteroides	tlen	785				tables/t1_ranked_passers.tsv
B_scatter	WP_099146861.1	Bacteroides	family	GH3				tables/t1_ranked_passers.tsv
B_scatter	WP_099146861.1	Bacteroides	pul	out				tables/t1_ranked_passers.tsv
B_scatter	WP_099146861.1	Bacteroides	s4a_max	35.53				tables/t1_ranked_passers.tsv
B_scatter	WP_099146861.1	Bacteroides	s4a_reported	False				tables/t1_ranked_passers.tsv
B_scatter	WP_099146861.1	Bacteroides	rank	300				tables/t1_ranked_passers.tsv
B_scatter	WP_055271468.1	Bacteroides	identity	33.78				tables/t1_ranked_passers.tsv
B_scatter	WP_055271468.1	Bacteroides	tlen	863				tables/t1_ranked_passers.tsv
B_scatter	WP_055271468.1	Bacteroides	family	GH3				tables/t1_ranked_passers.tsv
B_scatter	WP_055271468.1	Bacteroides	pul	out				tables/t1_ranked_passers.tsv
B_scatter	WP_055271468.1	Bacteroides	s4a_max	43.68				tables/t1_ranked_passers.tsv
B_scatter	WP_055271468.1	Bacteroides	s4a_reported	False				tables/t1_ranked_passers.tsv
B_scatter	WP_055271468.1	Bacteroides	rank	301				tables/t1_ranked_passers.tsv
B_scatter	WP_011108580.1	Bacteroides	identity	33.78				tables/t1_ranked_passers.tsv
B_scatter	WP_011108580.1	Bacteroides	tlen	863				tables/t1_ranked_passers.tsv
B_scatter	WP_011108580.1	Bacteroides	family	GH3				tables/t1_ranked_passers.tsv
B_scatter	WP_011108580.1	Bacteroides	pul	out				tables/t1_ranked_passers.tsv
B_scatter	WP_011108580.1	Bacteroides	s4a_max	44.73				tables/t1_ranked_passers.tsv
B_scatter	WP_011108580.1	Bacteroides	s4a_reported	False				tables/t1_ranked_passers.tsv
B_scatter	WP_011108580.1	Bacteroides	rank	302				tables/t1_ranked_passers.tsv
B_scatter	WP_004298561.1	Bacteroides	identity	33.72				tables/t1_ranked_passers.tsv
B_scatter	WP_004298561.1	Bacteroides	tlen	764				tables/t1_ranked_passers.tsv
B_scatter	WP_004298561.1	Bacteroides	family	GH3				tables/t1_ranked_passers.tsv
B_scatter	WP_004298561.1	Bacteroides	pul	out				tables/t1_ranked_passers.tsv
B_scatter	WP_004298561.1	Bacteroides	s4a_max	35.21				tables/t1_ranked_passers.tsv
B_scatter	WP_004298561.1	Bacteroides	s4a_reported	False				tables/t1_ranked_passers.tsv
B_scatter	WP_004298561.1	Bacteroides	rank	303				tables/t1_ranked_passers.tsv
B_scatter	WP_099146358.1	Bacteroides	identity	33.72				tables/t1_ranked_passers.tsv
B_scatter	WP_099146358.1	Bacteroides	tlen	764				tables/t1_ranked_passers.tsv
B_scatter	WP_099146358.1	Bacteroides	family	GH3				tables/t1_ranked_passers.tsv
B_scatter	WP_099146358.1	Bacteroides	pul	out				tables/t1_ranked_passers.tsv
B_scatter	WP_099146358.1	Bacteroides	s4a_max	35.21				tables/t1_ranked_passers.tsv
B_scatter	WP_099146358.1	Bacteroides	s4a_reported	False				tables/t1_ranked_passers.tsv
B_scatter	WP_099146358.1	Bacteroides	rank	304				tables/t1_ranked_passers.tsv
B_scatter	WP_330942144.1	Bacteroides	identity	33.72				tables/t1_ranked_passers.tsv
B_scatter	WP_330942144.1	Bacteroides	tlen	864				tables/t1_ranked_passers.tsv
B_scatter	WP_330942144.1	Bacteroides	family	GH3				tables/t1_ranked_passers.tsv
B_scatter	WP_330942144.1	Bacteroides	pul	out				tables/t1_ranked_passers.tsv
B_scatter	WP_330942144.1	Bacteroides	s4a_max	43.87				tables/t1_ranked_passers.tsv
B_scatter	WP_330942144.1	Bacteroides	s4a_reported	False				tables/t1_ranked_passers.tsv
B_scatter	WP_330942144.1	Bacteroides	rank	305				tables/t1_ranked_passers.tsv
B_scatter	WP_025866487.1	Bacteroides	identity	33.68				tables/t1_ranked_passers.tsv
B_scatter	WP_025866487.1	Bacteroides	tlen	863				tables/t1_ranked_passers.tsv
B_scatter	WP_025866487.1	Bacteroides	family	GH3				tables/t1_ranked_passers.tsv
B_scatter	WP_025866487.1	Bacteroides	pul	out				tables/t1_ranked_passers.tsv
B_scatter	WP_025866487.1	Bacteroides	s4a_max	46.35				tables/t1_ranked_passers.tsv
B_scatter	WP_025866487.1	Bacteroides	s4a_reported	False				tables/t1_ranked_passers.tsv
B_scatter	WP_025866487.1	Bacteroides	rank	306				tables/t1_ranked_passers.tsv
B_scatter	WP_004298458.1	Bacteroides	identity	33.67				tables/t1_ranked_passers.tsv
B_scatter	WP_004298458.1	Bacteroides	tlen	786				tables/t1_ranked_passers.tsv
B_scatter	WP_004298458.1	Bacteroides	family	GH3				tables/t1_ranked_passers.tsv
B_scatter	WP_004298458.1	Bacteroides	pul	out				tables/t1_ranked_passers.tsv
B_scatter	WP_004298458.1	Bacteroides	s4a_max	34.86				tables/t1_ranked_passers.tsv
B_scatter	WP_004298458.1	Bacteroides	s4a_reported	False				tables/t1_ranked_passers.tsv
B_scatter	WP_004298458.1	Bacteroides	rank	307				tables/t1_ranked_passers.tsv
B_scatter	WP_007665368.1	Bacteroides	identity	33.62				tables/t1_ranked_passers.tsv
B_scatter	WP_007665368.1	Bacteroides	tlen	859				tables/t1_ranked_passers.tsv
B_scatter	WP_007665368.1	Bacteroides	family	GH3				tables/t1_ranked_passers.tsv
B_scatter	WP_007665368.1	Bacteroides	pul	out				tables/t1_ranked_passers.tsv
B_scatter	WP_007665368.1	Bacteroides	s4a_max	32.95				tables/t1_ranked_passers.tsv
B_scatter	WP_007665368.1	Bacteroides	s4a_reported	False				tables/t1_ranked_passers.tsv
B_scatter	WP_007665368.1	Bacteroides	rank	308				tables/t1_ranked_passers.tsv
B_scatter	WP_044159527.1	Bacteroides	identity	33.58				tables/t1_ranked_passers.tsv
B_scatter	WP_044159527.1	Bacteroides	tlen	861				tables/t1_ranked_passers.tsv
B_scatter	WP_044159527.1	Bacteroides	family	GH3				tables/t1_ranked_passers.tsv
B_scatter	WP_044159527.1	Bacteroides	pul	out				tables/t1_ranked_passers.tsv
B_scatter	WP_044159527.1	Bacteroides	s4a_max	44.48				tables/t1_ranked_passers.tsv
B_scatter	WP_044159527.1	Bacteroides	s4a_reported	False				tables/t1_ranked_passers.tsv
B_scatter	WP_044159527.1	Bacteroides	rank	309				tables/t1_ranked_passers.tsv
B_scatter	WP_007215323.1	Bacteroides	identity	33.55				tables/t1_ranked_passers.tsv
B_scatter	WP_007215323.1	Bacteroides	tlen	864				tables/t1_ranked_passers.tsv
B_scatter	WP_007215323.1	Bacteroides	family	GH3				tables/t1_ranked_passers.tsv
B_scatter	WP_007215323.1	Bacteroides	pul	out				tables/t1_ranked_passers.tsv
B_scatter	WP_007215323.1	Bacteroides	s4a_max	44.1				tables/t1_ranked_passers.tsv
B_scatter	WP_007215323.1	Bacteroides	s4a_reported	False				tables/t1_ranked_passers.tsv
B_scatter	WP_007215323.1	Bacteroides	rank	310				tables/t1_ranked_passers.tsv
B_scatter	WP_195507069.1	Bacteroides	identity	33.38				tables/t1_ranked_passers.tsv
B_scatter	WP_195507069.1	Bacteroides	tlen	862				tables/t1_ranked_passers.tsv
B_scatter	WP_195507069.1	Bacteroides	family	GH3				tables/t1_ranked_passers.tsv
B_scatter	WP_195507069.1	Bacteroides	pul	out				tables/t1_ranked_passers.tsv
B_scatter	WP_195507069.1	Bacteroides	s4a_max	44.2				tables/t1_ranked_passers.tsv
B_scatter	WP_195507069.1	Bacteroides	s4a_reported	False				tables/t1_ranked_passers.tsv
B_scatter	WP_195507069.1	Bacteroides	rank	311				tables/t1_ranked_passers.tsv
B_scatter	WP_122281990.1	Bacteroides	identity	33.28				tables/t1_ranked_passers.tsv
B_scatter	WP_122281990.1	Bacteroides	tlen	850				tables/t1_ranked_passers.tsv
B_scatter	WP_122281990.1	Bacteroides	family	GH3				tables/t1_ranked_passers.tsv
B_scatter	WP_122281990.1	Bacteroides	pul	out				tables/t1_ranked_passers.tsv
B_scatter	WP_122281990.1	Bacteroides	s4a_max	44.47				tables/t1_ranked_passers.tsv
B_scatter	WP_122281990.1	Bacteroides	s4a_reported	False				tables/t1_ranked_passers.tsv
B_scatter	WP_122281990.1	Bacteroides	rank	312				tables/t1_ranked_passers.tsv
B_scatter	WP_118402000.1	Bacteroides	identity	33.24				tables/t1_ranked_passers.tsv
B_scatter	WP_118402000.1	Bacteroides	tlen	777				tables/t1_ranked_passers.tsv
B_scatter	WP_118402000.1	Bacteroides	family	GH3				tables/t1_ranked_passers.tsv
B_scatter	WP_118402000.1	Bacteroides	pul	out				tables/t1_ranked_passers.tsv
B_scatter	WP_118402000.1	Bacteroides	s4a_max	35.13				tables/t1_ranked_passers.tsv
B_scatter	WP_118402000.1	Bacteroides	s4a_reported	False				tables/t1_ranked_passers.tsv
B_scatter	WP_118402000.1	Bacteroides	rank	313				tables/t1_ranked_passers.tsv
B_scatter	WP_425286627.1	Bacteroides	identity	33.12				tables/t1_ranked_passers.tsv
B_scatter	WP_425286627.1	Bacteroides	tlen	863				tables/t1_ranked_passers.tsv
B_scatter	WP_425286627.1	Bacteroides	family	GH3				tables/t1_ranked_passers.tsv
B_scatter	WP_425286627.1	Bacteroides	pul	out				tables/t1_ranked_passers.tsv
B_scatter	WP_425286627.1	Bacteroides	s4a_max	43.8				tables/t1_ranked_passers.tsv
B_scatter	WP_425286627.1	Bacteroides	s4a_reported	False				tables/t1_ranked_passers.tsv
B_scatter	WP_425286627.1	Bacteroides	rank	314				tables/t1_ranked_passers.tsv
B_scatter	WP_330941475.1	Bacteroides	identity	33.09				tables/t1_ranked_passers.tsv
B_scatter	WP_330941475.1	Bacteroides	tlen	777				tables/t1_ranked_passers.tsv
B_scatter	WP_330941475.1	Bacteroides	family	GH3				tables/t1_ranked_passers.tsv
B_scatter	WP_330941475.1	Bacteroides	pul	out				tables/t1_ranked_passers.tsv
B_scatter	WP_330941475.1	Bacteroides	s4a_max	34.88				tables/t1_ranked_passers.tsv
B_scatter	WP_330941475.1	Bacteroides	s4a_reported	False				tables/t1_ranked_passers.tsv
B_scatter	WP_330941475.1	Bacteroides	rank	315				tables/t1_ranked_passers.tsv
B_scatter	WP_021968425.1	Bacteroides	identity	33.09				tables/t1_ranked_passers.tsv
B_scatter	WP_021968425.1	Bacteroides	tlen	864				tables/t1_ranked_passers.tsv
B_scatter	WP_021968425.1	Bacteroides	family	GH3				tables/t1_ranked_passers.tsv
B_scatter	WP_021968425.1	Bacteroides	pul	out				tables/t1_ranked_passers.tsv
B_scatter	WP_021968425.1	Bacteroides	s4a_max	46.18				tables/t1_ranked_passers.tsv
B_scatter	WP_021968425.1	Bacteroides	s4a_reported	False				tables/t1_ranked_passers.tsv
B_scatter	WP_021968425.1	Bacteroides	rank	316				tables/t1_ranked_passers.tsv
B_scatter	WP_004297730.1	Bacteroides	identity	32.84				tables/t1_ranked_passers.tsv
B_scatter	WP_004297730.1	Bacteroides	tlen	842				tables/t1_ranked_passers.tsv
B_scatter	WP_004297730.1	Bacteroides	family	GH3				tables/t1_ranked_passers.tsv
B_scatter	WP_004297730.1	Bacteroides	pul	out				tables/t1_ranked_passers.tsv
B_scatter	WP_004297730.1	Bacteroides	s4a_max	35.75				tables/t1_ranked_passers.tsv
B_scatter	WP_004297730.1	Bacteroides	s4a_reported	False				tables/t1_ranked_passers.tsv
B_scatter	WP_004297730.1	Bacteroides	rank	317				tables/t1_ranked_passers.tsv
B_scatter	WP_055293269.1	Bacteroides	identity	32.47				tables/t1_ranked_passers.tsv
B_scatter	WP_055293269.1	Bacteroides	tlen	779				tables/t1_ranked_passers.tsv
B_scatter	WP_055293269.1	Bacteroides	family	GH3				tables/t1_ranked_passers.tsv
B_scatter	WP_055293269.1	Bacteroides	pul	out				tables/t1_ranked_passers.tsv
B_scatter	WP_055293269.1	Bacteroides	s4a_max	34.53				tables/t1_ranked_passers.tsv
B_scatter	WP_055293269.1	Bacteroides	s4a_reported	False				tables/t1_ranked_passers.tsv
B_scatter	WP_055293269.1	Bacteroides	rank	318				tables/t1_ranked_passers.tsv
B_scatter	WP_195507097.1	Bacteroides	identity	32.4				tables/t1_ranked_passers.tsv
B_scatter	WP_195507097.1	Bacteroides	tlen	868				tables/t1_ranked_passers.tsv
B_scatter	WP_195507097.1	Bacteroides	family	GH3				tables/t1_ranked_passers.tsv
B_scatter	WP_195507097.1	Bacteroides	pul	out				tables/t1_ranked_passers.tsv
B_scatter	WP_195507097.1	Bacteroides	s4a_max	44.79				tables/t1_ranked_passers.tsv
B_scatter	WP_195507097.1	Bacteroides	s4a_reported	False				tables/t1_ranked_passers.tsv
B_scatter	WP_195507097.1	Bacteroides	rank	319				tables/t1_ranked_passers.tsv
B_scatter	WP_299094389.1	Bacteroides	identity	32.4				tables/t1_ranked_passers.tsv
B_scatter	WP_299094389.1	Bacteroides	tlen	862				tables/t1_ranked_passers.tsv
B_scatter	WP_299094389.1	Bacteroides	family	GH3				tables/t1_ranked_passers.tsv
B_scatter	WP_299094389.1	Bacteroides	pul	out				tables/t1_ranked_passers.tsv
B_scatter	WP_299094389.1	Bacteroides	s4a_max	44.78				tables/t1_ranked_passers.tsv
B_scatter	WP_299094389.1	Bacteroides	s4a_reported	False				tables/t1_ranked_passers.tsv
B_scatter	WP_299094389.1	Bacteroides	rank	320				tables/t1_ranked_passers.tsv
B_scatter	WP_044159948.1	Bacteroides	identity	32.2				tables/t1_ranked_passers.tsv
B_scatter	WP_044159948.1	Bacteroides	tlen	865				tables/t1_ranked_passers.tsv
B_scatter	WP_044159948.1	Bacteroides	family	GH3				tables/t1_ranked_passers.tsv
B_scatter	WP_044159948.1	Bacteroides	pul	out				tables/t1_ranked_passers.tsv
B_scatter	WP_044159948.1	Bacteroides	s4a_max	44.79				tables/t1_ranked_passers.tsv
B_scatter	WP_044159948.1	Bacteroides	s4a_reported	False				tables/t1_ranked_passers.tsv
B_scatter	WP_044159948.1	Bacteroides	rank	321				tables/t1_ranked_passers.tsv
B_scatter	WP_322932323.1	Bacteroides	identity	31.86				tables/t1_ranked_passers.tsv
B_scatter	WP_322932323.1	Bacteroides	tlen	748				tables/t1_ranked_passers.tsv
B_scatter	WP_322932323.1	Bacteroides	family	GH3				tables/t1_ranked_passers.tsv
B_scatter	WP_322932323.1	Bacteroides	pul	out				tables/t1_ranked_passers.tsv
B_scatter	WP_322932323.1	Bacteroides	s4a_max	32.49				tables/t1_ranked_passers.tsv
B_scatter	WP_322932323.1	Bacteroides	s4a_reported	False				tables/t1_ranked_passers.tsv
B_scatter	WP_322932323.1	Bacteroides	rank	322				tables/t1_ranked_passers.tsv
B_scatter	WP_010993738.1	Bacteroides	identity	67.42				tables/t1_ranked_passers.tsv
B_scatter	WP_010993738.1	Bacteroides	tlen	764				tables/t1_ranked_passers.tsv
B_scatter	WP_010993738.1	Bacteroides	family	GH3				tables/t1_ranked_passers.tsv
B_scatter	WP_010993738.1	Bacteroides	pul	out				tables/t1_ranked_passers.tsv
B_scatter	WP_010993738.1	Bacteroides	s4a_max	66.36				tables/t1_ranked_passers.tsv
B_scatter	WP_010993738.1	Bacteroides	s4a_reported	False				tables/t1_ranked_passers.tsv
B_scatter	WP_010993738.1	Bacteroides	rank	323				tables/t1_ranked_passers.tsv
B_scatter	WP_172579068.1	Bacteroides	identity	38.15				tables/t1_ranked_passers.tsv
B_scatter	WP_172579068.1	Bacteroides	tlen	805				tables/t1_ranked_passers.tsv
B_scatter	WP_172579068.1	Bacteroides	family	GH3				tables/t1_ranked_passers.tsv
B_scatter	WP_172579068.1	Bacteroides	pul	out				tables/t1_ranked_passers.tsv
B_scatter	WP_172579068.1	Bacteroides	s4a_max	41.67				tables/t1_ranked_passers.tsv
B_scatter	WP_172579068.1	Bacteroides	s4a_reported	False				tables/t1_ranked_passers.tsv
B_scatter	WP_172579068.1	Bacteroides	rank	324				tables/t1_ranked_passers.tsv
B_scatter	WP_010992182.1	Bacteroides	identity	36.15				tables/t1_ranked_passers.tsv
B_scatter	WP_010992182.1	Bacteroides	tlen	722				tables/t1_ranked_passers.tsv
B_scatter	WP_010992182.1	Bacteroides	family	GH3				tables/t1_ranked_passers.tsv
B_scatter	WP_010992182.1	Bacteroides	pul	out				tables/t1_ranked_passers.tsv
B_scatter	WP_010992182.1	Bacteroides	s4a_max	34.63				tables/t1_ranked_passers.tsv
B_scatter	WP_010992182.1	Bacteroides	s4a_reported	False				tables/t1_ranked_passers.tsv
B_scatter	WP_010992182.1	Bacteroides	rank	325				tables/t1_ranked_passers.tsv
B_scatter	WP_010993179.1	Bacteroides	identity	36.03				tables/t1_ranked_passers.tsv
B_scatter	WP_010993179.1	Bacteroides	tlen	859				tables/t1_ranked_passers.tsv
B_scatter	WP_010993179.1	Bacteroides	family	GH3				tables/t1_ranked_passers.tsv
B_scatter	WP_010993179.1	Bacteroides	pul	out				tables/t1_ranked_passers.tsv
B_scatter	WP_010993179.1	Bacteroides	s4a_max	34.72				tables/t1_ranked_passers.tsv
B_scatter	WP_010993179.1	Bacteroides	s4a_reported	False				tables/t1_ranked_passers.tsv
B_scatter	WP_010993179.1	Bacteroides	rank	326				tables/t1_ranked_passers.tsv
B_scatter	WP_010991964.1	Bacteroides	identity	36.01				tables/t1_ranked_passers.tsv
B_scatter	WP_010991964.1	Bacteroides	tlen	832				tables/t1_ranked_passers.tsv
B_scatter	WP_010991964.1	Bacteroides	family	GH3				tables/t1_ranked_passers.tsv
B_scatter	WP_010991964.1	Bacteroides	pul	out				tables/t1_ranked_passers.tsv
B_scatter	WP_010991964.1	Bacteroides	s4a_max	33.89				tables/t1_ranked_passers.tsv
B_scatter	WP_010991964.1	Bacteroides	s4a_reported	False				tables/t1_ranked_passers.tsv
B_scatter	WP_010991964.1	Bacteroides	rank	327				tables/t1_ranked_passers.tsv
B_scatter	WP_010993184.1	Bacteroides	identity	33.33				tables/t1_ranked_passers.tsv
B_scatter	WP_010993184.1	Bacteroides	tlen	861				tables/t1_ranked_passers.tsv
B_scatter	WP_010993184.1	Bacteroides	family	GH3				tables/t1_ranked_passers.tsv
B_scatter	WP_010993184.1	Bacteroides	pul	out				tables/t1_ranked_passers.tsv
B_scatter	WP_010993184.1	Bacteroides	s4a_max	32.7				tables/t1_ranked_passers.tsv
B_scatter	WP_010993184.1	Bacteroides	s4a_reported	False				tables/t1_ranked_passers.tsv
B_scatter	WP_010993184.1	Bacteroides	rank	328				tables/t1_ranked_passers.tsv
B_scatter	WP_085961429.1	Phocaeicola	identity	67.46				tables/t1_ranked_passers.tsv
B_scatter	WP_085961429.1	Phocaeicola	tlen	771				tables/t1_ranked_passers.tsv
B_scatter	WP_085961429.1	Phocaeicola	family	GH3				tables/t1_ranked_passers.tsv
B_scatter	WP_085961429.1	Phocaeicola	pul	nan				tables/t1_ranked_passers.tsv
B_scatter	WP_085961429.1	Phocaeicola	s4a_max	67.36				tables/t1_ranked_passers.tsv
B_scatter	WP_085961429.1	Phocaeicola	s4a_reported	False				tables/t1_ranked_passers.tsv
B_scatter	WP_085961429.1	Phocaeicola	rank	329				tables/t1_ranked_passers.tsv
B_scatter	WP_081094267.1	Tannerella	identity	62.47				tables/t1_ranked_passers.tsv
B_scatter	WP_081094267.1	Tannerella	tlen	757				tables/t1_ranked_passers.tsv
B_scatter	WP_081094267.1	Tannerella	family	GH3				tables/t1_ranked_passers.tsv
B_scatter	WP_081094267.1	Tannerella	pul	nan				tables/t1_ranked_passers.tsv
B_scatter	WP_081094267.1	Tannerella	s4a_max	62.62				tables/t1_ranked_passers.tsv
B_scatter	WP_081094267.1	Tannerella	s4a_reported	False				tables/t1_ranked_passers.tsv
B_scatter	WP_081094267.1	Tannerella	rank	330				tables/t1_ranked_passers.tsv
B_scatter	WP_080561803.1	Tannerella	identity	62.33				tables/t1_ranked_passers.tsv
B_scatter	WP_080561803.1	Tannerella	tlen	757				tables/t1_ranked_passers.tsv
B_scatter	WP_080561803.1	Tannerella	family	GH3				tables/t1_ranked_passers.tsv
B_scatter	WP_080561803.1	Tannerella	pul	nan				tables/t1_ranked_passers.tsv
B_scatter	WP_080561803.1	Tannerella	s4a_max	62.48				tables/t1_ranked_passers.tsv
B_scatter	WP_080561803.1	Tannerella	s4a_reported	False				tables/t1_ranked_passers.tsv
B_scatter	WP_080561803.1	Tannerella	rank	331				tables/t1_ranked_passers.tsv
B_scatter	WP_013618079.1	Phocaeicola	identity	55.1				tables/t1_ranked_passers.tsv
B_scatter	WP_013618079.1	Phocaeicola	tlen	775				tables/t1_ranked_passers.tsv
B_scatter	WP_013618079.1	Phocaeicola	family	GH3				tables/t1_ranked_passers.tsv
B_scatter	WP_013618079.1	Phocaeicola	pul	nan				tables/t1_ranked_passers.tsv
B_scatter	WP_013618079.1	Phocaeicola	s4a_max	54.06				tables/t1_ranked_passers.tsv
B_scatter	WP_013618079.1	Phocaeicola	s4a_reported	False				tables/t1_ranked_passers.tsv
B_scatter	WP_013618079.1	Phocaeicola	rank	332				tables/t1_ranked_passers.tsv
B_scatter	WP_013617445.1	Phocaeicola	identity	54.38				tables/t1_ranked_passers.tsv
B_scatter	WP_013617445.1	Phocaeicola	tlen	763				tables/t1_ranked_passers.tsv
B_scatter	WP_013617445.1	Phocaeicola	family	GH3				tables/t1_ranked_passers.tsv
B_scatter	WP_013617445.1	Phocaeicola	pul	nan				tables/t1_ranked_passers.tsv
B_scatter	WP_013617445.1	Phocaeicola	s4a_max	54.52				tables/t1_ranked_passers.tsv
B_scatter	WP_013617445.1	Phocaeicola	s4a_reported	False				tables/t1_ranked_passers.tsv
B_scatter	WP_013617445.1	Phocaeicola	rank	333				tables/t1_ranked_passers.tsv
B_scatter	WP_013613005.1	Odoribacter	identity	54.13				tables/t1_ranked_passers.tsv
B_scatter	WP_013613005.1	Odoribacter	tlen	778				tables/t1_ranked_passers.tsv
B_scatter	WP_013613005.1	Odoribacter	family	GH3				tables/t1_ranked_passers.tsv
B_scatter	WP_013613005.1	Odoribacter	pul	nan				tables/t1_ranked_passers.tsv
B_scatter	WP_013613005.1	Odoribacter	s4a_max	53.47				tables/t1_ranked_passers.tsv
B_scatter	WP_013613005.1	Odoribacter	s4a_reported	False				tables/t1_ranked_passers.tsv
B_scatter	WP_013613005.1	Odoribacter	rank	334				tables/t1_ranked_passers.tsv
B_scatter	WP_022160424.1	Odoribacter	identity	54.13				tables/t1_ranked_passers.tsv
B_scatter	WP_022160424.1	Odoribacter	tlen	778				tables/t1_ranked_passers.tsv
B_scatter	WP_022160424.1	Odoribacter	family	GH3				tables/t1_ranked_passers.tsv
B_scatter	WP_022160424.1	Odoribacter	pul	nan				tables/t1_ranked_passers.tsv
B_scatter	WP_022160424.1	Odoribacter	s4a_max	53.47				tables/t1_ranked_passers.tsv
B_scatter	WP_022160424.1	Odoribacter	s4a_reported	False				tables/t1_ranked_passers.tsv
B_scatter	WP_022160424.1	Odoribacter	rank	335				tables/t1_ranked_passers.tsv
B_scatter	WP_025279181.1	Barnesiella	identity	52.19				tables/t1_ranked_passers.tsv
B_scatter	WP_025279181.1	Barnesiella	tlen	755				tables/t1_ranked_passers.tsv
B_scatter	WP_025279181.1	Barnesiella	family	GH3				tables/t1_ranked_passers.tsv
B_scatter	WP_025279181.1	Barnesiella	pul	nan				tables/t1_ranked_passers.tsv
B_scatter	WP_025279181.1	Barnesiella	s4a_max	52.32				tables/t1_ranked_passers.tsv
B_scatter	WP_025279181.1	Barnesiella	s4a_reported	False				tables/t1_ranked_passers.tsv
B_scatter	WP_025279181.1	Barnesiella	rank	336				tables/t1_ranked_passers.tsv
B_scatter	WP_250794371.1	Barnesiella	identity	51.08				tables/t1_ranked_passers.tsv
B_scatter	WP_250794371.1	Barnesiella	tlen	748				tables/t1_ranked_passers.tsv
B_scatter	WP_250794371.1	Barnesiella	family	GH3				tables/t1_ranked_passers.tsv
B_scatter	WP_250794371.1	Barnesiella	pul	nan				tables/t1_ranked_passers.tsv
B_scatter	WP_250794371.1	Barnesiella	s4a_max	50.94				tables/t1_ranked_passers.tsv
B_scatter	WP_250794371.1	Barnesiella	s4a_reported	False				tables/t1_ranked_passers.tsv
B_scatter	WP_250794371.1	Barnesiella	rank	337				tables/t1_ranked_passers.tsv
B_scatter	WP_034541984.1	Phocaeicola	identity	49.39				tables/t1_ranked_passers.tsv
B_scatter	WP_034541984.1	Phocaeicola	tlen	768				tables/t1_ranked_passers.tsv
B_scatter	WP_034541984.1	Phocaeicola	family	GH3				tables/t1_ranked_passers.tsv
B_scatter	WP_034541984.1	Phocaeicola	pul	nan				tables/t1_ranked_passers.tsv
B_scatter	WP_034541984.1	Phocaeicola	s4a_max	49.22				tables/t1_ranked_passers.tsv
B_scatter	WP_034541984.1	Phocaeicola	s4a_reported	False				tables/t1_ranked_passers.tsv
B_scatter	WP_034541984.1	Phocaeicola	rank	338				tables/t1_ranked_passers.tsv
B_scatter	WP_306435914.1	Odoribacter	identity	48.32				tables/t1_ranked_passers.tsv
B_scatter	WP_306435914.1	Odoribacter	tlen	806				tables/t1_ranked_passers.tsv
B_scatter	WP_306435914.1	Odoribacter	family	GH3				tables/t1_ranked_passers.tsv
B_scatter	WP_306435914.1	Odoribacter	pul	nan				tables/t1_ranked_passers.tsv
B_scatter	WP_306435914.1	Odoribacter	s4a_max	46.4				tables/t1_ranked_passers.tsv
B_scatter	WP_306435914.1	Odoribacter	s4a_reported	False				tables/t1_ranked_passers.tsv
B_scatter	WP_306435914.1	Odoribacter	rank	339				tables/t1_ranked_passers.tsv
B_scatter	WP_015546730.1	Alistipes	identity	48.13				tables/t1_ranked_passers.tsv
B_scatter	WP_015546730.1	Alistipes	tlen	776				tables/t1_ranked_passers.tsv
B_scatter	WP_015546730.1	Alistipes	family	GH3				tables/t1_ranked_passers.tsv
B_scatter	WP_015546730.1	Alistipes	pul	nan				tables/t1_ranked_passers.tsv
B_scatter	WP_015546730.1	Alistipes	s4a_max	47.16				tables/t1_ranked_passers.tsv
B_scatter	WP_015546730.1	Alistipes	s4a_reported	False				tables/t1_ranked_passers.tsv
B_scatter	WP_015546730.1	Alistipes	rank	340				tables/t1_ranked_passers.tsv
B_scatter	WP_232208877.1	Alistipes	identity	47.84				tables/t1_ranked_passers.tsv
B_scatter	WP_232208877.1	Alistipes	tlen	824				tables/t1_ranked_passers.tsv
B_scatter	WP_232208877.1	Alistipes	family	GH3				tables/t1_ranked_passers.tsv
B_scatter	WP_232208877.1	Alistipes	pul	nan				tables/t1_ranked_passers.tsv
B_scatter	WP_232208877.1	Alistipes	s4a_max	44.84				tables/t1_ranked_passers.tsv
B_scatter	WP_232208877.1	Alistipes	s4a_reported	False				tables/t1_ranked_passers.tsv
B_scatter	WP_232208877.1	Alistipes	rank	341				tables/t1_ranked_passers.tsv
B_scatter	WP_329905080.1	Porphyromonas	identity	47.63				tables/t1_ranked_passers.tsv
B_scatter	WP_329905080.1	Porphyromonas	tlen	759				tables/t1_ranked_passers.tsv
B_scatter	WP_329905080.1	Porphyromonas	family	GH3				tables/t1_ranked_passers.tsv
B_scatter	WP_329905080.1	Porphyromonas	pul	nan				tables/t1_ranked_passers.tsv
B_scatter	WP_329905080.1	Porphyromonas	s4a_max	47.69				tables/t1_ranked_passers.tsv
B_scatter	WP_329905080.1	Porphyromonas	s4a_reported	False				tables/t1_ranked_passers.tsv
B_scatter	WP_329905080.1	Porphyromonas	rank	342				tables/t1_ranked_passers.tsv
B_scatter	WP_083810191.1	Alistipes	identity	47.05				tables/t1_ranked_passers.tsv
B_scatter	WP_083810191.1	Alistipes	tlen	738				tables/t1_ranked_passers.tsv
B_scatter	WP_083810191.1	Alistipes	family	GH3				tables/t1_ranked_passers.tsv
B_scatter	WP_083810191.1	Alistipes	pul	nan				tables/t1_ranked_passers.tsv
B_scatter	WP_083810191.1	Alistipes	s4a_max	47.15				tables/t1_ranked_passers.tsv
B_scatter	WP_083810191.1	Alistipes	s4a_reported	False				tables/t1_ranked_passers.tsv
B_scatter	WP_083810191.1	Alistipes	rank	343				tables/t1_ranked_passers.tsv
B_scatter	WP_025278770.1	Barnesiella	identity	46.44				tables/t1_ranked_passers.tsv
B_scatter	WP_025278770.1	Barnesiella	tlen	741				tables/t1_ranked_passers.tsv
B_scatter	WP_025278770.1	Barnesiella	family	GH3				tables/t1_ranked_passers.tsv
B_scatter	WP_025278770.1	Barnesiella	pul	nan				tables/t1_ranked_passers.tsv
B_scatter	WP_025278770.1	Barnesiella	s4a_max	47.1				tables/t1_ranked_passers.tsv
B_scatter	WP_025278770.1	Barnesiella	s4a_reported	False				tables/t1_ranked_passers.tsv
B_scatter	WP_025278770.1	Barnesiella	rank	344				tables/t1_ranked_passers.tsv
B_scatter	WP_250792152.1	Barnesiella	identity	44.67				tables/t1_ranked_passers.tsv
B_scatter	WP_250792152.1	Barnesiella	tlen	742				tables/t1_ranked_passers.tsv
B_scatter	WP_250792152.1	Barnesiella	family	GH3				tables/t1_ranked_passers.tsv
B_scatter	WP_250792152.1	Barnesiella	pul	nan				tables/t1_ranked_passers.tsv
B_scatter	WP_250792152.1	Barnesiella	s4a_max	44.74				tables/t1_ranked_passers.tsv
B_scatter	WP_250792152.1	Barnesiella	s4a_reported	False				tables/t1_ranked_passers.tsv
B_scatter	WP_250792152.1	Barnesiella	rank	345				tables/t1_ranked_passers.tsv
B_scatter	WP_136409483.1	Muribaculum	identity	44.55				tables/t1_ranked_passers.tsv
B_scatter	WP_136409483.1	Muribaculum	tlen	766				tables/t1_ranked_passers.tsv
B_scatter	WP_136409483.1	Muribaculum	family	GH3				tables/t1_ranked_passers.tsv
B_scatter	WP_136409483.1	Muribaculum	pul	nan				tables/t1_ranked_passers.tsv
B_scatter	WP_136409483.1	Muribaculum	s4a_max	43.6				tables/t1_ranked_passers.tsv
B_scatter	WP_136409483.1	Muribaculum	s4a_reported	False				tables/t1_ranked_passers.tsv
B_scatter	WP_136409483.1	Muribaculum	rank	346				tables/t1_ranked_passers.tsv
B_scatter	WP_195342577.1	Barnesiella	identity	44.4				tables/t1_ranked_passers.tsv
B_scatter	WP_195342577.1	Barnesiella	tlen	742				tables/t1_ranked_passers.tsv
B_scatter	WP_195342577.1	Barnesiella	family	GH3				tables/t1_ranked_passers.tsv
B_scatter	WP_195342577.1	Barnesiella	pul	nan				tables/t1_ranked_passers.tsv
B_scatter	WP_195342577.1	Barnesiella	s4a_max	44.47				tables/t1_ranked_passers.tsv
B_scatter	WP_195342577.1	Barnesiella	s4a_reported	False				tables/t1_ranked_passers.tsv
B_scatter	WP_195342577.1	Barnesiella	rank	347				tables/t1_ranked_passers.tsv
B_scatter	WP_025278050.1	Barnesiella	identity	44.31				tables/t1_ranked_passers.tsv
B_scatter	WP_025278050.1	Barnesiella	tlen	613				tables/t1_ranked_passers.tsv
B_scatter	WP_025278050.1	Barnesiella	family	GH3				tables/t1_ranked_passers.tsv
B_scatter	WP_025278050.1	Barnesiella	pul	nan				tables/t1_ranked_passers.tsv
B_scatter	WP_025278050.1	Barnesiella	s4a_max	22.82				tables/t1_ranked_passers.tsv
B_scatter	WP_025278050.1	Barnesiella	s4a_reported	False				tables/t1_ranked_passers.tsv
B_scatter	WP_025278050.1	Barnesiella	rank	348				tables/t1_ranked_passers.tsv
B_scatter	WP_195492189.1	Barnesiella	identity	43.85				tables/t1_ranked_passers.tsv
B_scatter	WP_195492189.1	Barnesiella	tlen	766				tables/t1_ranked_passers.tsv
B_scatter	WP_195492189.1	Barnesiella	family	GH3				tables/t1_ranked_passers.tsv
B_scatter	WP_195492189.1	Barnesiella	pul	nan				tables/t1_ranked_passers.tsv
B_scatter	WP_195492189.1	Barnesiella	s4a_max	44.13				tables/t1_ranked_passers.tsv
B_scatter	WP_195492189.1	Barnesiella	s4a_reported	False				tables/t1_ranked_passers.tsv
B_scatter	WP_195492189.1	Barnesiella	rank	349				tables/t1_ranked_passers.tsv
B_scatter	WP_250792418.1	Barnesiella	identity	43.85				tables/t1_ranked_passers.tsv
B_scatter	WP_250792418.1	Barnesiella	tlen	766				tables/t1_ranked_passers.tsv
B_scatter	WP_250792418.1	Barnesiella	family	GH3				tables/t1_ranked_passers.tsv
B_scatter	WP_250792418.1	Barnesiella	pul	nan				tables/t1_ranked_passers.tsv
B_scatter	WP_250792418.1	Barnesiella	s4a_max	44.26				tables/t1_ranked_passers.tsv
B_scatter	WP_250792418.1	Barnesiella	s4a_reported	False				tables/t1_ranked_passers.tsv
B_scatter	WP_250792418.1	Barnesiella	rank	350				tables/t1_ranked_passers.tsv
B_scatter	WP_394364987.1	Muribaculum	identity	42.59				tables/t1_ranked_passers.tsv
B_scatter	WP_394364987.1	Muribaculum	tlen	711				tables/t1_ranked_passers.tsv
B_scatter	WP_394364987.1	Muribaculum	family	GH3				tables/t1_ranked_passers.tsv
B_scatter	WP_394364987.1	Muribaculum	pul	nan				tables/t1_ranked_passers.tsv
B_scatter	WP_394364987.1	Muribaculum	s4a_max	55.13				tables/t1_ranked_passers.tsv
B_scatter	WP_394364987.1	Muribaculum	s4a_reported	False				tables/t1_ranked_passers.tsv
B_scatter	WP_394364987.1	Muribaculum	rank	351				tables/t1_ranked_passers.tsv
B_scatter	WP_015546890.1	Alistipes	identity	42.13				tables/t1_ranked_passers.tsv
B_scatter	WP_015546890.1	Alistipes	tlen	733				tables/t1_ranked_passers.tsv
B_scatter	WP_015546890.1	Alistipes	family	GH3				tables/t1_ranked_passers.tsv
B_scatter	WP_015546890.1	Alistipes	pul	nan				tables/t1_ranked_passers.tsv
B_scatter	WP_015546890.1	Alistipes	s4a_max	59.21				tables/t1_ranked_passers.tsv
B_scatter	WP_015546890.1	Alistipes	s4a_reported	False				tables/t1_ranked_passers.tsv
B_scatter	WP_015546890.1	Alistipes	rank	352				tables/t1_ranked_passers.tsv
B_scatter	WP_491854018.1	Muribaculum	identity	41.28				tables/t1_ranked_passers.tsv
B_scatter	WP_491854018.1	Muribaculum	tlen	763				tables/t1_ranked_passers.tsv
B_scatter	WP_491854018.1	Muribaculum	family	GH3				tables/t1_ranked_passers.tsv
B_scatter	WP_491854018.1	Muribaculum	pul	nan				tables/t1_ranked_passers.tsv
B_scatter	WP_491854018.1	Muribaculum	s4a_max	42.35				tables/t1_ranked_passers.tsv
B_scatter	WP_491854018.1	Muribaculum	s4a_reported	False				tables/t1_ranked_passers.tsv
B_scatter	WP_491854018.1	Muribaculum	rank	353				tables/t1_ranked_passers.tsv
B_scatter	WP_009134077.1	Alistipes	identity	40.21				tables/t1_ranked_passers.tsv
B_scatter	WP_009134077.1	Alistipes	tlen	734				tables/t1_ranked_passers.tsv
B_scatter	WP_009134077.1	Alistipes	family	GH3				tables/t1_ranked_passers.tsv
B_scatter	WP_009134077.1	Alistipes	pul	nan				tables/t1_ranked_passers.tsv
B_scatter	WP_009134077.1	Alistipes	s4a_max	41.83				tables/t1_ranked_passers.tsv
B_scatter	WP_009134077.1	Alistipes	s4a_reported	False				tables/t1_ranked_passers.tsv
B_scatter	WP_009134077.1	Alistipes	rank	354				tables/t1_ranked_passers.tsv
B_scatter	WP_068961162.1	Muribaculum	identity	40.0				tables/t1_ranked_passers.tsv
B_scatter	WP_068961162.1	Muribaculum	tlen	819				tables/t1_ranked_passers.tsv
B_scatter	WP_068961162.1	Muribaculum	family	GH3				tables/t1_ranked_passers.tsv
B_scatter	WP_068961162.1	Muribaculum	pul	nan				tables/t1_ranked_passers.tsv
B_scatter	WP_068961162.1	Muribaculum	s4a_max	37.72				tables/t1_ranked_passers.tsv
B_scatter	WP_068961162.1	Muribaculum	s4a_reported	False				tables/t1_ranked_passers.tsv
B_scatter	WP_068961162.1	Muribaculum	rank	355				tables/t1_ranked_passers.tsv
B_scatter	WP_060830813.1	Tannerella	identity	39.97				tables/t1_ranked_passers.tsv
B_scatter	WP_060830813.1	Tannerella	tlen	775				tables/t1_ranked_passers.tsv
B_scatter	WP_060830813.1	Tannerella	family	GH3				tables/t1_ranked_passers.tsv
B_scatter	WP_060830813.1	Tannerella	pul	nan				tables/t1_ranked_passers.tsv
B_scatter	WP_060830813.1	Tannerella	s4a_max	39.48				tables/t1_ranked_passers.tsv
B_scatter	WP_060830813.1	Tannerella	s4a_reported	False				tables/t1_ranked_passers.tsv
B_scatter	WP_060830813.1	Tannerella	rank	356				tables/t1_ranked_passers.tsv
B_scatter	WP_014224138.1	Tannerella	identity	39.97				tables/t1_ranked_passers.tsv
B_scatter	WP_014224138.1	Tannerella	tlen	775				tables/t1_ranked_passers.tsv
B_scatter	WP_014224138.1	Tannerella	family	GH3				tables/t1_ranked_passers.tsv
B_scatter	WP_014224138.1	Tannerella	pul	nan				tables/t1_ranked_passers.tsv
B_scatter	WP_014224138.1	Tannerella	s4a_max	39.48				tables/t1_ranked_passers.tsv
B_scatter	WP_014224138.1	Tannerella	s4a_reported	False				tables/t1_ranked_passers.tsv
B_scatter	WP_014224138.1	Tannerella	rank	357				tables/t1_ranked_passers.tsv
B_scatter	WP_025279513.1	Barnesiella	identity	39.64				tables/t1_ranked_passers.tsv
B_scatter	WP_025279513.1	Barnesiella	tlen	741				tables/t1_ranked_passers.tsv
B_scatter	WP_025279513.1	Barnesiella	family	GH3				tables/t1_ranked_passers.tsv
B_scatter	WP_025279513.1	Barnesiella	pul	nan				tables/t1_ranked_passers.tsv
B_scatter	WP_025279513.1	Barnesiella	s4a_max	42.11				tables/t1_ranked_passers.tsv
B_scatter	WP_025279513.1	Barnesiella	s4a_reported	False				tables/t1_ranked_passers.tsv
B_scatter	WP_025279513.1	Barnesiella	rank	358				tables/t1_ranked_passers.tsv
B_scatter	WP_117508417.1	Alistipes	identity	39.61				tables/t1_ranked_passers.tsv
B_scatter	WP_117508417.1	Alistipes	tlen	744				tables/t1_ranked_passers.tsv
B_scatter	WP_117508417.1	Alistipes	family	GH3				tables/t1_ranked_passers.tsv
B_scatter	WP_117508417.1	Alistipes	pul	nan				tables/t1_ranked_passers.tsv
B_scatter	WP_117508417.1	Alistipes	s4a_max	42.47				tables/t1_ranked_passers.tsv
B_scatter	WP_117508417.1	Alistipes	s4a_reported	False				tables/t1_ranked_passers.tsv
B_scatter	WP_117508417.1	Alistipes	rank	359				tables/t1_ranked_passers.tsv
B_scatter	WP_025279371.1	Barnesiella	identity	39.4				tables/t1_ranked_passers.tsv
B_scatter	WP_025279371.1	Barnesiella	tlen	739				tables/t1_ranked_passers.tsv
B_scatter	WP_025279371.1	Barnesiella	family	GH3				tables/t1_ranked_passers.tsv
B_scatter	WP_025279371.1	Barnesiella	pul	nan				tables/t1_ranked_passers.tsv
B_scatter	WP_025279371.1	Barnesiella	s4a_max	43.3				tables/t1_ranked_passers.tsv
B_scatter	WP_025279371.1	Barnesiella	s4a_reported	False				tables/t1_ranked_passers.tsv
B_scatter	WP_025279371.1	Barnesiella	rank	360				tables/t1_ranked_passers.tsv
B_scatter	WP_024993896.1	Phocaeicola	identity	38.66				tables/t1_ranked_passers.tsv
B_scatter	WP_024993896.1	Phocaeicola	tlen	782				tables/t1_ranked_passers.tsv
B_scatter	WP_024993896.1	Phocaeicola	family	GH3				tables/t1_ranked_passers.tsv
B_scatter	WP_024993896.1	Phocaeicola	pul	nan				tables/t1_ranked_passers.tsv
B_scatter	WP_024993896.1	Phocaeicola	s4a_max	37.99				tables/t1_ranked_passers.tsv
B_scatter	WP_024993896.1	Phocaeicola	s4a_reported	False				tables/t1_ranked_passers.tsv
B_scatter	WP_024993896.1	Phocaeicola	rank	361				tables/t1_ranked_passers.tsv
B_scatter	WP_068961073.1	Muribaculum	identity	38.57				tables/t1_ranked_passers.tsv
B_scatter	WP_068961073.1	Muribaculum	tlen	779				tables/t1_ranked_passers.tsv
B_scatter	WP_068961073.1	Muribaculum	family	GH3				tables/t1_ranked_passers.tsv
B_scatter	WP_068961073.1	Muribaculum	pul	nan				tables/t1_ranked_passers.tsv
B_scatter	WP_068961073.1	Muribaculum	s4a_max	37.7				tables/t1_ranked_passers.tsv
B_scatter	WP_068961073.1	Muribaculum	s4a_reported	False				tables/t1_ranked_passers.tsv
B_scatter	WP_068961073.1	Muribaculum	rank	362				tables/t1_ranked_passers.tsv
B_scatter	WP_008143191.1	Phocaeicola	identity	38.44				tables/t1_ranked_passers.tsv
B_scatter	WP_008143191.1	Phocaeicola	tlen	787				tables/t1_ranked_passers.tsv
B_scatter	WP_008143191.1	Phocaeicola	family	GH3				tables/t1_ranked_passers.tsv
B_scatter	WP_008143191.1	Phocaeicola	pul	nan				tables/t1_ranked_passers.tsv
B_scatter	WP_008143191.1	Phocaeicola	s4a_max	38.52				tables/t1_ranked_passers.tsv
B_scatter	WP_008143191.1	Phocaeicola	s4a_reported	False				tables/t1_ranked_passers.tsv
B_scatter	WP_008143191.1	Phocaeicola	rank	363				tables/t1_ranked_passers.tsv
B_scatter	WP_259872926.1	Alistipes	identity	38.42				tables/t1_ranked_passers.tsv
B_scatter	WP_259872926.1	Alistipes	tlen	744				tables/t1_ranked_passers.tsv
B_scatter	WP_259872926.1	Alistipes	family	GH3				tables/t1_ranked_passers.tsv
B_scatter	WP_259872926.1	Alistipes	pul	nan				tables/t1_ranked_passers.tsv
B_scatter	WP_259872926.1	Alistipes	s4a_max	41.67				tables/t1_ranked_passers.tsv
B_scatter	WP_259872926.1	Alistipes	s4a_reported	False				tables/t1_ranked_passers.tsv
B_scatter	WP_259872926.1	Alistipes	rank	364				tables/t1_ranked_passers.tsv
B_scatter	WP_250793031.1	Barnesiella	identity	38.29				tables/t1_ranked_passers.tsv
B_scatter	WP_250793031.1	Barnesiella	tlen	741				tables/t1_ranked_passers.tsv
B_scatter	WP_250793031.1	Barnesiella	family	GH3				tables/t1_ranked_passers.tsv
B_scatter	WP_250793031.1	Barnesiella	pul	nan				tables/t1_ranked_passers.tsv
B_scatter	WP_250793031.1	Barnesiella	s4a_max	42.24				tables/t1_ranked_passers.tsv
B_scatter	WP_250793031.1	Barnesiella	s4a_reported	False				tables/t1_ranked_passers.tsv
B_scatter	WP_250793031.1	Barnesiella	rank	365				tables/t1_ranked_passers.tsv
B_scatter	WP_025278780.1	Barnesiella	identity	38.16				tables/t1_ranked_passers.tsv
B_scatter	WP_025278780.1	Barnesiella	tlen	734				tables/t1_ranked_passers.tsv
B_scatter	WP_025278780.1	Barnesiella	family	GH3				tables/t1_ranked_passers.tsv
B_scatter	WP_025278780.1	Barnesiella	pul	nan				tables/t1_ranked_passers.tsv
B_scatter	WP_025278780.1	Barnesiella	s4a_max	42.78				tables/t1_ranked_passers.tsv
B_scatter	WP_025278780.1	Barnesiella	s4a_reported	False				tables/t1_ranked_passers.tsv
B_scatter	WP_025278780.1	Barnesiella	rank	366				tables/t1_ranked_passers.tsv
B_scatter	WP_009136824.1	Odoribacter	identity	37.95				tables/t1_ranked_passers.tsv
B_scatter	WP_009136824.1	Odoribacter	tlen	737				tables/t1_ranked_passers.tsv
B_scatter	WP_009136824.1	Odoribacter	family	GH3				tables/t1_ranked_passers.tsv
B_scatter	WP_009136824.1	Odoribacter	pul	nan				tables/t1_ranked_passers.tsv
B_scatter	WP_009136824.1	Odoribacter	s4a_max	40.98				tables/t1_ranked_passers.tsv
B_scatter	WP_009136824.1	Odoribacter	s4a_reported	False				tables/t1_ranked_passers.tsv
B_scatter	WP_009136824.1	Odoribacter	rank	367				tables/t1_ranked_passers.tsv
B_scatter	WP_008861773.1	Barnesiella	identity	37.84				tables/t1_ranked_passers.tsv
B_scatter	WP_008861773.1	Barnesiella	tlen	741				tables/t1_ranked_passers.tsv
B_scatter	WP_008861773.1	Barnesiella	family	GH3				tables/t1_ranked_passers.tsv
B_scatter	WP_008861773.1	Barnesiella	pul	nan				tables/t1_ranked_passers.tsv
B_scatter	WP_008861773.1	Barnesiella	s4a_max	42.11				tables/t1_ranked_passers.tsv
B_scatter	WP_008861773.1	Barnesiella	s4a_reported	False				tables/t1_ranked_passers.tsv
B_scatter	WP_008861773.1	Barnesiella	rank	368				tables/t1_ranked_passers.tsv
B_scatter	WP_250793567.1	Barnesiella	identity	37.8				tables/t1_ranked_passers.tsv
B_scatter	WP_250793567.1	Barnesiella	tlen	717				tables/t1_ranked_passers.tsv
B_scatter	WP_250793567.1	Barnesiella	family	GH3				tables/t1_ranked_passers.tsv
B_scatter	WP_250793567.1	Barnesiella	pul	nan				tables/t1_ranked_passers.tsv
B_scatter	WP_250793567.1	Barnesiella	s4a_max	33.47				tables/t1_ranked_passers.tsv
B_scatter	WP_250793567.1	Barnesiella	s4a_reported	False				tables/t1_ranked_passers.tsv
B_scatter	WP_250793567.1	Barnesiella	rank	369				tables/t1_ranked_passers.tsv
B_scatter	WP_464643900.1	Phocaeicola	identity	37.78				tables/t1_ranked_passers.tsv
B_scatter	WP_464643900.1	Phocaeicola	tlen	724				tables/t1_ranked_passers.tsv
B_scatter	WP_464643900.1	Phocaeicola	family	GH3				tables/t1_ranked_passers.tsv
B_scatter	WP_464643900.1	Phocaeicola	pul	nan				tables/t1_ranked_passers.tsv
B_scatter	WP_464643900.1	Phocaeicola	s4a_max	45.03				tables/t1_ranked_passers.tsv
B_scatter	WP_464643900.1	Phocaeicola	s4a_reported	False				tables/t1_ranked_passers.tsv
B_scatter	WP_464643900.1	Phocaeicola	rank	370				tables/t1_ranked_passers.tsv
B_scatter	WP_136409511.1	Muribaculum	identity	37.67				tables/t1_ranked_passers.tsv
B_scatter	WP_136409511.1	Muribaculum	tlen	735				tables/t1_ranked_passers.tsv
B_scatter	WP_136409511.1	Muribaculum	family	GH3				tables/t1_ranked_passers.tsv
B_scatter	WP_136409511.1	Muribaculum	pul	nan				tables/t1_ranked_passers.tsv
B_scatter	WP_136409511.1	Muribaculum	s4a_max	43.13				tables/t1_ranked_passers.tsv
B_scatter	WP_136409511.1	Muribaculum	s4a_reported	False				tables/t1_ranked_passers.tsv
B_scatter	WP_136409511.1	Muribaculum	rank	371				tables/t1_ranked_passers.tsv
B_scatter	WP_008860678.1	Barnesiella	identity	37.63				tables/t1_ranked_passers.tsv
B_scatter	WP_008860678.1	Barnesiella	tlen	738				tables/t1_ranked_passers.tsv
B_scatter	WP_008860678.1	Barnesiella	family	GH3				tables/t1_ranked_passers.tsv
B_scatter	WP_008860678.1	Barnesiella	pul	nan				tables/t1_ranked_passers.tsv
B_scatter	WP_008860678.1	Barnesiella	s4a_max	41.6				tables/t1_ranked_passers.tsv
B_scatter	WP_008860678.1	Barnesiella	s4a_reported	False				tables/t1_ranked_passers.tsv
B_scatter	WP_008860678.1	Barnesiella	rank	372				tables/t1_ranked_passers.tsv
B_scatter	WP_232321420.1	Muribaculum	identity	37.56				tables/t1_ranked_passers.tsv
B_scatter	WP_232321420.1	Muribaculum	tlen	967				tables/t1_ranked_passers.tsv
B_scatter	WP_232321420.1	Muribaculum	family	GH3				tables/t1_ranked_passers.tsv
B_scatter	WP_232321420.1	Muribaculum	pul	nan				tables/t1_ranked_passers.tsv
B_scatter	WP_232321420.1	Muribaculum	s4a_max	21.22				tables/t1_ranked_passers.tsv
B_scatter	WP_232321420.1	Muribaculum	s4a_reported	False				tables/t1_ranked_passers.tsv
B_scatter	WP_232321420.1	Muribaculum	rank	373				tables/t1_ranked_passers.tsv
B_scatter	WP_013616924.1	Phocaeicola	identity	37.54				tables/t1_ranked_passers.tsv
B_scatter	WP_013616924.1	Phocaeicola	tlen	740				tables/t1_ranked_passers.tsv
B_scatter	WP_013616924.1	Phocaeicola	family	GH3				tables/t1_ranked_passers.tsv
B_scatter	WP_013616924.1	Phocaeicola	pul	nan				tables/t1_ranked_passers.tsv
B_scatter	WP_013616924.1	Phocaeicola	s4a_max	40.68				tables/t1_ranked_passers.tsv
B_scatter	WP_013616924.1	Phocaeicola	s4a_reported	False				tables/t1_ranked_passers.tsv
B_scatter	WP_013616924.1	Phocaeicola	rank	374				tables/t1_ranked_passers.tsv
B_scatter	WP_204083355.1	Phocaeicola	identity	37.52				tables/t1_ranked_passers.tsv
B_scatter	WP_204083355.1	Phocaeicola	tlen	878				tables/t1_ranked_passers.tsv
B_scatter	WP_204083355.1	Phocaeicola	family	GH3				tables/t1_ranked_passers.tsv
B_scatter	WP_204083355.1	Phocaeicola	pul	nan				tables/t1_ranked_passers.tsv
B_scatter	WP_204083355.1	Phocaeicola	s4a_max	33.91				tables/t1_ranked_passers.tsv
B_scatter	WP_204083355.1	Phocaeicola	s4a_reported	False				tables/t1_ranked_passers.tsv
B_scatter	WP_204083355.1	Phocaeicola	rank	375				tables/t1_ranked_passers.tsv
B_scatter	WP_407934810.1	Barnesiella	identity	37.33				tables/t1_ranked_passers.tsv
B_scatter	WP_407934810.1	Barnesiella	tlen	738				tables/t1_ranked_passers.tsv
B_scatter	WP_407934810.1	Barnesiella	family	GH3				tables/t1_ranked_passers.tsv
B_scatter	WP_407934810.1	Barnesiella	pul	nan				tables/t1_ranked_passers.tsv
B_scatter	WP_407934810.1	Barnesiella	s4a_max	41.46				tables/t1_ranked_passers.tsv
B_scatter	WP_407934810.1	Barnesiella	s4a_reported	False				tables/t1_ranked_passers.tsv
B_scatter	WP_407934810.1	Barnesiella	rank	376				tables/t1_ranked_passers.tsv
B_scatter	WP_013617897.1	Phocaeicola	identity	37.24				tables/t1_ranked_passers.tsv
B_scatter	WP_013617897.1	Phocaeicola	tlen	740				tables/t1_ranked_passers.tsv
B_scatter	WP_013617897.1	Phocaeicola	family	GH3				tables/t1_ranked_passers.tsv
B_scatter	WP_013617897.1	Phocaeicola	pul	nan				tables/t1_ranked_passers.tsv
B_scatter	WP_013617897.1	Phocaeicola	s4a_max	39.73				tables/t1_ranked_passers.tsv
B_scatter	WP_013617897.1	Phocaeicola	s4a_reported	False				tables/t1_ranked_passers.tsv
B_scatter	WP_013617897.1	Phocaeicola	rank	377				tables/t1_ranked_passers.tsv
B_scatter	WP_155819152.1	Phocaeicola	identity	36.33				tables/t1_ranked_passers.tsv
B_scatter	WP_155819152.1	Phocaeicola	tlen	771				tables/t1_ranked_passers.tsv
B_scatter	WP_155819152.1	Phocaeicola	family	GH3				tables/t1_ranked_passers.tsv
B_scatter	WP_155819152.1	Phocaeicola	pul	nan				tables/t1_ranked_passers.tsv
B_scatter	WP_155819152.1	Phocaeicola	s4a_max	39.04				tables/t1_ranked_passers.tsv
B_scatter	WP_155819152.1	Phocaeicola	s4a_reported	False				tables/t1_ranked_passers.tsv
B_scatter	WP_155819152.1	Phocaeicola	rank	378				tables/t1_ranked_passers.tsv
B_scatter	WP_464643781.1	Phocaeicola	identity	36.3				tables/t1_ranked_passers.tsv
B_scatter	WP_464643781.1	Phocaeicola	tlen	737				tables/t1_ranked_passers.tsv
B_scatter	WP_464643781.1	Phocaeicola	family	GH3				tables/t1_ranked_passers.tsv
B_scatter	WP_464643781.1	Phocaeicola	pul	nan				tables/t1_ranked_passers.tsv
B_scatter	WP_464643781.1	Phocaeicola	s4a_max	44.23				tables/t1_ranked_passers.tsv
B_scatter	WP_464643781.1	Phocaeicola	s4a_reported	False				tables/t1_ranked_passers.tsv
B_scatter	WP_464643781.1	Phocaeicola	rank	379				tables/t1_ranked_passers.tsv
B_scatter	WP_015546573.1	Alistipes	identity	35.58				tables/t1_ranked_passers.tsv
B_scatter	WP_015546573.1	Alistipes	tlen	701				tables/t1_ranked_passers.tsv
B_scatter	WP_015546573.1	Alistipes	family	GH3				tables/t1_ranked_passers.tsv
B_scatter	WP_015546573.1	Alistipes	pul	nan				tables/t1_ranked_passers.tsv
B_scatter	WP_015546573.1	Alistipes	s4a_max	36.66				tables/t1_ranked_passers.tsv
B_scatter	WP_015546573.1	Alistipes	s4a_reported	False				tables/t1_ranked_passers.tsv
B_scatter	WP_015546573.1	Alistipes	rank	380				tables/t1_ranked_passers.tsv
B_scatter	WP_084135260.1	Rikenella	identity	35.5				tables/t1_ranked_passers.tsv
B_scatter	WP_084135260.1	Rikenella	tlen	959				tables/t1_ranked_passers.tsv
B_scatter	WP_084135260.1	Rikenella	family	GH3				tables/t1_ranked_passers.tsv
B_scatter	WP_084135260.1	Rikenella	pul	nan				tables/t1_ranked_passers.tsv
B_scatter	WP_084135260.1	Rikenella	s4a_max	31.94				tables/t1_ranked_passers.tsv
B_scatter	WP_084135260.1	Rikenella	s4a_reported	False				tables/t1_ranked_passers.tsv
B_scatter	WP_084135260.1	Rikenella	rank	381				tables/t1_ranked_passers.tsv
B_scatter	WP_068961873.1	Muribaculum	identity	35.11				tables/t1_ranked_passers.tsv
B_scatter	WP_068961873.1	Muribaculum	tlen	854				tables/t1_ranked_passers.tsv
B_scatter	WP_068961873.1	Muribaculum	family	GH3				tables/t1_ranked_passers.tsv
B_scatter	WP_068961873.1	Muribaculum	pul	nan				tables/t1_ranked_passers.tsv
B_scatter	WP_068961873.1	Muribaculum	s4a_max	43.91				tables/t1_ranked_passers.tsv
B_scatter	WP_068961873.1	Muribaculum	s4a_reported	False				tables/t1_ranked_passers.tsv
B_scatter	WP_068961873.1	Muribaculum	rank	382				tables/t1_ranked_passers.tsv
B_scatter	WP_068960380.1	Muribaculum	identity	35.03				tables/t1_ranked_passers.tsv
B_scatter	WP_068960380.1	Muribaculum	tlen	743				tables/t1_ranked_passers.tsv
B_scatter	WP_068960380.1	Muribaculum	family	GH3				tables/t1_ranked_passers.tsv
B_scatter	WP_068960380.1	Muribaculum	pul	nan				tables/t1_ranked_passers.tsv
B_scatter	WP_068960380.1	Muribaculum	s4a_max	30.55				tables/t1_ranked_passers.tsv
B_scatter	WP_068960380.1	Muribaculum	s4a_reported	False				tables/t1_ranked_passers.tsv
B_scatter	WP_068960380.1	Muribaculum	rank	383				tables/t1_ranked_passers.tsv
B_scatter	WP_013616936.1	Phocaeicola	identity	34.91				tables/t1_ranked_passers.tsv
B_scatter	WP_013616936.1	Phocaeicola	tlen	782				tables/t1_ranked_passers.tsv
B_scatter	WP_013616936.1	Phocaeicola	family	GH3				tables/t1_ranked_passers.tsv
B_scatter	WP_013616936.1	Phocaeicola	pul	nan				tables/t1_ranked_passers.tsv
B_scatter	WP_013616936.1	Phocaeicola	s4a_max	35.25				tables/t1_ranked_passers.tsv
B_scatter	WP_013616936.1	Phocaeicola	s4a_reported	False				tables/t1_ranked_passers.tsv
B_scatter	WP_013616936.1	Phocaeicola	rank	384				tables/t1_ranked_passers.tsv
B_scatter	WP_013617902.1	Phocaeicola	identity	34.91				tables/t1_ranked_passers.tsv
B_scatter	WP_013617902.1	Phocaeicola	tlen	782				tables/t1_ranked_passers.tsv
B_scatter	WP_013617902.1	Phocaeicola	family	GH3				tables/t1_ranked_passers.tsv
B_scatter	WP_013617902.1	Phocaeicola	pul	nan				tables/t1_ranked_passers.tsv
B_scatter	WP_013617902.1	Phocaeicola	s4a_max	35.25				tables/t1_ranked_passers.tsv
B_scatter	WP_013617902.1	Phocaeicola	s4a_reported	False				tables/t1_ranked_passers.tsv
B_scatter	WP_013617902.1	Phocaeicola	rank	385				tables/t1_ranked_passers.tsv
B_scatter	WP_136409632.1	Muribaculum	identity	34.63				tables/t1_ranked_passers.tsv
B_scatter	WP_136409632.1	Muribaculum	tlen	853				tables/t1_ranked_passers.tsv
B_scatter	WP_136409632.1	Muribaculum	family	GH3				tables/t1_ranked_passers.tsv
B_scatter	WP_136409632.1	Muribaculum	pul	nan				tables/t1_ranked_passers.tsv
B_scatter	WP_136409632.1	Muribaculum	s4a_max	46.42				tables/t1_ranked_passers.tsv
B_scatter	WP_136409632.1	Muribaculum	s4a_reported	False				tables/t1_ranked_passers.tsv
B_scatter	WP_136409632.1	Muribaculum	rank	386				tables/t1_ranked_passers.tsv
B_scatter	WP_008862627.1	Barnesiella	identity	34.46				tables/t1_ranked_passers.tsv
B_scatter	WP_008862627.1	Barnesiella	tlen	910				tables/t1_ranked_passers.tsv
B_scatter	WP_008862627.1	Barnesiella	family	GH3				tables/t1_ranked_passers.tsv
B_scatter	WP_008862627.1	Barnesiella	pul	nan				tables/t1_ranked_passers.tsv
B_scatter	WP_008862627.1	Barnesiella	s4a_max	33.92				tables/t1_ranked_passers.tsv
B_scatter	WP_008862627.1	Barnesiella	s4a_reported	False				tables/t1_ranked_passers.tsv
B_scatter	WP_008862627.1	Barnesiella	rank	387				tables/t1_ranked_passers.tsv
B_scatter	WP_084135194.1	Rikenella	identity	34.31				tables/t1_ranked_passers.tsv
B_scatter	WP_084135194.1	Rikenella	tlen	740				tables/t1_ranked_passers.tsv
B_scatter	WP_084135194.1	Rikenella	family	GH3				tables/t1_ranked_passers.tsv
B_scatter	WP_084135194.1	Rikenella	pul	nan				tables/t1_ranked_passers.tsv
B_scatter	WP_084135194.1	Rikenella	s4a_max	34.15				tables/t1_ranked_passers.tsv
B_scatter	WP_084135194.1	Rikenella	s4a_reported	False				tables/t1_ranked_passers.tsv
B_scatter	WP_084135194.1	Rikenella	rank	388				tables/t1_ranked_passers.tsv
B_scatter	WP_068959896.1	Muribaculum	identity	34.15				tables/t1_ranked_passers.tsv
B_scatter	WP_068959896.1	Muribaculum	tlen	773				tables/t1_ranked_passers.tsv
B_scatter	WP_068959896.1	Muribaculum	family	GH3				tables/t1_ranked_passers.tsv
B_scatter	WP_068959896.1	Muribaculum	pul	nan				tables/t1_ranked_passers.tsv
B_scatter	WP_068959896.1	Muribaculum	s4a_max	34.99				tables/t1_ranked_passers.tsv
B_scatter	WP_068959896.1	Muribaculum	s4a_reported	False				tables/t1_ranked_passers.tsv
B_scatter	WP_068959896.1	Muribaculum	rank	389				tables/t1_ranked_passers.tsv
B_scatter	WP_041583994.1	Phocaeicola	identity	33.77				tables/t1_ranked_passers.tsv
B_scatter	WP_041583994.1	Phocaeicola	tlen	827				tables/t1_ranked_passers.tsv
B_scatter	WP_041583994.1	Phocaeicola	family	GH3				tables/t1_ranked_passers.tsv
B_scatter	WP_041583994.1	Phocaeicola	pul	nan				tables/t1_ranked_passers.tsv
B_scatter	WP_041583994.1	Phocaeicola	s4a_max	36.99				tables/t1_ranked_passers.tsv
B_scatter	WP_041583994.1	Phocaeicola	s4a_reported	False				tables/t1_ranked_passers.tsv
B_scatter	WP_041583994.1	Phocaeicola	rank	390				tables/t1_ranked_passers.tsv
B_scatter	WP_008140933.1	Phocaeicola	identity	33.67				tables/t1_ranked_passers.tsv
B_scatter	WP_008140933.1	Phocaeicola	tlen	781				tables/t1_ranked_passers.tsv
B_scatter	WP_008140933.1	Phocaeicola	family	GH3				tables/t1_ranked_passers.tsv
B_scatter	WP_008140933.1	Phocaeicola	pul	nan				tables/t1_ranked_passers.tsv
B_scatter	WP_008140933.1	Phocaeicola	s4a_max	34.19				tables/t1_ranked_passers.tsv
B_scatter	WP_008140933.1	Phocaeicola	s4a_reported	False				tables/t1_ranked_passers.tsv
B_scatter	WP_008140933.1	Phocaeicola	rank	391				tables/t1_ranked_passers.tsv
B_scatter	WP_008863224.1	Barnesiella	identity	33.67				tables/t1_ranked_passers.tsv
B_scatter	WP_008863224.1	Barnesiella	tlen	860				tables/t1_ranked_passers.tsv
B_scatter	WP_008863224.1	Barnesiella	family	GH3				tables/t1_ranked_passers.tsv
B_scatter	WP_008863224.1	Barnesiella	pul	nan				tables/t1_ranked_passers.tsv
B_scatter	WP_008863224.1	Barnesiella	s4a_max	32.67				tables/t1_ranked_passers.tsv
B_scatter	WP_008863224.1	Barnesiella	s4a_reported	False				tables/t1_ranked_passers.tsv
B_scatter	WP_008863224.1	Barnesiella	rank	392				tables/t1_ranked_passers.tsv
B_scatter	WP_238337277.1	Muribaculum	identity	33.58				tables/t1_ranked_passers.tsv
B_scatter	WP_238337277.1	Muribaculum	tlen	977				tables/t1_ranked_passers.tsv
B_scatter	WP_238337277.1	Muribaculum	family	GH3				tables/t1_ranked_passers.tsv
B_scatter	WP_238337277.1	Muribaculum	pul	nan				tables/t1_ranked_passers.tsv
B_scatter	WP_238337277.1	Muribaculum	s4a_max	21.86				tables/t1_ranked_passers.tsv
B_scatter	WP_238337277.1	Muribaculum	s4a_reported	False				tables/t1_ranked_passers.tsv
B_scatter	WP_238337277.1	Muribaculum	rank	393				tables/t1_ranked_passers.tsv
B_scatter	WP_117506890.1	Alistipes	identity	33.57				tables/t1_ranked_passers.tsv
B_scatter	WP_117506890.1	Alistipes	tlen	774				tables/t1_ranked_passers.tsv
B_scatter	WP_117506890.1	Alistipes	family	GH3				tables/t1_ranked_passers.tsv
B_scatter	WP_117506890.1	Alistipes	pul	nan				tables/t1_ranked_passers.tsv
B_scatter	WP_117506890.1	Alistipes	s4a_max	34.75				tables/t1_ranked_passers.tsv
B_scatter	WP_117506890.1	Alistipes	s4a_reported	False				tables/t1_ranked_passers.tsv
B_scatter	WP_117506890.1	Alistipes	rank	394				tables/t1_ranked_passers.tsv
B_scatter	WP_250793819.1	Barnesiella	identity	33.52				tables/t1_ranked_passers.tsv
B_scatter	WP_250793819.1	Barnesiella	tlen	860				tables/t1_ranked_passers.tsv
B_scatter	WP_250793819.1	Barnesiella	family	GH3				tables/t1_ranked_passers.tsv
B_scatter	WP_250793819.1	Barnesiella	pul	nan				tables/t1_ranked_passers.tsv
B_scatter	WP_250793819.1	Barnesiella	s4a_max	32.79				tables/t1_ranked_passers.tsv
B_scatter	WP_250793819.1	Barnesiella	s4a_reported	False				tables/t1_ranked_passers.tsv
B_scatter	WP_250793819.1	Barnesiella	rank	395				tables/t1_ranked_passers.tsv
B_scatter	WP_013618804.1	Phocaeicola	identity	33.33				tables/t1_ranked_passers.tsv
B_scatter	WP_013618804.1	Phocaeicola	tlen	864				tables/t1_ranked_passers.tsv
B_scatter	WP_013618804.1	Phocaeicola	family	GH3				tables/t1_ranked_passers.tsv
B_scatter	WP_013618804.1	Phocaeicola	pul	nan				tables/t1_ranked_passers.tsv
B_scatter	WP_013618804.1	Phocaeicola	s4a_max	43.98				tables/t1_ranked_passers.tsv
B_scatter	WP_013618804.1	Phocaeicola	s4a_reported	False				tables/t1_ranked_passers.tsv
B_scatter	WP_013618804.1	Phocaeicola	rank	396				tables/t1_ranked_passers.tsv
B_scatter	WP_024993817.1	Phocaeicola	identity	33.09				tables/t1_ranked_passers.tsv
B_scatter	WP_024993817.1	Phocaeicola	tlen	777				tables/t1_ranked_passers.tsv
B_scatter	WP_024993817.1	Phocaeicola	family	GH3				tables/t1_ranked_passers.tsv
B_scatter	WP_024993817.1	Phocaeicola	pul	nan				tables/t1_ranked_passers.tsv
B_scatter	WP_024993817.1	Phocaeicola	s4a_max	34.86				tables/t1_ranked_passers.tsv
B_scatter	WP_024993817.1	Phocaeicola	s4a_reported	False				tables/t1_ranked_passers.tsv
B_scatter	WP_024993817.1	Phocaeicola	rank	397				tables/t1_ranked_passers.tsv
B_scatter	WP_464643364.1	Phocaeicola	identity	32.74				tables/t1_ranked_passers.tsv
B_scatter	WP_464643364.1	Phocaeicola	tlen	894				tables/t1_ranked_passers.tsv
B_scatter	WP_464643364.1	Phocaeicola	family	GH3				tables/t1_ranked_passers.tsv
B_scatter	WP_464643364.1	Phocaeicola	pul	nan				tables/t1_ranked_passers.tsv
B_scatter	WP_464643364.1	Phocaeicola	s4a_max	42.36				tables/t1_ranked_passers.tsv
B_scatter	WP_464643364.1	Phocaeicola	s4a_reported	False				tables/t1_ranked_passers.tsv
B_scatter	WP_464643364.1	Phocaeicola	rank	398				tables/t1_ranked_passers.tsv
B_scatter	WP_007834234.1	Phocaeicola	identity	32.7				tables/t1_ranked_passers.tsv
B_scatter	WP_007834234.1	Phocaeicola	tlen	864				tables/t1_ranked_passers.tsv
B_scatter	WP_007834234.1	Phocaeicola	family	GH3				tables/t1_ranked_passers.tsv
B_scatter	WP_007834234.1	Phocaeicola	pul	nan				tables/t1_ranked_passers.tsv
B_scatter	WP_007834234.1	Phocaeicola	s4a_max	44.33				tables/t1_ranked_passers.tsv
B_scatter	WP_007834234.1	Phocaeicola	s4a_reported	False				tables/t1_ranked_passers.tsv
B_scatter	WP_007834234.1	Phocaeicola	rank	399				tables/t1_ranked_passers.tsv
B_scatter	WP_464643586.1	Phocaeicola	identity	32.5				tables/t1_ranked_passers.tsv
B_scatter	WP_464643586.1	Phocaeicola	tlen	864				tables/t1_ranked_passers.tsv
B_scatter	WP_464643586.1	Phocaeicola	family	GH3				tables/t1_ranked_passers.tsv
B_scatter	WP_464643586.1	Phocaeicola	pul	nan				tables/t1_ranked_passers.tsv
B_scatter	WP_464643586.1	Phocaeicola	s4a_max	43.75				tables/t1_ranked_passers.tsv
B_scatter	WP_464643586.1	Phocaeicola	s4a_reported	False				tables/t1_ranked_passers.tsv
B_scatter	WP_464643586.1	Phocaeicola	rank	400				tables/t1_ranked_passers.tsv
B_scatter	WP_136410894.1	Muribaculum	identity	32.34				tables/t1_ranked_passers.tsv
B_scatter	WP_136410894.1	Muribaculum	tlen	777				tables/t1_ranked_passers.tsv
B_scatter	WP_136410894.1	Muribaculum	family	GH3				tables/t1_ranked_passers.tsv
B_scatter	WP_136410894.1	Muribaculum	pul	nan				tables/t1_ranked_passers.tsv
B_scatter	WP_136410894.1	Muribaculum	s4a_max	33.24				tables/t1_ranked_passers.tsv
B_scatter	WP_136410894.1	Muribaculum	s4a_reported	False				tables/t1_ranked_passers.tsv
B_scatter	WP_136410894.1	Muribaculum	rank	401				tables/t1_ranked_passers.tsv
B_scatter	WP_015546731.1	Alistipes	identity	32.32				tables/t1_ranked_passers.tsv
B_scatter	WP_015546731.1	Alistipes	tlen	762				tables/t1_ranked_passers.tsv
B_scatter	WP_015546731.1	Alistipes	family	GH3				tables/t1_ranked_passers.tsv
B_scatter	WP_015546731.1	Alistipes	pul	nan				tables/t1_ranked_passers.tsv
B_scatter	WP_015546731.1	Alistipes	s4a_max	34.12				tables/t1_ranked_passers.tsv
B_scatter	WP_015546731.1	Alistipes	s4a_reported	False				tables/t1_ranked_passers.tsv
B_scatter	WP_015546731.1	Alistipes	rank	402				tables/t1_ranked_passers.tsv
B_scatter	WP_024995097.1	Phocaeicola	identity	32.21				tables/t1_ranked_passers.tsv
B_scatter	WP_024995097.1	Phocaeicola	tlen	862				tables/t1_ranked_passers.tsv
B_scatter	WP_024995097.1	Phocaeicola	family	GH3				tables/t1_ranked_passers.tsv
B_scatter	WP_024995097.1	Phocaeicola	pul	nan				tables/t1_ranked_passers.tsv
B_scatter	WP_024995097.1	Phocaeicola	s4a_max	43.74				tables/t1_ranked_passers.tsv
B_scatter	WP_024995097.1	Phocaeicola	s4a_reported	False				tables/t1_ranked_passers.tsv
B_scatter	WP_024995097.1	Phocaeicola	rank	403				tables/t1_ranked_passers.tsv
B_scatter	WP_007831896.1	Phocaeicola	identity	32.13				tables/t1_ranked_passers.tsv
B_scatter	WP_007831896.1	Phocaeicola	tlen	776				tables/t1_ranked_passers.tsv
B_scatter	WP_007831896.1	Phocaeicola	family	GH3				tables/t1_ranked_passers.tsv
B_scatter	WP_007831896.1	Phocaeicola	pul	nan				tables/t1_ranked_passers.tsv
B_scatter	WP_007831896.1	Phocaeicola	s4a_max	34.99				tables/t1_ranked_passers.tsv
B_scatter	WP_007831896.1	Phocaeicola	s4a_reported	False				tables/t1_ranked_passers.tsv
B_scatter	WP_007831896.1	Phocaeicola	rank	404				tables/t1_ranked_passers.tsv
B_scatter	WP_464715791.1	Prevotella	identity	51.32				tables/t1_ranked_passers.tsv
B_scatter	WP_464715791.1	Prevotella	tlen	778				tables/t1_ranked_passers.tsv
B_scatter	WP_464715791.1	Prevotella	family	GH3				tables/t1_ranked_passers.tsv
B_scatter	WP_464715791.1	Prevotella	pul	nan				tables/t1_ranked_passers.tsv
B_scatter	WP_464715791.1	Prevotella	s4a_max	50.64				tables/t1_ranked_passers.tsv
B_scatter	WP_464715791.1	Prevotella	s4a_reported	False				tables/t1_ranked_passers.tsv
B_scatter	WP_464715791.1	Prevotella	rank	405				tables/t1_ranked_passers.tsv
B_scatter	WP_464722075.1	Prevotella	identity	45.4				tables/t1_ranked_passers.tsv
B_scatter	WP_464722075.1	Prevotella	tlen	752				tables/t1_ranked_passers.tsv
B_scatter	WP_464722075.1	Prevotella	family	GH3				tables/t1_ranked_passers.tsv
B_scatter	WP_464722075.1	Prevotella	pul	nan				tables/t1_ranked_passers.tsv
B_scatter	WP_464722075.1	Prevotella	s4a_max	45.35				tables/t1_ranked_passers.tsv
B_scatter	WP_464722075.1	Prevotella	s4a_reported	False				tables/t1_ranked_passers.tsv
B_scatter	WP_464722075.1	Prevotella	rank	406				tables/t1_ranked_passers.tsv
B_scatter	WP_464715784.1	Prevotella	identity	39.4				tables/t1_ranked_passers.tsv
B_scatter	WP_464715784.1	Prevotella	tlen	782				tables/t1_ranked_passers.tsv
B_scatter	WP_464715784.1	Prevotella	family	GH3				tables/t1_ranked_passers.tsv
B_scatter	WP_464715784.1	Prevotella	pul	nan				tables/t1_ranked_passers.tsv
B_scatter	WP_464715784.1	Prevotella	s4a_max	38.8				tables/t1_ranked_passers.tsv
B_scatter	WP_464715784.1	Prevotella	s4a_reported	False				tables/t1_ranked_passers.tsv
B_scatter	WP_464715784.1	Prevotella	rank	407				tables/t1_ranked_passers.tsv
B_scatter	WP_029216512.1	Prevotella	identity	38.72				tables/t1_ranked_passers.tsv
B_scatter	WP_029216512.1	Prevotella	tlen	806				tables/t1_ranked_passers.tsv
B_scatter	WP_029216512.1	Prevotella	family	GH3				tables/t1_ranked_passers.tsv
B_scatter	WP_029216512.1	Prevotella	pul	nan				tables/t1_ranked_passers.tsv
B_scatter	WP_029216512.1	Prevotella	s4a_max	35.97				tables/t1_ranked_passers.tsv
B_scatter	WP_029216512.1	Prevotella	s4a_reported	False				tables/t1_ranked_passers.tsv
B_scatter	WP_029216512.1	Prevotella	rank	408				tables/t1_ranked_passers.tsv
B_scatter	WP_464716165.1	Prevotella	identity	36.65				tables/t1_ranked_passers.tsv
B_scatter	WP_464716165.1	Prevotella	tlen	745				tables/t1_ranked_passers.tsv
B_scatter	WP_464716165.1	Prevotella	family	GH3				tables/t1_ranked_passers.tsv
B_scatter	WP_464716165.1	Prevotella	pul	nan				tables/t1_ranked_passers.tsv
B_scatter	WP_464716165.1	Prevotella	s4a_max	41.21				tables/t1_ranked_passers.tsv
B_scatter	WP_464716165.1	Prevotella	s4a_reported	False				tables/t1_ranked_passers.tsv
B_scatter	WP_464716165.1	Prevotella	rank	409				tables/t1_ranked_passers.tsv
B_scatter	WP_237794650.1	Prevotella	identity	34.71				tables/t1_ranked_passers.tsv
B_scatter	WP_237794650.1	Prevotella	tlen	740				tables/t1_ranked_passers.tsv
B_scatter	WP_237794650.1	Prevotella	family	GH3				tables/t1_ranked_passers.tsv
B_scatter	WP_237794650.1	Prevotella	pul	nan				tables/t1_ranked_passers.tsv
B_scatter	WP_237794650.1	Prevotella	s4a_max	40.14				tables/t1_ranked_passers.tsv
B_scatter	WP_237794650.1	Prevotella	s4a_reported	False				tables/t1_ranked_passers.tsv
B_scatter	WP_237794650.1	Prevotella	rank	410				tables/t1_ranked_passers.tsv
B_scatter	WP_464716071.1	Prevotella	identity	34.23				tables/t1_ranked_passers.tsv
B_scatter	WP_464716071.1	Prevotella	tlen	1553				tables/t1_ranked_passers.tsv
B_scatter	WP_464716071.1	Prevotella	family	GH3				tables/t1_ranked_passers.tsv
B_scatter	WP_464716071.1	Prevotella	pul	nan				tables/t1_ranked_passers.tsv
B_scatter	WP_464716071.1	Prevotella	s4a_max	0.0				tables/t1_ranked_passers.tsv
B_scatter	WP_464716071.1	Prevotella	s4a_reported	False				tables/t1_ranked_passers.tsv
B_scatter	WP_464716071.1	Prevotella	rank	411				tables/t1_ranked_passers.tsv
B_scatter	WP_025079113.1	Prevotella	identity	33.48				tables/t1_ranked_passers.tsv
B_scatter	WP_025079113.1	Prevotella	tlen	772				tables/t1_ranked_passers.tsv
B_scatter	WP_025079113.1	Prevotella	family	GH3				tables/t1_ranked_passers.tsv
B_scatter	WP_025079113.1	Prevotella	pul	nan				tables/t1_ranked_passers.tsv
B_scatter	WP_025079113.1	Prevotella	s4a_max	34.73				tables/t1_ranked_passers.tsv
B_scatter	WP_025079113.1	Prevotella	s4a_reported	False				tables/t1_ranked_passers.tsv
B_scatter	WP_025079113.1	Prevotella	rank	412				tables/t1_ranked_passers.tsv
B_scatter	WP_237794671.1	Prevotella	identity	33.33				tables/t1_ranked_passers.tsv
B_scatter	WP_237794671.1	Prevotella	tlen	864				tables/t1_ranked_passers.tsv
B_scatter	WP_237794671.1	Prevotella	family	GH3				tables/t1_ranked_passers.tsv
B_scatter	WP_237794671.1	Prevotella	pul	nan				tables/t1_ranked_passers.tsv
B_scatter	WP_237794671.1	Prevotella	s4a_max	42.36				tables/t1_ranked_passers.tsv
B_scatter	WP_237794671.1	Prevotella	s4a_reported	False				tables/t1_ranked_passers.tsv
B_scatter	WP_237794671.1	Prevotella	rank	413				tables/t1_ranked_passers.tsv
B_scatter	WP_237793079.1	Prevotella	identity	33.09				tables/t1_ranked_passers.tsv
B_scatter	WP_237793079.1	Prevotella	tlen	862				tables/t1_ranked_passers.tsv
B_scatter	WP_237793079.1	Prevotella	family	GH3				tables/t1_ranked_passers.tsv
B_scatter	WP_237793079.1	Prevotella	pul	nan				tables/t1_ranked_passers.tsv
B_scatter	WP_237793079.1	Prevotella	s4a_max	42.92				tables/t1_ranked_passers.tsv
B_scatter	WP_237793079.1	Prevotella	s4a_reported	False				tables/t1_ranked_passers.tsv
B_scatter	WP_237793079.1	Prevotella	rank	414				tables/t1_ranked_passers.tsv
B_scatter	WP_464716063.1	Prevotella	identity	32.72				tables/t1_ranked_passers.tsv
B_scatter	WP_464716063.1	Prevotella	tlen	725				tables/t1_ranked_passers.tsv
B_scatter	WP_464716063.1	Prevotella	family	GH3				tables/t1_ranked_passers.tsv
B_scatter	WP_464716063.1	Prevotella	pul	nan				tables/t1_ranked_passers.tsv
B_scatter	WP_464716063.1	Prevotella	s4a_max	34.9				tables/t1_ranked_passers.tsv
B_scatter	WP_464716063.1	Prevotella	s4a_reported	False				tables/t1_ranked_passers.tsv
B_scatter	WP_464716063.1	Prevotella	rank	415				tables/t1_ranked_passers.tsv
B_scatter	WP_464715820.1	Prevotella	identity	32.32				tables/t1_ranked_passers.tsv
B_scatter	WP_464715820.1	Prevotella	tlen	778				tables/t1_ranked_passers.tsv
B_scatter	WP_464715820.1	Prevotella	family	GH3				tables/t1_ranked_passers.tsv
B_scatter	WP_464715820.1	Prevotella	pul	nan				tables/t1_ranked_passers.tsv
B_scatter	WP_464715820.1	Prevotella	s4a_max	34.97				tables/t1_ranked_passers.tsv
B_scatter	WP_464715820.1	Prevotella	s4a_reported	False				tables/t1_ranked_passers.tsv
B_scatter	WP_464715820.1	Prevotella	rank	416				tables/t1_ranked_passers.tsv
B_scatter	WP_237793674.1	Prevotella	identity	31.89				tables/t1_ranked_passers.tsv
B_scatter	WP_237793674.1	Prevotella	tlen	869				tables/t1_ranked_passers.tsv
B_scatter	WP_237793674.1	Prevotella	family	GH3				tables/t1_ranked_passers.tsv
B_scatter	WP_237793674.1	Prevotella	pul	nan				tables/t1_ranked_passers.tsv
B_scatter	WP_237793674.1	Prevotella	s4a_max	40.51				tables/t1_ranked_passers.tsv
B_scatter	WP_237793674.1	Prevotella	s4a_reported	False				tables/t1_ranked_passers.tsv
B_scatter	WP_237793674.1	Prevotella	rank	417				tables/t1_ranked_passers.tsv
B_scatter	WP_258914935.1	Parabacteroides	identity	40.63				tables/t1_ranked_passers.tsv
B_scatter	WP_258914935.1	Parabacteroides	tlen	1431				tables/t1_ranked_passers.tsv
B_scatter	WP_258914935.1	Parabacteroides	family	GH5				tables/t1_ranked_passers.tsv
B_scatter	WP_258914935.1	Parabacteroides	pul	in				tables/t1_ranked_passers.tsv
B_scatter	WP_258914935.1	Parabacteroides	s4a_max	0.0				tables/t1_ranked_passers.tsv
B_scatter	WP_258914935.1	Parabacteroides	s4a_reported	False				tables/t1_ranked_passers.tsv
B_scatter	WP_258914935.1	Parabacteroides	rank	418				tables/t1_ranked_passers.tsv
B_scatter	WP_224264005.1	Parabacteroides	identity	22.31				tables/t1_ranked_passers.tsv
B_scatter	WP_224264005.1	Parabacteroides	tlen	421				tables/t1_ranked_passers.tsv
B_scatter	WP_224264005.1	Parabacteroides	family	GH5				tables/t1_ranked_passers.tsv
B_scatter	WP_224264005.1	Parabacteroides	pul	in				tables/t1_ranked_passers.tsv
B_scatter	WP_224264005.1	Parabacteroides	s4a_max	19.95				tables/t1_ranked_passers.tsv
B_scatter	WP_224264005.1	Parabacteroides	s4a_reported	False				tables/t1_ranked_passers.tsv
B_scatter	WP_224264005.1	Parabacteroides	rank	419				tables/t1_ranked_passers.tsv
B_scatter	WP_374692919.1	Parabacteroides	identity	21.92				tables/t1_ranked_passers.tsv
B_scatter	WP_374692919.1	Parabacteroides	tlen	421				tables/t1_ranked_passers.tsv
B_scatter	WP_374692919.1	Parabacteroides	family	GH5				tables/t1_ranked_passers.tsv
B_scatter	WP_374692919.1	Parabacteroides	pul	in				tables/t1_ranked_passers.tsv
B_scatter	WP_374692919.1	Parabacteroides	s4a_max	20.19				tables/t1_ranked_passers.tsv
B_scatter	WP_374692919.1	Parabacteroides	s4a_reported	False				tables/t1_ranked_passers.tsv
B_scatter	WP_374692919.1	Parabacteroides	rank	420				tables/t1_ranked_passers.tsv
B_scatter	WP_010801084.1	Parabacteroides	identity	21.92				tables/t1_ranked_passers.tsv
B_scatter	WP_010801084.1	Parabacteroides	tlen	421				tables/t1_ranked_passers.tsv
B_scatter	WP_010801084.1	Parabacteroides	family	GH5				tables/t1_ranked_passers.tsv
B_scatter	WP_010801084.1	Parabacteroides	pul	in				tables/t1_ranked_passers.tsv
B_scatter	WP_010801084.1	Parabacteroides	s4a_max	20.43				tables/t1_ranked_passers.tsv
B_scatter	WP_010801084.1	Parabacteroides	s4a_reported	False				tables/t1_ranked_passers.tsv
B_scatter	WP_010801084.1	Parabacteroides	rank	421				tables/t1_ranked_passers.tsv
B_scatter	WP_138272819.1	Parabacteroides	identity	13.6				tables/t1_ranked_passers.tsv
B_scatter	WP_138272819.1	Parabacteroides	tlen	477				tables/t1_ranked_passers.tsv
B_scatter	WP_138272819.1	Parabacteroides	family	GH5				tables/t1_ranked_passers.tsv
B_scatter	WP_138272819.1	Parabacteroides	pul	in				tables/t1_ranked_passers.tsv
B_scatter	WP_138272819.1	Parabacteroides	s4a_max	21.08				tables/t1_ranked_passers.tsv
B_scatter	WP_138272819.1	Parabacteroides	s4a_reported	False				tables/t1_ranked_passers.tsv
B_scatter	WP_138272819.1	Parabacteroides	rank	422				tables/t1_ranked_passers.tsv
B_scatter	WP_167960555.1	Bacteroides	identity	28.67				tables/t1_ranked_passers.tsv
B_scatter	WP_167960555.1	Bacteroides	tlen	547				tables/t1_ranked_passers.tsv
B_scatter	WP_167960555.1	Bacteroides	family	GH5				tables/t1_ranked_passers.tsv
B_scatter	WP_167960555.1	Bacteroides	pul	in				tables/t1_ranked_passers.tsv
B_scatter	WP_167960555.1	Bacteroides	s4a_max	0.0				tables/t1_ranked_passers.tsv
B_scatter	WP_167960555.1	Bacteroides	s4a_reported	False				tables/t1_ranked_passers.tsv
B_scatter	WP_167960555.1	Bacteroides	rank	423				tables/t1_ranked_passers.tsv
B_scatter	WP_176553131.1	Bacteroides	identity	27.03				tables/t1_ranked_passers.tsv
B_scatter	WP_176553131.1	Bacteroides	tlen	779				tables/t1_ranked_passers.tsv
B_scatter	WP_176553131.1	Bacteroides	family	GH5				tables/t1_ranked_passers.tsv
B_scatter	WP_176553131.1	Bacteroides	pul	in				tables/t1_ranked_passers.tsv
B_scatter	WP_176553131.1	Bacteroides	s4a_max	21.69				tables/t1_ranked_passers.tsv
B_scatter	WP_176553131.1	Bacteroides	s4a_reported	False				tables/t1_ranked_passers.tsv
B_scatter	WP_176553131.1	Bacteroides	rank	424				tables/t1_ranked_passers.tsv
B_scatter	WP_143259537.1	Bacteroides	identity	24.9				tables/t1_ranked_passers.tsv
B_scatter	WP_143259537.1	Bacteroides	tlen	418				tables/t1_ranked_passers.tsv
B_scatter	WP_143259537.1	Bacteroides	family	GH5				tables/t1_ranked_passers.tsv
B_scatter	WP_143259537.1	Bacteroides	pul	in				tables/t1_ranked_passers.tsv
B_scatter	WP_143259537.1	Bacteroides	s4a_max	20.33				tables/t1_ranked_passers.tsv
B_scatter	WP_143259537.1	Bacteroides	s4a_reported	False				tables/t1_ranked_passers.tsv
B_scatter	WP_143259537.1	Bacteroides	rank	425				tables/t1_ranked_passers.tsv
B_scatter	WP_289291681.1	Bacteroides	identity	22.17				tables/t1_ranked_passers.tsv
B_scatter	WP_289291681.1	Bacteroides	tlen	329				tables/t1_ranked_passers.tsv
B_scatter	WP_289291681.1	Bacteroides	family	GH5				tables/t1_ranked_passers.tsv
B_scatter	WP_289291681.1	Bacteroides	pul	in				tables/t1_ranked_passers.tsv
B_scatter	WP_289291681.1	Bacteroides	s4a_max	23.1				tables/t1_ranked_passers.tsv
B_scatter	WP_289291681.1	Bacteroides	s4a_reported	False				tables/t1_ranked_passers.tsv
B_scatter	WP_289291681.1	Bacteroides	rank	426				tables/t1_ranked_passers.tsv
B_scatter	WP_044159271.1	Bacteroides	identity	15.06				tables/t1_ranked_passers.tsv
B_scatter	WP_044159271.1	Bacteroides	tlen	436				tables/t1_ranked_passers.tsv
B_scatter	WP_044159271.1	Bacteroides	family	GH5				tables/t1_ranked_passers.tsv
B_scatter	WP_044159271.1	Bacteroides	pul	in				tables/t1_ranked_passers.tsv
B_scatter	WP_044159271.1	Bacteroides	s4a_max	20.29				tables/t1_ranked_passers.tsv
B_scatter	WP_044159271.1	Bacteroides	s4a_reported	False				tables/t1_ranked_passers.tsv
B_scatter	WP_044159271.1	Bacteroides	rank	427				tables/t1_ranked_passers.tsv
B_scatter	WP_322932822.1	Bacteroides	identity	11.86				tables/t1_ranked_passers.tsv
B_scatter	WP_322932822.1	Bacteroides	tlen	430				tables/t1_ranked_passers.tsv
B_scatter	WP_322932822.1	Bacteroides	family	GH5				tables/t1_ranked_passers.tsv
B_scatter	WP_322932822.1	Bacteroides	pul	in				tables/t1_ranked_passers.tsv
B_scatter	WP_322932822.1	Bacteroides	s4a_max	21.96				tables/t1_ranked_passers.tsv
B_scatter	WP_322932822.1	Bacteroides	s4a_reported	False				tables/t1_ranked_passers.tsv
B_scatter	WP_322932822.1	Bacteroides	rank	428				tables/t1_ranked_passers.tsv
B_scatter	WP_005651363.1	Parabacteroides	identity	26.12				tables/t1_ranked_passers.tsv
B_scatter	WP_005651363.1	Parabacteroides	tlen	364				tables/t1_ranked_passers.tsv
B_scatter	WP_005651363.1	Parabacteroides	family	GH5				tables/t1_ranked_passers.tsv
B_scatter	WP_005651363.1	Parabacteroides	pul	out				tables/t1_ranked_passers.tsv
B_scatter	WP_005651363.1	Parabacteroides	s4a_max	26.67				tables/t1_ranked_passers.tsv
B_scatter	WP_005651363.1	Parabacteroides	s4a_reported	False				tables/t1_ranked_passers.tsv
B_scatter	WP_005651363.1	Parabacteroides	rank	429				tables/t1_ranked_passers.tsv
B_scatter	WP_155162504.1	Parabacteroides	identity	25.77				tables/t1_ranked_passers.tsv
B_scatter	WP_155162504.1	Parabacteroides	tlen	364				tables/t1_ranked_passers.tsv
B_scatter	WP_155162504.1	Parabacteroides	family	GH5				tables/t1_ranked_passers.tsv
B_scatter	WP_155162504.1	Parabacteroides	pul	out				tables/t1_ranked_passers.tsv
B_scatter	WP_155162504.1	Parabacteroides	s4a_max	26.39				tables/t1_ranked_passers.tsv
B_scatter	WP_155162504.1	Parabacteroides	s4a_reported	False				tables/t1_ranked_passers.tsv
B_scatter	WP_155162504.1	Parabacteroides	rank	430				tables/t1_ranked_passers.tsv
B_scatter	WP_021862904.1	Parabacteroides	identity	14.47				tables/t1_ranked_passers.tsv
B_scatter	WP_021862904.1	Parabacteroides	tlen	477				tables/t1_ranked_passers.tsv
B_scatter	WP_021862904.1	Parabacteroides	family	GH5				tables/t1_ranked_passers.tsv
B_scatter	WP_021862904.1	Parabacteroides	pul	out				tables/t1_ranked_passers.tsv
B_scatter	WP_021862904.1	Parabacteroides	s4a_max	22.15				tables/t1_ranked_passers.tsv
B_scatter	WP_021862904.1	Parabacteroides	s4a_reported	False				tables/t1_ranked_passers.tsv
B_scatter	WP_021862904.1	Parabacteroides	rank	431				tables/t1_ranked_passers.tsv
B_scatter	WP_418214206.1	Bacteroides	identity	29.21				tables/t1_ranked_passers.tsv
B_scatter	WP_418214206.1	Bacteroides	tlen	544				tables/t1_ranked_passers.tsv
B_scatter	WP_418214206.1	Bacteroides	family	GH5				tables/t1_ranked_passers.tsv
B_scatter	WP_418214206.1	Bacteroides	pul	out				tables/t1_ranked_passers.tsv
B_scatter	WP_418214206.1	Bacteroides	s4a_max	0.0				tables/t1_ranked_passers.tsv
B_scatter	WP_418214206.1	Bacteroides	s4a_reported	False				tables/t1_ranked_passers.tsv
B_scatter	WP_418214206.1	Bacteroides	rank	432				tables/t1_ranked_passers.tsv
B_scatter	WP_183207484.1	Bacteroides	identity	28.87				tables/t1_ranked_passers.tsv
B_scatter	WP_183207484.1	Bacteroides	tlen	569				tables/t1_ranked_passers.tsv
B_scatter	WP_183207484.1	Bacteroides	family	GH5				tables/t1_ranked_passers.tsv
B_scatter	WP_183207484.1	Bacteroides	pul	out				tables/t1_ranked_passers.tsv
B_scatter	WP_183207484.1	Bacteroides	s4a_max	18.1				tables/t1_ranked_passers.tsv
B_scatter	WP_183207484.1	Bacteroides	s4a_reported	False				tables/t1_ranked_passers.tsv
B_scatter	WP_183207484.1	Bacteroides	rank	433				tables/t1_ranked_passers.tsv
B_scatter	WP_244983357.1	Bacteroides	identity	28.43				tables/t1_ranked_passers.tsv
B_scatter	WP_244983357.1	Bacteroides	tlen	571				tables/t1_ranked_passers.tsv
B_scatter	WP_244983357.1	Bacteroides	family	GH5				tables/t1_ranked_passers.tsv
B_scatter	WP_244983357.1	Bacteroides	pul	out				tables/t1_ranked_passers.tsv
B_scatter	WP_244983357.1	Bacteroides	s4a_max	19.79				tables/t1_ranked_passers.tsv
B_scatter	WP_244983357.1	Bacteroides	s4a_reported	False				tables/t1_ranked_passers.tsv
B_scatter	WP_244983357.1	Bacteroides	rank	434				tables/t1_ranked_passers.tsv
B_scatter	WP_004298445.1	Bacteroides	identity	28.28				tables/t1_ranked_passers.tsv
B_scatter	WP_004298445.1	Bacteroides	tlen	502				tables/t1_ranked_passers.tsv
B_scatter	WP_004298445.1	Bacteroides	family	GH5				tables/t1_ranked_passers.tsv
B_scatter	WP_004298445.1	Bacteroides	pul	out				tables/t1_ranked_passers.tsv
B_scatter	WP_004298445.1	Bacteroides	s4a_max	22.7				tables/t1_ranked_passers.tsv
B_scatter	WP_004298445.1	Bacteroides	s4a_reported	False				tables/t1_ranked_passers.tsv
B_scatter	WP_004298445.1	Bacteroides	rank	435				tables/t1_ranked_passers.tsv
B_scatter	WP_074637444.1	Bacteroides	identity	27.95				tables/t1_ranked_passers.tsv
B_scatter	WP_074637444.1	Bacteroides	tlen	502				tables/t1_ranked_passers.tsv
B_scatter	WP_074637444.1	Bacteroides	family	GH5				tables/t1_ranked_passers.tsv
B_scatter	WP_074637444.1	Bacteroides	pul	out				tables/t1_ranked_passers.tsv
B_scatter	WP_074637444.1	Bacteroides	s4a_max	21.9				tables/t1_ranked_passers.tsv
B_scatter	WP_074637444.1	Bacteroides	s4a_reported	False				tables/t1_ranked_passers.tsv
B_scatter	WP_074637444.1	Bacteroides	rank	436				tables/t1_ranked_passers.tsv
B_scatter	WP_330941909.1	Bacteroides	identity	27.91				tables/t1_ranked_passers.tsv
B_scatter	WP_330941909.1	Bacteroides	tlen	520				tables/t1_ranked_passers.tsv
B_scatter	WP_330941909.1	Bacteroides	family	GH5				tables/t1_ranked_passers.tsv
B_scatter	WP_330941909.1	Bacteroides	pul	out				tables/t1_ranked_passers.tsv
B_scatter	WP_330941909.1	Bacteroides	s4a_max	22.7				tables/t1_ranked_passers.tsv
B_scatter	WP_330941909.1	Bacteroides	s4a_reported	False				tables/t1_ranked_passers.tsv
B_scatter	WP_330941909.1	Bacteroides	rank	437				tables/t1_ranked_passers.tsv
B_scatter	WP_330941910.1	Bacteroides	identity	27.15				tables/t1_ranked_passers.tsv
B_scatter	WP_330941910.1	Bacteroides	tlen	510				tables/t1_ranked_passers.tsv
B_scatter	WP_330941910.1	Bacteroides	family	GH5				tables/t1_ranked_passers.tsv
B_scatter	WP_330941910.1	Bacteroides	pul	out				tables/t1_ranked_passers.tsv
B_scatter	WP_330941910.1	Bacteroides	s4a_max	21.29				tables/t1_ranked_passers.tsv
B_scatter	WP_330941910.1	Bacteroides	s4a_reported	False				tables/t1_ranked_passers.tsv
B_scatter	WP_330941910.1	Bacteroides	rank	438				tables/t1_ranked_passers.tsv
B_scatter	WP_007219508.1	Bacteroides	identity	26.33				tables/t1_ranked_passers.tsv
B_scatter	WP_007219508.1	Bacteroides	tlen	598				tables/t1_ranked_passers.tsv
B_scatter	WP_007219508.1	Bacteroides	family	GH5				tables/t1_ranked_passers.tsv
B_scatter	WP_007219508.1	Bacteroides	pul	out				tables/t1_ranked_passers.tsv
B_scatter	WP_007219508.1	Bacteroides	s4a_max	18.56				tables/t1_ranked_passers.tsv
B_scatter	WP_007219508.1	Bacteroides	s4a_reported	False				tables/t1_ranked_passers.tsv
B_scatter	WP_007219508.1	Bacteroides	rank	439				tables/t1_ranked_passers.tsv
B_scatter	WP_322932994.1	Bacteroides	identity	26.13				tables/t1_ranked_passers.tsv
B_scatter	WP_322932994.1	Bacteroides	tlen	719				tables/t1_ranked_passers.tsv
B_scatter	WP_322932994.1	Bacteroides	family	GH5				tables/t1_ranked_passers.tsv
B_scatter	WP_322932994.1	Bacteroides	pul	out				tables/t1_ranked_passers.tsv
B_scatter	WP_322932994.1	Bacteroides	s4a_max	21.97				tables/t1_ranked_passers.tsv
B_scatter	WP_322932994.1	Bacteroides	s4a_reported	False				tables/t1_ranked_passers.tsv
B_scatter	WP_322932994.1	Bacteroides	rank	440				tables/t1_ranked_passers.tsv
B_scatter	WP_221648847.1	Bacteroides	identity	25.76				tables/t1_ranked_passers.tsv
B_scatter	WP_221648847.1	Bacteroides	tlen	391				tables/t1_ranked_passers.tsv
B_scatter	WP_221648847.1	Bacteroides	family	GH5				tables/t1_ranked_passers.tsv
B_scatter	WP_221648847.1	Bacteroides	pul	out				tables/t1_ranked_passers.tsv
B_scatter	WP_221648847.1	Bacteroides	s4a_max	28.06				tables/t1_ranked_passers.tsv
B_scatter	WP_221648847.1	Bacteroides	s4a_reported	False				tables/t1_ranked_passers.tsv
B_scatter	WP_221648847.1	Bacteroides	rank	441				tables/t1_ranked_passers.tsv
B_scatter	WP_025868124.1	Bacteroides	identity	25.53				tables/t1_ranked_passers.tsv
B_scatter	WP_025868124.1	Bacteroides	tlen	718				tables/t1_ranked_passers.tsv
B_scatter	WP_025868124.1	Bacteroides	family	GH5				tables/t1_ranked_passers.tsv
B_scatter	WP_025868124.1	Bacteroides	pul	out				tables/t1_ranked_passers.tsv
B_scatter	WP_025868124.1	Bacteroides	s4a_max	22.28				tables/t1_ranked_passers.tsv
B_scatter	WP_025868124.1	Bacteroides	s4a_reported	False				tables/t1_ranked_passers.tsv
B_scatter	WP_025868124.1	Bacteroides	rank	442				tables/t1_ranked_passers.tsv
B_scatter	WP_223382051.1	Bacteroides	identity	25.42				tables/t1_ranked_passers.tsv
B_scatter	WP_223382051.1	Bacteroides	tlen	391				tables/t1_ranked_passers.tsv
B_scatter	WP_223382051.1	Bacteroides	family	GH5				tables/t1_ranked_passers.tsv
B_scatter	WP_223382051.1	Bacteroides	pul	out				tables/t1_ranked_passers.tsv
B_scatter	WP_223382051.1	Bacteroides	s4a_max	27.22				tables/t1_ranked_passers.tsv
B_scatter	WP_223382051.1	Bacteroides	s4a_reported	False				tables/t1_ranked_passers.tsv
B_scatter	WP_223382051.1	Bacteroides	rank	443				tables/t1_ranked_passers.tsv
B_scatter	WP_004298404.1	Bacteroides	identity	25.1				tables/t1_ranked_passers.tsv
B_scatter	WP_004298404.1	Bacteroides	tlen	346				tables/t1_ranked_passers.tsv
B_scatter	WP_004298404.1	Bacteroides	family	GH5				tables/t1_ranked_passers.tsv
B_scatter	WP_004298404.1	Bacteroides	pul	out				tables/t1_ranked_passers.tsv
B_scatter	WP_004298404.1	Bacteroides	s4a_max	25.39				tables/t1_ranked_passers.tsv
B_scatter	WP_004298404.1	Bacteroides	s4a_reported	False				tables/t1_ranked_passers.tsv
B_scatter	WP_004298404.1	Bacteroides	rank	444				tables/t1_ranked_passers.tsv
B_scatter	WP_143259826.1	Bacteroides	identity	24.92				tables/t1_ranked_passers.tsv
B_scatter	WP_143259826.1	Bacteroides	tlen	508				tables/t1_ranked_passers.tsv
B_scatter	WP_143259826.1	Bacteroides	family	GH5				tables/t1_ranked_passers.tsv
B_scatter	WP_143259826.1	Bacteroides	pul	out				tables/t1_ranked_passers.tsv
B_scatter	WP_143259826.1	Bacteroides	s4a_max	20.43				tables/t1_ranked_passers.tsv
B_scatter	WP_143259826.1	Bacteroides	s4a_reported	False				tables/t1_ranked_passers.tsv
B_scatter	WP_143259826.1	Bacteroides	rank	445				tables/t1_ranked_passers.tsv
B_scatter	WP_143258923.1	Bacteroides	identity	24.7				tables/t1_ranked_passers.tsv
B_scatter	WP_143258923.1	Bacteroides	tlen	346				tables/t1_ranked_passers.tsv
B_scatter	WP_143258923.1	Bacteroides	family	GH5				tables/t1_ranked_passers.tsv
B_scatter	WP_143258923.1	Bacteroides	pul	out				tables/t1_ranked_passers.tsv
B_scatter	WP_143258923.1	Bacteroides	s4a_max	25.08				tables/t1_ranked_passers.tsv
B_scatter	WP_143258923.1	Bacteroides	s4a_reported	False				tables/t1_ranked_passers.tsv
B_scatter	WP_143258923.1	Bacteroides	rank	446				tables/t1_ranked_passers.tsv
B_scatter	WP_099147539.1	Bacteroides	identity	24.68				tables/t1_ranked_passers.tsv
B_scatter	WP_099147539.1	Bacteroides	tlen	607				tables/t1_ranked_passers.tsv
B_scatter	WP_099147539.1	Bacteroides	family	GH5				tables/t1_ranked_passers.tsv
B_scatter	WP_099147539.1	Bacteroides	pul	out				tables/t1_ranked_passers.tsv
B_scatter	WP_099147539.1	Bacteroides	s4a_max	17.63				tables/t1_ranked_passers.tsv
B_scatter	WP_099147539.1	Bacteroides	s4a_reported	False				tables/t1_ranked_passers.tsv
B_scatter	WP_099147539.1	Bacteroides	rank	447				tables/t1_ranked_passers.tsv
B_scatter	WP_330941540.1	Bacteroides	identity	24.52				tables/t1_ranked_passers.tsv
B_scatter	WP_330941540.1	Bacteroides	tlen	415				tables/t1_ranked_passers.tsv
B_scatter	WP_330941540.1	Bacteroides	family	GH5				tables/t1_ranked_passers.tsv
B_scatter	WP_330941540.1	Bacteroides	pul	out				tables/t1_ranked_passers.tsv
B_scatter	WP_330941540.1	Bacteroides	s4a_max	20.72				tables/t1_ranked_passers.tsv
B_scatter	WP_330941540.1	Bacteroides	s4a_reported	False				tables/t1_ranked_passers.tsv
B_scatter	WP_330941540.1	Bacteroides	rank	448				tables/t1_ranked_passers.tsv
B_scatter	WP_143259830.1	Bacteroides	identity	24.36				tables/t1_ranked_passers.tsv
B_scatter	WP_143259830.1	Bacteroides	tlen	607				tables/t1_ranked_passers.tsv
B_scatter	WP_143259830.1	Bacteroides	family	GH5				tables/t1_ranked_passers.tsv
B_scatter	WP_143259830.1	Bacteroides	pul	out				tables/t1_ranked_passers.tsv
B_scatter	WP_143259830.1	Bacteroides	s4a_max	17.79				tables/t1_ranked_passers.tsv
B_scatter	WP_143259830.1	Bacteroides	s4a_reported	False				tables/t1_ranked_passers.tsv
B_scatter	WP_143259830.1	Bacteroides	rank	449				tables/t1_ranked_passers.tsv
B_scatter	WP_099147534.1	Bacteroides	identity	23.92				tables/t1_ranked_passers.tsv
B_scatter	WP_099147534.1	Bacteroides	tlen	508				tables/t1_ranked_passers.tsv
B_scatter	WP_099147534.1	Bacteroides	family	GH5				tables/t1_ranked_passers.tsv
B_scatter	WP_099147534.1	Bacteroides	pul	out				tables/t1_ranked_passers.tsv
B_scatter	WP_099147534.1	Bacteroides	s4a_max	21.08				tables/t1_ranked_passers.tsv
B_scatter	WP_099147534.1	Bacteroides	s4a_reported	False				tables/t1_ranked_passers.tsv
B_scatter	WP_099147534.1	Bacteroides	rank	450				tables/t1_ranked_passers.tsv
B_scatter	WP_143258925.1	Bacteroides	identity	23.86				tables/t1_ranked_passers.tsv
B_scatter	WP_143258925.1	Bacteroides	tlen	361				tables/t1_ranked_passers.tsv
B_scatter	WP_143258925.1	Bacteroides	family	GH5				tables/t1_ranked_passers.tsv
B_scatter	WP_143258925.1	Bacteroides	pul	out				tables/t1_ranked_passers.tsv
B_scatter	WP_143258925.1	Bacteroides	s4a_max	23.61				tables/t1_ranked_passers.tsv
B_scatter	WP_143258925.1	Bacteroides	s4a_reported	False				tables/t1_ranked_passers.tsv
B_scatter	WP_143258925.1	Bacteroides	rank	451				tables/t1_ranked_passers.tsv
B_scatter	WP_004298400.1	Bacteroides	identity	23.86				tables/t1_ranked_passers.tsv
B_scatter	WP_004298400.1	Bacteroides	tlen	361				tables/t1_ranked_passers.tsv
B_scatter	WP_004298400.1	Bacteroides	family	GH5				tables/t1_ranked_passers.tsv
B_scatter	WP_004298400.1	Bacteroides	pul	out				tables/t1_ranked_passers.tsv
B_scatter	WP_004298400.1	Bacteroides	s4a_max	23.61				tables/t1_ranked_passers.tsv
B_scatter	WP_004298400.1	Bacteroides	s4a_reported	False				tables/t1_ranked_passers.tsv
B_scatter	WP_004298400.1	Bacteroides	rank	452				tables/t1_ranked_passers.tsv
B_scatter	WP_129615652.1	Bacteroides	identity	23.75				tables/t1_ranked_passers.tsv
B_scatter	WP_129615652.1	Bacteroides	tlen	415				tables/t1_ranked_passers.tsv
B_scatter	WP_129615652.1	Bacteroides	family	GH5				tables/t1_ranked_passers.tsv
B_scatter	WP_129615652.1	Bacteroides	pul	out				tables/t1_ranked_passers.tsv
B_scatter	WP_129615652.1	Bacteroides	s4a_max	21.69				tables/t1_ranked_passers.tsv
B_scatter	WP_129615652.1	Bacteroides	s4a_reported	False				tables/t1_ranked_passers.tsv
B_scatter	WP_129615652.1	Bacteroides	rank	453				tables/t1_ranked_passers.tsv
B_scatter	WP_007661397.1	Bacteroides	identity	23.75				tables/t1_ranked_passers.tsv
B_scatter	WP_007661397.1	Bacteroides	tlen	415				tables/t1_ranked_passers.tsv
B_scatter	WP_007661397.1	Bacteroides	family	GH5				tables/t1_ranked_passers.tsv
B_scatter	WP_007661397.1	Bacteroides	pul	out				tables/t1_ranked_passers.tsv
B_scatter	WP_007661397.1	Bacteroides	s4a_max	21.2				tables/t1_ranked_passers.tsv
B_scatter	WP_007661397.1	Bacteroides	s4a_reported	False				tables/t1_ranked_passers.tsv
B_scatter	WP_007661397.1	Bacteroides	rank	454				tables/t1_ranked_passers.tsv
B_scatter	WP_143259987.1	Bacteroides	identity	23.46				tables/t1_ranked_passers.tsv
B_scatter	WP_143259987.1	Bacteroides	tlen	414				tables/t1_ranked_passers.tsv
B_scatter	WP_143259987.1	Bacteroides	family	GH5				tables/t1_ranked_passers.tsv
B_scatter	WP_143259987.1	Bacteroides	pul	out				tables/t1_ranked_passers.tsv
B_scatter	WP_143259987.1	Bacteroides	s4a_max	20.29				tables/t1_ranked_passers.tsv
B_scatter	WP_143259987.1	Bacteroides	s4a_reported	False				tables/t1_ranked_passers.tsv
B_scatter	WP_143259987.1	Bacteroides	rank	455				tables/t1_ranked_passers.tsv
B_scatter	WP_007482869.1	Bacteroides	identity	23.21				tables/t1_ranked_passers.tsv
B_scatter	WP_007482869.1	Bacteroides	tlen	336				tables/t1_ranked_passers.tsv
B_scatter	WP_007482869.1	Bacteroides	family	GH5				tables/t1_ranked_passers.tsv
B_scatter	WP_007482869.1	Bacteroides	pul	out				tables/t1_ranked_passers.tsv
B_scatter	WP_007482869.1	Bacteroides	s4a_max	22.6				tables/t1_ranked_passers.tsv
B_scatter	WP_007482869.1	Bacteroides	s4a_reported	False				tables/t1_ranked_passers.tsv
B_scatter	WP_007482869.1	Bacteroides	rank	456				tables/t1_ranked_passers.tsv
B_scatter	WP_008642318.1	Bacteroides	identity	23.08				tables/t1_ranked_passers.tsv
B_scatter	WP_008642318.1	Bacteroides	tlen	325				tables/t1_ranked_passers.tsv
B_scatter	WP_008642318.1	Bacteroides	family	GH5				tables/t1_ranked_passers.tsv
B_scatter	WP_008642318.1	Bacteroides	pul	out				tables/t1_ranked_passers.tsv
B_scatter	WP_008642318.1	Bacteroides	s4a_max	21.98				tables/t1_ranked_passers.tsv
B_scatter	WP_008642318.1	Bacteroides	s4a_reported	False				tables/t1_ranked_passers.tsv
B_scatter	WP_008642318.1	Bacteroides	rank	457				tables/t1_ranked_passers.tsv
B_scatter	WP_143258973.1	Bacteroides	identity	23.08				tables/t1_ranked_passers.tsv
B_scatter	WP_143258973.1	Bacteroides	tlen	325				tables/t1_ranked_passers.tsv
B_scatter	WP_143258973.1	Bacteroides	family	GH5				tables/t1_ranked_passers.tsv
B_scatter	WP_143258973.1	Bacteroides	pul	out				tables/t1_ranked_passers.tsv
B_scatter	WP_143258973.1	Bacteroides	s4a_max	20.74				tables/t1_ranked_passers.tsv
B_scatter	WP_143258973.1	Bacteroides	s4a_reported	False				tables/t1_ranked_passers.tsv
B_scatter	WP_143258973.1	Bacteroides	rank	458				tables/t1_ranked_passers.tsv
B_scatter	WP_330941324.1	Bacteroides	identity	22.41				tables/t1_ranked_passers.tsv
B_scatter	WP_330941324.1	Bacteroides	tlen	327				tables/t1_ranked_passers.tsv
B_scatter	WP_330941324.1	Bacteroides	family	GH5				tables/t1_ranked_passers.tsv
B_scatter	WP_330941324.1	Bacteroides	pul	out				tables/t1_ranked_passers.tsv
B_scatter	WP_330941324.1	Bacteroides	s4a_max	21.98				tables/t1_ranked_passers.tsv
B_scatter	WP_330941324.1	Bacteroides	s4a_reported	False				tables/t1_ranked_passers.tsv
B_scatter	WP_330941324.1	Bacteroides	rank	459				tables/t1_ranked_passers.tsv
B_scatter	WP_195349545.1	Bacteroides	identity	21.99				tables/t1_ranked_passers.tsv
B_scatter	WP_195349545.1	Bacteroides	tlen	1150				tables/t1_ranked_passers.tsv
B_scatter	WP_195349545.1	Bacteroides	family	GH5				tables/t1_ranked_passers.tsv
B_scatter	WP_195349545.1	Bacteroides	pul	out				tables/t1_ranked_passers.tsv
B_scatter	WP_195349545.1	Bacteroides	s4a_max	0.0				tables/t1_ranked_passers.tsv
B_scatter	WP_195349545.1	Bacteroides	s4a_reported	False				tables/t1_ranked_passers.tsv
B_scatter	WP_195349545.1	Bacteroides	rank	460				tables/t1_ranked_passers.tsv
B_scatter	WP_195508037.1	Bacteroides	identity	21.98				tables/t1_ranked_passers.tsv
B_scatter	WP_195508037.1	Bacteroides	tlen	327				tables/t1_ranked_passers.tsv
B_scatter	WP_195508037.1	Bacteroides	family	GH5				tables/t1_ranked_passers.tsv
B_scatter	WP_195508037.1	Bacteroides	pul	out				tables/t1_ranked_passers.tsv
B_scatter	WP_195508037.1	Bacteroides	s4a_max	22.91				tables/t1_ranked_passers.tsv
B_scatter	WP_195508037.1	Bacteroides	s4a_reported	False				tables/t1_ranked_passers.tsv
B_scatter	WP_195508037.1	Bacteroides	rank	461				tables/t1_ranked_passers.tsv
B_scatter	WP_322932397.1	Bacteroides	identity	21.95				tables/t1_ranked_passers.tsv
B_scatter	WP_322932397.1	Bacteroides	tlen	960				tables/t1_ranked_passers.tsv
B_scatter	WP_322932397.1	Bacteroides	family	GH5				tables/t1_ranked_passers.tsv
B_scatter	WP_322932397.1	Bacteroides	pul	out				tables/t1_ranked_passers.tsv
B_scatter	WP_322932397.1	Bacteroides	s4a_max	21.99				tables/t1_ranked_passers.tsv
B_scatter	WP_322932397.1	Bacteroides	s4a_reported	False				tables/t1_ranked_passers.tsv
B_scatter	WP_322932397.1	Bacteroides	rank	462				tables/t1_ranked_passers.tsv
B_scatter	WP_223381583.1	Bacteroides	identity	21.95				tables/t1_ranked_passers.tsv
B_scatter	WP_223381583.1	Bacteroides	tlen	960				tables/t1_ranked_passers.tsv
B_scatter	WP_223381583.1	Bacteroides	family	GH5				tables/t1_ranked_passers.tsv
B_scatter	WP_223381583.1	Bacteroides	pul	out				tables/t1_ranked_passers.tsv
B_scatter	WP_223381583.1	Bacteroides	s4a_max	21.99				tables/t1_ranked_passers.tsv
B_scatter	WP_223381583.1	Bacteroides	s4a_reported	False				tables/t1_ranked_passers.tsv
B_scatter	WP_223381583.1	Bacteroides	rank	463				tables/t1_ranked_passers.tsv
B_scatter	WP_322932399.1	Bacteroides	identity	21.31				tables/t1_ranked_passers.tsv
B_scatter	WP_322932399.1	Bacteroides	tlen	1150				tables/t1_ranked_passers.tsv
B_scatter	WP_322932399.1	Bacteroides	family	GH5				tables/t1_ranked_passers.tsv
B_scatter	WP_322932399.1	Bacteroides	pul	out				tables/t1_ranked_passers.tsv
B_scatter	WP_322932399.1	Bacteroides	s4a_max	0.0				tables/t1_ranked_passers.tsv
B_scatter	WP_322932399.1	Bacteroides	s4a_reported	False				tables/t1_ranked_passers.tsv
B_scatter	WP_322932399.1	Bacteroides	rank	464				tables/t1_ranked_passers.tsv
B_scatter	WP_195510788.1	Bacteroides	identity	18.77				tables/t1_ranked_passers.tsv
B_scatter	WP_195510788.1	Bacteroides	tlen	653				tables/t1_ranked_passers.tsv
B_scatter	WP_195510788.1	Bacteroides	family	GH5				tables/t1_ranked_passers.tsv
B_scatter	WP_195510788.1	Bacteroides	pul	out				tables/t1_ranked_passers.tsv
B_scatter	WP_195510788.1	Bacteroides	s4a_max	21.51				tables/t1_ranked_passers.tsv
B_scatter	WP_195510788.1	Bacteroides	s4a_reported	False				tables/t1_ranked_passers.tsv
B_scatter	WP_195510788.1	Bacteroides	rank	465				tables/t1_ranked_passers.tsv
B_scatter	WP_099146530.1	Bacteroides	identity	18.48				tables/t1_ranked_passers.tsv
B_scatter	WP_099146530.1	Bacteroides	tlen	652				tables/t1_ranked_passers.tsv
B_scatter	WP_099146530.1	Bacteroides	family	GH5				tables/t1_ranked_passers.tsv
B_scatter	WP_099146530.1	Bacteroides	pul	out				tables/t1_ranked_passers.tsv
B_scatter	WP_099146530.1	Bacteroides	s4a_max	20.03				tables/t1_ranked_passers.tsv
B_scatter	WP_099146530.1	Bacteroides	s4a_reported	False				tables/t1_ranked_passers.tsv
B_scatter	WP_099146530.1	Bacteroides	rank	466				tables/t1_ranked_passers.tsv
B_scatter	WP_044155378.1	Bacteroides	identity	17.33				tables/t1_ranked_passers.tsv
B_scatter	WP_044155378.1	Bacteroides	tlen	656				tables/t1_ranked_passers.tsv
B_scatter	WP_044155378.1	Bacteroides	family	GH5				tables/t1_ranked_passers.tsv
B_scatter	WP_044155378.1	Bacteroides	pul	out				tables/t1_ranked_passers.tsv
B_scatter	WP_044155378.1	Bacteroides	s4a_max	21.84				tables/t1_ranked_passers.tsv
B_scatter	WP_044155378.1	Bacteroides	s4a_reported	False				tables/t1_ranked_passers.tsv
B_scatter	WP_044155378.1	Bacteroides	rank	467				tables/t1_ranked_passers.tsv
B_scatter	WP_330942241.1	Bacteroides	identity	17.24				tables/t1_ranked_passers.tsv
B_scatter	WP_330942241.1	Bacteroides	tlen	629				tables/t1_ranked_passers.tsv
B_scatter	WP_330942241.1	Bacteroides	family	GH5				tables/t1_ranked_passers.tsv
B_scatter	WP_330942241.1	Bacteroides	pul	out				tables/t1_ranked_passers.tsv
B_scatter	WP_330942241.1	Bacteroides	s4a_max	21.35				tables/t1_ranked_passers.tsv
B_scatter	WP_330942241.1	Bacteroides	s4a_reported	False				tables/t1_ranked_passers.tsv
B_scatter	WP_330942241.1	Bacteroides	rank	468				tables/t1_ranked_passers.tsv
B_scatter	WP_007660317.1	Bacteroides	identity	16.1				tables/t1_ranked_passers.tsv
B_scatter	WP_007660317.1	Bacteroides	tlen	432				tables/t1_ranked_passers.tsv
B_scatter	WP_007660317.1	Bacteroides	family	GH5				tables/t1_ranked_passers.tsv
B_scatter	WP_007660317.1	Bacteroides	pul	out				tables/t1_ranked_passers.tsv
B_scatter	WP_007660317.1	Bacteroides	s4a_max	22.69				tables/t1_ranked_passers.tsv
B_scatter	WP_007660317.1	Bacteroides	s4a_reported	False				tables/t1_ranked_passers.tsv
B_scatter	WP_007660317.1	Bacteroides	rank	469				tables/t1_ranked_passers.tsv
B_scatter	WP_317472972.1	Bacteroides	identity	14.83				tables/t1_ranked_passers.tsv
B_scatter	WP_317472972.1	Bacteroides	tlen	433				tables/t1_ranked_passers.tsv
B_scatter	WP_317472972.1	Bacteroides	family	GH5				tables/t1_ranked_passers.tsv
B_scatter	WP_317472972.1	Bacteroides	pul	out				tables/t1_ranked_passers.tsv
B_scatter	WP_317472972.1	Bacteroides	s4a_max	22.17				tables/t1_ranked_passers.tsv
B_scatter	WP_317472972.1	Bacteroides	s4a_reported	False				tables/t1_ranked_passers.tsv
B_scatter	WP_317472972.1	Bacteroides	rank	470				tables/t1_ranked_passers.tsv
B_scatter	WP_060407601.1	Bacteroides	identity	14.47				tables/t1_ranked_passers.tsv
B_scatter	WP_060407601.1	Bacteroides	tlen	428				tables/t1_ranked_passers.tsv
B_scatter	WP_060407601.1	Bacteroides	family	GH5				tables/t1_ranked_passers.tsv
B_scatter	WP_060407601.1	Bacteroides	pul	out				tables/t1_ranked_passers.tsv
B_scatter	WP_060407601.1	Bacteroides	s4a_max	22.66				tables/t1_ranked_passers.tsv
B_scatter	WP_060407601.1	Bacteroides	s4a_reported	False				tables/t1_ranked_passers.tsv
B_scatter	WP_060407601.1	Bacteroides	rank	471				tables/t1_ranked_passers.tsv
B_scatter	WP_291552798.1	Bacteroides	identity	14.41				tables/t1_ranked_passers.tsv
B_scatter	WP_291552798.1	Bacteroides	tlen	420				tables/t1_ranked_passers.tsv
B_scatter	WP_291552798.1	Bacteroides	family	GH5				tables/t1_ranked_passers.tsv
B_scatter	WP_291552798.1	Bacteroides	pul	out				tables/t1_ranked_passers.tsv
B_scatter	WP_291552798.1	Bacteroides	s4a_max	20.95				tables/t1_ranked_passers.tsv
B_scatter	WP_291552798.1	Bacteroides	s4a_reported	False				tables/t1_ranked_passers.tsv
B_scatter	WP_291552798.1	Bacteroides	rank	472				tables/t1_ranked_passers.tsv
B_scatter	WP_005813231.1	Bacteroides	identity	14.29				tables/t1_ranked_passers.tsv
B_scatter	WP_005813231.1	Bacteroides	tlen	435				tables/t1_ranked_passers.tsv
B_scatter	WP_005813231.1	Bacteroides	family	GH5				tables/t1_ranked_passers.tsv
B_scatter	WP_005813231.1	Bacteroides	pul	out				tables/t1_ranked_passers.tsv
B_scatter	WP_005813231.1	Bacteroides	s4a_max	21.48				tables/t1_ranked_passers.tsv
B_scatter	WP_005813231.1	Bacteroides	s4a_reported	False				tables/t1_ranked_passers.tsv
B_scatter	WP_005813231.1	Bacteroides	rank	473				tables/t1_ranked_passers.tsv
meta	s4a_threshold		value	98.0			S4a: a candidate ≥98% identical to a reported enzyme would be excluded as 'already reported'	round9 criteria C6/S4a
meta	highlight	0	name				WP_195474816.1	report_round9 §1.4 / handoff §5
meta	highlight	1	name				WP_005811975.1	report_round9 §1.4 / handoff §5
meta	highlight	2	name				WP_258914935.1	report_round9 §1.4 / handoff §5
meta	highlight	3	name				WP_010801083.1	report_round9 §1.4 / handoff §5
